-- Features
INSERT INTO feature VALUES (1, 'TV');
INSERT INTO feature VALUES (2, 'Private');
INSERT INTO feature VALUES (3, 'Conference Phone');


-- Employees
INSERT INTO user VALUES (1, 'LAPRASV.1269', 'vulpix.lapras@icbc.com', 'Vulpix', 'Lapras', 'Management', 1);
INSERT INTO user VALUES (2, 'FARFETCHDO.3523', 'omastar.farfetchd@icbc.com', 'Omastar', 'Farfetchd', 'Marketing', 1);
INSERT INTO user VALUES (3, 'EKANSK.81', 'kabutops.ekans@icbc.com', 'Kabutops', 'Ekans', 'Management', 1);
INSERT INTO user VALUES (4, 'KADABRAT.827', 'tangela.kadabra@icbc.com', 'Tangela', 'Kadabra', 'Management', 1);
INSERT INTO user VALUES (5, 'SEAKINGP.4339', 'pidgey.seaking@icbc.com', 'Pidgey', 'Seaking', 'Marketing', 1);
INSERT INTO user VALUES (6, 'MCGLOOMA.1635', 'arcanine.mcgloom@icbc.com', 'Arcanine', 'McGloom', 'Finance', 1);
INSERT INTO user VALUES (7, 'BLASTOISEG.4303', 'gengar.blastoise@icbc.com', 'Gengar', 'Blastoise', 'HR', 1);
INSERT INTO user VALUES (8, 'GYARADOSG.1056', 'goldeen.gyarados@icbc.com', 'Goldeen', 'Gyarados', 'HR', 1);
INSERT INTO user VALUES (9, 'MCTANGELAR.2532', 'rhydon.mctangela@icbc.com', 'Rhydon', 'McTangela', 'IT', 1);
INSERT INTO user VALUES (10, 'EKANSA.4213', 'arbok.ekans@icbc.com', 'Arbok', 'Ekans', 'IT', 1);
INSERT INTO user VALUES (11, 'VICTREEBELG.3128', 'gloom.victreebel@icbc.com', 'Gloom', 'Victreebel', 'Customer Service', 1);
INSERT INTO user VALUES (12, 'RATICATEP.4822', 'pikachu.raticate@icbc.com', 'Pikachu', 'Raticate', 'Marketing', 1);
INSERT INTO user VALUES (13, 'HAUNTERD.402', 'ditto.haunter@icbc.com', 'Ditto', 'Haunter', 'Finance', 1);
INSERT INTO user VALUES (14, 'NIDOQUEENB.331', 'beedrill.nidoqueen@icbc.com', 'Beedrill', 'Nidoqueen', 'Customer Service', 1);
INSERT INTO user VALUES (15, 'MCBLASTOISEN.1735', 'nidorina.mcblastoise@icbc.com', 'Nidorina', 'McBlastoise', 'IT', 1);
INSERT INTO user VALUES (16, 'STARYUV.154', 'vileplume.staryu@icbc.com', 'Vileplume', 'Staryu', 'Management', 1);
INSERT INTO user VALUES (17, 'STARMIEP.1094', 'parasect.starmie@icbc.com', 'Parasect', 'Starmie', 'Marketing', 1);
INSERT INTO user VALUES (18, 'LAPRASO.2438', 'onix.lapras@icbc.com', 'Onix', 'Lapras', 'Marketing', 1);
INSERT INTO user VALUES (19, 'AERODACTYLC.1763', 'cubone.aerodactyl@icbc.com', 'Cubone', 'Aerodactyl', 'Marketing', 1);
INSERT INTO user VALUES (20, 'GOLDUCKP.2907', 'primeape.golduck@icbc.com', 'Primeape', 'Golduck', 'Customer Service', 1);
INSERT INTO user VALUES (21, 'ELECTRODEG.1285', 'golem.electrode@icbc.com', 'Golem', 'Electrode', 'Management', 1);
INSERT INTO user VALUES (22, 'WEEZINGS.3645', 'seaking.weezing@icbc.com', 'Seaking', 'Weezing', 'Marketing', 1);
INSERT INTO user VALUES (23, 'MEOWTHA.425', 'alakazam.meowth@icbc.com', 'Alakazam', 'Meowth', 'Customer Service', 1);
INSERT INTO user VALUES (24, 'ELECTABUZZA.3757', 'arcanine.electabuzz@icbc.com', 'Arcanine', 'Electabuzz', 'HR', 1);
INSERT INTO user VALUES (25, 'CATERPIEG.2796', 'gengar.caterpie@icbc.com', 'Gengar', 'Caterpie', 'Customer Service', 1);
INSERT INTO user VALUES (26, 'MCHORSEAP.1521', 'psyduck.mchorsea@icbc.com', 'Psyduck', 'McHorsea', 'IT', 1);
INSERT INTO user VALUES (27, 'DITTOW.2083', 'wartortle.ditto@icbc.com', 'Wartortle', 'Ditto', 'IT', 1);
INSERT INTO user VALUES (28, 'DODUOW.579', 'weepinbell.doduo@icbc.com', 'Weepinbell', 'Doduo', 'IT', 1);
INSERT INTO user VALUES (29, 'VULPIXD.2231', 'drowzee.vulpix@icbc.com', 'Drowzee', 'Vulpix', 'Management', 1);
INSERT INTO user VALUES (30, 'PORYGOND.888', 'drowzee.porygon@icbc.com', 'Drowzee', 'Porygon', 'Customer Service', 1);
INSERT INTO user VALUES (31, 'PARASG.2142', 'graveler.paras@icbc.com', 'Graveler', 'Paras', 'Customer Service', 1);
INSERT INTO user VALUES (32, 'VICTREEBELG.567', 'gloom.victreebel1@icbc.com', 'Gloom', 'Victreebel', 'IT', 1);
INSERT INTO user VALUES (33, 'KINGLERC.1280', 'charmeleon.kingler@icbc.com', 'Charmeleon', 'Kingler', 'Finance', 1);
INSERT INTO user VALUES (34, 'CHARMANDERW.3897', 'weezing.charmander@icbc.com', 'Weezing', 'Charmander', 'Management', 1);
INSERT INTO user VALUES (35, 'SHELLDERR.3581', 'raichu.shellder@icbc.com', 'Raichu', 'Shellder', 'Finance', 1);
INSERT INTO user VALUES (36, 'RAICHUP.3644', 'poliwag.raichu@icbc.com', 'Poliwag', 'Raichu', 'Customer Service', 1);
INSERT INTO user VALUES (37, 'MEWG.3135', 'grimer.mew@icbc.com', 'Grimer', 'Mew', 'Marketing', 1);
INSERT INTO user VALUES (38, 'SQUIRTLEW.4172', 'wartortle.squirtle@icbc.com', 'Wartortle', 'Squirtle', 'Marketing', 1);
INSERT INTO user VALUES (39, 'VENUSAURS.4931', 'squirtle.venusaur@icbc.com', 'Squirtle', 'Venusaur', 'HR', 1);
INSERT INTO user VALUES (40, 'DRAGONAIRD.1137', 'doduo.dragonair@icbc.com', 'Doduo', 'Dragonair', 'Management', 1);
INSERT INTO user VALUES (41, 'GRAVELERS.1622', 'seaking.graveler@icbc.com', 'Seaking', 'Graveler', 'HR', 1);
INSERT INTO user VALUES (42, 'MCSEELC.4748', 'cubone.mcseel@icbc.com', 'Cubone', 'McSeel', 'Finance', 1);
INSERT INTO user VALUES (43, 'GASTLYV.3781', 'vulpix.gastly@icbc.com', 'Vulpix', 'Gastly', 'Marketing', 1);
INSERT INTO user VALUES (44, 'WIGGLYTUFFK.4970', 'krabby.wigglytuff@icbc.com', 'Krabby', 'Wigglytuff', 'HR', 1);
INSERT INTO user VALUES (45, 'MCSTARYUK.1007', 'kabutops.mcstaryu@icbc.com', 'Kabutops', 'McStaryu', 'Customer Service', 1);
INSERT INTO user VALUES (46, 'DITTOB.3324', 'bellsprout.ditto@icbc.com', 'Bellsprout', 'Ditto', 'Marketing', 1);
INSERT INTO user VALUES (47, 'MAGIKARPP.3171', 'primeape.magikarp@icbc.com', 'Primeape', 'Magikarp', 'Customer Service', 1);
INSERT INTO user VALUES (48, 'RAPIDASHP.3448', 'pidgey.rapidash@icbc.com', 'Pidgey', 'Rapidash', 'Management', 1);
INSERT INTO user VALUES (49, 'MEOWTHP.1270', 'psyduck.meowth@icbc.com', 'Psyduck', 'Meowth', 'HR', 1);
INSERT INTO user VALUES (50, 'KABUTOC.2922', 'clefable.kabuto@icbc.com', 'Clefable', 'Kabuto', 'Finance', 1);
INSERT INTO user VALUES (51, 'MAGNEMITEV.4973', 'venusaur.magnemite@icbc.com', 'Venusaur', 'Magnemite', 'IT', 1);
INSERT INTO user VALUES (52, 'ARTICUNOM.4941', 'moltres.articuno@icbc.com', 'Moltres', 'Articuno', 'Finance', 1);
INSERT INTO user VALUES (53, 'DODRIOG.611', 'gloom.dodrio@icbc.com', 'Gloom', 'Dodrio', 'Management', 1);
INSERT INTO user VALUES (54, 'ZAPDOSK.2083', 'kabutops.zapdos@icbc.com', 'Kabutops', 'Zapdos', 'Finance', 1);
INSERT INTO user VALUES (55, 'MCMEWC.4665', 'cloyster.mcmew@icbc.com', 'Cloyster', 'McMew', 'Finance', 1);
INSERT INTO user VALUES (56, 'ODDISHB.2356', 'bellsprout.oddish@icbc.com', 'Bellsprout', 'Oddish', 'Customer Service', 1);
INSERT INTO user VALUES (57, 'VAPOREONP.1948', 'poliwrath.vaporeon@icbc.com', 'Poliwrath', 'Vaporeon', 'Customer Service', 1);
INSERT INTO user VALUES (58, 'NIDORINAR.3516', 'rapidash.nidorina@icbc.com', 'Rapidash', 'Nidorina', 'Management', 1);
INSERT INTO user VALUES (59, 'MCEXEGGUTORS.4102', 'seadra.mcexeggutor@icbc.com', 'Seadra', 'McExeggutor', 'IT', 1);
INSERT INTO user VALUES (60, 'TANGELAH.1437', 'hitmonlee.tangela@icbc.com', 'Hitmonlee', 'Tangela', 'Finance', 1);
INSERT INTO user VALUES (61, 'SLOWPOKEN.3753', 'nidoking.slowpoke@icbc.com', 'Nidoking', 'Slowpoke', 'HR', 1);
INSERT INTO user VALUES (62, 'SEELG.3263', 'golduck.seel@icbc.com', 'Golduck', 'Seel', 'Management', 1);
INSERT INTO user VALUES (63, 'NINETALESR.674', 'rapidash.ninetales@icbc.com', 'Rapidash', 'Ninetales', 'HR', 1);
INSERT INTO user VALUES (64, 'SQUIRTLEM.2960', 'magneton.squirtle@icbc.com', 'Magneton', 'Squirtle', 'IT', 1);
INSERT INTO user VALUES (65, 'MACHAMPG.4257', 'geodude.machamp@icbc.com', 'Geodude', 'Machamp', 'HR', 1);
INSERT INTO user VALUES (66, 'FARFETCHDG.1206', 'gyarados.farfetchd@icbc.com', 'Gyarados', 'Farfetchd', 'Customer Service', 1);
INSERT INTO user VALUES (67, 'TENTACRUELW.1469', 'wartortle.tentacruel@icbc.com', 'Wartortle', 'Tentacruel', 'Finance', 1);
INSERT INTO user VALUES (68, 'MOLTRESF.213', 'fearow.moltres@icbc.com', 'Fearow', 'Moltres', 'Finance', 1);
INSERT INTO user VALUES (69, 'VENONATA.2924', 'abra.venonat@icbc.com', 'Abra', 'Venonat', 'Finance', 1);
INSERT INTO user VALUES (70, 'CHARMELEONZ.1920', 'zubat.charmeleon@icbc.com', 'Zubat', 'Charmeleon', 'Marketing', 1);
INSERT INTO user VALUES (71, 'MAGNETONO.162', 'omanyte.magneton@icbc.com', 'Omanyte', 'Magneton', 'Management', 1);
INSERT INTO user VALUES (72, 'OMASTARG.4506', 'graveler.omastar@icbc.com', 'Graveler', 'Omastar', 'Management', 1);
INSERT INTO user VALUES (73, 'ZUBATR.3199', 'rhyhorn.zubat@icbc.com', 'Rhyhorn', 'Zubat', 'HR', 1);
INSERT INTO user VALUES (74, 'RAICHUA.4484', 'alakazam.raichu@icbc.com', 'Alakazam', 'Raichu', 'IT', 1);
INSERT INTO user VALUES (75, 'GOLDUCKV.1743', 'venusaur.golduck@icbc.com', 'Venusaur', 'Golduck', 'Finance', 1);
INSERT INTO user VALUES (76, 'CHARMELEONS.770', 'staryu.charmeleon@icbc.com', 'Staryu', 'Charmeleon', 'Marketing', 1);
INSERT INTO user VALUES (77, 'ELECTABUZZD.1847', 'dragonair.electabuzz@icbc.com', 'Dragonair', 'Electabuzz', 'IT', 1);
INSERT INTO user VALUES (78, 'PIDGEOTTOZ.689', 'zapdos.pidgeotto@icbc.com', 'Zapdos', 'Pidgeotto', 'Customer Service', 1);
INSERT INTO user VALUES (79, 'ELECTABUZZS.3036', 'scyther.electabuzz@icbc.com', 'Scyther', 'Electabuzz', 'Management', 1);
INSERT INTO user VALUES (80, 'KAKUNAT.2241', 'tentacool.kakuna@icbc.com', 'Tentacool', 'Kakuna', 'HR', 1);
INSERT INTO user VALUES (81, 'DITTOW.236', 'weepinbell.ditto@icbc.com', 'Weepinbell', 'Ditto', 'Management', 1);
INSERT INTO user VALUES (82, 'NINETALESP.1598', 'poliwhirl.ninetales@icbc.com', 'Poliwhirl', 'Ninetales', 'Customer Service', 1);
INSERT INTO user VALUES (83, 'MAGNEMITES.3295', 'slowpoke.magnemite@icbc.com', 'Slowpoke', 'Magnemite', 'Marketing', 1);
INSERT INTO user VALUES (84, 'SANDSLASHR.288', 'rhydon.sandslash@icbc.com', 'Rhydon', 'Sandslash', 'Customer Service', 1);
INSERT INTO user VALUES (85, 'MACHOPH.169', 'hitmonlee.machop@icbc.com', 'Hitmonlee', 'Machop', 'Management', 1);
INSERT INTO user VALUES (86, 'MAGMARD.4546', 'dugtrio.magmar@icbc.com', 'Dugtrio', 'Magmar', 'Customer Service', 1);
INSERT INTO user VALUES (87, 'SQUIRTLED.3896', 'dugtrio.squirtle@icbc.com', 'Dugtrio', 'Squirtle', 'Management', 1);
INSERT INTO user VALUES (88, 'CLEFAIRYT.4175', 'tauros.clefairy@icbc.com', 'Tauros', 'Clefairy', 'HR', 1);
INSERT INTO user VALUES (89, 'MANKEYS.1433', 'seaking.mankey@icbc.com', 'Seaking', 'Mankey', 'Finance', 1);
INSERT INTO user VALUES (90, 'DRAGONAIRP.787', 'persian.dragonair@icbc.com', 'Persian', 'Dragonair', 'HR', 1);
INSERT INTO user VALUES (91, 'MCTAUROSW.1261', 'weepinbell.mctauros@icbc.com', 'Weepinbell', 'McTauros', 'Marketing', 1);
INSERT INTO user VALUES (92, 'DODRIOB.1071', 'blastoise.dodrio@icbc.com', 'Blastoise', 'Dodrio', 'Finance', 1);
INSERT INTO user VALUES (93, 'ARCANINES.3984', 'starmie.arcanine@icbc.com', 'Starmie', 'Arcanine', 'IT', 1);
INSERT INTO user VALUES (94, 'OMASTARB.4374', 'bulbasaur.omastar@icbc.com', 'Bulbasaur', 'Omastar', 'Customer Service', 1);
INSERT INTO user VALUES (95, 'VULPIXP.3527', 'ponyta.vulpix@icbc.com', 'Ponyta', 'Vulpix', 'IT', 1);
INSERT INTO user VALUES (96, 'ABRAG.551', 'golduck.abra@icbc.com', 'Golduck', 'Abra', 'Finance', 1);
INSERT INTO user VALUES (97, 'MACHAMPS.3572', 'starmie.machamp@icbc.com', 'Starmie', 'Machamp', 'Finance', 1);
INSERT INTO user VALUES (98, 'MACHOKED.533', 'dugtrio.machoke@icbc.com', 'Dugtrio', 'Machoke', 'IT', 1);
INSERT INTO user VALUES (99, 'HITMONCHANM.265', 'machoke.hitmonchan@icbc.com', 'Machoke', 'Hitmonchan', 'HR', 1);
INSERT INTO user VALUES (100, 'KAKUNAP.3209', 'ponyta.kakuna@icbc.com', 'Ponyta', 'Kakuna', 'Customer Service', 1);
INSERT INTO user VALUES (101, 'FARFETCHDN.3446', 'nidoran.farfetchd@icbc.com', 'Nidoran', 'Farfetchd', 'Customer Service', 1);
INSERT INTO user VALUES (102, 'VENONATG.156', 'geodude.venonat@icbc.com', 'Geodude', 'Venonat', 'Marketing', 1);
INSERT INTO user VALUES (103, 'RHYHORNL.4335', 'lickitung.rhyhorn@icbc.com', 'Lickitung', 'Rhyhorn', 'Management', 1);
INSERT INTO user VALUES (104, 'LICKITUNGS.1147', 'seel.lickitung@icbc.com', 'Seel', 'Lickitung', 'Finance', 1);
INSERT INTO user VALUES (105, 'MCDRAGONITEJ.4286', 'jigglypuff.mcdragonite@icbc.com', 'Jigglypuff', 'McDragonite', 'Customer Service', 1);
INSERT INTO user VALUES (106, 'MCJIGGLYPUFFV.4044', 'venonat.mcjigglypuff@icbc.com', 'Venonat', 'McJigglypuff', 'Customer Service', 1);
INSERT INTO user VALUES (107, 'CLEFAIRYO.584', 'oddish.clefairy@icbc.com', 'Oddish', 'Clefairy', 'Management', 1);
INSERT INTO user VALUES (108, 'MCVENOMOTHH.139', 'horsea.mcvenomoth@icbc.com', 'Horsea', 'McVenomoth', 'Management', 1);
INSERT INTO user VALUES (109, 'MAGNEMITEN.1591', 'nidoran.magnemite@icbc.com', 'Nidoran', 'Magnemite', 'Marketing', 1);
INSERT INTO user VALUES (110, 'ONIXS.2344', 'spearow.onix@icbc.com', 'Spearow', 'Onix', 'HR', 1);
INSERT INTO user VALUES (111, 'CLOYSTERC.4974', 'charizard.cloyster@icbc.com', 'Charizard', 'Cloyster', 'Finance', 1);
INSERT INTO user VALUES (112, 'TAUROSE.3038', 'exeggcute.tauros@icbc.com', 'Exeggcute', 'Tauros', 'Customer Service', 1);
INSERT INTO user VALUES (113, 'DRAGONAIRD.416', 'diglett.dragonair@icbc.com', 'Diglett', 'Dragonair', 'IT', 1);
INSERT INTO user VALUES (114, 'BELLSPROUTS.2640', 'spearow.bellsprout@icbc.com', 'Spearow', 'Bellsprout', 'Marketing', 1);
INSERT INTO user VALUES (115, 'DODUOS.423', 'seel.doduo@icbc.com', 'Seel', 'Doduo', 'Marketing', 1);
INSERT INTO user VALUES (116, 'EXEGGUTORP.2175', 'pidgey.exeggutor@icbc.com', 'Pidgey', 'Exeggutor', 'HR', 1);
INSERT INTO user VALUES (117, 'VICTREEBELD.4870', 'dugtrio.victreebel@icbc.com', 'Dugtrio', 'Victreebel', 'HR', 1);
INSERT INTO user VALUES (118, 'BUTTERFREEW.3561', 'weepinbell.butterfree@icbc.com', 'Weepinbell', 'Butterfree', 'Management', 1);
INSERT INTO user VALUES (119, 'VILEPLUMEG.2864', 'growlithe.vileplume@icbc.com', 'Growlithe', 'Vileplume', 'Management', 1);
INSERT INTO user VALUES (120, 'AERODACTYLO.3896', 'omastar.aerodactyl@icbc.com', 'Omastar', 'Aerodactyl', 'Management', 1);
INSERT INTO user VALUES (121, 'WEEPINBELLC.1526', 'chansey.weepinbell@icbc.com', 'Chansey', 'Weepinbell', 'IT', 1);
INSERT INTO user VALUES (122, 'STARYUG.4896', 'gastly.staryu@icbc.com', 'Gastly', 'Staryu', 'HR', 1);
INSERT INTO user VALUES (123, 'MCDRATINIA.774', 'abra.mcdratini@icbc.com', 'Abra', 'McDratini', 'Customer Service', 1);
INSERT INTO user VALUES (124, 'KANGASKHANO.1514', 'oddish.kangaskhan@icbc.com', 'Oddish', 'Kangaskhan', 'Management', 1);
INSERT INTO user VALUES (125, 'AERODACTYLR.3162', 'rhyhorn.aerodactyl@icbc.com', 'Rhyhorn', 'Aerodactyl', 'Customer Service', 1);
INSERT INTO user VALUES (126, 'MAGNEMITEN.89', 'nidoking.magnemite@icbc.com', 'Nidoking', 'Magnemite', 'HR', 1);
INSERT INTO user VALUES (127, 'OMASTARA.2158', 'alakazam.omastar@icbc.com', 'Alakazam', 'Omastar', 'Marketing', 1);
INSERT INTO user VALUES (128, 'SNORLAXW.2132', 'wigglytuff.snorlax@icbc.com', 'Wigglytuff', 'Snorlax', 'Management', 1);
INSERT INTO user VALUES (129, 'CHARMANDERE.3078', 'exeggutor.charmander@icbc.com', 'Exeggutor', 'Charmander', 'IT', 1);
INSERT INTO user VALUES (130, 'PERSIANN.4512', 'nidoqueen.persian@icbc.com', 'Nidoqueen', 'Persian', 'IT', 1);
INSERT INTO user VALUES (131, 'DODUOK.3817', 'kadabra.doduo@icbc.com', 'Kadabra', 'Doduo', 'Marketing', 1);
INSERT INTO user VALUES (132, 'VENUSAURV.2287', 'vulpix.venusaur@icbc.com', 'Vulpix', 'Venusaur', 'Management', 1);
INSERT INTO user VALUES (133, 'POLIWHIRLD.1753', 'diglett.poliwhirl@icbc.com', 'Diglett', 'Poliwhirl', 'Management', 1);
INSERT INTO user VALUES (134, 'NIDOQUEEND.4147', 'dewgong.nidoqueen@icbc.com', 'Dewgong', 'Nidoqueen', 'Finance', 1);
INSERT INTO user VALUES (135, 'MANKEYZ.426', 'zapdos.mankey@icbc.com', 'Zapdos', 'Mankey', 'Management', 1);
INSERT INTO user VALUES (136, 'GRAVELERT.4985', 'tentacool.graveler@icbc.com', 'Tentacool', 'Graveler', 'Customer Service', 1);
INSERT INTO user VALUES (137, 'VULPIXR.3938', 'rhydon.vulpix@icbc.com', 'Rhydon', 'Vulpix', 'HR', 1);
INSERT INTO user VALUES (138, 'CATERPIEE.3324', 'ekans.caterpie@icbc.com', 'Ekans', 'Caterpie', 'Finance', 1);
INSERT INTO user VALUES (139, 'PORYGONP.332', 'parasect.porygon@icbc.com', 'Parasect', 'Porygon', 'Management', 1);
INSERT INTO user VALUES (140, 'WEEPINBELLV.4419', 'vileplume.weepinbell@icbc.com', 'Vileplume', 'Weepinbell', 'IT', 1);
INSERT INTO user VALUES (141, 'MCRHYDONC.3350', 'charmander.mcrhydon@icbc.com', 'Charmander', 'McRhydon', 'HR', 1);
INSERT INTO user VALUES (142, 'TENTACRUELP.2004', 'primeape.tentacruel@icbc.com', 'Primeape', 'Tentacruel', 'Finance', 1);
INSERT INTO user VALUES (143, 'ARTICUNOT.1480', 'tangela.articuno@icbc.com', 'Tangela', 'Articuno', 'Marketing', 1);
INSERT INTO user VALUES (144, 'MCPOLIWAGS.1922', 'sandshrew.mcpoliwag@icbc.com', 'Sandshrew', 'McPoliwag', 'IT', 1);
INSERT INTO user VALUES (145, 'METAPODF.3213', 'flareon.metapod@icbc.com', 'Flareon', 'Metapod', 'Management', 1);
INSERT INTO user VALUES (146, 'AERODACTYLG.2848', 'gastly.aerodactyl@icbc.com', 'Gastly', 'Aerodactyl', 'Customer Service', 1);
INSERT INTO user VALUES (147, 'PORYGONV.2684', 'venonat.porygon@icbc.com', 'Venonat', 'Porygon', 'Customer Service', 1);
INSERT INTO user VALUES (148, 'HITMONCHANM.1725', 'machamp.hitmonchan@icbc.com', 'Machamp', 'Hitmonchan', 'Management', 1);
INSERT INTO user VALUES (149, 'TAUROSM.1425', 'machop.tauros@icbc.com', 'Machop', 'Tauros', 'Finance', 1);
INSERT INTO user VALUES (150, 'STARMIED.4155', 'dewgong.starmie@icbc.com', 'Dewgong', 'Starmie', 'Finance', 1);
INSERT INTO user VALUES (151, 'DIGLETTM.4001', 'muk.diglett@icbc.com', 'Muk', 'Diglett', 'Marketing', 1);
INSERT INTO user VALUES (152, 'CLEFABLET.2091', 'tauros.clefable@icbc.com', 'Tauros', 'Clefable', 'Finance', 1);
INSERT INTO user VALUES (153, 'ODDISHM.725', 'magikarp.oddish@icbc.com', 'Magikarp', 'Oddish', 'Marketing', 1);
INSERT INTO user VALUES (154, 'MCARBOKR.3187', 'raticate.mcarbok@icbc.com', 'Raticate', 'McArbok', 'Management', 1);
INSERT INTO user VALUES (155, 'KABUTOPSG.776', 'geodude.kabutops@icbc.com', 'Geodude', 'Kabutops', 'HR', 1);
INSERT INTO user VALUES (156, 'CATERPIEV.1610', 'venonat.caterpie@icbc.com', 'Venonat', 'Caterpie', 'IT', 1);
INSERT INTO user VALUES (157, 'HITMONLEEM.4519', 'machoke.hitmonlee@icbc.com', 'Machoke', 'Hitmonlee', 'Finance', 1);
INSERT INTO user VALUES (158, 'VILEPLUMEZ.3902', 'zubat.vileplume@icbc.com', 'Zubat', 'Vileplume', 'HR', 1);
INSERT INTO user VALUES (159, 'DROWZEED.30', 'drowzee.drowzee@icbc.com', 'Drowzee', 'Drowzee', 'IT', 1);
INSERT INTO user VALUES (160, 'CHANSEYF.625', 'fearow.chansey@icbc.com', 'Fearow', 'Chansey', 'HR', 1);
INSERT INTO user VALUES (161, 'EXEGGCUTEP.3006', 'parasect.exeggcute@icbc.com', 'Parasect', 'Exeggcute', 'HR', 1);
INSERT INTO user VALUES (162, 'POLIWRATHS.2518', 'spearow.poliwrath@icbc.com', 'Spearow', 'Poliwrath', 'HR', 1);
INSERT INTO user VALUES (163, 'ELECTRODEE.3412', 'electabuzz.electrode@icbc.com', 'Electabuzz', 'Electrode', 'Finance', 1);
INSERT INTO user VALUES (164, 'SLOWBROI.2168', 'ivysaur.slowbro@icbc.com', 'Ivysaur', 'Slowbro', 'Finance', 1);
INSERT INTO user VALUES (165, 'MR. MIMEC.4132', 'charmander.mr. mime@icbc.com', 'Charmander', 'Mr. Mime', 'IT', 1);
INSERT INTO user VALUES (166, 'DRATINIM.2742', 'magneton.dratini@icbc.com', 'Magneton', 'Dratini', 'Marketing', 1);
INSERT INTO user VALUES (167, 'DODUOL.3540', 'lickitung.doduo@icbc.com', 'Lickitung', 'Doduo', 'Finance', 1);
INSERT INTO user VALUES (168, 'TENTACRUELK.1525', 'koffing.tentacruel@icbc.com', 'Koffing', 'Tentacruel', 'Management', 1);
INSERT INTO user VALUES (169, 'SQUIRTLEM.2700', 'magnemite.squirtle@icbc.com', 'Magnemite', 'Squirtle', 'IT', 1);
INSERT INTO user VALUES (170, 'DITTOL.2505', 'lapras.ditto@icbc.com', 'Lapras', 'Ditto', 'Customer Service', 1);
INSERT INTO user VALUES (171, 'WARTORTLES.3544', 'seaking.wartortle@icbc.com', 'Seaking', 'Wartortle', 'Management', 1);
INSERT INTO user VALUES (172, 'SEADRAS.3735', 'seel.seadra@icbc.com', 'Seel', 'Seadra', 'IT', 1);
INSERT INTO user VALUES (173, 'PIKACHUS.3216', 'snorlax.pikachu@icbc.com', 'Snorlax', 'Pikachu', 'Customer Service', 1);
INSERT INTO user VALUES (174, 'KINGLERS.4587', 'shellder.kingler@icbc.com', 'Shellder', 'Kingler', 'Customer Service', 1);
INSERT INTO user VALUES (175, 'EXEGGCUTES.233', 'seel.exeggcute@icbc.com', 'Seel', 'Exeggcute', 'Marketing', 1);
INSERT INTO user VALUES (176, 'KOFFINGM.1481', 'machoke.koffing@icbc.com', 'Machoke', 'Koffing', 'Customer Service', 1);
INSERT INTO user VALUES (177, 'ELECTRODER.2157', 'raichu.electrode@icbc.com', 'Raichu', 'Electrode', 'Finance', 1);
INSERT INTO user VALUES (178, 'KAKUNAP.195', 'pidgey.kakuna@icbc.com', 'Pidgey', 'Kakuna', 'Management', 1);
INSERT INTO user VALUES (179, 'DODUOK.544', 'kadabra.doduo2@icbc.com', 'Kadabra', 'Doduo', 'Finance', 1);
INSERT INTO user VALUES (180, 'RAPIDASHM.257', 'meowth.rapidash@icbc.com', 'Meowth', 'Rapidash', 'Marketing', 1);
INSERT INTO user VALUES (181, 'CHARIZARDM.97', 'mr. mime.charizard@icbc.com', 'Mr. Mime', 'Charizard', 'Marketing', 1);
INSERT INTO user VALUES (182, 'BUTTERFREEG.4773', 'golem.butterfree@icbc.com', 'Golem', 'Butterfree', 'Finance', 1);
INSERT INTO user VALUES (183, 'ZUBATC.3591', 'clefable.zubat@icbc.com', 'Clefable', 'Zubat', 'IT', 1);
INSERT INTO user VALUES (184, 'JYNXK.2133', 'kakuna.jynx@icbc.com', 'Kakuna', 'Jynx', 'HR', 1);
INSERT INTO user VALUES (185, 'ARTICUNOW.4188', 'weedle.articuno@icbc.com', 'Weedle', 'Articuno', 'HR', 1);
INSERT INTO user VALUES (186, 'CHANSEYZ.900', 'zubat.chansey@icbc.com', 'Zubat', 'Chansey', 'Management', 1);
INSERT INTO user VALUES (187, 'MCNIDORANS.1351', 'starmie.mcnidoran@icbc.com', 'Starmie', 'McNidoran', 'Finance', 1);
INSERT INTO user VALUES (188, 'GOLBATN.2123', 'nidorino.golbat@icbc.com', 'Nidorino', 'Golbat', 'Customer Service', 1);
INSERT INTO user VALUES (189, 'RAICHUG.3445', 'gastly.raichu@icbc.com', 'Gastly', 'Raichu', 'IT', 1);
INSERT INTO user VALUES (190, 'PERSIANV.4617', 'venusaur.persian@icbc.com', 'Venusaur', 'Persian', 'Finance', 1);
INSERT INTO user VALUES (191, 'MEWTWOP.2973', 'primeape.mewtwo@icbc.com', 'Primeape', 'Mewtwo', 'Management', 1);
INSERT INTO user VALUES (192, 'DEWGONGT.3373', 'tauros.dewgong@icbc.com', 'Tauros', 'Dewgong', 'Marketing', 1);
INSERT INTO user VALUES (193, 'PINSIRG.4283', 'grimer.pinsir@icbc.com', 'Grimer', 'Pinsir', 'HR', 1);
INSERT INTO user VALUES (194, 'CATERPIEM.2844', 'magneton.caterpie@icbc.com', 'Magneton', 'Caterpie', 'IT', 1);
INSERT INTO user VALUES (195, 'WARTORTLEN.2713', 'nidoran.wartortle@icbc.com', 'Nidoran', 'Wartortle', 'Management', 1);
INSERT INTO user VALUES (196, 'EXEGGCUTET.876', 'tentacruel.exeggcute@icbc.com', 'Tentacruel', 'Exeggcute', 'Finance', 1);
INSERT INTO user VALUES (197, 'DEWGONGG.578', 'gloom.dewgong@icbc.com', 'Gloom', 'Dewgong', 'Marketing', 1);
INSERT INTO user VALUES (198, 'RATTATAM.4296', 'magikarp.rattata@icbc.com', 'Magikarp', 'Rattata', 'HR', 1);
INSERT INTO user VALUES (199, 'KOFFINGA.4737', 'aerodactyl.koffing@icbc.com', 'Aerodactyl', 'Koffing', 'Finance', 1);
INSERT INTO user VALUES (200, 'PIDGEOTT.4899', 'tentacruel.pidgeot@icbc.com', 'Tentacruel', 'Pidgeot', 'Management', 1);
INSERT INTO user VALUES (201, 'VOLTORBH.3480', 'horsea.voltorb@icbc.com', 'Horsea', 'Voltorb', 'Marketing', 1);
INSERT INTO user VALUES (202, 'JIGGLYPUFFP.1974', 'pikachu.jigglypuff@icbc.com', 'Pikachu', 'Jigglypuff', 'IT', 1);
INSERT INTO user VALUES (203, 'ARTICUNOF.2340', 'fearow.articuno@icbc.com', 'Fearow', 'Articuno', 'HR', 1);
INSERT INTO user VALUES (204, 'DRAGONAIRS.13', 'starmie.dragonair@icbc.com', 'Starmie', 'Dragonair', 'Finance', 1);
INSERT INTO user VALUES (205, 'PIDGEYG.311', 'gyarados.pidgey@icbc.com', 'Gyarados', 'Pidgey', 'Customer Service', 1);
INSERT INTO user VALUES (206, 'FEAROWD.125', 'dodrio.fearow@icbc.com', 'Dodrio', 'Fearow', 'IT', 1);
INSERT INTO user VALUES (207, 'RAPIDASHK.2378', 'kakuna.rapidash@icbc.com', 'Kakuna', 'Rapidash', 'Marketing', 1);
INSERT INTO user VALUES (208, 'MAGMARM.3318', 'magnemite.magmar@icbc.com', 'Magnemite', 'Magmar', 'Management', 1);
INSERT INTO user VALUES (209, 'MCKOFFINGM.4921', 'mewtwo.mckoffing@icbc.com', 'Mewtwo', 'McKoffing', 'Customer Service', 1);
INSERT INTO user VALUES (210, 'POLIWHIRLC.3033', 'clefairy.poliwhirl@icbc.com', 'Clefairy', 'Poliwhirl', 'HR', 1);
INSERT INTO user VALUES (211, 'LICKITUNGZ.452', 'zubat.lickitung@icbc.com', 'Zubat', 'Lickitung', 'Finance', 1);
INSERT INTO user VALUES (212, 'MCPARASG.322', 'gloom.mcparas@icbc.com', 'Gloom', 'McParas', 'HR', 1);
INSERT INTO user VALUES (213, 'HITMONLEET.2565', 'tentacool.hitmonlee@icbc.com', 'Tentacool', 'Hitmonlee', 'HR', 1);
INSERT INTO user VALUES (214, 'KINGLERR.1958', 'raticate.kingler@icbc.com', 'Raticate', 'Kingler', 'Customer Service', 1);
INSERT INTO user VALUES (215, 'MCMAGMARO.4016', 'omanyte.mcmagmar@icbc.com', 'Omanyte', 'McMagmar', 'Finance', 1);
INSERT INTO user VALUES (216, 'CLEFABLES.3756', 'squirtle.clefable@icbc.com', 'Squirtle', 'Clefable', 'Management', 1);
INSERT INTO user VALUES (217, 'KINGLERM.200', 'metapod.kingler@icbc.com', 'Metapod', 'Kingler', 'HR', 1);
INSERT INTO user VALUES (218, 'SHELLDERA.4972', 'abra.shellder@icbc.com', 'Abra', 'Shellder', 'Customer Service', 1);
INSERT INTO user VALUES (219, 'MOLTRESM.2724', 'magikarp.moltres@icbc.com', 'Magikarp', 'Moltres', 'HR', 1);
INSERT INTO user VALUES (220, 'FARFETCHDM.362', 'machop.farfetchd@icbc.com', 'Machop', 'Farfetchd', 'Finance', 1);
INSERT INTO user VALUES (221, 'BULBASAURP.954', 'paras.bulbasaur@icbc.com', 'Paras', 'Bulbasaur', 'Finance', 1);
INSERT INTO user VALUES (222, 'JOLTEONN.2842', 'nidoran.jolteon@icbc.com', 'Nidoran', 'Jolteon', 'HR', 1);
INSERT INTO user VALUES (223, 'CUBONEW.3754', 'weezing.cubone@icbc.com', 'Weezing', 'Cubone', 'Customer Service', 1);
INSERT INTO user VALUES (224, 'KOFFINGR.1856', 'raichu.koffing@icbc.com', 'Raichu', 'Koffing', 'HR', 1);
INSERT INTO user VALUES (225, 'PINSIRG.2827', 'gastly.pinsir@icbc.com', 'Gastly', 'Pinsir', 'Management', 1);
INSERT INTO user VALUES (226, 'GOLDUCKB.4556', 'beedrill.golduck@icbc.com', 'Beedrill', 'Golduck', 'HR', 1);
INSERT INTO user VALUES (227, 'ABRAW.4058', 'weepinbell.abra@icbc.com', 'Weepinbell', 'Abra', 'Management', 1);
INSERT INTO user VALUES (228, 'DRATINIT.4907', 'tauros.dratini@icbc.com', 'Tauros', 'Dratini', 'Customer Service', 1);
INSERT INTO user VALUES (229, 'MCDUGTRIOD.1401', 'doduo.mcdugtrio@icbc.com', 'Doduo', 'McDugtrio', 'IT', 1);
INSERT INTO user VALUES (230, 'MCRATICATEH.2090', 'hitmonlee.mcraticate@icbc.com', 'Hitmonlee', 'McRaticate', 'HR', 1);
INSERT INTO user VALUES (231, 'SANDSHREWN.714', 'nidoqueen.sandshrew@icbc.com', 'Nidoqueen', 'Sandshrew', 'IT', 1);
INSERT INTO user VALUES (232, 'PARASECTF.1454', 'farfetchd.parasect@icbc.com', 'Farfetchd', 'Parasect', 'Finance', 1);
INSERT INTO user VALUES (233, 'FLAREOND.4325', 'doduo.flareon@icbc.com', 'Doduo', 'Flareon', 'IT', 1);
INSERT INTO user VALUES (234, 'SEELV.2837', 'venomoth.seel@icbc.com', 'Venomoth', 'Seel', 'Marketing', 1);
INSERT INTO user VALUES (235, 'MCFLAREONM.815', 'muk.mcflareon@icbc.com', 'Muk', 'McFlareon', 'HR', 1);
INSERT INTO user VALUES (236, 'MANKEYG.2349', 'golbat.mankey@icbc.com', 'Golbat', 'Mankey', 'Customer Service', 1);
INSERT INTO user VALUES (237, 'BEEDRILLP.4947', 'psyduck.beedrill@icbc.com', 'Psyduck', 'Beedrill', 'HR', 1);
INSERT INTO user VALUES (238, 'KRABBYG.1417', 'golbat.krabby@icbc.com', 'Golbat', 'Krabby', 'HR', 1);
INSERT INTO user VALUES (239, 'BEEDRILLM.1606', 'mew.beedrill@icbc.com', 'Mew', 'Beedrill', 'Management', 1);
INSERT INTO user VALUES (240, 'FARFETCHDC.2574', 'caterpie.farfetchd@icbc.com', 'Caterpie', 'Farfetchd', 'Marketing', 1);
INSERT INTO user VALUES (241, 'ODDISHP.397', 'pidgey.oddish@icbc.com', 'Pidgey', 'Oddish', 'Customer Service', 1);
INSERT INTO user VALUES (242, 'MACHOPS.2933', 'slowbro.machop@icbc.com', 'Slowbro', 'Machop', 'Marketing', 1);
INSERT INTO user VALUES (243, 'KABUTOPSJ.2532', 'jolteon.kabutops@icbc.com', 'Jolteon', 'Kabutops', 'Management', 1);
INSERT INTO user VALUES (244, 'HITMONCHANN.1578', 'nidorina.hitmonchan@icbc.com', 'Nidorina', 'Hitmonchan', 'Marketing', 1);
INSERT INTO user VALUES (245, 'ONIXO.4611', 'omastar.onix@icbc.com', 'Omastar', 'Onix', 'IT', 1);
INSERT INTO user VALUES (246, 'ARCANINEA.4878', 'alakazam.arcanine@icbc.com', 'Alakazam', 'Arcanine', 'IT', 1);
INSERT INTO user VALUES (247, 'KANGASKHANH.975', 'hitmonlee.kangaskhan@icbc.com', 'Hitmonlee', 'Kangaskhan', 'IT', 1);
INSERT INTO user VALUES (248, 'ARBOKC.1449', 'charizard.arbok@icbc.com', 'Charizard', 'Arbok', 'Management', 1);
INSERT INTO user VALUES (249, 'KAKUNAM.1262', 'machoke.kakuna@icbc.com', 'Machoke', 'Kakuna', 'HR', 1);
INSERT INTO user VALUES (250, 'VOLTORBP.2521', 'pikachu.voltorb@icbc.com', 'Pikachu', 'Voltorb', 'Finance', 1);
INSERT INTO user VALUES (251, 'HITMONLEEH.212', 'haunter.hitmonlee@icbc.com', 'Haunter', 'Hitmonlee', 'Finance', 1);
INSERT INTO user VALUES (252, 'SANDSLASHD.2513', 'dratini.sandslash@icbc.com', 'Dratini', 'Sandslash', 'Customer Service', 1);
INSERT INTO user VALUES (253, 'SLOWBROK.361', 'kabuto.slowbro@icbc.com', 'Kabuto', 'Slowbro', 'Management', 1);
INSERT INTO user VALUES (254, 'MCSEAKINGG.78', 'golduck.mcseaking@icbc.com', 'Golduck', 'McSeaking', 'Finance', 1);
INSERT INTO user VALUES (255, 'MCZAPDOSP.470', 'poliwhirl.mczapdos@icbc.com', 'Poliwhirl', 'McZapdos', 'Customer Service', 1);
INSERT INTO user VALUES (256, 'HITMONCHANC.3334', 'clefable.hitmonchan@icbc.com', 'Clefable', 'Hitmonchan', 'HR', 1);
INSERT INTO user VALUES (257, 'MCVILEPLUMES.1928', 'slowpoke.mcvileplume@icbc.com', 'Slowpoke', 'McVileplume', 'Finance', 1);
INSERT INTO user VALUES (258, 'MAGNETONP.718', 'paras.magneton@icbc.com', 'Paras', 'Magneton', 'Marketing', 1);
INSERT INTO user VALUES (259, 'RATICATEV.3178', 'vileplume.raticate@icbc.com', 'Vileplume', 'Raticate', 'Finance', 1);
INSERT INTO user VALUES (260, 'MACHOKEM.3251', 'mew.machoke@icbc.com', 'Mew', 'Machoke', 'IT', 1);
INSERT INTO user VALUES (261, 'KAKUNAF.487', 'fearow.kakuna@icbc.com', 'Fearow', 'Kakuna', 'Finance', 1);
INSERT INTO user VALUES (262, 'SCYTHERR.1549', 'rhydon.scyther@icbc.com', 'Rhydon', 'Scyther', 'Management', 1);
INSERT INTO user VALUES (263, 'VAPOREOND.3661', 'doduo.vaporeon@icbc.com', 'Doduo', 'Vaporeon', 'HR', 1);
INSERT INTO user VALUES (264, 'GRIMERB.3073', 'beedrill.grimer@icbc.com', 'Beedrill', 'Grimer', 'Management', 1);
INSERT INTO user VALUES (265, 'ZUBATA.2211', 'arcanine.zubat@icbc.com', 'Arcanine', 'Zubat', 'IT', 1);
INSERT INTO user VALUES (266, 'VULPIXP.1780', 'pinsir.vulpix@icbc.com', 'Pinsir', 'Vulpix', 'HR', 1);
INSERT INTO user VALUES (267, 'LICKITUNGB.437', 'butterfree.lickitung@icbc.com', 'Butterfree', 'Lickitung', 'Marketing', 1);
INSERT INTO user VALUES (268, 'SLOWPOKEM.2433', 'magneton.slowpoke@icbc.com', 'Magneton', 'Slowpoke', 'Marketing', 1);
INSERT INTO user VALUES (269, 'CLOYSTERB.3505', 'bellsprout.cloyster@icbc.com', 'Bellsprout', 'Cloyster', 'IT', 1);
INSERT INTO user VALUES (270, 'MCMAGMARD.197', 'ditto.mcmagmar@icbc.com', 'Ditto', 'McMagmar', 'Management', 1);
INSERT INTO user VALUES (271, 'MAROWAKV.4230', 'vaporeon.marowak@icbc.com', 'Vaporeon', 'Marowak', 'IT', 1);
INSERT INTO user VALUES (272, 'VENONATP.209', 'porygon.venonat@icbc.com', 'Porygon', 'Venonat', 'Marketing', 1);
INSERT INTO user VALUES (273, 'SLOWBROM.644', 'machamp.slowbro@icbc.com', 'Machamp', 'Slowbro', 'Marketing', 1);
INSERT INTO user VALUES (274, 'ARBOKO.4226', 'omastar.arbok@icbc.com', 'Omastar', 'Arbok', 'Marketing', 1);
INSERT INTO user VALUES (275, 'LICKITUNGV.2012', 'voltorb.lickitung@icbc.com', 'Voltorb', 'Lickitung', 'Management', 1);
INSERT INTO user VALUES (276, 'DODRIOS.433', 'slowpoke.dodrio@icbc.com', 'Slowpoke', 'Dodrio', 'IT', 1);
INSERT INTO user VALUES (277, 'PONYTAN.2697', 'nidoran.ponyta@icbc.com', 'Nidoran', 'Ponyta', 'Management', 1);
INSERT INTO user VALUES (278, 'DITTOA.3967', 'arbok.ditto@icbc.com', 'Arbok', 'Ditto', 'HR', 1);
INSERT INTO user VALUES (279, 'RHYDOND.1989', 'doduo.rhydon@icbc.com', 'Doduo', 'Rhydon', 'Management', 1);
INSERT INTO user VALUES (280, 'STARMIEC.2073', 'charizard.starmie@icbc.com', 'Charizard', 'Starmie', 'Management', 1);
INSERT INTO user VALUES (281, 'SEADRAT.288', 'tentacruel.seadra@icbc.com', 'Tentacruel', 'Seadra', 'HR', 1);
INSERT INTO user VALUES (282, 'ABRAS.1668', 'slowbro.abra@icbc.com', 'Slowbro', 'Abra', 'IT', 1);
INSERT INTO user VALUES (283, 'PARASECTB.4473', 'blastoise.parasect@icbc.com', 'Blastoise', 'Parasect', 'Marketing', 1);
INSERT INTO user VALUES (284, 'MAGNETONM.2716', 'mankey.magneton@icbc.com', 'Mankey', 'Magneton', 'Finance', 1);
INSERT INTO user VALUES (285, 'DRAGONITEV.1393', 'venonat.dragonite@icbc.com', 'Venonat', 'Dragonite', 'Management', 1);
INSERT INTO user VALUES (286, 'MCIVYSAURD.1440', 'dewgong.mcivysaur@icbc.com', 'Dewgong', 'McIvysaur', 'Finance', 1);
INSERT INTO user VALUES (287, 'RAICHUR.2165', 'rhydon.raichu@icbc.com', 'Rhydon', 'Raichu', 'Finance', 1);
INSERT INTO user VALUES (288, 'WEEDLED.468', 'dewgong.weedle@icbc.com', 'Dewgong', 'Weedle', 'HR', 1);
INSERT INTO user VALUES (289, 'TAUROSG.1222', 'goldeen.tauros@icbc.com', 'Goldeen', 'Tauros', 'IT', 1);
INSERT INTO user VALUES (290, 'OMASTARR.3963', 'rattata.omastar@icbc.com', 'Rattata', 'Omastar', 'HR', 1);
INSERT INTO user VALUES (291, 'NIDORINAM.4367', 'muk.nidorina@icbc.com', 'Muk', 'Nidorina', 'HR', 1);
INSERT INTO user VALUES (292, 'NIDORINON.2116', 'ninetales.nidorino@icbc.com', 'Ninetales', 'Nidorino', 'Finance', 1);
INSERT INTO user VALUES (293, 'PINSIRA.1524', 'abra.pinsir@icbc.com', 'Abra', 'Pinsir', 'Marketing', 1);
INSERT INTO user VALUES (294, 'KOFFINGM.2473', 'machoke.koffing3@icbc.com', 'Machoke', 'Koffing', 'Marketing', 1);
INSERT INTO user VALUES (295, 'EKANSB.3206', 'beedrill.ekans@icbc.com', 'Beedrill', 'Ekans', 'Management', 1);
INSERT INTO user VALUES (296, 'BELLSPROUTO.4835', 'omanyte.bellsprout@icbc.com', 'Omanyte', 'Bellsprout', 'Finance', 1);
INSERT INTO user VALUES (297, 'CHANSEYK.4042', 'kabuto.chansey@icbc.com', 'Kabuto', 'Chansey', 'Management', 1);
INSERT INTO user VALUES (298, 'FARFETCHDO.1839', 'omanyte.farfetchd@icbc.com', 'Omanyte', 'Farfetchd', 'HR', 1);
INSERT INTO user VALUES (299, 'PRIMEAPEJ.4874', 'jolteon.primeape@icbc.com', 'Jolteon', 'Primeape', 'Customer Service', 1);
INSERT INTO user VALUES (300, 'BLASTOISEP.4814', 'psyduck.blastoise@icbc.com', 'Psyduck', 'Blastoise', 'Management', 1);
INSERT INTO user VALUES (301, 'CHANSEYM.2286', 'moltres.chansey@icbc.com', 'Moltres', 'Chansey', 'HR', 1);
INSERT INTO user VALUES (302, 'MCPIDGEOTG.2301', 'golduck.mcpidgeot@icbc.com', 'Golduck', 'McPidgeot', 'Customer Service', 1);
INSERT INTO user VALUES (303, 'PARASW.4794', 'weepinbell.paras@icbc.com', 'Weepinbell', 'Paras', 'HR', 1);
INSERT INTO user VALUES (304, 'WARTORTLED.3782', 'dratini.wartortle@icbc.com', 'Dratini', 'Wartortle', 'IT', 1);
INSERT INTO user VALUES (305, 'KAKUNAR.199', 'rapidash.kakuna@icbc.com', 'Rapidash', 'Kakuna', 'Management', 1);
INSERT INTO user VALUES (306, 'MCARTICUNOO.4178', 'omastar.mcarticuno@icbc.com', 'Omastar', 'McArticuno', 'Marketing', 1);
INSERT INTO user VALUES (307, 'DUGTRIOD.31', 'diglett.dugtrio@icbc.com', 'Diglett', 'Dugtrio', 'HR', 1);
INSERT INTO user VALUES (308, 'PARASP.422', 'persian.paras@icbc.com', 'Persian', 'Paras', 'Customer Service', 1);
INSERT INTO user VALUES (309, 'PARASR.4060', 'raichu.paras@icbc.com', 'Raichu', 'Paras', 'IT', 1);
INSERT INTO user VALUES (310, 'CLEFABLES.4430', 'slowpoke.clefable@icbc.com', 'Slowpoke', 'Clefable', 'Management', 1);
INSERT INTO user VALUES (311, 'CLOYSTERG.4341', 'growlithe.cloyster@icbc.com', 'Growlithe', 'Cloyster', 'Management', 1);
INSERT INTO user VALUES (312, 'KINGLERP.1443', 'paras.kingler@icbc.com', 'Paras', 'Kingler', 'Finance', 1);
INSERT INTO user VALUES (313, 'WEEDLEW.4938', 'weedle.weedle@icbc.com', 'Weedle', 'Weedle', 'Marketing', 1);
INSERT INTO user VALUES (314, 'NIDORANW.2789', 'weepinbell.nidoran@icbc.com', 'Weepinbell', 'Nidoran', 'IT', 1);
INSERT INTO user VALUES (315, 'DEWGONGG.2770', 'grimer.dewgong@icbc.com', 'Grimer', 'Dewgong', 'Marketing', 1);
INSERT INTO user VALUES (316, 'MEWTWOC.2191', 'charmeleon.mewtwo@icbc.com', 'Charmeleon', 'Mewtwo', 'Management', 1);
INSERT INTO user VALUES (317, 'DITTOJ.4316', 'jigglypuff.ditto@icbc.com', 'Jigglypuff', 'Ditto', 'Finance', 1);
INSERT INTO user VALUES (318, 'JYNXD.3686', 'ditto.jynx@icbc.com', 'Ditto', 'Jynx', 'Marketing', 1);
INSERT INTO user VALUES (319, 'MCPONYTAM.3677', 'meowth.mcponyta@icbc.com', 'Meowth', 'McPonyta', 'HR', 1);
INSERT INTO user VALUES (320, 'GOLEMZ.1679', 'zubat.golem@icbc.com', 'Zubat', 'Golem', 'Marketing', 1);
INSERT INTO user VALUES (321, 'NIDORINAD.2585', 'dodrio.nidorina@icbc.com', 'Dodrio', 'Nidorina', 'Marketing', 1);
INSERT INTO user VALUES (322, 'HORSEAK.1704', 'kabutops.horsea@icbc.com', 'Kabutops', 'Horsea', 'Marketing', 1);
INSERT INTO user VALUES (323, 'GRAVELERP.3406', 'poliwrath.graveler@icbc.com', 'Poliwrath', 'Graveler', 'Customer Service', 1);
INSERT INTO user VALUES (324, 'NINETALESZ.4565', 'zubat.ninetales@icbc.com', 'Zubat', 'Ninetales', 'Management', 1);
INSERT INTO user VALUES (325, 'GLOOMS.3768', 'seel.gloom@icbc.com', 'Seel', 'Gloom', 'IT', 1);
INSERT INTO user VALUES (326, 'MCRHYHORNH.4441', 'hypno.mcrhyhorn@icbc.com', 'Hypno', 'McRhyhorn', 'IT', 1);
INSERT INTO user VALUES (327, 'MCNIDORINAS.1749', 'sandslash.mcnidorina@icbc.com', 'Sandslash', 'McNidorina', 'IT', 1);
INSERT INTO user VALUES (328, 'OMASTARO.4306', 'onix.omastar@icbc.com', 'Onix', 'Omastar', 'IT', 1);
INSERT INTO user VALUES (329, 'MEWV.1703', 'victreebel.mew@icbc.com', 'Victreebel', 'Mew', 'HR', 1);
INSERT INTO user VALUES (330, 'PIDGEOTN.1033', 'nidorina.pidgeot@icbc.com', 'Nidorina', 'Pidgeot', 'IT', 1);
INSERT INTO user VALUES (331, 'MCVICTREEBELM.4462', 'machop.mcvictreebel@icbc.com', 'Machop', 'McVictreebel', 'IT', 1);
INSERT INTO user VALUES (332, 'SCYTHERW.4672', 'weepinbell.scyther@icbc.com', 'Weepinbell', 'Scyther', 'Customer Service', 1);
INSERT INTO user VALUES (333, 'NIDOQUEENJ.4037', 'jolteon.nidoqueen@icbc.com', 'Jolteon', 'Nidoqueen', 'IT', 1);
INSERT INTO user VALUES (334, 'ARBOKA.2951', 'articuno.arbok@icbc.com', 'Articuno', 'Arbok', 'HR', 1);
INSERT INTO user VALUES (335, 'ZUBATP.4767', 'paras.zubat@icbc.com', 'Paras', 'Zubat', 'Customer Service', 1);
INSERT INTO user VALUES (336, 'EKANSS.2094', 'slowbro.ekans@icbc.com', 'Slowbro', 'Ekans', 'Finance', 1);
INSERT INTO user VALUES (337, 'SEELS.4368', 'squirtle.seel@icbc.com', 'Squirtle', 'Seel', 'Management', 1);
INSERT INTO user VALUES (338, 'MANKEYC.3820', 'cubone.mankey@icbc.com', 'Cubone', 'Mankey', 'IT', 1);
INSERT INTO user VALUES (339, 'GOLBATM.4658', 'mew.golbat@icbc.com', 'Mew', 'Golbat', 'Customer Service', 1);
INSERT INTO user VALUES (340, 'SANDSLASHK.370', 'kingler.sandslash@icbc.com', 'Kingler', 'Sandslash', 'IT', 1);
INSERT INTO user VALUES (341, 'JYNXI.2088', 'ivysaur.jynx@icbc.com', 'Ivysaur', 'Jynx', 'Customer Service', 1);
INSERT INTO user VALUES (342, 'ARBOKS.3410', 'shellder.arbok@icbc.com', 'Shellder', 'Arbok', 'Management', 1);
INSERT INTO user VALUES (343, 'CHARMANDERK.3626', 'kadabra.charmander@icbc.com', 'Kadabra', 'Charmander', 'Management', 1);
INSERT INTO user VALUES (344, 'VENONATO.329', 'oddish.venonat@icbc.com', 'Oddish', 'Venonat', 'Management', 1);
INSERT INTO user VALUES (345, 'MOLTRESC.2050', 'caterpie.moltres@icbc.com', 'Caterpie', 'Moltres', 'Management', 1);
INSERT INTO user VALUES (346, 'LICKITUNGN.618', 'nidoking.lickitung@icbc.com', 'Nidoking', 'Lickitung', 'Customer Service', 1);
INSERT INTO user VALUES (347, 'MCAERODACTYLB.1823', 'blastoise.mcaerodactyl@icbc.com', 'Blastoise', 'McAerodactyl', 'Marketing', 1);
INSERT INTO user VALUES (348, 'MR. MIMEO.289', 'omanyte.mr. mime@icbc.com', 'Omanyte', 'Mr. Mime', 'Finance', 1);
INSERT INTO user VALUES (349, 'GOLDUCKE.26', 'electrode.golduck@icbc.com', 'Electrode', 'Golduck', 'IT', 1);
INSERT INTO user VALUES (350, 'MEWTWOS.4494', 'sandshrew.mewtwo@icbc.com', 'Sandshrew', 'Mewtwo', 'Management', 1);
INSERT INTO user VALUES (351, 'VULPIXB.4891', 'blastoise.vulpix@icbc.com', 'Blastoise', 'Vulpix', 'HR', 1);
INSERT INTO user VALUES (352, 'MCARBOKP.1210', 'poliwag.mcarbok@icbc.com', 'Poliwag', 'McArbok', 'Marketing', 1);
INSERT INTO user VALUES (353, 'KABUTOV.2989', 'voltorb.kabuto@icbc.com', 'Voltorb', 'Kabuto', 'IT', 1);
INSERT INTO user VALUES (354, 'CHARMANDERK.40', 'kadabra.charmander4@icbc.com', 'Kadabra', 'Charmander', 'Finance', 1);
INSERT INTO user VALUES (355, 'WIGGLYTUFFF.2469', 'farfetchd.wigglytuff@icbc.com', 'Farfetchd', 'Wigglytuff', 'Customer Service', 1);
INSERT INTO user VALUES (356, 'OMANYTEP.2296', 'porygon.omanyte@icbc.com', 'Porygon', 'Omanyte', 'Management', 1);
INSERT INTO user VALUES (357, 'RATICATEM.4262', 'machamp.raticate@icbc.com', 'Machamp', 'Raticate', 'HR', 1);
INSERT INTO user VALUES (358, 'MCMANKEYS.3367', 'seel.mcmankey@icbc.com', 'Seel', 'McMankey', 'Customer Service', 1);
INSERT INTO user VALUES (359, 'GEODUDEG.3299', 'grimer.geodude@icbc.com', 'Grimer', 'Geodude', 'Management', 1);
INSERT INTO user VALUES (360, 'GRAVELERF.4884', 'fearow.graveler@icbc.com', 'Fearow', 'Graveler', 'HR', 1);
INSERT INTO user VALUES (361, 'SPEAROWE.3798', 'electabuzz.spearow@icbc.com', 'Electabuzz', 'Spearow', 'Finance', 1);
INSERT INTO user VALUES (362, 'SPEAROWG.716', 'goldeen.spearow@icbc.com', 'Goldeen', 'Spearow', 'Management', 1);
INSERT INTO user VALUES (363, 'KOFFINGR.605', 'rapidash.koffing@icbc.com', 'Rapidash', 'Koffing', 'Management', 1);
INSERT INTO user VALUES (364, 'MAGIKARPS.1498', 'starmie.magikarp@icbc.com', 'Starmie', 'Magikarp', 'Finance', 1);
INSERT INTO user VALUES (365, 'EXEGGUTORM.4158', 'mewtwo.exeggutor@icbc.com', 'Mewtwo', 'Exeggutor', 'Customer Service', 1);
INSERT INTO user VALUES (366, 'GLOOMC.1833', 'cloyster.gloom@icbc.com', 'Cloyster', 'Gloom', 'IT', 1);
INSERT INTO user VALUES (367, 'PRIMEAPEG.930', 'growlithe.primeape@icbc.com', 'Growlithe', 'Primeape', 'HR', 1);
INSERT INTO user VALUES (368, 'POLIWRATHR.113', 'raichu.poliwrath@icbc.com', 'Raichu', 'Poliwrath', 'Customer Service', 1);
INSERT INTO user VALUES (369, 'MCVAPOREONT.82', 'tauros.mcvaporeon@icbc.com', 'Tauros', 'McVaporeon', 'Management', 1);
INSERT INTO user VALUES (370, 'MEOWTHD.4878', 'dodrio.meowth@icbc.com', 'Dodrio', 'Meowth', 'HR', 1);
INSERT INTO user VALUES (371, 'WEEDLEM.2833', 'machop.weedle@icbc.com', 'Machop', 'Weedle', 'Marketing', 1);
INSERT INTO user VALUES (372, 'FEAROWK.4974', 'kakuna.fearow@icbc.com', 'Kakuna', 'Fearow', 'Finance', 1);
INSERT INTO user VALUES (373, 'MCPORYGOND.322', 'ditto.mcporygon@icbc.com', 'Ditto', 'McPorygon', 'HR', 1);
INSERT INTO user VALUES (374, 'CUBONED.4355', 'dragonite.cubone@icbc.com', 'Dragonite', 'Cubone', 'Management', 1);
INSERT INTO user VALUES (375, 'STARMIED.250', 'dewgong.starmie5@icbc.com', 'Dewgong', 'Starmie', 'Customer Service', 1);
INSERT INTO user VALUES (376, 'DITTOM.3651', 'meowth.ditto@icbc.com', 'Meowth', 'Ditto', 'Finance', 1);
INSERT INTO user VALUES (377, 'SANDSHREWD.2653', 'ditto.sandshrew@icbc.com', 'Ditto', 'Sandshrew', 'Marketing', 1);
INSERT INTO user VALUES (378, 'KANGASKHANT.988', 'tentacruel.kangaskhan@icbc.com', 'Tentacruel', 'Kangaskhan', 'HR', 1);
INSERT INTO user VALUES (379, 'EXEGGCUTEG.4317', 'golbat.exeggcute@icbc.com', 'Golbat', 'Exeggcute', 'Finance', 1);
INSERT INTO user VALUES (380, 'MCNINETALESS.2161', 'seadra.mcninetales@icbc.com', 'Seadra', 'McNinetales', 'HR', 1);
INSERT INTO user VALUES (381, 'HAUNTERW.4631', 'wigglytuff.haunter@icbc.com', 'Wigglytuff', 'Haunter', 'Management', 1);
INSERT INTO user VALUES (382, 'GASTLYM.3227', 'mewtwo.gastly@icbc.com', 'Mewtwo', 'Gastly', 'IT', 1);
INSERT INTO user VALUES (383, 'BLASTOISES.3643', 'snorlax.blastoise@icbc.com', 'Snorlax', 'Blastoise', 'HR', 1);
INSERT INTO user VALUES (384, 'MCONIXS.4540', 'seaking.mconix@icbc.com', 'Seaking', 'McOnix', 'Management', 1);
INSERT INTO user VALUES (385, 'WIGGLYTUFFD.3045', 'dratini.wigglytuff@icbc.com', 'Dratini', 'Wigglytuff', 'IT', 1);
INSERT INTO user VALUES (386, 'PRIMEAPEC.4318', 'cloyster.primeape@icbc.com', 'Cloyster', 'Primeape', 'HR', 1);
INSERT INTO user VALUES (387, 'VAPOREONT.3145', 'tauros.vaporeon@icbc.com', 'Tauros', 'Vaporeon', 'Finance', 1);
INSERT INTO user VALUES (388, 'WARTORTLES.3573', 'seaking.wartortle6@icbc.com', 'Seaking', 'Wartortle', 'Marketing', 1);
INSERT INTO user VALUES (389, 'HORSEAN.2081', 'ninetales.horsea@icbc.com', 'Ninetales', 'Horsea', 'Finance', 1);
INSERT INTO user VALUES (390, 'SPEAROWS.172', 'scyther.spearow@icbc.com', 'Scyther', 'Spearow', 'Customer Service', 1);
INSERT INTO user VALUES (391, 'GROWLITHEH.153', 'hitmonchan.growlithe@icbc.com', 'Hitmonchan', 'Growlithe', 'Customer Service', 1);
INSERT INTO user VALUES (392, 'SANDSHREWP.121', 'porygon.sandshrew@icbc.com', 'Porygon', 'Sandshrew', 'Finance', 1);
INSERT INTO user VALUES (393, 'CLOYSTERP.3282', 'poliwrath.cloyster@icbc.com', 'Poliwrath', 'Cloyster', 'HR', 1);
INSERT INTO user VALUES (394, 'GOLDUCKN.4368', 'nidoking.golduck@icbc.com', 'Nidoking', 'Golduck', 'Finance', 1);
INSERT INTO user VALUES (395, 'CLOYSTERM.4490', 'metapod.cloyster@icbc.com', 'Metapod', 'Cloyster', 'HR', 1);
INSERT INTO user VALUES (396, 'TENTACOOLD.4445', 'dewgong.tentacool@icbc.com', 'Dewgong', 'Tentacool', 'Finance', 1);
INSERT INTO user VALUES (397, 'JYNXS.642', 'slowbro.jynx@icbc.com', 'Slowbro', 'Jynx', 'IT', 1);
INSERT INTO user VALUES (398, 'WEEDLEH.832', 'hitmonlee.weedle@icbc.com', 'Hitmonlee', 'Weedle', 'HR', 1);
INSERT INTO user VALUES (399, 'RAPIDASHF.4368', 'farfetchd.rapidash@icbc.com', 'Farfetchd', 'Rapidash', 'Customer Service', 1);
INSERT INTO user VALUES (400, 'MCNIDOQUEENH.4148', 'hitmonlee.mcnidoqueen@icbc.com', 'Hitmonlee', 'McNidoqueen', 'Customer Service', 1);
INSERT INTO user VALUES (401, 'MCPONYTAS.1741', 'seaking.mcponyta@icbc.com', 'Seaking', 'McPonyta', 'Customer Service', 1);
INSERT INTO user VALUES (402, 'DODRIOB.3258', 'bulbasaur.dodrio@icbc.com', 'Bulbasaur', 'Dodrio', 'Customer Service', 1);
INSERT INTO user VALUES (403, 'HITMONLEEH.4785', 'hitmonlee.hitmonlee@icbc.com', 'Hitmonlee', 'Hitmonlee', 'HR', 1);
INSERT INTO user VALUES (404, 'PIDGEOTTON.4366', 'ninetales.pidgeotto@icbc.com', 'Ninetales', 'Pidgeotto', 'IT', 1);
INSERT INTO user VALUES (405, 'DRAGONITEP.959', 'parasect.dragonite@icbc.com', 'Parasect', 'Dragonite', 'Marketing', 1);
INSERT INTO user VALUES (406, 'RHYHORNV.2522', 'victreebel.rhyhorn@icbc.com', 'Victreebel', 'Rhyhorn', 'HR', 1);
INSERT INTO user VALUES (407, 'CUBONED.2078', 'dragonair.cubone@icbc.com', 'Dragonair', 'Cubone', 'IT', 1);
INSERT INTO user VALUES (408, 'VILEPLUMEA.4899', 'abra.vileplume@icbc.com', 'Abra', 'Vileplume', 'HR', 1);
INSERT INTO user VALUES (409, 'KABUTOP.773', 'persian.kabuto@icbc.com', 'Persian', 'Kabuto', 'IT', 1);
INSERT INTO user VALUES (410, 'KOFFINGH.3647', 'horsea.koffing@icbc.com', 'Horsea', 'Koffing', 'Marketing', 1);
INSERT INTO user VALUES (411, 'CATERPIEP.3881', 'pidgeot.caterpie@icbc.com', 'Pidgeot', 'Caterpie', 'Customer Service', 1);
INSERT INTO user VALUES (412, 'SCYTHERH.4432', 'haunter.scyther@icbc.com', 'Haunter', 'Scyther', 'IT', 1);
INSERT INTO user VALUES (413, 'NIDOQUEEND.3846', 'dodrio.nidoqueen@icbc.com', 'Dodrio', 'Nidoqueen', 'Management', 1);
INSERT INTO user VALUES (414, 'ODDISHG.2737', 'gastly.oddish@icbc.com', 'Gastly', 'Oddish', 'Marketing', 1);
INSERT INTO user VALUES (415, 'MCRHYHORNW.1959', 'weepinbell.mcrhyhorn@icbc.com', 'Weepinbell', 'McRhyhorn', 'Customer Service', 1);
INSERT INTO user VALUES (416, 'PIDGEOTP.1375', 'primeape.pidgeot@icbc.com', 'Primeape', 'Pidgeot', 'Finance', 1);
INSERT INTO user VALUES (417, 'FARFETCHDS.2119', 'shellder.farfetchd@icbc.com', 'Shellder', 'Farfetchd', 'HR', 1);
INSERT INTO user VALUES (418, 'KRABBYS.216', 'staryu.krabby@icbc.com', 'Staryu', 'Krabby', 'Finance', 1);
INSERT INTO user VALUES (419, 'POLIWRATHB.1732', 'butterfree.poliwrath@icbc.com', 'Butterfree', 'Poliwrath', 'Management', 1);
INSERT INTO user VALUES (420, 'VAPOREONP.3266', 'persian.vaporeon@icbc.com', 'Persian', 'Vaporeon', 'HR', 1);
INSERT INTO user VALUES (421, 'PIDGEOTTOP.1005', 'pidgeot.pidgeotto@icbc.com', 'Pidgeot', 'Pidgeotto', 'HR', 1);
INSERT INTO user VALUES (422, 'DEWGONGI.3620', 'ivysaur.dewgong@icbc.com', 'Ivysaur', 'Dewgong', 'HR', 1);
INSERT INTO user VALUES (423, 'RAICHUW.3215', 'weezing.raichu@icbc.com', 'Weezing', 'Raichu', 'Management', 1);
INSERT INTO user VALUES (424, 'MCCLEFABLEC.1546', 'clefairy.mcclefable@icbc.com', 'Clefairy', 'McClefable', 'HR', 1);
INSERT INTO user VALUES (425, 'TENTACRUELP.3622', 'pidgey.tentacruel@icbc.com', 'Pidgey', 'Tentacruel', 'Customer Service', 1);
INSERT INTO user VALUES (426, 'NIDOKINGV.1714', 'venomoth.nidoking@icbc.com', 'Venomoth', 'Nidoking', 'Customer Service', 1);
INSERT INTO user VALUES (427, 'SPEAROWO.40', 'onix.spearow@icbc.com', 'Onix', 'Spearow', 'Finance', 1);
INSERT INTO user VALUES (428, 'KABUTOB.3324', 'bulbasaur.kabuto@icbc.com', 'Bulbasaur', 'Kabuto', 'Customer Service', 1);
INSERT INTO user VALUES (429, 'MAROWAKM.3763', 'magikarp.marowak@icbc.com', 'Magikarp', 'Marowak', 'Finance', 1);
INSERT INTO user VALUES (430, 'MCSQUIRTLEP.3048', 'pidgeotto.mcsquirtle@icbc.com', 'Pidgeotto', 'McSquirtle', 'HR', 1);
INSERT INTO user VALUES (431, 'MANKEYC.1563', 'chansey.mankey@icbc.com', 'Chansey', 'Mankey', 'HR', 1);
INSERT INTO user VALUES (432, 'GOLDUCKA.282', 'arcanine.golduck@icbc.com', 'Arcanine', 'Golduck', 'Customer Service', 1);
INSERT INTO user VALUES (433, 'VILEPLUMEB.3876', 'bellsprout.vileplume@icbc.com', 'Bellsprout', 'Vileplume', 'Management', 1);
INSERT INTO user VALUES (434, 'HITMONLEEF.3330', 'flareon.hitmonlee@icbc.com', 'Flareon', 'Hitmonlee', 'Management', 1);
INSERT INTO user VALUES (435, 'GOLDUCKM.678', 'magikarp.golduck@icbc.com', 'Magikarp', 'Golduck', 'IT', 1);
INSERT INTO user VALUES (436, 'WARTORTLEC.1822', 'charmeleon.wartortle@icbc.com', 'Charmeleon', 'Wartortle', 'HR', 1);
INSERT INTO user VALUES (437, 'HORSEAR.1644', 'raichu.horsea@icbc.com', 'Raichu', 'Horsea', 'HR', 1);
INSERT INTO user VALUES (438, 'CLEFAIRYS.354', 'slowbro.clefairy@icbc.com', 'Slowbro', 'Clefairy', 'IT', 1);
INSERT INTO user VALUES (439, 'SCYTHERT.3931', 'tentacruel.scyther@icbc.com', 'Tentacruel', 'Scyther', 'IT', 1);
INSERT INTO user VALUES (440, 'ZUBATH.4880', 'hypno.zubat@icbc.com', 'Hypno', 'Zubat', 'HR', 1);
INSERT INTO user VALUES (441, 'KADABRAG.1135', 'golbat.kadabra@icbc.com', 'Golbat', 'Kadabra', 'Management', 1);
INSERT INTO user VALUES (442, 'DROWZEEM.1559', 'magmar.drowzee@icbc.com', 'Magmar', 'Drowzee', 'Marketing', 1);
INSERT INTO user VALUES (443, 'ELECTABUZZS.4298', 'seadra.electabuzz@icbc.com', 'Seadra', 'Electabuzz', 'Management', 1);
INSERT INTO user VALUES (444, 'VICTREEBELT.4975', 'tentacruel.victreebel@icbc.com', 'Tentacruel', 'Victreebel', 'HR', 1);
INSERT INTO user VALUES (445, 'PIKACHUS.2787', 'slowpoke.pikachu@icbc.com', 'Slowpoke', 'Pikachu', 'Marketing', 1);
INSERT INTO user VALUES (446, 'KANGASKHANL.2080', 'lickitung.kangaskhan@icbc.com', 'Lickitung', 'Kangaskhan', 'Marketing', 1);
INSERT INTO user VALUES (447, 'GOLEMK.327', 'kabutops.golem@icbc.com', 'Kabutops', 'Golem', 'HR', 1);
INSERT INTO user VALUES (448, 'MACHOPP.1915', 'porygon.machop@icbc.com', 'Porygon', 'Machop', 'Management', 1);
INSERT INTO user VALUES (449, 'DODRIOC.2640', 'charmeleon.dodrio@icbc.com', 'Charmeleon', 'Dodrio', 'Finance', 1);
INSERT INTO user VALUES (450, 'RHYHORND.2470', 'doduo.rhyhorn@icbc.com', 'Doduo', 'Rhyhorn', 'IT', 1);
INSERT INTO user VALUES (451, 'CLOYSTERM.4349', 'mewtwo.cloyster@icbc.com', 'Mewtwo', 'Cloyster', 'HR', 1);
INSERT INTO user VALUES (452, 'RATTATAV.3048', 'victreebel.rattata@icbc.com', 'Victreebel', 'Rattata', 'Finance', 1);
INSERT INTO user VALUES (453, 'CLEFABLEN.3033', 'nidoqueen.clefable@icbc.com', 'Nidoqueen', 'Clefable', 'HR', 1);
INSERT INTO user VALUES (454, 'SEAKINGS.3860', 'scyther.seaking@icbc.com', 'Scyther', 'Seaking', 'Marketing', 1);
INSERT INTO user VALUES (455, 'MAROWAKE.1895', 'electrode.marowak@icbc.com', 'Electrode', 'Marowak', 'HR', 1);
INSERT INTO user VALUES (456, 'ABRAW.2767', 'weedle.abra@icbc.com', 'Weedle', 'Abra', 'HR', 1);
INSERT INTO user VALUES (457, 'MCBEEDRILLO.2627', 'omanyte.mcbeedrill@icbc.com', 'Omanyte', 'McBeedrill', 'Finance', 1);
INSERT INTO user VALUES (458, 'PIDGEYN.4671', 'nidorina.pidgey@icbc.com', 'Nidorina', 'Pidgey', 'IT', 1);
INSERT INTO user VALUES (459, 'POLIWAGP.4482', 'pinsir.poliwag@icbc.com', 'Pinsir', 'Poliwag', 'IT', 1);
INSERT INTO user VALUES (460, 'WEEZINGS.3479', 'seel.weezing@icbc.com', 'Seel', 'Weezing', 'Finance', 1);
INSERT INTO user VALUES (461, 'VENUSAURD.1711', 'dragonite.venusaur@icbc.com', 'Dragonite', 'Venusaur', 'HR', 1);
INSERT INTO user VALUES (462, 'GLOOMC.3229', 'charizard.gloom@icbc.com', 'Charizard', 'Gloom', 'Finance', 1);
INSERT INTO user VALUES (463, 'TANGELAN.40', 'nidoran.tangela@icbc.com', 'Nidoran', 'Tangela', 'HR', 1);
INSERT INTO user VALUES (464, 'KAKUNAS.3874', 'scyther.kakuna@icbc.com', 'Scyther', 'Kakuna', 'Management', 1);
INSERT INTO user VALUES (465, 'STARMIED.3106', 'dratini.starmie@icbc.com', 'Dratini', 'Starmie', 'HR', 1);
INSERT INTO user VALUES (466, 'RAPIDASHN.2923', 'ninetales.rapidash@icbc.com', 'Ninetales', 'Rapidash', 'Finance', 1);
INSERT INTO user VALUES (467, 'TAUROSP.3865', 'poliwhirl.tauros@icbc.com', 'Poliwhirl', 'Tauros', 'Finance', 1);
INSERT INTO user VALUES (468, 'VAPOREONM.2138', 'magneton.vaporeon@icbc.com', 'Magneton', 'Vaporeon', 'Management', 1);
INSERT INTO user VALUES (469, 'MCCHARIZARDV.3269', 'vileplume.mccharizard@icbc.com', 'Vileplume', 'McCharizard', 'Management', 1);
INSERT INTO user VALUES (470, 'PIDGEOTTOT.3725', 'tentacruel.pidgeotto@icbc.com', 'Tentacruel', 'Pidgeotto', 'IT', 1);
INSERT INTO user VALUES (471, 'MEWTWOO.2422', 'omanyte.mewtwo@icbc.com', 'Omanyte', 'Mewtwo', 'Customer Service', 1);
INSERT INTO user VALUES (472, 'WEEPINBELLR.2447', 'raticate.weepinbell@icbc.com', 'Raticate', 'Weepinbell', 'Finance', 1);
INSERT INTO user VALUES (473, 'SHELLDERH.2326', 'hypno.shellder@icbc.com', 'Hypno', 'Shellder', 'HR', 1);
INSERT INTO user VALUES (474, 'GEODUDED.3522', 'dewgong.geodude@icbc.com', 'Dewgong', 'Geodude', 'Finance', 1);
INSERT INTO user VALUES (475, 'MCWEEPINBELLW.2561', 'weedle.mcweepinbell@icbc.com', 'Weedle', 'McWeepinbell', 'Marketing', 1);
INSERT INTO user VALUES (476, 'ONIXV.691', 'vulpix.onix@icbc.com', 'Vulpix', 'Onix', 'Customer Service', 1);
INSERT INTO user VALUES (477, 'MAGNETONE.3780', 'exeggcute.magneton@icbc.com', 'Exeggcute', 'Magneton', 'Management', 1);
INSERT INTO user VALUES (478, 'MCPIDGEOTP.106', 'primeape.mcpidgeot@icbc.com', 'Primeape', 'McPidgeot', 'Finance', 1);
INSERT INTO user VALUES (479, 'WEEPINBELLS.506', 'sandshrew.weepinbell@icbc.com', 'Sandshrew', 'Weepinbell', 'Finance', 1);
INSERT INTO user VALUES (480, 'GRIMERN.4519', 'nidoqueen.grimer@icbc.com', 'Nidoqueen', 'Grimer', 'Management', 1);
INSERT INTO user VALUES (481, 'WEEPINBELLF.1902', 'flareon.weepinbell@icbc.com', 'Flareon', 'Weepinbell', 'HR', 1);
INSERT INTO user VALUES (482, 'OMANYTEW.3571', 'wartortle.omanyte@icbc.com', 'Wartortle', 'Omanyte', 'Management', 1);
INSERT INTO user VALUES (483, 'SNORLAXV.3832', 'vulpix.snorlax@icbc.com', 'Vulpix', 'Snorlax', 'Marketing', 1);
INSERT INTO user VALUES (484, 'TAUROSG.4040', 'golduck.tauros@icbc.com', 'Golduck', 'Tauros', 'HR', 1);
INSERT INTO user VALUES (485, 'BELLSPROUTJ.107', 'jynx.bellsprout@icbc.com', 'Jynx', 'Bellsprout', 'Finance', 1);
INSERT INTO user VALUES (486, 'MCNIDOKINGO.3447', 'oddish.mcnidoking@icbc.com', 'Oddish', 'McNidoking', 'HR', 1);
INSERT INTO user VALUES (487, 'SANDSLASHD.4226', 'doduo.sandslash@icbc.com', 'Doduo', 'Sandslash', 'Finance', 1);
INSERT INTO user VALUES (488, 'FARFETCHDN.846', 'nidoking.farfetchd@icbc.com', 'Nidoking', 'Farfetchd', 'HR', 1);
INSERT INTO user VALUES (489, 'KAKUNAP.1168', 'poliwhirl.kakuna@icbc.com', 'Poliwhirl', 'Kakuna', 'Customer Service', 1);
INSERT INTO user VALUES (490, 'MCELECTRODEM.987', 'magnemite.mcelectrode@icbc.com', 'Magnemite', 'McElectrode', 'Finance', 1);
INSERT INTO user VALUES (491, 'CHARMELEONM.4788', 'mr. mime.charmeleon@icbc.com', 'Mr. Mime', 'Charmeleon', 'Finance', 1);
INSERT INTO user VALUES (492, 'GROWLITHED.2357', 'drowzee.growlithe@icbc.com', 'Drowzee', 'Growlithe', 'IT', 1);
INSERT INTO user VALUES (493, 'CLEFABLEM.2181', 'magmar.clefable@icbc.com', 'Magmar', 'Clefable', 'Management', 1);
INSERT INTO user VALUES (494, 'JOLTEONB.2970', 'blastoise.jolteon@icbc.com', 'Blastoise', 'Jolteon', 'Finance', 1);
INSERT INTO user VALUES (495, 'VENOMOTHT.4838', 'tauros.venomoth@icbc.com', 'Tauros', 'Venomoth', 'Marketing', 1);
INSERT INTO user VALUES (496, 'HITMONLEEK.297', 'kingler.hitmonlee@icbc.com', 'Kingler', 'Hitmonlee', 'HR', 1);
INSERT INTO user VALUES (497, 'KRABBYD.1243', 'dragonair.krabby@icbc.com', 'Dragonair', 'Krabby', 'HR', 1);
INSERT INTO user VALUES (498, 'CLEFABLEB.164', 'blastoise.clefable@icbc.com', 'Blastoise', 'Clefable', 'Marketing', 1);
INSERT INTO user VALUES (499, 'PSYDUCKM.4343', 'metapod.psyduck@icbc.com', 'Metapod', 'Psyduck', 'Customer Service', 1);
INSERT INTO user VALUES (500, 'MCSLOWBROS.3075', 'slowpoke.mcslowbro@icbc.com', 'Slowpoke', 'McSlowbro', 'Management', 1);
INSERT INTO user VALUES (501, 'LICKITUNGP.4174', 'pidgey.lickitung@icbc.com', 'Pidgey', 'Lickitung', 'Finance', 1);
INSERT INTO user VALUES (502, 'CATERPIEM.3713', 'machoke.caterpie@icbc.com', 'Machoke', 'Caterpie', 'Management', 1);
INSERT INTO user VALUES (503, 'NIDORINOM.1175', 'machamp.nidorino@icbc.com', 'Machamp', 'Nidorino', 'IT', 1);
INSERT INTO user VALUES (504, 'MUKZ.2648', 'zapdos.muk@icbc.com', 'Zapdos', 'Muk', 'Marketing', 1);
INSERT INTO user VALUES (505, 'VICTREEBELP.3589', 'ponyta.victreebel@icbc.com', 'Ponyta', 'Victreebel', 'HR', 1);
INSERT INTO user VALUES (506, 'LAPRASS.4243', 'squirtle.lapras@icbc.com', 'Squirtle', 'Lapras', 'Finance', 1);
INSERT INTO user VALUES (507, 'DODUOR.369', 'rattata.doduo@icbc.com', 'Rattata', 'Doduo', 'Finance', 1);
INSERT INTO user VALUES (508, 'MAROWAKG.1135', 'geodude.marowak@icbc.com', 'Geodude', 'Marowak', 'Management', 1);
INSERT INTO user VALUES (509, 'KOFFINGP.1434', 'parasect.koffing@icbc.com', 'Parasect', 'Koffing', 'Management', 1);
INSERT INTO user VALUES (510, 'TANGELAC.102', 'charmander.tangela@icbc.com', 'Charmander', 'Tangela', 'IT', 1);
INSERT INTO user VALUES (511, 'ALAKAZAMG.3', 'growlithe.alakazam@icbc.com', 'Growlithe', 'Alakazam', 'Finance', 1);
INSERT INTO user VALUES (512, 'METAPODH.2365', 'hypno.metapod@icbc.com', 'Hypno', 'Metapod', 'Customer Service', 1);
INSERT INTO user VALUES (513, 'BEEDRILLT.465', 'tentacruel.beedrill@icbc.com', 'Tentacruel', 'Beedrill', 'Finance', 1);
INSERT INTO user VALUES (514, 'MEWTWOM.435', 'machamp.mewtwo@icbc.com', 'Machamp', 'Mewtwo', 'Customer Service', 1);
INSERT INTO user VALUES (515, 'POLIWAGG.598', 'golduck.poliwag@icbc.com', 'Golduck', 'Poliwag', 'Customer Service', 1);
INSERT INTO user VALUES (516, 'BUTTERFREEB.1657', 'bellsprout.butterfree@icbc.com', 'Bellsprout', 'Butterfree', 'Finance', 1);
INSERT INTO user VALUES (517, 'VENONATF.3003', 'farfetchd.venonat@icbc.com', 'Farfetchd', 'Venonat', 'Management', 1);
INSERT INTO user VALUES (518, 'MCHITMONCHANO.1401', 'onix.mchitmonchan@icbc.com', 'Onix', 'McHitmonchan', 'HR', 1);
INSERT INTO user VALUES (519, 'BUTTERFREED.1591', 'dragonair.butterfree@icbc.com', 'Dragonair', 'Butterfree', 'Customer Service', 1);
INSERT INTO user VALUES (520, 'PIKACHUP.3647', 'pidgeotto.pikachu@icbc.com', 'Pidgeotto', 'Pikachu', 'Management', 1);
INSERT INTO user VALUES (521, 'MANKEYE.4721', 'eevee.mankey@icbc.com', 'Eevee', 'Mankey', 'Finance', 1);
INSERT INTO user VALUES (522, 'VOLTORBR.4662', 'rapidash.voltorb@icbc.com', 'Rapidash', 'Voltorb', 'Finance', 1);
INSERT INTO user VALUES (523, 'OMASTARN.4513', 'nidoqueen.omastar@icbc.com', 'Nidoqueen', 'Omastar', 'IT', 1);
INSERT INTO user VALUES (524, 'BLASTOISES.3459', 'sandslash.blastoise@icbc.com', 'Sandslash', 'Blastoise', 'IT', 1);
INSERT INTO user VALUES (525, 'MCVICTREEBELV.2114', 'victreebel.mcvictreebel@icbc.com', 'Victreebel', 'McVictreebel', 'Customer Service', 1);
INSERT INTO user VALUES (526, 'WEEDLES.681', 'seadra.weedle@icbc.com', 'Seadra', 'Weedle', 'IT', 1);
INSERT INTO user VALUES (527, 'ODDISHA.654', 'articuno.oddish@icbc.com', 'Articuno', 'Oddish', 'Management', 1);
INSERT INTO user VALUES (528, 'DEWGONGT.3478', 'tauros.dewgong7@icbc.com', 'Tauros', 'Dewgong', 'Management', 1);
INSERT INTO user VALUES (529, 'GASTLYP.1111', 'psyduck.gastly@icbc.com', 'Psyduck', 'Gastly', 'Marketing', 1);
INSERT INTO user VALUES (530, 'SANDSHREWN.1264', 'ninetales.sandshrew@icbc.com', 'Ninetales', 'Sandshrew', 'Finance', 1);
INSERT INTO user VALUES (531, 'GOLDUCKG.2320', 'golbat.golduck@icbc.com', 'Golbat', 'Golduck', 'HR', 1);
INSERT INTO user VALUES (532, 'SPEAROWR.3740', 'rapidash.spearow@icbc.com', 'Rapidash', 'Spearow', 'IT', 1);
INSERT INTO user VALUES (533, 'SQUIRTLEN.548', 'nidorino.squirtle@icbc.com', 'Nidorino', 'Squirtle', 'HR', 1);
INSERT INTO user VALUES (534, 'PRIMEAPEC.1835', 'chansey.primeape@icbc.com', 'Chansey', 'Primeape', 'HR', 1);
INSERT INTO user VALUES (535, 'PERSIANG.3209', 'gloom.persian@icbc.com', 'Gloom', 'Persian', 'IT', 1);
INSERT INTO user VALUES (536, 'MCRAPIDASHR.1376', 'raichu.mcrapidash@icbc.com', 'Raichu', 'McRapidash', 'Marketing', 1);
INSERT INTO user VALUES (537, 'MEWTWOA.2391', 'arcanine.mewtwo@icbc.com', 'Arcanine', 'Mewtwo', 'Finance', 1);
INSERT INTO user VALUES (538, 'PRIMEAPEN.174', 'nidoking.primeape@icbc.com', 'Nidoking', 'Primeape', 'Finance', 1);
INSERT INTO user VALUES (539, 'PORYGONP.1385', 'psyduck.porygon@icbc.com', 'Psyduck', 'Porygon', 'Finance', 1);
INSERT INTO user VALUES (540, 'KOFFINGO.4800', 'oddish.koffing@icbc.com', 'Oddish', 'Koffing', 'Finance', 1);
INSERT INTO user VALUES (541, 'MCEXEGGCUTET.4849', 'tauros.mcexeggcute@icbc.com', 'Tauros', 'McExeggcute', 'IT', 1);
INSERT INTO user VALUES (542, 'VICTREEBELM.1463', 'meowth.victreebel@icbc.com', 'Meowth', 'Victreebel', 'Customer Service', 1);
INSERT INTO user VALUES (543, 'NIDOKINGM.833', 'metapod.nidoking@icbc.com', 'Metapod', 'Nidoking', 'Customer Service', 1);
INSERT INTO user VALUES (544, 'MACHOPK.1128', 'kangaskhan.machop@icbc.com', 'Kangaskhan', 'Machop', 'HR', 1);
INSERT INTO user VALUES (545, 'LICKITUNGG.558', 'golbat.lickitung@icbc.com', 'Golbat', 'Lickitung', 'HR', 1);
INSERT INTO user VALUES (546, 'SEELZ.2435', 'zubat.seel@icbc.com', 'Zubat', 'Seel', 'Finance', 1);
INSERT INTO user VALUES (547, 'KANGASKHANH.2929', 'hitmonchan.kangaskhan@icbc.com', 'Hitmonchan', 'Kangaskhan', 'HR', 1);
INSERT INTO user VALUES (548, 'NIDORINOS.2777', 'squirtle.nidorino@icbc.com', 'Squirtle', 'Nidorino', 'Management', 1);
INSERT INTO user VALUES (549, 'GASTLYS.548', 'slowpoke.gastly@icbc.com', 'Slowpoke', 'Gastly', 'Finance', 1);
INSERT INTO user VALUES (550, 'VAPOREONN.3673', 'nidoran.vaporeon@icbc.com', 'Nidoran', 'Vaporeon', 'IT', 1);
INSERT INTO user VALUES (551, 'GEODUDEP.1887', 'ponyta.geodude@icbc.com', 'Ponyta', 'Geodude', 'Management', 1);
INSERT INTO user VALUES (552, 'MCMAGMARG.367', 'grimer.mcmagmar@icbc.com', 'Grimer', 'McMagmar', 'Customer Service', 1);
INSERT INTO user VALUES (553, 'DODUOV.4094', 'voltorb.doduo@icbc.com', 'Voltorb', 'Doduo', 'Marketing', 1);
INSERT INTO user VALUES (554, 'ALAKAZAMS.3978', 'sandshrew.alakazam@icbc.com', 'Sandshrew', 'Alakazam', 'Finance', 1);
INSERT INTO user VALUES (555, 'MCGOLDEENS.1100', 'seaking.mcgoldeen@icbc.com', 'Seaking', 'McGoldeen', 'Marketing', 1);
INSERT INTO user VALUES (556, 'ELECTRODEV.1133', 'victreebel.electrode@icbc.com', 'Victreebel', 'Electrode', 'Management', 1);
INSERT INTO user VALUES (557, 'EXEGGCUTEV.575', 'voltorb.exeggcute@icbc.com', 'Voltorb', 'Exeggcute', 'Finance', 1);
INSERT INTO user VALUES (558, 'DITTOT.1036', 'tentacool.ditto@icbc.com', 'Tentacool', 'Ditto', 'Finance', 1);
INSERT INTO user VALUES (559, 'MCBULBASAURJ.4733', 'jolteon.mcbulbasaur@icbc.com', 'Jolteon', 'McBulbasaur', 'IT', 1);
INSERT INTO user VALUES (560, 'GOLDUCKA.1632', 'alakazam.golduck@icbc.com', 'Alakazam', 'Golduck', 'HR', 1);
INSERT INTO user VALUES (561, 'WEEPINBELLM.1952', 'magnemite.weepinbell@icbc.com', 'Magnemite', 'Weepinbell', 'Finance', 1);
INSERT INTO user VALUES (562, 'POLIWRATHR.165', 'rapidash.poliwrath@icbc.com', 'Rapidash', 'Poliwrath', 'Finance', 1);
INSERT INTO user VALUES (563, 'PERSIANM.1879', 'machop.persian@icbc.com', 'Machop', 'Persian', 'Management', 1);
INSERT INTO user VALUES (564, 'MACHAMPC.750', 'clefable.machamp@icbc.com', 'Clefable', 'Machamp', 'Marketing', 1);
INSERT INTO user VALUES (565, 'MAGNETONN.820', 'ninetales.magneton@icbc.com', 'Ninetales', 'Magneton', 'Marketing', 1);
INSERT INTO user VALUES (566, 'VULPIXS.4088', 'scyther.vulpix@icbc.com', 'Scyther', 'Vulpix', 'Marketing', 1);
INSERT INTO user VALUES (567, 'MCWIGGLYTUFFN.2104', 'ninetales.mcwigglytuff@icbc.com', 'Ninetales', 'McWigglytuff', 'IT', 1);
INSERT INTO user VALUES (568, 'HAUNTERM.4262', 'meowth.haunter@icbc.com', 'Meowth', 'Haunter', 'Finance', 1);
INSERT INTO user VALUES (569, 'EKANSP.3197', 'porygon.ekans@icbc.com', 'Porygon', 'Ekans', 'Management', 1);
INSERT INTO user VALUES (570, 'DRAGONAIRS.1849', 'seel.dragonair@icbc.com', 'Seel', 'Dragonair', 'Marketing', 1);
INSERT INTO user VALUES (571, 'GEODUDEO.3921', 'omanyte.geodude@icbc.com', 'Omanyte', 'Geodude', 'Management', 1);
INSERT INTO user VALUES (572, 'BEEDRILLG.2529', 'gastly.beedrill@icbc.com', 'Gastly', 'Beedrill', 'Marketing', 1);
INSERT INTO user VALUES (573, 'DODRIOC.1852', 'cubone.dodrio@icbc.com', 'Cubone', 'Dodrio', 'HR', 1);
INSERT INTO user VALUES (574, 'MCPOLIWHIRLS.641', 'sandslash.mcpoliwhirl@icbc.com', 'Sandslash', 'McPoliwhirl', 'Customer Service', 1);
INSERT INTO user VALUES (575, 'MAGMARP.894', 'pidgeot.magmar@icbc.com', 'Pidgeot', 'Magmar', 'Marketing', 1);
INSERT INTO user VALUES (576, 'RAPIDASHB.1657', 'beedrill.rapidash@icbc.com', 'Beedrill', 'Rapidash', 'Management', 1);
INSERT INTO user VALUES (577, 'GYARADOSS.390', 'starmie.gyarados@icbc.com', 'Starmie', 'Gyarados', 'Marketing', 1);
INSERT INTO user VALUES (578, 'EXEGGCUTEH.1821', 'hitmonlee.exeggcute@icbc.com', 'Hitmonlee', 'Exeggcute', 'Customer Service', 1);
INSERT INTO user VALUES (579, 'ZAPDOSM.2500', 'magnemite.zapdos@icbc.com', 'Magnemite', 'Zapdos', 'Finance', 1);
INSERT INTO user VALUES (580, 'TAUROSH.4383', 'hitmonchan.tauros@icbc.com', 'Hitmonchan', 'Tauros', 'Marketing', 1);
INSERT INTO user VALUES (581, 'CHARMANDERA.2119', 'abra.charmander@icbc.com', 'Abra', 'Charmander', 'Finance', 1);
INSERT INTO user VALUES (582, 'MCGROWLITHEV.509', 'vaporeon.mcgrowlithe@icbc.com', 'Vaporeon', 'McGrowlithe', 'HR', 1);
INSERT INTO user VALUES (583, 'TENTACRUELM.2802', 'magnemite.tentacruel@icbc.com', 'Magnemite', 'Tentacruel', 'Management', 1);
INSERT INTO user VALUES (584, 'DITTOV.211', 'venusaur.ditto@icbc.com', 'Venusaur', 'Ditto', 'Marketing', 1);
INSERT INTO user VALUES (585, 'SQUIRTLEG.4793', 'golbat.squirtle@icbc.com', 'Golbat', 'Squirtle', 'IT', 1);
INSERT INTO user VALUES (586, 'SLOWBROK.275', 'krabby.slowbro@icbc.com', 'Krabby', 'Slowbro', 'IT', 1);
INSERT INTO user VALUES (587, 'BEEDRILLA.1635', 'articuno.beedrill@icbc.com', 'Articuno', 'Beedrill', 'IT', 1);
INSERT INTO user VALUES (588, 'GRAVELERP.1574', 'paras.graveler@icbc.com', 'Paras', 'Graveler', 'Management', 1);
INSERT INTO user VALUES (589, 'POLIWAGL.4449', 'lickitung.poliwag@icbc.com', 'Lickitung', 'Poliwag', 'Management', 1);
INSERT INTO user VALUES (590, 'MCGLOOMS.3634', 'seaking.mcgloom@icbc.com', 'Seaking', 'McGloom', 'HR', 1);
INSERT INTO user VALUES (591, 'KABUTOV.4038', 'vaporeon.kabuto@icbc.com', 'Vaporeon', 'Kabuto', 'Management', 1);
INSERT INTO user VALUES (592, 'GROWLITHEM.3492', 'magmar.growlithe@icbc.com', 'Magmar', 'Growlithe', 'IT', 1);
INSERT INTO user VALUES (593, 'GEODUDEK.3072', 'kingler.geodude@icbc.com', 'Kingler', 'Geodude', 'Management', 1);
INSERT INTO user VALUES (594, 'CHARMANDERE.1975', 'ekans.charmander@icbc.com', 'Ekans', 'Charmander', 'Management', 1);
INSERT INTO user VALUES (595, 'MANKEYP.1882', 'ponyta.mankey@icbc.com', 'Ponyta', 'Mankey', 'IT', 1);
INSERT INTO user VALUES (596, 'PARASN.4906', 'nidorina.paras@icbc.com', 'Nidorina', 'Paras', 'Customer Service', 1);
INSERT INTO user VALUES (597, 'CHARIZARDG.4360', 'geodude.charizard@icbc.com', 'Geodude', 'Charizard', 'IT', 1);
INSERT INTO user VALUES (598, 'WEEZINGR.2283', 'rhydon.weezing@icbc.com', 'Rhydon', 'Weezing', 'IT', 1);
INSERT INTO user VALUES (599, 'FEAROWJ.4834', 'jynx.fearow@icbc.com', 'Jynx', 'Fearow', 'IT', 1);
INSERT INTO user VALUES (600, 'DRATINID.1898', 'dragonite.dratini@icbc.com', 'Dragonite', 'Dratini', 'IT', 1);
INSERT INTO user VALUES (601, 'PONYTAK.2382', 'kadabra.ponyta@icbc.com', 'Kadabra', 'Ponyta', 'Marketing', 1);
INSERT INTO user VALUES (602, 'TENTACOOLE.4315', 'exeggutor.tentacool@icbc.com', 'Exeggutor', 'Tentacool', 'Finance', 1);
INSERT INTO user VALUES (603, 'ONIXS.4152', 'slowpoke.onix@icbc.com', 'Slowpoke', 'Onix', 'Customer Service', 1);
INSERT INTO user VALUES (604, 'MCFARFETCHDM.1684', 'meowth.mcfarfetchd@icbc.com', 'Meowth', 'McFarfetchd', 'Marketing', 1);
INSERT INTO user VALUES (605, 'HITMONLEEN.1437', 'nidorino.hitmonlee@icbc.com', 'Nidorino', 'Hitmonlee', 'Marketing', 1);
INSERT INTO user VALUES (606, 'GASTLYG.314', 'graveler.gastly@icbc.com', 'Graveler', 'Gastly', 'Management', 1);
INSERT INTO user VALUES (607, 'VENUSAURW.2345', 'weezing.venusaur@icbc.com', 'Weezing', 'Venusaur', 'Customer Service', 1);
INSERT INTO user VALUES (608, 'DITTOV.4209', 'voltorb.ditto@icbc.com', 'Voltorb', 'Ditto', 'IT', 1);
INSERT INTO user VALUES (609, 'SEAKINGA.1086', 'aerodactyl.seaking@icbc.com', 'Aerodactyl', 'Seaking', 'Marketing', 1);
INSERT INTO user VALUES (610, 'JOLTEONT.2936', 'tentacruel.jolteon@icbc.com', 'Tentacruel', 'Jolteon', 'Marketing', 1);
INSERT INTO user VALUES (611, 'KABUTOPSV.2001', 'vileplume.kabutops@icbc.com', 'Vileplume', 'Kabutops', 'Management', 1);
INSERT INTO user VALUES (612, 'DODRIOP.3261', 'poliwrath.dodrio@icbc.com', 'Poliwrath', 'Dodrio', 'Finance', 1);
INSERT INTO user VALUES (613, 'MCJOLTEONK.4035', 'kakuna.mcjolteon@icbc.com', 'Kakuna', 'McJolteon', 'Finance', 1);
INSERT INTO user VALUES (614, 'BUTTERFREES.2911', 'scyther.butterfree@icbc.com', 'Scyther', 'Butterfree', 'Customer Service', 1);
INSERT INTO user VALUES (615, 'NIDORANM.3394', 'machop.nidoran@icbc.com', 'Machop', 'Nidoran', 'Customer Service', 1);
INSERT INTO user VALUES (616, 'MCJIGGLYPUFFO.4025', 'oddish.mcjigglypuff@icbc.com', 'Oddish', 'McJigglypuff', 'Management', 1);
INSERT INTO user VALUES (617, 'MCNINETALESE.2975', 'eevee.mcninetales@icbc.com', 'Eevee', 'McNinetales', 'HR', 1);
INSERT INTO user VALUES (618, 'DODUOR.3410', 'raichu.doduo@icbc.com', 'Raichu', 'Doduo', 'HR', 1);
INSERT INTO user VALUES (619, 'DODUOP.3424', 'primeape.doduo@icbc.com', 'Primeape', 'Doduo', 'HR', 1);
INSERT INTO user VALUES (620, 'MEOWTHS.2213', 'slowpoke.meowth@icbc.com', 'Slowpoke', 'Meowth', 'Management', 1);
INSERT INTO user VALUES (621, 'KOFFINGP.2667', 'parasect.koffing8@icbc.com', 'Parasect', 'Koffing', 'Management', 1);
INSERT INTO user VALUES (622, 'HITMONCHANP.3848', 'poliwhirl.hitmonchan@icbc.com', 'Poliwhirl', 'Hitmonchan', 'Customer Service', 1);
INSERT INTO user VALUES (623, 'KANGASKHANE.3981', 'electabuzz.kangaskhan@icbc.com', 'Electabuzz', 'Kangaskhan', 'Management', 1);
INSERT INTO user VALUES (624, 'SANDSLASHV.971', 'venusaur.sandslash@icbc.com', 'Venusaur', 'Sandslash', 'Marketing', 1);
INSERT INTO user VALUES (625, 'RATTATAC.2526', 'clefable.rattata@icbc.com', 'Clefable', 'Rattata', 'IT', 1);
INSERT INTO user VALUES (626, 'ARBOKR.4120', 'rhydon.arbok@icbc.com', 'Rhydon', 'Arbok', 'Finance', 1);
INSERT INTO user VALUES (627, 'NIDORINAP.3579', 'poliwrath.nidorina@icbc.com', 'Poliwrath', 'Nidorina', 'Customer Service', 1);
INSERT INTO user VALUES (628, 'GOLEMA.2007', 'arbok.golem@icbc.com', 'Arbok', 'Golem', 'Finance', 1);
INSERT INTO user VALUES (629, 'PONYTAM.1109', 'machamp.ponyta@icbc.com', 'Machamp', 'Ponyta', 'IT', 1);
INSERT INTO user VALUES (630, 'KAKUNAJ.1763', 'jolteon.kakuna@icbc.com', 'Jolteon', 'Kakuna', 'Customer Service', 1);
INSERT INTO user VALUES (631, 'PIDGEOTS.1346', 'starmie.pidgeot@icbc.com', 'Starmie', 'Pidgeot', 'Marketing', 1);
INSERT INTO user VALUES (632, 'MCAERODACTYLP.678', 'psyduck.mcaerodactyl@icbc.com', 'Psyduck', 'McAerodactyl', 'Finance', 1);
INSERT INTO user VALUES (633, 'CHANSEYM.1884', 'meowth.chansey@icbc.com', 'Meowth', 'Chansey', 'Marketing', 1);
INSERT INTO user VALUES (634, 'POLIWAGS.4634', 'slowpoke.poliwag@icbc.com', 'Slowpoke', 'Poliwag', 'Marketing', 1);
INSERT INTO user VALUES (635, 'MAROWAKR.2545', 'rapidash.marowak@icbc.com', 'Rapidash', 'Marowak', 'HR', 1);
INSERT INTO user VALUES (636, 'NIDORANV.774', 'voltorb.nidoran@icbc.com', 'Voltorb', 'Nidoran', 'Marketing', 1);
INSERT INTO user VALUES (637, 'KRABBYI.1809', 'ivysaur.krabby@icbc.com', 'Ivysaur', 'Krabby', 'HR', 1);
INSERT INTO user VALUES (638, 'PINSIRD.617', 'dewgong.pinsir@icbc.com', 'Dewgong', 'Pinsir', 'Finance', 1);
INSERT INTO user VALUES (639, 'POLIWAGR.676', 'rhyhorn.poliwag@icbc.com', 'Rhyhorn', 'Poliwag', 'Customer Service', 1);
INSERT INTO user VALUES (640, 'DIGLETTA.473', 'articuno.diglett@icbc.com', 'Articuno', 'Diglett', 'Management', 1);
INSERT INTO user VALUES (641, 'ARTICUNOM.1583', 'metapod.articuno@icbc.com', 'Metapod', 'Articuno', 'Finance', 1);
INSERT INTO user VALUES (642, 'RHYHORNP.3945', 'pinsir.rhyhorn@icbc.com', 'Pinsir', 'Rhyhorn', 'Customer Service', 1);
INSERT INTO user VALUES (643, 'IVYSAURS.2421', 'starmie.ivysaur@icbc.com', 'Starmie', 'Ivysaur', 'Customer Service', 1);
INSERT INTO user VALUES (644, 'MEWM.1847', 'machoke.mew@icbc.com', 'Machoke', 'Mew', 'Management', 1);
INSERT INTO user VALUES (645, 'MACHOPE.297', 'exeggutor.machop@icbc.com', 'Exeggutor', 'Machop', 'Management', 1);
INSERT INTO user VALUES (646, 'GOLEMH.2601', 'horsea.golem@icbc.com', 'Horsea', 'Golem', 'IT', 1);
INSERT INTO user VALUES (647, 'NIDORANP.762', 'poliwag.nidoran@icbc.com', 'Poliwag', 'Nidoran', 'Customer Service', 1);
INSERT INTO user VALUES (648, 'CUBONEV.3953', 'vaporeon.cubone@icbc.com', 'Vaporeon', 'Cubone', 'HR', 1);
INSERT INTO user VALUES (649, 'MCZAPDOSP.217', 'poliwag.mczapdos@icbc.com', 'Poliwag', 'McZapdos', 'Marketing', 1);
INSERT INTO user VALUES (650, 'DIGLETTC.618', 'cubone.diglett@icbc.com', 'Cubone', 'Diglett', 'HR', 1);
INSERT INTO user VALUES (651, 'MANKEYH.1405', 'hitmonchan.mankey@icbc.com', 'Hitmonchan', 'Mankey', 'Marketing', 1);
INSERT INTO user VALUES (652, 'TAUROSK.2065', 'kadabra.tauros@icbc.com', 'Kadabra', 'Tauros', 'Finance', 1);
INSERT INTO user VALUES (653, 'KABUTOPSV.453', 'vileplume.kabutops9@icbc.com', 'Vileplume', 'Kabutops', 'IT', 1);
INSERT INTO user VALUES (654, 'GENGARH.1858', 'horsea.gengar@icbc.com', 'Horsea', 'Gengar', 'Customer Service', 1);
INSERT INTO user VALUES (655, 'SPEAROWW.201', 'weepinbell.spearow@icbc.com', 'Weepinbell', 'Spearow', 'Marketing', 1);
INSERT INTO user VALUES (656, 'GRAVELERS.1418', 'scyther.graveler@icbc.com', 'Scyther', 'Graveler', 'HR', 1);
INSERT INTO user VALUES (657, 'VENUSAURM.455', 'magneton.venusaur@icbc.com', 'Magneton', 'Venusaur', 'IT', 1);
INSERT INTO user VALUES (658, 'ARTICUNOC.4654', 'clefable.articuno@icbc.com', 'Clefable', 'Articuno', 'HR', 1);
INSERT INTO user VALUES (659, 'DEWGONGA.1201', 'arcanine.dewgong@icbc.com', 'Arcanine', 'Dewgong', 'HR', 1);
INSERT INTO user VALUES (660, 'GEODUDEA.3906', 'aerodactyl.geodude@icbc.com', 'Aerodactyl', 'Geodude', 'Customer Service', 1);
INSERT INTO user VALUES (661, 'MEWS.1699', 'sandshrew.mew@icbc.com', 'Sandshrew', 'Mew', 'Management', 1);
INSERT INTO user VALUES (662, 'NIDORANH.2026', 'hitmonchan.nidoran@icbc.com', 'Hitmonchan', 'Nidoran', 'Finance', 1);
INSERT INTO user VALUES (663, 'TENTACRUELW.157', 'wigglytuff.tentacruel@icbc.com', 'Wigglytuff', 'Tentacruel', 'HR', 1);
INSERT INTO user VALUES (664, 'PRIMEAPEB.3912', 'beedrill.primeape@icbc.com', 'Beedrill', 'Primeape', 'Customer Service', 1);
INSERT INTO user VALUES (665, 'CLOYSTERA.4132', 'aerodactyl.cloyster@icbc.com', 'Aerodactyl', 'Cloyster', 'Marketing', 1);
INSERT INTO user VALUES (666, 'PSYDUCKK.1312', 'kakuna.psyduck@icbc.com', 'Kakuna', 'Psyduck', 'Finance', 1);
INSERT INTO user VALUES (667, 'WEEPINBELLO.2292', 'oddish.weepinbell@icbc.com', 'Oddish', 'Weepinbell', 'Marketing', 1);
INSERT INTO user VALUES (668, 'DROWZEEG.237', 'golbat.drowzee@icbc.com', 'Golbat', 'Drowzee', 'Management', 1);
INSERT INTO user VALUES (669, 'BLASTOISED.172', 'dewgong.blastoise@icbc.com', 'Dewgong', 'Blastoise', 'Finance', 1);
INSERT INTO user VALUES (670, 'MACHOKEJ.1202', 'jolteon.machoke@icbc.com', 'Jolteon', 'Machoke', 'Finance', 1);
INSERT INTO user VALUES (671, 'NIDORANV.1884', 'venomoth.nidoran@icbc.com', 'Venomoth', 'Nidoran', 'Management', 1);
INSERT INTO user VALUES (672, 'VICTREEBELP.1137', 'pinsir.victreebel@icbc.com', 'Pinsir', 'Victreebel', 'Customer Service', 1);
INSERT INTO user VALUES (673, 'SANDSHREWP.4106', 'primeape.sandshrew@icbc.com', 'Primeape', 'Sandshrew', 'IT', 1);
INSERT INTO user VALUES (674, 'DROWZEEW.3782', 'weepinbell.drowzee@icbc.com', 'Weepinbell', 'Drowzee', 'HR', 1);
INSERT INTO user VALUES (675, 'ELECTRODEC.1997', 'chansey.electrode@icbc.com', 'Chansey', 'Electrode', 'Customer Service', 1);
INSERT INTO user VALUES (676, 'FLAREONG.3694', 'geodude.flareon@icbc.com', 'Geodude', 'Flareon', 'IT', 1);
INSERT INTO user VALUES (677, 'MCVENONATG.48', 'graveler.mcvenonat@icbc.com', 'Graveler', 'McVenonat', 'Management', 1);
INSERT INTO user VALUES (678, 'VOLTORBB.4686', 'bulbasaur.voltorb@icbc.com', 'Bulbasaur', 'Voltorb', 'Management', 1);
INSERT INTO user VALUES (679, 'SLOWPOKET.4208', 'tauros.slowpoke@icbc.com', 'Tauros', 'Slowpoke', 'Finance', 1);
INSERT INTO user VALUES (680, 'CLOYSTERD.891', 'doduo.cloyster@icbc.com', 'Doduo', 'Cloyster', 'Management', 1);
INSERT INTO user VALUES (681, 'VULPIXO.3625', 'oddish.vulpix@icbc.com', 'Oddish', 'Vulpix', 'HR', 1);
INSERT INTO user VALUES (682, 'NIDORINAR.3670', 'raichu.nidorina@icbc.com', 'Raichu', 'Nidorina', 'Finance', 1);
INSERT INTO user VALUES (683, 'BUTTERFREEH.2317', 'hitmonchan.butterfree@icbc.com', 'Hitmonchan', 'Butterfree', 'Management', 1);
INSERT INTO user VALUES (684, 'NIDOQUEENA.305', 'abra.nidoqueen@icbc.com', 'Abra', 'Nidoqueen', 'Marketing', 1);
INSERT INTO user VALUES (685, 'JIGGLYPUFFM.1169', 'magneton.jigglypuff@icbc.com', 'Magneton', 'Jigglypuff', 'IT', 1);
INSERT INTO user VALUES (686, 'ELECTRODEN.268', 'ninetales.electrode@icbc.com', 'Ninetales', 'Electrode', 'Finance', 1);
INSERT INTO user VALUES (687, 'WARTORTLEP.507', 'poliwag.wartortle@icbc.com', 'Poliwag', 'Wartortle', 'IT', 1);
INSERT INTO user VALUES (688, 'MCSLOWPOKEH.4461', 'haunter.mcslowpoke@icbc.com', 'Haunter', 'McSlowpoke', 'Customer Service', 1);
INSERT INTO user VALUES (689, 'GRAVELERG.3211', 'gyarados.graveler@icbc.com', 'Gyarados', 'Graveler', 'IT', 1);
INSERT INTO user VALUES (690, 'LAPRASP.1425', 'porygon.lapras@icbc.com', 'Porygon', 'Lapras', 'HR', 1);
INSERT INTO user VALUES (691, 'GROWLITHEZ.915', 'zapdos.growlithe@icbc.com', 'Zapdos', 'Growlithe', 'IT', 1);
INSERT INTO user VALUES (692, 'PARASECTE.2743', 'ekans.parasect@icbc.com', 'Ekans', 'Parasect', 'Management', 1);
INSERT INTO user VALUES (693, 'GENGARJ.834', 'jolteon.gengar@icbc.com', 'Jolteon', 'Gengar', 'IT', 1);
INSERT INTO user VALUES (694, 'SLOWPOKEP.2321', 'pidgeot.slowpoke@icbc.com', 'Pidgeot', 'Slowpoke', 'Customer Service', 1);
INSERT INTO user VALUES (695, 'TAUROSM.608', 'magnemite.tauros@icbc.com', 'Magnemite', 'Tauros', 'Finance', 1);
INSERT INTO user VALUES (696, 'AERODACTYLE.4052', 'electabuzz.aerodactyl@icbc.com', 'Electabuzz', 'Aerodactyl', 'Management', 1);
INSERT INTO user VALUES (697, 'RATTATAP.3657', 'psyduck.rattata@icbc.com', 'Psyduck', 'Rattata', 'Management', 1);
INSERT INTO user VALUES (698, 'WIGGLYTUFFD.1031', 'drowzee.wigglytuff@icbc.com', 'Drowzee', 'Wigglytuff', 'Customer Service', 1);
INSERT INTO user VALUES (699, 'MAROWAKS.1608', 'starmie.marowak@icbc.com', 'Starmie', 'Marowak', 'Management', 1);
INSERT INTO user VALUES (700, 'MCELECTABUZZG.983', 'golbat.mcelectabuzz@icbc.com', 'Golbat', 'McElectabuzz', 'Marketing', 1);
INSERT INTO user VALUES (701, 'ABRAM.1606', 'magmar.abra@icbc.com', 'Magmar', 'Abra', 'Customer Service', 1);
INSERT INTO user VALUES (702, 'ELECTRODEN.2541', 'nidorina.electrode@icbc.com', 'Nidorina', 'Electrode', 'Finance', 1);
INSERT INTO user VALUES (703, 'WEEPINBELLH.2426', 'haunter.weepinbell@icbc.com', 'Haunter', 'Weepinbell', 'HR', 1);
INSERT INTO user VALUES (704, 'SPEAROWV.263', 'victreebel.spearow@icbc.com', 'Victreebel', 'Spearow', 'HR', 1);
INSERT INTO user VALUES (705, 'MR. MIMER.1377', 'rapidash.mr. mime@icbc.com', 'Rapidash', 'Mr. Mime', 'Customer Service', 1);
INSERT INTO user VALUES (706, 'GOLDUCKD.1142', 'ditto.golduck@icbc.com', 'Ditto', 'Golduck', 'HR', 1);
INSERT INTO user VALUES (707, 'KABUTOPSA.554', 'articuno.kabutops@icbc.com', 'Articuno', 'Kabutops', 'HR', 1);
INSERT INTO user VALUES (708, 'NINETALESS.2563', 'shellder.ninetales@icbc.com', 'Shellder', 'Ninetales', 'Marketing', 1);
INSERT INTO user VALUES (709, 'TANGELAT.4223', 'tauros.tangela@icbc.com', 'Tauros', 'Tangela', 'Management', 1);
INSERT INTO user VALUES (710, 'MAGIKARPK.273', 'kabutops.magikarp@icbc.com', 'Kabutops', 'Magikarp', 'IT', 1);
INSERT INTO user VALUES (711, 'MCMUKG.3818', 'geodude.mcmuk@icbc.com', 'Geodude', 'McMuk', 'Management', 1);
INSERT INTO user VALUES (712, 'KRABBYN.3516', 'nidoran.krabby@icbc.com', 'Nidoran', 'Krabby', 'Customer Service', 1);
INSERT INTO user VALUES (713, 'NIDOQUEENS.3267', 'staryu.nidoqueen@icbc.com', 'Staryu', 'Nidoqueen', 'Management', 1);
INSERT INTO user VALUES (714, 'CHARMANDERM.2041', 'marowak.charmander@icbc.com', 'Marowak', 'Charmander', 'Finance', 1);
INSERT INTO user VALUES (715, 'SQUIRTLEV.821', 'vileplume.squirtle@icbc.com', 'Vileplume', 'Squirtle', 'Management', 1);
INSERT INTO user VALUES (716, 'GRIMERM.4961', 'mewtwo.grimer@icbc.com', 'Mewtwo', 'Grimer', 'Marketing', 1);
INSERT INTO user VALUES (717, 'MCTANGELAC.2860', 'clefable.mctangela@icbc.com', 'Clefable', 'McTangela', 'Customer Service', 1);
INSERT INTO user VALUES (718, 'DRAGONITEG.4983', 'golem.dragonite@icbc.com', 'Golem', 'Dragonite', 'Customer Service', 1);
INSERT INTO user VALUES (719, 'MCEEVEEH.4044', 'horsea.mceevee@icbc.com', 'Horsea', 'McEevee', 'Marketing', 1);
INSERT INTO user VALUES (720, 'GRIMERN.194', 'nidoking.grimer@icbc.com', 'Nidoking', 'Grimer', 'Customer Service', 1);
INSERT INTO user VALUES (721, 'GRIMERV.2475', 'victreebel.grimer@icbc.com', 'Victreebel', 'Grimer', 'Management', 1);
INSERT INTO user VALUES (722, 'MCSANDSHREWH.1004', 'haunter.mcsandshrew@icbc.com', 'Haunter', 'McSandshrew', 'Finance', 1);
INSERT INTO user VALUES (723, 'BUTTERFREEE.26', 'ekans.butterfree@icbc.com', 'Ekans', 'Butterfree', 'Customer Service', 1);
INSERT INTO user VALUES (724, 'PIKACHUD.921', 'ditto.pikachu@icbc.com', 'Ditto', 'Pikachu', 'Customer Service', 1);
INSERT INTO user VALUES (725, 'STARYUM.2772', 'magnemite.staryu@icbc.com', 'Magnemite', 'Staryu', 'IT', 1);
INSERT INTO user VALUES (726, 'MOLTRESK.3168', 'kangaskhan.moltres@icbc.com', 'Kangaskhan', 'Moltres', 'Finance', 1);
INSERT INTO user VALUES (727, 'GYARADOSR.2462', 'rhyhorn.gyarados@icbc.com', 'Rhyhorn', 'Gyarados', 'HR', 1);
INSERT INTO user VALUES (728, 'CLEFAIRYS.1329', 'slowbro.clefairy10@icbc.com', 'Slowbro', 'Clefairy', 'Finance', 1);
INSERT INTO user VALUES (729, 'MCGYARADOSB.4732', 'butterfree.mcgyarados@icbc.com', 'Butterfree', 'McGyarados', 'IT', 1);
INSERT INTO user VALUES (730, 'MCSNORLAXA.4936', 'alakazam.mcsnorlax@icbc.com', 'Alakazam', 'McSnorlax', 'Management', 1);
INSERT INTO user VALUES (731, 'GEODUDER.2172', 'rapidash.geodude@icbc.com', 'Rapidash', 'Geodude', 'Marketing', 1);
INSERT INTO user VALUES (732, 'MACHOPP.2717', 'pikachu.machop@icbc.com', 'Pikachu', 'Machop', 'Customer Service', 1);
INSERT INTO user VALUES (733, 'MEOWTHD.4143', 'dodrio.meowth11@icbc.com', 'Dodrio', 'Meowth', 'Management', 1);
INSERT INTO user VALUES (734, 'CLOYSTERK.3697', 'kangaskhan.cloyster@icbc.com', 'Kangaskhan', 'Cloyster', 'Customer Service', 1);
INSERT INTO user VALUES (735, 'BLASTOISES.721', 'seadra.blastoise@icbc.com', 'Seadra', 'Blastoise', 'HR', 1);
INSERT INTO user VALUES (736, 'DODRIOW.4575', 'weedle.dodrio@icbc.com', 'Weedle', 'Dodrio', 'Marketing', 1);
INSERT INTO user VALUES (737, 'SLOWPOKEN.4465', 'nidorina.slowpoke@icbc.com', 'Nidorina', 'Slowpoke', 'IT', 1);
INSERT INTO user VALUES (738, 'HORSEAL.4448', 'lapras.horsea@icbc.com', 'Lapras', 'Horsea', 'HR', 1);
INSERT INTO user VALUES (739, 'ARTICUNOH.4060', 'hypno.articuno@icbc.com', 'Hypno', 'Articuno', 'IT', 1);
INSERT INTO user VALUES (740, 'KABUTOPSD.4786', 'dodrio.kabutops@icbc.com', 'Dodrio', 'Kabutops', 'Finance', 1);
INSERT INTO user VALUES (741, 'DEWGONGW.2874', 'weepinbell.dewgong@icbc.com', 'Weepinbell', 'Dewgong', 'Finance', 1);
INSERT INTO user VALUES (742, 'CHARMANDERM.3737', 'mr. mime.charmander@icbc.com', 'Mr. Mime', 'Charmander', 'IT', 1);
INSERT INTO user VALUES (743, 'DEWGONGC.3069', 'charmander.dewgong@icbc.com', 'Charmander', 'Dewgong', 'Finance', 1);
INSERT INTO user VALUES (744, 'MCRATTATAS.653', 'slowpoke.mcrattata@icbc.com', 'Slowpoke', 'McRattata', 'Finance', 1);
INSERT INTO user VALUES (745, 'DRAGONAIRP.3850', 'poliwrath.dragonair@icbc.com', 'Poliwrath', 'Dragonair', 'Marketing', 1);
INSERT INTO user VALUES (746, 'WARTORTLEK.4598', 'kingler.wartortle@icbc.com', 'Kingler', 'Wartortle', 'Finance', 1);
INSERT INTO user VALUES (747, 'MCSNORLAXP.4764', 'pinsir.mcsnorlax@icbc.com', 'Pinsir', 'McSnorlax', 'Finance', 1);
INSERT INTO user VALUES (748, 'SNORLAXP.1109', 'porygon.snorlax@icbc.com', 'Porygon', 'Snorlax', 'IT', 1);
INSERT INTO user VALUES (749, 'DEWGONGV.528', 'venusaur.dewgong@icbc.com', 'Venusaur', 'Dewgong', 'Marketing', 1);
INSERT INTO user VALUES (750, 'WEEZINGK.577', 'kangaskhan.weezing@icbc.com', 'Kangaskhan', 'Weezing', 'Marketing', 1);
INSERT INTO user VALUES (751, 'MOLTRESD.4541', 'dugtrio.moltres@icbc.com', 'Dugtrio', 'Moltres', 'Finance', 1);
INSERT INTO user VALUES (752, 'EEVEEK.493', 'kangaskhan.eevee@icbc.com', 'Kangaskhan', 'Eevee', 'Customer Service', 1);
INSERT INTO user VALUES (753, 'SLOWPOKEA.4871', 'alakazam.slowpoke@icbc.com', 'Alakazam', 'Slowpoke', 'Marketing', 1);
INSERT INTO user VALUES (754, 'WEEZINGW.4323', 'weepinbell.weezing@icbc.com', 'Weepinbell', 'Weezing', 'Finance', 1);
INSERT INTO user VALUES (755, 'MACHOPS.2252', 'shellder.machop@icbc.com', 'Shellder', 'Machop', 'Customer Service', 1);
INSERT INTO user VALUES (756, 'EXEGGCUTES.4248', 'slowpoke.exeggcute@icbc.com', 'Slowpoke', 'Exeggcute', 'Finance', 1);
INSERT INTO user VALUES (757, 'DUGTRION.347', 'nidoqueen.dugtrio@icbc.com', 'Nidoqueen', 'Dugtrio', 'Customer Service', 1);
INSERT INTO user VALUES (758, 'STARYUO.2199', 'omanyte.staryu@icbc.com', 'Omanyte', 'Staryu', 'HR', 1);
INSERT INTO user VALUES (759, 'GEODUDEE.3967', 'exeggcute.geodude@icbc.com', 'Exeggcute', 'Geodude', 'Finance', 1);
INSERT INTO user VALUES (760, 'GEODUDEP.4264', 'paras.geodude@icbc.com', 'Paras', 'Geodude', 'Customer Service', 1);
INSERT INTO user VALUES (761, 'STARMIED.4857', 'dratini.starmie12@icbc.com', 'Dratini', 'Starmie', 'Customer Service', 1);
INSERT INTO user VALUES (762, 'POLIWRATHV.4922', 'venusaur.poliwrath@icbc.com', 'Venusaur', 'Poliwrath', 'HR', 1);
INSERT INTO user VALUES (763, 'HAUNTERG.4647', 'gyarados.haunter@icbc.com', 'Gyarados', 'Haunter', 'Customer Service', 1);
INSERT INTO user VALUES (764, 'MCFEAROWA.1010', 'abra.mcfearow@icbc.com', 'Abra', 'McFearow', 'Management', 1);
INSERT INTO user VALUES (765, 'ODDISHD.1781', 'drowzee.oddish@icbc.com', 'Drowzee', 'Oddish', 'Marketing', 1);
INSERT INTO user VALUES (766, 'PINSIRK.3798', 'kabutops.pinsir@icbc.com', 'Kabutops', 'Pinsir', 'Marketing', 1);
INSERT INTO user VALUES (767, 'DODUOM.234', 'machop.doduo@icbc.com', 'Machop', 'Doduo', 'Customer Service', 1);
INSERT INTO user VALUES (768, 'OMASTARP.3124', 'pidgeot.omastar@icbc.com', 'Pidgeot', 'Omastar', 'IT', 1);
INSERT INTO user VALUES (769, 'NIDORINOS.3049', 'seel.nidorino@icbc.com', 'Seel', 'Nidorino', 'Finance', 1);
INSERT INTO user VALUES (770, 'MCMAGMARW.1645', 'weepinbell.mcmagmar@icbc.com', 'Weepinbell', 'McMagmar', 'Finance', 1);
INSERT INTO user VALUES (771, 'PIDGEOTTOG.2442', 'growlithe.pidgeotto@icbc.com', 'Growlithe', 'Pidgeotto', 'Marketing', 1);
INSERT INTO user VALUES (772, 'MCSLOWBROM.889', 'mew.mcslowbro@icbc.com', 'Mew', 'McSlowbro', 'IT', 1);
INSERT INTO user VALUES (773, 'DEWGONGK.4917', 'kabutops.dewgong@icbc.com', 'Kabutops', 'Dewgong', 'IT', 1);
INSERT INTO user VALUES (774, 'OMASTARW.3062', 'wartortle.omastar@icbc.com', 'Wartortle', 'Omastar', 'Finance', 1);
INSERT INTO user VALUES (775, 'VAPOREONN.2555', 'nidorino.vaporeon@icbc.com', 'Nidorino', 'Vaporeon', 'HR', 1);
INSERT INTO user VALUES (776, 'MAGNETONM.4207', 'mankey.magneton13@icbc.com', 'Mankey', 'Magneton', 'Finance', 1);
INSERT INTO user VALUES (777, 'CLEFABLED.850', 'dugtrio.clefable@icbc.com', 'Dugtrio', 'Clefable', 'Management', 1);
INSERT INTO user VALUES (778, 'CLOYSTERA.480', 'alakazam.cloyster@icbc.com', 'Alakazam', 'Cloyster', 'IT', 1);
INSERT INTO user VALUES (779, 'CHARMANDERS.3587', 'snorlax.charmander@icbc.com', 'Snorlax', 'Charmander', 'Marketing', 1);
INSERT INTO user VALUES (780, 'MUKK.430', 'kingler.muk@icbc.com', 'Kingler', 'Muk', 'HR', 1);
INSERT INTO user VALUES (781, 'MANKEYK.1992', 'kangaskhan.mankey@icbc.com', 'Kangaskhan', 'Mankey', 'Customer Service', 1);
INSERT INTO user VALUES (782, 'MCSCYTHERM.4098', 'muk.mcscyther@icbc.com', 'Muk', 'McScyther', 'Marketing', 1);
INSERT INTO user VALUES (783, 'BUTTERFREEP.3648', 'ponyta.butterfree@icbc.com', 'Ponyta', 'Butterfree', 'HR', 1);
INSERT INTO user VALUES (784, 'NIDORANG.1244', 'gengar.nidoran@icbc.com', 'Gengar', 'Nidoran', 'HR', 1);
INSERT INTO user VALUES (785, 'MCRHYHORNH.1975', 'hitmonlee.mcrhyhorn@icbc.com', 'Hitmonlee', 'McRhyhorn', 'Customer Service', 1);
INSERT INTO user VALUES (786, 'MACHAMPP.1188', 'pidgey.machamp@icbc.com', 'Pidgey', 'Machamp', 'IT', 1);
INSERT INTO user VALUES (787, 'VENUSAURM.4028', 'mew.venusaur@icbc.com', 'Mew', 'Venusaur', 'Finance', 1);
INSERT INTO user VALUES (788, 'ODDISHW.3295', 'wartortle.oddish@icbc.com', 'Wartortle', 'Oddish', 'HR', 1);
INSERT INTO user VALUES (789, 'OMANYTES.2111', 'seadra.omanyte@icbc.com', 'Seadra', 'Omanyte', 'Management', 1);
INSERT INTO user VALUES (790, 'OMANYTEJ.3022', 'jolteon.omanyte@icbc.com', 'Jolteon', 'Omanyte', 'Marketing', 1);
INSERT INTO user VALUES (791, 'BULBASAURP.3945', 'porygon.bulbasaur@icbc.com', 'Porygon', 'Bulbasaur', 'Finance', 1);
INSERT INTO user VALUES (792, 'ALAKAZAMB.1404', 'bulbasaur.alakazam@icbc.com', 'Bulbasaur', 'Alakazam', 'Customer Service', 1);
INSERT INTO user VALUES (793, 'STARYUV.3703', 'venomoth.staryu@icbc.com', 'Venomoth', 'Staryu', 'Finance', 1);
INSERT INTO user VALUES (794, 'KINGLERA.1254', 'arbok.kingler@icbc.com', 'Arbok', 'Kingler', 'IT', 1);
INSERT INTO user VALUES (795, 'PERSIANG.3974', 'golduck.persian@icbc.com', 'Golduck', 'Persian', 'Finance', 1);
INSERT INTO user VALUES (796, 'HORSEAM.3213', 'marowak.horsea@icbc.com', 'Marowak', 'Horsea', 'HR', 1);
INSERT INTO user VALUES (797, 'SCYTHERB.598', 'bellsprout.scyther@icbc.com', 'Bellsprout', 'Scyther', 'Management', 1);
INSERT INTO user VALUES (798, 'POLIWRATHG.1410', 'growlithe.poliwrath@icbc.com', 'Growlithe', 'Poliwrath', 'Finance', 1);
INSERT INTO user VALUES (799, 'GROWLITHEC.2513', 'charmeleon.growlithe@icbc.com', 'Charmeleon', 'Growlithe', 'IT', 1);
INSERT INTO user VALUES (800, 'JIGGLYPUFFG.1720', 'golbat.jigglypuff@icbc.com', 'Golbat', 'Jigglypuff', 'Customer Service', 1);
INSERT INTO user VALUES (801, 'CLEFABLEM.1781', 'meowth.clefable@icbc.com', 'Meowth', 'Clefable', 'Customer Service', 1);
INSERT INTO user VALUES (802, 'RAPIDASHV.748', 'victreebel.rapidash@icbc.com', 'Victreebel', 'Rapidash', 'Customer Service', 1);
INSERT INTO user VALUES (803, 'MCZUBATC.4120', 'charmeleon.mczubat@icbc.com', 'Charmeleon', 'McZubat', 'Marketing', 1);
INSERT INTO user VALUES (804, 'DITTOM.2038', 'machoke.ditto@icbc.com', 'Machoke', 'Ditto', 'Finance', 1);
INSERT INTO user VALUES (805, 'PSYDUCKP.4857', 'primeape.psyduck@icbc.com', 'Primeape', 'Psyduck', 'Marketing', 1);
INSERT INTO user VALUES (806, 'PIKACHUG.2137', 'gastly.pikachu@icbc.com', 'Gastly', 'Pikachu', 'Customer Service', 1);
INSERT INTO user VALUES (807, 'GENGARJ.3561', 'jigglypuff.gengar@icbc.com', 'Jigglypuff', 'Gengar', 'HR', 1);
INSERT INTO user VALUES (808, 'FLAREONA.3786', 'abra.flareon@icbc.com', 'Abra', 'Flareon', 'Marketing', 1);
INSERT INTO user VALUES (809, 'MCPORYGONM.3280', 'metapod.mcporygon@icbc.com', 'Metapod', 'McPorygon', 'IT', 1);
INSERT INTO user VALUES (810, 'GASTLYK.566', 'kadabra.gastly@icbc.com', 'Kadabra', 'Gastly', 'IT', 1);
INSERT INTO user VALUES (811, 'MCPERSIANP.4741', 'poliwrath.mcpersian@icbc.com', 'Poliwrath', 'McPersian', 'Marketing', 1);
INSERT INTO user VALUES (812, 'EKANSM.2641', 'meowth.ekans@icbc.com', 'Meowth', 'Ekans', 'IT', 1);
INSERT INTO user VALUES (813, 'SEAKINGW.4545', 'weepinbell.seaking@icbc.com', 'Weepinbell', 'Seaking', 'Finance', 1);
INSERT INTO user VALUES (814, 'CHARMELEONK.4585', 'kakuna.charmeleon@icbc.com', 'Kakuna', 'Charmeleon', 'IT', 1);
INSERT INTO user VALUES (815, 'POLIWAGO.3850', 'onix.poliwag@icbc.com', 'Onix', 'Poliwag', 'HR', 1);
INSERT INTO user VALUES (816, 'DODUOP.4242', 'pinsir.doduo@icbc.com', 'Pinsir', 'Doduo', 'Finance', 1);
INSERT INTO user VALUES (817, 'EKANSN.838', 'nidoking.ekans@icbc.com', 'Nidoking', 'Ekans', 'HR', 1);
INSERT INTO user VALUES (818, 'RHYHORNR.2811', 'rhydon.rhyhorn@icbc.com', 'Rhydon', 'Rhyhorn', 'HR', 1);
INSERT INTO user VALUES (819, 'GEODUDEK.1726', 'kakuna.geodude@icbc.com', 'Kakuna', 'Geodude', 'IT', 1);
INSERT INTO user VALUES (820, 'ELECTABUZZM.2793', 'mew.electabuzz@icbc.com', 'Mew', 'Electabuzz', 'Management', 1);
INSERT INTO user VALUES (821, 'GOLDUCKM.1612', 'mankey.golduck@icbc.com', 'Mankey', 'Golduck', 'Customer Service', 1);
INSERT INTO user VALUES (822, 'KANGASKHANV.1554', 'victreebel.kangaskhan@icbc.com', 'Victreebel', 'Kangaskhan', 'Marketing', 1);
INSERT INTO user VALUES (823, 'FEAROWN.725', 'nidoking.fearow@icbc.com', 'Nidoking', 'Fearow', 'Customer Service', 1);
INSERT INTO user VALUES (824, 'ARTICUNOG.1272', 'gastly.articuno@icbc.com', 'Gastly', 'Articuno', 'IT', 1);
INSERT INTO user VALUES (825, 'DODRIOD.3091', 'dratini.dodrio@icbc.com', 'Dratini', 'Dodrio', 'Customer Service', 1);
INSERT INTO user VALUES (826, 'MAGIKARPV.4594', 'venomoth.magikarp@icbc.com', 'Venomoth', 'Magikarp', 'HR', 1);
INSERT INTO user VALUES (827, 'VULPIXZ.4606', 'zubat.vulpix@icbc.com', 'Zubat', 'Vulpix', 'Marketing', 1);
INSERT INTO user VALUES (828, 'MEOWTHW.2559', 'weezing.meowth@icbc.com', 'Weezing', 'Meowth', 'IT', 1);
INSERT INTO user VALUES (829, 'ELECTABUZZG.3857', 'gastly.electabuzz@icbc.com', 'Gastly', 'Electabuzz', 'Marketing', 1);
INSERT INTO user VALUES (830, 'POLIWRATHA.4211', 'abra.poliwrath@icbc.com', 'Abra', 'Poliwrath', 'Customer Service', 1);
INSERT INTO user VALUES (831, 'CATERPIEM.1947', 'machamp.caterpie@icbc.com', 'Machamp', 'Caterpie', 'HR', 1);
INSERT INTO user VALUES (832, 'STARMIEM.1342', 'mr. mime.starmie@icbc.com', 'Mr. Mime', 'Starmie', 'Finance', 1);
INSERT INTO user VALUES (833, 'MEOWTHK.978', 'kadabra.meowth@icbc.com', 'Kadabra', 'Meowth', 'HR', 1);
INSERT INTO user VALUES (834, 'GEODUDEN.2778', 'nidoqueen.geodude@icbc.com', 'Nidoqueen', 'Geodude', 'Marketing', 1);
INSERT INTO user VALUES (835, 'NIDORINOV.1735', 'vulpix.nidorino@icbc.com', 'Vulpix', 'Nidorino', 'Customer Service', 1);
INSERT INTO user VALUES (836, 'POLIWRATHK.1261', 'kingler.poliwrath@icbc.com', 'Kingler', 'Poliwrath', 'Finance', 1);
INSERT INTO user VALUES (837, 'CHARMANDERP.1003', 'psyduck.charmander@icbc.com', 'Psyduck', 'Charmander', 'HR', 1);
INSERT INTO user VALUES (838, 'SANDSLASHW.4382', 'weepinbell.sandslash@icbc.com', 'Weepinbell', 'Sandslash', 'IT', 1);
INSERT INTO user VALUES (839, 'DRATINIM.2408', 'magmar.dratini@icbc.com', 'Magmar', 'Dratini', 'Customer Service', 1);
INSERT INTO user VALUES (840, 'NIDORANS.1781', 'seaking.nidoran@icbc.com', 'Seaking', 'Nidoran', 'HR', 1);
INSERT INTO user VALUES (841, 'GROWLITHEK.1968', 'kingler.growlithe@icbc.com', 'Kingler', 'Growlithe', 'IT', 1);
INSERT INTO user VALUES (842, 'SEAKINGG.3594', 'gyarados.seaking@icbc.com', 'Gyarados', 'Seaking', 'Marketing', 1);
INSERT INTO user VALUES (843, 'MCGRAVELERF.3296', 'fearow.mcgraveler@icbc.com', 'Fearow', 'McGraveler', 'Management', 1);
INSERT INTO user VALUES (844, 'PRIMEAPEN.3409', 'ninetales.primeape@icbc.com', 'Ninetales', 'Primeape', 'Marketing', 1);
INSERT INTO user VALUES (845, 'VENUSAURS.4076', 'seel.venusaur@icbc.com', 'Seel', 'Venusaur', 'Marketing', 1);
INSERT INTO user VALUES (846, 'MAROWAKD.2278', 'dodrio.marowak@icbc.com', 'Dodrio', 'Marowak', 'Finance', 1);
INSERT INTO user VALUES (847, 'NIDOKINGM.912', 'mr. mime.nidoking@icbc.com', 'Mr. Mime', 'Nidoking', 'Customer Service', 1);
INSERT INTO user VALUES (848, 'KADABRAP.59', 'poliwrath.kadabra@icbc.com', 'Poliwrath', 'Kadabra', 'Finance', 1);
INSERT INTO user VALUES (849, 'ODDISHM.20', 'magmar.oddish@icbc.com', 'Magmar', 'Oddish', 'Finance', 1);
INSERT INTO user VALUES (850, 'PORYGONJ.1359', 'jigglypuff.porygon@icbc.com', 'Jigglypuff', 'Porygon', 'Customer Service', 1);
INSERT INTO user VALUES (851, 'DRATINIM.2530', 'moltres.dratini@icbc.com', 'Moltres', 'Dratini', 'Management', 1);
INSERT INTO user VALUES (852, 'KABUTOV.4203', 'vileplume.kabuto@icbc.com', 'Vileplume', 'Kabuto', 'Finance', 1);
INSERT INTO user VALUES (853, 'ZAPDOSP.558', 'primeape.zapdos@icbc.com', 'Primeape', 'Zapdos', 'IT', 1);
INSERT INTO user VALUES (854, 'GASTLYA.320', 'articuno.gastly@icbc.com', 'Articuno', 'Gastly', 'Customer Service', 1);
INSERT INTO user VALUES (855, 'GOLDEENE.4051', 'electabuzz.goldeen@icbc.com', 'Electabuzz', 'Goldeen', 'Management', 1);
INSERT INTO user VALUES (856, 'MR. MIMEG.3090', 'gloom.mr. mime@icbc.com', 'Gloom', 'Mr. Mime', 'HR', 1);
INSERT INTO user VALUES (857, 'ARCANINEG.975', 'goldeen.arcanine@icbc.com', 'Goldeen', 'Arcanine', 'Marketing', 1);
INSERT INTO user VALUES (858, 'ALAKAZAMD.4328', 'dragonite.alakazam@icbc.com', 'Dragonite', 'Alakazam', 'Customer Service', 1);
INSERT INTO user VALUES (859, 'IVYSAURK.662', 'kakuna.ivysaur@icbc.com', 'Kakuna', 'Ivysaur', 'Finance', 1);
INSERT INTO user VALUES (860, 'TENTACOOLD.4175', 'dugtrio.tentacool@icbc.com', 'Dugtrio', 'Tentacool', 'IT', 1);
INSERT INTO user VALUES (861, 'OMASTARM.4979', 'meowth.omastar@icbc.com', 'Meowth', 'Omastar', 'IT', 1);
INSERT INTO user VALUES (862, 'WEEPINBELLM.4814', 'mew.weepinbell@icbc.com', 'Mew', 'Weepinbell', 'IT', 1);
INSERT INTO user VALUES (863, 'PARASS.1157', 'seadra.paras@icbc.com', 'Seadra', 'Paras', 'Customer Service', 1);
INSERT INTO user VALUES (864, 'JYNXM.1908', 'machop.jynx@icbc.com', 'Machop', 'Jynx', 'HR', 1);
INSERT INTO user VALUES (865, 'VENUSAURK.2250', 'kadabra.venusaur@icbc.com', 'Kadabra', 'Venusaur', 'IT', 1);
INSERT INTO user VALUES (866, 'FLAREONS.278', 'snorlax.flareon@icbc.com', 'Snorlax', 'Flareon', 'Marketing', 1);
INSERT INTO user VALUES (867, 'ELECTABUZZE.2003', 'ekans.electabuzz@icbc.com', 'Ekans', 'Electabuzz', 'Customer Service', 1);
INSERT INTO user VALUES (868, 'CLEFABLEM.4589', 'meowth.clefable14@icbc.com', 'Meowth', 'Clefable', 'HR', 1);
INSERT INTO user VALUES (869, 'MCCATERPIEM.1724', 'machamp.mccaterpie@icbc.com', 'Machamp', 'McCaterpie', 'Finance', 1);
INSERT INTO user VALUES (870, 'DITTON.3099', 'nidorina.ditto@icbc.com', 'Nidorina', 'Ditto', 'Customer Service', 1);
INSERT INTO user VALUES (871, 'MCMEWP.1464', 'primeape.mcmew@icbc.com', 'Primeape', 'McMew', 'Customer Service', 1);
INSERT INTO user VALUES (872, 'KINGLERO.3883', 'onix.kingler@icbc.com', 'Onix', 'Kingler', 'Customer Service', 1);
INSERT INTO user VALUES (873, 'GOLEMR.1777', 'raichu.golem@icbc.com', 'Raichu', 'Golem', 'Finance', 1);
INSERT INTO user VALUES (874, 'GRAVELERA.2374', 'arbok.graveler@icbc.com', 'Arbok', 'Graveler', 'Customer Service', 1);
INSERT INTO user VALUES (875, 'NIDORINOS.2139', 'seel.nidorino15@icbc.com', 'Seel', 'Nidorino', 'Finance', 1);
INSERT INTO user VALUES (876, 'MR. MIMER.2783', 'rhydon.mr. mime@icbc.com', 'Rhydon', 'Mr. Mime', 'Finance', 1);
INSERT INTO user VALUES (877, 'DUGTRIOT.3415', 'tentacool.dugtrio@icbc.com', 'Tentacool', 'Dugtrio', 'IT', 1);
INSERT INTO user VALUES (878, 'CLEFAIRYO.3124', 'omastar.clefairy@icbc.com', 'Omastar', 'Clefairy', 'IT', 1);
INSERT INTO user VALUES (879, 'DRATINIV.3773', 'victreebel.dratini@icbc.com', 'Victreebel', 'Dratini', 'Finance', 1);
INSERT INTO user VALUES (880, 'BEEDRILLZ.833', 'zapdos.beedrill@icbc.com', 'Zapdos', 'Beedrill', 'Marketing', 1);
INSERT INTO user VALUES (881, 'BELLSPROUTP.372', 'persian.bellsprout@icbc.com', 'Persian', 'Bellsprout', 'Management', 1);
INSERT INTO user VALUES (882, 'DITTOC.4287', 'clefairy.ditto@icbc.com', 'Clefairy', 'Ditto', 'Management', 1);
INSERT INTO user VALUES (883, 'EXEGGCUTEB.2442', 'bellsprout.exeggcute@icbc.com', 'Bellsprout', 'Exeggcute', 'HR', 1);
INSERT INTO user VALUES (884, 'MANKEYV.2141', 'vulpix.mankey@icbc.com', 'Vulpix', 'Mankey', 'IT', 1);
INSERT INTO user VALUES (885, 'DODUOG.1830', 'geodude.doduo@icbc.com', 'Geodude', 'Doduo', 'Management', 1);
INSERT INTO user VALUES (886, 'VULPIXA.2566', 'aerodactyl.vulpix@icbc.com', 'Aerodactyl', 'Vulpix', 'Finance', 1);
INSERT INTO user VALUES (887, 'GEODUDEM.25', 'meowth.geodude@icbc.com', 'Meowth', 'Geodude', 'Customer Service', 1);
INSERT INTO user VALUES (888, 'NINETALESB.2559', 'beedrill.ninetales@icbc.com', 'Beedrill', 'Ninetales', 'HR', 1);
INSERT INTO user VALUES (889, 'FARFETCHDP.294', 'pikachu.farfetchd@icbc.com', 'Pikachu', 'Farfetchd', 'Customer Service', 1);
INSERT INTO user VALUES (890, 'MOLTRESR.4737', 'rhydon.moltres@icbc.com', 'Rhydon', 'Moltres', 'Management', 1);
INSERT INTO user VALUES (891, 'SCYTHERE.2235', 'exeggcute.scyther@icbc.com', 'Exeggcute', 'Scyther', 'Management', 1);
INSERT INTO user VALUES (892, 'ELECTABUZZC.4373', 'cloyster.electabuzz@icbc.com', 'Cloyster', 'Electabuzz', 'HR', 1);
INSERT INTO user VALUES (893, 'RHYDONT.1890', 'tauros.rhydon@icbc.com', 'Tauros', 'Rhydon', 'Customer Service', 1);
INSERT INTO user VALUES (894, 'GEODUDET.4912', 'tauros.geodude@icbc.com', 'Tauros', 'Geodude', 'Finance', 1);
INSERT INTO user VALUES (895, 'DODUOP.2244', 'ponyta.doduo@icbc.com', 'Ponyta', 'Doduo', 'Marketing', 1);
INSERT INTO user VALUES (896, 'BUTTERFREEV.2944', 'vileplume.butterfree@icbc.com', 'Vileplume', 'Butterfree', 'Finance', 1);
INSERT INTO user VALUES (897, 'GYARADOSR.814', 'rhydon.gyarados@icbc.com', 'Rhydon', 'Gyarados', 'Marketing', 1);
INSERT INTO user VALUES (898, 'NIDOKINGM.917', 'magmar.nidoking@icbc.com', 'Magmar', 'Nidoking', 'Customer Service', 1);
INSERT INTO user VALUES (899, 'MACHOPJ.135', 'jynx.machop@icbc.com', 'Jynx', 'Machop', 'Customer Service', 1);
INSERT INTO user VALUES (900, 'VULPIXM.2109', 'magikarp.vulpix@icbc.com', 'Magikarp', 'Vulpix', 'Management', 1);
INSERT INTO user VALUES (901, 'PORYGONM.1928', 'muk.porygon@icbc.com', 'Muk', 'Porygon', 'IT', 1);
INSERT INTO user VALUES (902, 'KOFFINGV.2395', 'venonat.koffing@icbc.com', 'Venonat', 'Koffing', 'Customer Service', 1);
INSERT INTO user VALUES (903, 'RHYHORNW.533', 'wigglytuff.rhyhorn@icbc.com', 'Wigglytuff', 'Rhyhorn', 'IT', 1);
INSERT INTO user VALUES (904, 'PONYTAE.609', 'electrode.ponyta@icbc.com', 'Electrode', 'Ponyta', 'Finance', 1);
INSERT INTO user VALUES (905, 'JYNXG.1656', 'gloom.jynx@icbc.com', 'Gloom', 'Jynx', 'Management', 1);
INSERT INTO user VALUES (906, 'DIGLETTM.3664', 'meowth.diglett@icbc.com', 'Meowth', 'Diglett', 'Finance', 1);
INSERT INTO user VALUES (907, 'SEELJ.540', 'jolteon.seel@icbc.com', 'Jolteon', 'Seel', 'IT', 1);
INSERT INTO user VALUES (908, 'KABUTOPSK.3357', 'krabby.kabutops@icbc.com', 'Krabby', 'Kabutops', 'Marketing', 1);
INSERT INTO user VALUES (909, 'MAGMARO.4818', 'onix.magmar@icbc.com', 'Onix', 'Magmar', 'Marketing', 1);
INSERT INTO user VALUES (910, 'MCELECTABUZZK.1418', 'koffing.mcelectabuzz@icbc.com', 'Koffing', 'McElectabuzz', 'Marketing', 1);
INSERT INTO user VALUES (911, 'PARASECTS.3917', 'starmie.parasect@icbc.com', 'Starmie', 'Parasect', 'Customer Service', 1);
INSERT INTO user VALUES (912, 'OMASTARG.1536', 'gastly.omastar@icbc.com', 'Gastly', 'Omastar', 'HR', 1);
INSERT INTO user VALUES (913, 'KRABBYG.1784', 'gengar.krabby@icbc.com', 'Gengar', 'Krabby', 'Finance', 1);
INSERT INTO user VALUES (914, 'BELLSPROUTF.4533', 'flareon.bellsprout@icbc.com', 'Flareon', 'Bellsprout', 'Finance', 1);
INSERT INTO user VALUES (915, 'EKANST.2697', 'tentacruel.ekans@icbc.com', 'Tentacruel', 'Ekans', 'Finance', 1);
INSERT INTO user VALUES (916, 'GRAVELERJ.3624', 'jynx.graveler@icbc.com', 'Jynx', 'Graveler', 'Customer Service', 1);
INSERT INTO user VALUES (917, 'LAPRASP.2949', 'pikachu.lapras@icbc.com', 'Pikachu', 'Lapras', 'IT', 1);
INSERT INTO user VALUES (918, 'DIGLETTN.4501', 'nidoking.diglett@icbc.com', 'Nidoking', 'Diglett', 'IT', 1);
INSERT INTO user VALUES (919, 'TENTACRUELP.4593', 'pinsir.tentacruel@icbc.com', 'Pinsir', 'Tentacruel', 'Marketing', 1);
INSERT INTO user VALUES (920, 'POLIWRATHL.2040', 'lickitung.poliwrath@icbc.com', 'Lickitung', 'Poliwrath', 'Customer Service', 1);
INSERT INTO user VALUES (921, 'AERODACTYLE.175', 'electrode.aerodactyl@icbc.com', 'Electrode', 'Aerodactyl', 'IT', 1);
INSERT INTO user VALUES (922, 'NIDOKINGK.1217', 'kabutops.nidoking@icbc.com', 'Kabutops', 'Nidoking', 'Management', 1);
INSERT INTO user VALUES (923, 'GLOOMG.122', 'gloom.gloom@icbc.com', 'Gloom', 'Gloom', 'Marketing', 1);
INSERT INTO user VALUES (924, 'DODRIOH.806', 'horsea.dodrio@icbc.com', 'Horsea', 'Dodrio', 'Management', 1);
INSERT INTO user VALUES (925, 'LICKITUNGM.333', 'muk.lickitung@icbc.com', 'Muk', 'Lickitung', 'Management', 1);
INSERT INTO user VALUES (926, 'WIGGLYTUFFP.183', 'primeape.wigglytuff@icbc.com', 'Primeape', 'Wigglytuff', 'Finance', 1);
INSERT INTO user VALUES (927, 'KADABRAM.3107', 'mr. mime.kadabra@icbc.com', 'Mr. Mime', 'Kadabra', 'IT', 1);
INSERT INTO user VALUES (928, 'DROWZEEP.4477', 'pidgeotto.drowzee@icbc.com', 'Pidgeotto', 'Drowzee', 'Finance', 1);
INSERT INTO user VALUES (929, 'POLIWHIRLA.3462', 'aerodactyl.poliwhirl@icbc.com', 'Aerodactyl', 'Poliwhirl', 'Management', 1);
INSERT INTO user VALUES (930, 'MCNIDORINOK.4412', 'kakuna.mcnidorino@icbc.com', 'Kakuna', 'McNidorino', 'Finance', 1);
INSERT INTO user VALUES (931, 'GRIMERC.465', 'charmeleon.grimer@icbc.com', 'Charmeleon', 'Grimer', 'HR', 1);
INSERT INTO user VALUES (932, 'SLOWBROW.4657', 'weedle.slowbro@icbc.com', 'Weedle', 'Slowbro', 'Marketing', 1);
INSERT INTO user VALUES (933, 'ODDISHS.2141', 'shellder.oddish@icbc.com', 'Shellder', 'Oddish', 'Customer Service', 1);
INSERT INTO user VALUES (934, 'CHARMELEONM.1933', 'machop.charmeleon@icbc.com', 'Machop', 'Charmeleon', 'IT', 1);
INSERT INTO user VALUES (935, 'SPEAROWP.1493', 'pinsir.spearow@icbc.com', 'Pinsir', 'Spearow', 'Customer Service', 1);
INSERT INTO user VALUES (936, 'WEEPINBELLR.3289', 'raichu.weepinbell@icbc.com', 'Raichu', 'Weepinbell', 'Marketing', 1);
INSERT INTO user VALUES (937, 'POLIWRATHL.1105', 'lapras.poliwrath@icbc.com', 'Lapras', 'Poliwrath', 'IT', 1);
INSERT INTO user VALUES (938, 'BELLSPROUTD.4011', 'dragonair.bellsprout@icbc.com', 'Dragonair', 'Bellsprout', 'Marketing', 1);
INSERT INTO user VALUES (939, 'NIDORANE.4562', 'exeggutor.nidoran@icbc.com', 'Exeggutor', 'Nidoran', 'Management', 1);
INSERT INTO user VALUES (940, 'FEAROWR.4546', 'rhyhorn.fearow@icbc.com', 'Rhyhorn', 'Fearow', 'IT', 1);
INSERT INTO user VALUES (941, 'MCVICTREEBELS.1838', 'seadra.mcvictreebel@icbc.com', 'Seadra', 'McVictreebel', 'IT', 1);
INSERT INTO user VALUES (942, 'PARASECTW.4339', 'weedle.parasect@icbc.com', 'Weedle', 'Parasect', 'Management', 1);
INSERT INTO user VALUES (943, 'SANDSLASHP.1587', 'pidgeotto.sandslash@icbc.com', 'Pidgeotto', 'Sandslash', 'Marketing', 1);
INSERT INTO user VALUES (944, 'GOLDEENO.145', 'omastar.goldeen@icbc.com', 'Omastar', 'Goldeen', 'Customer Service', 1);
INSERT INTO user VALUES (945, 'POLIWHIRLP.1626', 'primeape.poliwhirl@icbc.com', 'Primeape', 'Poliwhirl', 'Customer Service', 1);
INSERT INTO user VALUES (946, 'EKANSW.2736', 'wartortle.ekans@icbc.com', 'Wartortle', 'Ekans', 'Customer Service', 1);
INSERT INTO user VALUES (947, 'NIDOKINGN.4848', 'ninetales.nidoking@icbc.com', 'Ninetales', 'Nidoking', 'IT', 1);
INSERT INTO user VALUES (948, 'MEOWTHW.2287', 'wartortle.meowth@icbc.com', 'Wartortle', 'Meowth', 'Customer Service', 1);
INSERT INTO user VALUES (949, 'DRATINIP.1743', 'pidgeot.dratini@icbc.com', 'Pidgeot', 'Dratini', 'IT', 1);
INSERT INTO user VALUES (950, 'KANGASKHANK.682', 'kadabra.kangaskhan@icbc.com', 'Kadabra', 'Kangaskhan', 'Finance', 1);
INSERT INTO user VALUES (951, 'SCYTHERW.1481', 'wigglytuff.scyther@icbc.com', 'Wigglytuff', 'Scyther', 'HR', 1);
INSERT INTO user VALUES (952, 'MAGMARS.1283', 'slowbro.magmar@icbc.com', 'Slowbro', 'Magmar', 'HR', 1);
INSERT INTO user VALUES (953, 'ZUBATS.2933', 'staryu.zubat@icbc.com', 'Staryu', 'Zubat', 'Customer Service', 1);
INSERT INTO user VALUES (954, 'FLAREONW.2717', 'weedle.flareon@icbc.com', 'Weedle', 'Flareon', 'HR', 1);
INSERT INTO user VALUES (955, 'HITMONCHANW.1094', 'weepinbell.hitmonchan@icbc.com', 'Weepinbell', 'Hitmonchan', 'Management', 1);
INSERT INTO user VALUES (956, 'GLOOMM.1049', 'machoke.gloom@icbc.com', 'Machoke', 'Gloom', 'Finance', 1);
INSERT INTO user VALUES (957, 'ELECTRODEM.544', 'mew.electrode@icbc.com', 'Mew', 'Electrode', 'Customer Service', 1);
INSERT INTO user VALUES (958, 'CLOYSTERZ.727', 'zapdos.cloyster@icbc.com', 'Zapdos', 'Cloyster', 'Management', 1);
INSERT INTO user VALUES (959, 'KABUTOD.3824', 'dratini.kabuto@icbc.com', 'Dratini', 'Kabuto', 'IT', 1);
INSERT INTO user VALUES (960, 'OMANYTEM.1261', 'machamp.omanyte@icbc.com', 'Machamp', 'Omanyte', 'IT', 1);
INSERT INTO user VALUES (961, 'TENTACRUELG.683', 'gengar.tentacruel@icbc.com', 'Gengar', 'Tentacruel', 'Marketing', 1);
INSERT INTO user VALUES (962, 'KABUTOL.1357', 'lickitung.kabuto@icbc.com', 'Lickitung', 'Kabuto', 'Management', 1);
INSERT INTO user VALUES (963, 'KANGASKHANS.3526', 'seel.kangaskhan@icbc.com', 'Seel', 'Kangaskhan', 'Customer Service', 1);
INSERT INTO user VALUES (964, 'KABUTOPSW.836', 'weepinbell.kabutops@icbc.com', 'Weepinbell', 'Kabutops', 'Marketing', 1);
INSERT INTO user VALUES (965, 'MUKK.3378', 'kakuna.muk@icbc.com', 'Kakuna', 'Muk', 'IT', 1);
INSERT INTO user VALUES (966, 'MAGNEMITEZ.4733', 'zapdos.magnemite@icbc.com', 'Zapdos', 'Magnemite', 'Management', 1);
INSERT INTO user VALUES (967, 'MACHAMPH.3556', 'hitmonchan.machamp@icbc.com', 'Hitmonchan', 'Machamp', 'IT', 1);
INSERT INTO user VALUES (968, 'TENTACRUELB.1733', 'blastoise.tentacruel@icbc.com', 'Blastoise', 'Tentacruel', 'HR', 1);
INSERT INTO user VALUES (969, 'BUTTERFREEA.4808', 'abra.butterfree@icbc.com', 'Abra', 'Butterfree', 'HR', 1);
INSERT INTO user VALUES (970, 'IVYSAURK.3371', 'kabutops.ivysaur@icbc.com', 'Kabutops', 'Ivysaur', 'HR', 1);
INSERT INTO user VALUES (971, 'KOFFINGS.121', 'sandshrew.koffing@icbc.com', 'Sandshrew', 'Koffing', 'Customer Service', 1);
INSERT INTO user VALUES (972, 'ELECTABUZZH.3794', 'haunter.electabuzz@icbc.com', 'Haunter', 'Electabuzz', 'HR', 1);
INSERT INTO user VALUES (973, 'PARASECTE.4531', 'eevee.parasect@icbc.com', 'Eevee', 'Parasect', 'HR', 1);
INSERT INTO user VALUES (974, 'GRAVELERC.2608', 'clefairy.graveler@icbc.com', 'Clefairy', 'Graveler', 'Customer Service', 1);
INSERT INTO user VALUES (975, 'TAUROSM.1438', 'metapod.tauros@icbc.com', 'Metapod', 'Tauros', 'Management', 1);
INSERT INTO user VALUES (976, 'JOLTEONP.1629', 'pidgey.jolteon@icbc.com', 'Pidgey', 'Jolteon', 'Management', 1);
INSERT INTO user VALUES (977, 'MCRATICATET.801', 'tentacruel.mcraticate@icbc.com', 'Tentacruel', 'McRaticate', 'Finance', 1);
INSERT INTO user VALUES (978, 'SEAKINGC.204', 'cloyster.seaking@icbc.com', 'Cloyster', 'Seaking', 'Finance', 1);
INSERT INTO user VALUES (979, 'DRAGONAIRV.1209', 'vileplume.dragonair@icbc.com', 'Vileplume', 'Dragonair', 'Customer Service', 1);
INSERT INTO user VALUES (980, 'HORSEAC.4152', 'caterpie.horsea@icbc.com', 'Caterpie', 'Horsea', 'HR', 1);
INSERT INTO user VALUES (981, 'SHELLDERO.3036', 'omanyte.shellder@icbc.com', 'Omanyte', 'Shellder', 'IT', 1);
INSERT INTO user VALUES (982, 'SANDSHREWH.155', 'hypno.sandshrew@icbc.com', 'Hypno', 'Sandshrew', 'HR', 1);
INSERT INTO user VALUES (983, 'GOLDEENH.415', 'hitmonchan.goldeen@icbc.com', 'Hitmonchan', 'Goldeen', 'HR', 1);
INSERT INTO user VALUES (984, 'NIDORANA.2430', 'articuno.nidoran@icbc.com', 'Articuno', 'Nidoran', 'Marketing', 1);
INSERT INTO user VALUES (985, 'EXEGGCUTEC.2827', 'cubone.exeggcute@icbc.com', 'Cubone', 'Exeggcute', 'HR', 1);
INSERT INTO user VALUES (986, 'MCMEWK.4624', 'kabuto.mcmew@icbc.com', 'Kabuto', 'McMew', 'Marketing', 1);
INSERT INTO user VALUES (987, 'VICTREEBELS.105', 'shellder.victreebel@icbc.com', 'Shellder', 'Victreebel', 'Customer Service', 1);
INSERT INTO user VALUES (988, 'PORYGONN.3386', 'nidorina.porygon@icbc.com', 'Nidorina', 'Porygon', 'IT', 1);
INSERT INTO user VALUES (989, 'GOLDUCKT.3315', 'tangela.golduck@icbc.com', 'Tangela', 'Golduck', 'Management', 1);
INSERT INTO user VALUES (990, 'GYARADOSJ.546', 'jigglypuff.gyarados@icbc.com', 'Jigglypuff', 'Gyarados', 'Customer Service', 1);
INSERT INTO user VALUES (991, 'WARTORTLES.432', 'slowpoke.wartortle@icbc.com', 'Slowpoke', 'Wartortle', 'Finance', 1);
INSERT INTO user VALUES (992, 'VAPOREONS.2603', 'seel.vaporeon@icbc.com', 'Seel', 'Vaporeon', 'Management', 1);
INSERT INTO user VALUES (993, 'RAPIDASHV.3731', 'vulpix.rapidash@icbc.com', 'Vulpix', 'Rapidash', 'Marketing', 1);
INSERT INTO user VALUES (994, 'MAGNEMITEN.2522', 'nidoran.magnemite16@icbc.com', 'Nidoran', 'Magnemite', 'Customer Service', 1);
INSERT INTO user VALUES (995, 'RATICATEW.3560', 'wigglytuff.raticate@icbc.com', 'Wigglytuff', 'Raticate', 'Finance', 1);
INSERT INTO user VALUES (996, 'MCFLAREONV.2857', 'venusaur.mcflareon@icbc.com', 'Venusaur', 'McFlareon', 'HR', 1);
INSERT INTO user VALUES (997, 'ZAPDOSM.4419', 'muk.zapdos@icbc.com', 'Muk', 'Zapdos', 'IT', 1);
INSERT INTO user VALUES (998, 'DRAGONAIRP.2775', 'poliwrath.dragonair17@icbc.com', 'Poliwrath', 'Dragonair', 'Finance', 1);
INSERT INTO user VALUES (999, 'FLAREONH.2572', 'hitmonlee.flareon@icbc.com', 'Hitmonlee', 'Flareon', 'HR', 1);
INSERT INTO user VALUES (1000, 'MCKRABBYS.1731', 'seadra.mckrabby@icbc.com', 'Seadra', 'McKrabby', 'HR', 1);
INSERT INTO user VALUES (1001, 'GOLBATR.3625', 'raticate.golbat@icbc.com', 'Raticate', 'Golbat', 'HR', 1);
INSERT INTO user VALUES (1002, 'RATICATES.3336', 'slowpoke.raticate@icbc.com', 'Slowpoke', 'Raticate', 'Management', 1);
INSERT INTO user VALUES (1003, 'GRAVELERD.4215', 'ditto.graveler@icbc.com', 'Ditto', 'Graveler', 'Customer Service', 1);
INSERT INTO user VALUES (1004, 'MCWEEDLEJ.124', 'jynx.mcweedle@icbc.com', 'Jynx', 'McWeedle', 'HR', 1);
INSERT INTO user VALUES (1005, 'SEADRAM.426', 'metapod.seadra@icbc.com', 'Metapod', 'Seadra', 'HR', 1);
INSERT INTO user VALUES (1006, 'MCSCYTHERS.910', 'seaking.mcscyther@icbc.com', 'Seaking', 'McScyther', 'IT', 1);
INSERT INTO user VALUES (1007, 'PARASECTE.1849', 'exeggutor.parasect@icbc.com', 'Exeggutor', 'Parasect', 'IT', 1);
INSERT INTO user VALUES (1008, 'VAPOREONM.4601', 'magikarp.vaporeon@icbc.com', 'Magikarp', 'Vaporeon', 'HR', 1);
INSERT INTO user VALUES (1009, 'DODUOC.2816', 'chansey.doduo@icbc.com', 'Chansey', 'Doduo', 'Finance', 1);
INSERT INTO user VALUES (1010, 'MCCHARIZARDM.1176', 'mr. mime.mccharizard@icbc.com', 'Mr. Mime', 'McCharizard', 'Marketing', 1);
INSERT INTO user VALUES (1011, 'ONIXG.342', 'gastly.onix@icbc.com', 'Gastly', 'Onix', 'Finance', 1);
INSERT INTO user VALUES (1012, 'GROWLITHEZ.916', 'zubat.growlithe@icbc.com', 'Zubat', 'Growlithe', 'Marketing', 1);
INSERT INTO user VALUES (1013, 'SANDSLASHC.622', 'charizard.sandslash@icbc.com', 'Charizard', 'Sandslash', 'Management', 1);
INSERT INTO user VALUES (1014, 'PIKACHUM.2110', 'marowak.pikachu@icbc.com', 'Marowak', 'Pikachu', 'Management', 1);
INSERT INTO user VALUES (1015, 'KRABBYW.4618', 'weedle.krabby@icbc.com', 'Weedle', 'Krabby', 'Marketing', 1);
INSERT INTO user VALUES (1016, 'MCNIDORANP.3074', 'poliwhirl.mcnidoran@icbc.com', 'Poliwhirl', 'McNidoran', 'IT', 1);
INSERT INTO user VALUES (1017, 'PRIMEAPEZ.215', 'zubat.primeape@icbc.com', 'Zubat', 'Primeape', 'HR', 1);
INSERT INTO user VALUES (1018, 'EXEGGUTORP.913', 'poliwrath.exeggutor@icbc.com', 'Poliwrath', 'Exeggutor', 'HR', 1);
INSERT INTO user VALUES (1019, 'MCDEWGONGC.3762', 'cloyster.mcdewgong@icbc.com', 'Cloyster', 'McDewgong', 'Management', 1);
INSERT INTO user VALUES (1020, 'KAKUNAI.4517', 'ivysaur.kakuna@icbc.com', 'Ivysaur', 'Kakuna', 'Management', 1);
INSERT INTO user VALUES (1021, 'CATERPIEM.109', 'muk.caterpie@icbc.com', 'Muk', 'Caterpie', 'Finance', 1);
INSERT INTO user VALUES (1022, 'METAPODG.3013', 'golem.metapod@icbc.com', 'Golem', 'Metapod', 'Management', 1);
INSERT INTO user VALUES (1023, 'DEWGONGZ.4218', 'zubat.dewgong@icbc.com', 'Zubat', 'Dewgong', 'HR', 1);
INSERT INTO user VALUES (1024, 'RHYDONH.1224', 'horsea.rhydon@icbc.com', 'Horsea', 'Rhydon', 'Customer Service', 1);
INSERT INTO user VALUES (1025, 'GLOOMD.2527', 'dragonite.gloom@icbc.com', 'Dragonite', 'Gloom', 'Marketing', 1);
INSERT INTO user VALUES (1026, 'POLIWHIRLD.700', 'drowzee.poliwhirl@icbc.com', 'Drowzee', 'Poliwhirl', 'Finance', 1);
INSERT INTO user VALUES (1027, 'DUGTRIOP.167', 'pinsir.dugtrio@icbc.com', 'Pinsir', 'Dugtrio', 'Customer Service', 1);
INSERT INTO user VALUES (1028, 'MEWTWOC.2736', 'caterpie.mewtwo@icbc.com', 'Caterpie', 'Mewtwo', 'Customer Service', 1);
INSERT INTO user VALUES (1029, 'STARYUW.3146', 'weepinbell.staryu@icbc.com', 'Weepinbell', 'Staryu', 'Customer Service', 1);
INSERT INTO user VALUES (1030, 'KRABBYJ.4111', 'jigglypuff.krabby@icbc.com', 'Jigglypuff', 'Krabby', 'Customer Service', 1);
INSERT INTO user VALUES (1031, 'ELECTRODER.2443', 'rapidash.electrode@icbc.com', 'Rapidash', 'Electrode', 'Finance', 1);
INSERT INTO user VALUES (1032, 'DODRIOM.1516', 'mew.dodrio@icbc.com', 'Mew', 'Dodrio', 'Finance', 1);
INSERT INTO user VALUES (1033, 'RATICATEL.882', 'lickitung.raticate@icbc.com', 'Lickitung', 'Raticate', 'Management', 1);
INSERT INTO user VALUES (1034, 'MCZAPDOSV.1021', 'venusaur.mczapdos@icbc.com', 'Venusaur', 'McZapdos', 'Customer Service', 1);
INSERT INTO user VALUES (1035, 'MUKD.1760', 'dratini.muk@icbc.com', 'Dratini', 'Muk', 'Marketing', 1);
INSERT INTO user VALUES (1036, 'MCCHARIZARDG.3830', 'goldeen.mccharizard@icbc.com', 'Goldeen', 'McCharizard', 'Marketing', 1);
INSERT INTO user VALUES (1037, 'PRIMEAPED.2150', 'dewgong.primeape@icbc.com', 'Dewgong', 'Primeape', 'Management', 1);
INSERT INTO user VALUES (1038, 'VENUSAURO.686', 'omanyte.venusaur@icbc.com', 'Omanyte', 'Venusaur', 'IT', 1);
INSERT INTO user VALUES (1039, 'PONYTAP.1751', 'paras.ponyta@icbc.com', 'Paras', 'Ponyta', 'Customer Service', 1);
INSERT INTO user VALUES (1040, 'BEEDRILLH.2927', 'hitmonlee.beedrill@icbc.com', 'Hitmonlee', 'Beedrill', 'HR', 1);
INSERT INTO user VALUES (1041, 'NIDORANA.2297', 'aerodactyl.nidoran@icbc.com', 'Aerodactyl', 'Nidoran', 'IT', 1);
INSERT INTO user VALUES (1042, 'POLIWHIRLV.3229', 'voltorb.poliwhirl@icbc.com', 'Voltorb', 'Poliwhirl', 'Customer Service', 1);
INSERT INTO user VALUES (1043, 'ONIXL.721', 'lapras.onix@icbc.com', 'Lapras', 'Onix', 'HR', 1);
INSERT INTO user VALUES (1044, 'MCKAKUNAH.2781', 'hitmonlee.mckakuna@icbc.com', 'Hitmonlee', 'McKakuna', 'Management', 1);
INSERT INTO user VALUES (1045, 'BEEDRILLG.4200', 'goldeen.beedrill@icbc.com', 'Goldeen', 'Beedrill', 'Customer Service', 1);
INSERT INTO user VALUES (1046, 'SNORLAXP.3322', 'pidgeot.snorlax@icbc.com', 'Pidgeot', 'Snorlax', 'Management', 1);
INSERT INTO user VALUES (1047, 'MCGOLDUCKP.4891', 'poliwrath.mcgolduck@icbc.com', 'Poliwrath', 'McGolduck', 'Customer Service', 1);
INSERT INTO user VALUES (1048, 'PARASM.3293', 'muk.paras@icbc.com', 'Muk', 'Paras', 'Finance', 1);
INSERT INTO user VALUES (1049, 'DRAGONAIRD.3404', 'diglett.dragonair18@icbc.com', 'Diglett', 'Dragonair', 'IT', 1);
INSERT INTO user VALUES (1050, 'IVYSAURT.2504', 'tangela.ivysaur@icbc.com', 'Tangela', 'Ivysaur', 'Marketing', 1);
INSERT INTO user VALUES (1051, 'JIGGLYPUFFV.3785', 'victreebel.jigglypuff@icbc.com', 'Victreebel', 'Jigglypuff', 'Marketing', 1);
INSERT INTO user VALUES (1052, 'NINETALESS.4357', 'seaking.ninetales@icbc.com', 'Seaking', 'Ninetales', 'Marketing', 1);
INSERT INTO user VALUES (1053, 'GOLDUCKF.1665', 'fearow.golduck@icbc.com', 'Fearow', 'Golduck', 'HR', 1);
INSERT INTO user VALUES (1054, 'DROWZEER.4424', 'rhyhorn.drowzee@icbc.com', 'Rhyhorn', 'Drowzee', 'Customer Service', 1);
INSERT INTO user VALUES (1055, 'EXEGGUTORK.610', 'krabby.exeggutor@icbc.com', 'Krabby', 'Exeggutor', 'Finance', 1);
INSERT INTO user VALUES (1056, 'HITMONCHANN.3869', 'nidorina.hitmonchan19@icbc.com', 'Nidorina', 'Hitmonchan', 'Customer Service', 1);
INSERT INTO user VALUES (1057, 'GRIMERK.4658', 'kabutops.grimer@icbc.com', 'Kabutops', 'Grimer', 'IT', 1);
INSERT INTO user VALUES (1058, 'MAGMARK.2986', 'krabby.magmar@icbc.com', 'Krabby', 'Magmar', 'IT', 1);
INSERT INTO user VALUES (1059, 'KABUTOPSD.4354', 'dragonair.kabutops@icbc.com', 'Dragonair', 'Kabutops', 'Management', 1);
INSERT INTO user VALUES (1060, 'HITMONCHANP.4646', 'porygon.hitmonchan@icbc.com', 'Porygon', 'Hitmonchan', 'IT', 1);
INSERT INTO user VALUES (1061, 'SNORLAXC.1472', 'caterpie.snorlax@icbc.com', 'Caterpie', 'Snorlax', 'Management', 1);
INSERT INTO user VALUES (1062, 'GOLEMO.1518', 'onix.golem@icbc.com', 'Onix', 'Golem', 'Finance', 1);
INSERT INTO user VALUES (1063, 'WIGGLYTUFFM.4820', 'mew.wigglytuff@icbc.com', 'Mew', 'Wigglytuff', 'Finance', 1);
INSERT INTO user VALUES (1064, 'JYNXK.2380', 'kangaskhan.jynx@icbc.com', 'Kangaskhan', 'Jynx', 'Management', 1);
INSERT INTO user VALUES (1065, 'NIDORINAC.4814', 'cloyster.nidorina@icbc.com', 'Cloyster', 'Nidorina', 'Management', 1);
INSERT INTO user VALUES (1066, 'DRATINIS.4798', 'sandslash.dratini@icbc.com', 'Sandslash', 'Dratini', 'IT', 1);
INSERT INTO user VALUES (1067, 'OMANYTEM.4940', 'machoke.omanyte@icbc.com', 'Machoke', 'Omanyte', 'Management', 1);
INSERT INTO user VALUES (1068, 'ZAPDOSC.3162', 'charmeleon.zapdos@icbc.com', 'Charmeleon', 'Zapdos', 'HR', 1);
INSERT INTO user VALUES (1069, 'MACHOKED.4674', 'ditto.machoke@icbc.com', 'Ditto', 'Machoke', 'IT', 1);
INSERT INTO user VALUES (1070, 'MCGLOOMP.3746', 'poliwrath.mcgloom@icbc.com', 'Poliwrath', 'McGloom', 'Marketing', 1);
INSERT INTO user VALUES (1071, 'MAGNEMITEM.4481', 'magmar.magnemite@icbc.com', 'Magmar', 'Magnemite', 'Finance', 1);
INSERT INTO user VALUES (1072, 'FEAROWK.4330', 'kadabra.fearow@icbc.com', 'Kadabra', 'Fearow', 'HR', 1);
INSERT INTO user VALUES (1073, 'GASTLYP.3102', 'porygon.gastly@icbc.com', 'Porygon', 'Gastly', 'HR', 1);
INSERT INTO user VALUES (1074, 'GLOOMG.3907', 'gyarados.gloom@icbc.com', 'Gyarados', 'Gloom', 'Marketing', 1);
INSERT INTO user VALUES (1075, 'HORSEAD.2258', 'dratini.horsea@icbc.com', 'Dratini', 'Horsea', 'IT', 1);
INSERT INTO user VALUES (1076, 'FARFETCHDG.1192', 'gastly.farfetchd@icbc.com', 'Gastly', 'Farfetchd', 'HR', 1);
INSERT INTO user VALUES (1077, 'RATICATEC.1673', 'charmander.raticate@icbc.com', 'Charmander', 'Raticate', 'Customer Service', 1);
INSERT INTO user VALUES (1078, 'NIDORANV.4125', 'vulpix.nidoran@icbc.com', 'Vulpix', 'Nidoran', 'Marketing', 1);
INSERT INTO user VALUES (1079, 'DUGTRIOA.1004', 'arcanine.dugtrio@icbc.com', 'Arcanine', 'Dugtrio', 'Management', 1);
INSERT INTO user VALUES (1080, 'PRIMEAPES.2109', 'snorlax.primeape@icbc.com', 'Snorlax', 'Primeape', 'HR', 1);
INSERT INTO user VALUES (1081, 'HORSEAD.403', 'dratini.horsea20@icbc.com', 'Dratini', 'Horsea', 'Management', 1);
INSERT INTO user VALUES (1082, 'RAPIDASHS.2817', 'seel.rapidash@icbc.com', 'Seel', 'Rapidash', 'IT', 1);
INSERT INTO user VALUES (1083, 'SQUIRTLES.3267', 'sandslash.squirtle@icbc.com', 'Sandslash', 'Squirtle', 'Marketing', 1);
INSERT INTO user VALUES (1084, 'ALAKAZAMW.109', 'weedle.alakazam@icbc.com', 'Weedle', 'Alakazam', 'Marketing', 1);
INSERT INTO user VALUES (1085, 'CUBONEP.1869', 'pidgey.cubone@icbc.com', 'Pidgey', 'Cubone', 'Management', 1);
INSERT INTO user VALUES (1086, 'NIDORINOP.3163', 'psyduck.nidorino@icbc.com', 'Psyduck', 'Nidorino', 'Customer Service', 1);
INSERT INTO user VALUES (1087, 'EXEGGUTORG.705', 'goldeen.exeggutor@icbc.com', 'Goldeen', 'Exeggutor', 'Customer Service', 1);
INSERT INTO user VALUES (1088, 'PIDGEOTM.116', 'marowak.pidgeot@icbc.com', 'Marowak', 'Pidgeot', 'Marketing', 1);
INSERT INTO user VALUES (1089, 'TENTACRUELS.3228', 'seadra.tentacruel@icbc.com', 'Seadra', 'Tentacruel', 'Customer Service', 1);
INSERT INTO user VALUES (1090, 'BULBASAURH.2959', 'hitmonlee.bulbasaur@icbc.com', 'Hitmonlee', 'Bulbasaur', 'Management', 1);
INSERT INTO user VALUES (1091, 'SEELW.1553', 'weedle.seel@icbc.com', 'Weedle', 'Seel', 'Management', 1);
INSERT INTO user VALUES (1092, 'POLIWHIRLN.4362', 'nidoran.poliwhirl@icbc.com', 'Nidoran', 'Poliwhirl', 'Management', 1);
INSERT INTO user VALUES (1093, 'KINGLERG.931', 'gengar.kingler@icbc.com', 'Gengar', 'Kingler', 'Management', 1);
INSERT INTO user VALUES (1094, 'IVYSAURN.3551', 'nidorino.ivysaur@icbc.com', 'Nidorino', 'Ivysaur', 'Management', 1);
INSERT INTO user VALUES (1095, 'GRAVELERC.2620', 'cubone.graveler@icbc.com', 'Cubone', 'Graveler', 'HR', 1);
INSERT INTO user VALUES (1096, 'STARYUK.4658', 'kabuto.staryu@icbc.com', 'Kabuto', 'Staryu', 'Finance', 1);
INSERT INTO user VALUES (1097, 'MAGIKARPV.648', 'venusaur.magikarp@icbc.com', 'Venusaur', 'Magikarp', 'Finance', 1);
INSERT INTO user VALUES (1098, 'VULPIXD.2216', 'drowzee.vulpix21@icbc.com', 'Drowzee', 'Vulpix', 'Finance', 1);
INSERT INTO user VALUES (1099, 'MEWTWOH.1567', 'haunter.mewtwo@icbc.com', 'Haunter', 'Mewtwo', 'HR', 1);
INSERT INTO user VALUES (1100, 'MEWTWON.3515', 'nidorina.mewtwo@icbc.com', 'Nidorina', 'Mewtwo', 'IT', 1);
INSERT INTO user VALUES (1101, 'BULBASAURZ.2438', 'zubat.bulbasaur@icbc.com', 'Zubat', 'Bulbasaur', 'IT', 1);
INSERT INTO user VALUES (1102, 'GOLBATP.4602', 'poliwhirl.golbat@icbc.com', 'Poliwhirl', 'Golbat', 'Finance', 1);
INSERT INTO user VALUES (1103, 'LICKITUNGM.3055', 'moltres.lickitung@icbc.com', 'Moltres', 'Lickitung', 'Marketing', 1);
INSERT INTO user VALUES (1104, 'TAUROSG.1005', 'gastly.tauros@icbc.com', 'Gastly', 'Tauros', 'Management', 1);
INSERT INTO user VALUES (1105, 'LICKITUNGC.3994', 'cloyster.lickitung@icbc.com', 'Cloyster', 'Lickitung', 'Customer Service', 1);
INSERT INTO user VALUES (1106, 'GEODUDED.1230', 'dratini.geodude@icbc.com', 'Dratini', 'Geodude', 'Customer Service', 1);
INSERT INTO user VALUES (1107, 'FARFETCHDS.2589', 'seadra.farfetchd@icbc.com', 'Seadra', 'Farfetchd', 'Customer Service', 1);
INSERT INTO user VALUES (1108, 'BUTTERFREES.4496', 'seadra.butterfree@icbc.com', 'Seadra', 'Butterfree', 'IT', 1);
INSERT INTO user VALUES (1109, 'RATTATAK.666', 'kabutops.rattata@icbc.com', 'Kabutops', 'Rattata', 'HR', 1);
INSERT INTO user VALUES (1110, 'RAPIDASHR.3361', 'raichu.rapidash@icbc.com', 'Raichu', 'Rapidash', 'IT', 1);
INSERT INTO user VALUES (1111, 'PINSIRT.1909', 'tangela.pinsir@icbc.com', 'Tangela', 'Pinsir', 'HR', 1);
INSERT INTO user VALUES (1112, 'SEAKINGV.4915', 'vileplume.seaking@icbc.com', 'Vileplume', 'Seaking', 'HR', 1);
INSERT INTO user VALUES (1113, 'FLAREONA.4607', 'abra.flareon22@icbc.com', 'Abra', 'Flareon', 'Marketing', 1);
INSERT INTO user VALUES (1114, 'SQUIRTLEG.3797', 'gloom.squirtle@icbc.com', 'Gloom', 'Squirtle', 'HR', 1);
INSERT INTO user VALUES (1115, 'JIGGLYPUFFS.1438', 'sandslash.jigglypuff@icbc.com', 'Sandslash', 'Jigglypuff', 'Marketing', 1);
INSERT INTO user VALUES (1116, 'KAKUNAG.1582', 'growlithe.kakuna@icbc.com', 'Growlithe', 'Kakuna', 'IT', 1);
INSERT INTO user VALUES (1117, 'MOLTRESV.2559', 'venusaur.moltres@icbc.com', 'Venusaur', 'Moltres', 'IT', 1);
INSERT INTO user VALUES (1118, 'SEAKINGS.1864', 'squirtle.seaking@icbc.com', 'Squirtle', 'Seaking', 'HR', 1);
INSERT INTO user VALUES (1119, 'GASTLYK.389', 'kingler.gastly@icbc.com', 'Kingler', 'Gastly', 'HR', 1);
INSERT INTO user VALUES (1120, 'MEWF.2754', 'flareon.mew@icbc.com', 'Flareon', 'Mew', 'IT', 1);
INSERT INTO user VALUES (1121, 'CHARIZARDO.2286', 'oddish.charizard@icbc.com', 'Oddish', 'Charizard', 'IT', 1);
INSERT INTO user VALUES (1122, 'FEAROWP.4093', 'parasect.fearow@icbc.com', 'Parasect', 'Fearow', 'Marketing', 1);
INSERT INTO user VALUES (1123, 'RHYHORNP.4622', 'poliwrath.rhyhorn@icbc.com', 'Poliwrath', 'Rhyhorn', 'Management', 1);
INSERT INTO user VALUES (1124, 'PONYTAK.4364', 'krabby.ponyta@icbc.com', 'Krabby', 'Ponyta', 'HR', 1);
INSERT INTO user VALUES (1125, 'MACHOPH.4476', 'horsea.machop@icbc.com', 'Horsea', 'Machop', 'Finance', 1);
INSERT INTO user VALUES (1126, 'MCSTARMIEG.1905', 'gastly.mcstarmie@icbc.com', 'Gastly', 'McStarmie', 'HR', 1);
INSERT INTO user VALUES (1127, 'DODUOC.3843', 'caterpie.doduo@icbc.com', 'Caterpie', 'Doduo', 'HR', 1);
INSERT INTO user VALUES (1128, 'MCSTARMIEL.2291', 'lapras.mcstarmie@icbc.com', 'Lapras', 'McStarmie', 'HR', 1);
INSERT INTO user VALUES (1129, 'PIDGEOTK.72', 'kabuto.pidgeot@icbc.com', 'Kabuto', 'Pidgeot', 'Marketing', 1);
INSERT INTO user VALUES (1130, 'CHANSEYG.1926', 'goldeen.chansey@icbc.com', 'Goldeen', 'Chansey', 'Management', 1);
INSERT INTO user VALUES (1131, 'PINSIRK.1573', 'kingler.pinsir@icbc.com', 'Kingler', 'Pinsir', 'Customer Service', 1);
INSERT INTO user VALUES (1132, 'ARTICUNOG.835', 'growlithe.articuno@icbc.com', 'Growlithe', 'Articuno', 'Marketing', 1);
INSERT INTO user VALUES (1133, 'GRAVELERE.1707', 'electabuzz.graveler@icbc.com', 'Electabuzz', 'Graveler', 'Customer Service', 1);
INSERT INTO user VALUES (1134, 'KADABRAC.150', 'cubone.kadabra@icbc.com', 'Cubone', 'Kadabra', 'HR', 1);
INSERT INTO user VALUES (1135, 'BEEDRILLH.1078', 'horsea.beedrill@icbc.com', 'Horsea', 'Beedrill', 'Management', 1);
INSERT INTO user VALUES (1136, 'ELECTRODED.1347', 'ditto.electrode@icbc.com', 'Ditto', 'Electrode', 'HR', 1);
INSERT INTO user VALUES (1137, 'CHARMELEONH.4344', 'hitmonchan.charmeleon@icbc.com', 'Hitmonchan', 'Charmeleon', 'Customer Service', 1);
INSERT INTO user VALUES (1138, 'GENGARM.3120', 'magikarp.gengar@icbc.com', 'Magikarp', 'Gengar', 'Finance', 1);
INSERT INTO user VALUES (1139, 'ABRAC.1643', 'cubone.abra@icbc.com', 'Cubone', 'Abra', 'Customer Service', 1);
INSERT INTO user VALUES (1140, 'CLOYSTERS.1578', 'squirtle.cloyster@icbc.com', 'Squirtle', 'Cloyster', 'HR', 1);
INSERT INTO user VALUES (1141, 'IVYSAURG.4851', 'gyarados.ivysaur@icbc.com', 'Gyarados', 'Ivysaur', 'Marketing', 1);
INSERT INTO user VALUES (1142, 'MCNIDORINAD.2278', 'ditto.mcnidorina@icbc.com', 'Ditto', 'McNidorina', 'HR', 1);
INSERT INTO user VALUES (1143, 'ODDISHZ.2061', 'zubat.oddish@icbc.com', 'Zubat', 'Oddish', 'Customer Service', 1);
INSERT INTO user VALUES (1144, 'SEELS.2217', 'starmie.seel@icbc.com', 'Starmie', 'Seel', 'Finance', 1);
INSERT INTO user VALUES (1145, 'PERSIANG.2068', 'gengar.persian@icbc.com', 'Gengar', 'Persian', 'Management', 1);
INSERT INTO user VALUES (1146, 'VAPOREONC.3514', 'clefable.vaporeon@icbc.com', 'Clefable', 'Vaporeon', 'IT', 1);
INSERT INTO user VALUES (1147, 'PIDGEOTTOS.4466', 'shellder.pidgeotto@icbc.com', 'Shellder', 'Pidgeotto', 'IT', 1);
INSERT INTO user VALUES (1148, 'NIDORINOC.4265', 'charmeleon.nidorino@icbc.com', 'Charmeleon', 'Nidorino', 'Customer Service', 1);
INSERT INTO user VALUES (1149, 'DROWZEEV.1240', 'venomoth.drowzee@icbc.com', 'Venomoth', 'Drowzee', 'Customer Service', 1);
INSERT INTO user VALUES (1150, 'PORYGONG.1809', 'golbat.porygon@icbc.com', 'Golbat', 'Porygon', 'Management', 1);
INSERT INTO user VALUES (1151, 'NIDOKINGS.2679', 'starmie.nidoking@icbc.com', 'Starmie', 'Nidoking', 'Management', 1);
INSERT INTO user VALUES (1152, 'MACHOPS.4426', 'sandshrew.machop@icbc.com', 'Sandshrew', 'Machop', 'HR', 1);
INSERT INTO user VALUES (1153, 'SEELG.1178', 'golbat.seel@icbc.com', 'Golbat', 'Seel', 'Finance', 1);
INSERT INTO user VALUES (1154, 'NIDOQUEENL.3935', 'lickitung.nidoqueen@icbc.com', 'Lickitung', 'Nidoqueen', 'Finance', 1);
INSERT INTO user VALUES (1155, 'SQUIRTLET.3473', 'tauros.squirtle@icbc.com', 'Tauros', 'Squirtle', 'Finance', 1);
INSERT INTO user VALUES (1156, 'SEAKINGW.432', 'wigglytuff.seaking@icbc.com', 'Wigglytuff', 'Seaking', 'Marketing', 1);
INSERT INTO user VALUES (1157, 'PARASS.3844', 'seadra.paras23@icbc.com', 'Seadra', 'Paras', 'Marketing', 1);
INSERT INTO user VALUES (1158, 'MCGOLDUCKS.3441', 'staryu.mcgolduck@icbc.com', 'Staryu', 'McGolduck', 'Marketing', 1);
INSERT INTO user VALUES (1159, 'GROWLITHEP.4952', 'poliwhirl.growlithe@icbc.com', 'Poliwhirl', 'Growlithe', 'Management', 1);
INSERT INTO user VALUES (1160, 'MCDODUOA.4774', 'arbok.mcdoduo@icbc.com', 'Arbok', 'McDoduo', 'Management', 1);
INSERT INTO user VALUES (1161, 'GOLDUCKA.2909', 'abra.golduck@icbc.com', 'Abra', 'Golduck', 'Finance', 1);
INSERT INTO user VALUES (1162, 'SPEAROWP.4015', 'pidgeotto.spearow@icbc.com', 'Pidgeotto', 'Spearow', 'Marketing', 1);
INSERT INTO user VALUES (1163, 'KADABRAN.3589', 'nidoran.kadabra@icbc.com', 'Nidoran', 'Kadabra', 'IT', 1);
INSERT INTO user VALUES (1164, 'MCABRAR.2246', 'rhyhorn.mcabra@icbc.com', 'Rhyhorn', 'McAbra', 'Customer Service', 1);
INSERT INTO user VALUES (1165, 'NIDORINOM.4830', 'magikarp.nidorino@icbc.com', 'Magikarp', 'Nidorino', 'Management', 1);
INSERT INTO user VALUES (1166, 'CHARIZARDD.1010', 'drowzee.charizard@icbc.com', 'Drowzee', 'Charizard', 'IT', 1);
INSERT INTO user VALUES (1167, 'VENONATG.1457', 'golem.venonat@icbc.com', 'Golem', 'Venonat', 'HR', 1);
INSERT INTO user VALUES (1168, 'GROWLITHER.1143', 'raichu.growlithe@icbc.com', 'Raichu', 'Growlithe', 'Management', 1);
INSERT INTO user VALUES (1169, 'PORYGONN.2440', 'nidorina.porygon24@icbc.com', 'Nidorina', 'Porygon', 'Management', 1);
INSERT INTO user VALUES (1170, 'DROWZEEV.1741', 'vileplume.drowzee@icbc.com', 'Vileplume', 'Drowzee', 'HR', 1);
INSERT INTO user VALUES (1171, 'SPEAROWG.827', 'grimer.spearow@icbc.com', 'Grimer', 'Spearow', 'Customer Service', 1);
INSERT INTO user VALUES (1172, 'VAPOREONG.2043', 'gastly.vaporeon@icbc.com', 'Gastly', 'Vaporeon', 'HR', 1);
INSERT INTO user VALUES (1173, 'MOLTRESD.90', 'dodrio.moltres@icbc.com', 'Dodrio', 'Moltres', 'Marketing', 1);
INSERT INTO user VALUES (1174, 'LAPRASV.4878', 'venomoth.lapras@icbc.com', 'Venomoth', 'Lapras', 'IT', 1);
INSERT INTO user VALUES (1175, 'MCPINSIRS.2161', 'staryu.mcpinsir@icbc.com', 'Staryu', 'McPinsir', 'HR', 1);
INSERT INTO user VALUES (1176, 'MCDEWGONGM.4484', 'magneton.mcdewgong@icbc.com', 'Magneton', 'McDewgong', 'Management', 1);
INSERT INTO user VALUES (1177, 'IVYSAURK.278', 'kingler.ivysaur@icbc.com', 'Kingler', 'Ivysaur', 'HR', 1);
INSERT INTO user VALUES (1178, 'MACHAMPV.163', 'vileplume.machamp@icbc.com', 'Vileplume', 'Machamp', 'HR', 1);
INSERT INTO user VALUES (1179, 'KRABBYM.1492', 'magnemite.krabby@icbc.com', 'Magnemite', 'Krabby', 'IT', 1);
INSERT INTO user VALUES (1180, 'POLIWAGW.971', 'wartortle.poliwag@icbc.com', 'Wartortle', 'Poliwag', 'Finance', 1);
INSERT INTO user VALUES (1181, 'NIDORINAG.4978', 'growlithe.nidorina@icbc.com', 'Growlithe', 'Nidorina', 'IT', 1);
INSERT INTO user VALUES (1182, 'CHARMELEONP.1023', 'poliwag.charmeleon@icbc.com', 'Poliwag', 'Charmeleon', 'Customer Service', 1);
INSERT INTO user VALUES (1183, 'SEAKINGN.1538', 'nidorina.seaking@icbc.com', 'Nidorina', 'Seaking', 'IT', 1);
INSERT INTO user VALUES (1184, 'ONIXH.3836', 'horsea.onix@icbc.com', 'Horsea', 'Onix', 'IT', 1);
INSERT INTO user VALUES (1185, 'MCKABUTOW.2916', 'weedle.mckabuto@icbc.com', 'Weedle', 'McKabuto', 'Customer Service', 1);
INSERT INTO user VALUES (1186, 'STARMIEJ.2920', 'jolteon.starmie@icbc.com', 'Jolteon', 'Starmie', 'Management', 1);
INSERT INTO user VALUES (1187, 'MAGNEMITED.3193', 'dewgong.magnemite@icbc.com', 'Dewgong', 'Magnemite', 'Management', 1);
INSERT INTO user VALUES (1188, 'DRATINIS.2433', 'seel.dratini@icbc.com', 'Seel', 'Dratini', 'Finance', 1);
INSERT INTO user VALUES (1189, 'MCMEOWTHB.3891', 'blastoise.mcmeowth@icbc.com', 'Blastoise', 'McMeowth', 'Management', 1);
INSERT INTO user VALUES (1190, 'STARYUA.4181', 'arcanine.staryu@icbc.com', 'Arcanine', 'Staryu', 'Customer Service', 1);
INSERT INTO user VALUES (1191, 'HITMONCHANP.1992', 'porygon.hitmonchan25@icbc.com', 'Porygon', 'Hitmonchan', 'Marketing', 1);
INSERT INTO user VALUES (1192, 'MCODDISHK.1276', 'koffing.mcoddish@icbc.com', 'Koffing', 'McOddish', 'Marketing', 1);
INSERT INTO user VALUES (1193, 'PRIMEAPEP.3818', 'persian.primeape@icbc.com', 'Persian', 'Primeape', 'Finance', 1);
INSERT INTO user VALUES (1194, 'MCMAROWAKM.3614', 'muk.mcmarowak@icbc.com', 'Muk', 'McMarowak', 'Marketing', 1);
INSERT INTO user VALUES (1195, 'SQUIRTLES.2117', 'sandshrew.squirtle@icbc.com', 'Sandshrew', 'Squirtle', 'HR', 1);
INSERT INTO user VALUES (1196, 'GOLEMC.1073', 'charizard.golem@icbc.com', 'Charizard', 'Golem', 'Customer Service', 1);
INSERT INTO user VALUES (1197, 'CHARIZARDM.4351', 'magikarp.charizard@icbc.com', 'Magikarp', 'Charizard', 'HR', 1);
INSERT INTO user VALUES (1198, 'STARMIEH.4199', 'hypno.starmie@icbc.com', 'Hypno', 'Starmie', 'Finance', 1);
INSERT INTO user VALUES (1199, 'VAPOREONG.2058', 'graveler.vaporeon@icbc.com', 'Graveler', 'Vaporeon', 'Marketing', 1);
INSERT INTO user VALUES (1200, 'KRABBYS.1699', 'shellder.krabby@icbc.com', 'Shellder', 'Krabby', 'Finance', 1);
INSERT INTO user VALUES (1201, 'GOLEMN.561', 'nidoqueen.golem@icbc.com', 'Nidoqueen', 'Golem', 'Marketing', 1);
INSERT INTO user VALUES (1202, 'MCHAUNTERN.125', 'nidoran.mchaunter@icbc.com', 'Nidoran', 'McHaunter', 'Marketing', 1);
INSERT INTO user VALUES (1203, 'BUTTERFREEG.581', 'golbat.butterfree@icbc.com', 'Golbat', 'Butterfree', 'Customer Service', 1);
INSERT INTO user VALUES (1204, 'MCFLAREONH.863', 'hypno.mcflareon@icbc.com', 'Hypno', 'McFlareon', 'IT', 1);
INSERT INTO user VALUES (1205, 'FEAROWT.3804', 'tentacruel.fearow@icbc.com', 'Tentacruel', 'Fearow', 'HR', 1);
INSERT INTO user VALUES (1206, 'SEAKINGR.1476', 'rhyhorn.seaking@icbc.com', 'Rhyhorn', 'Seaking', 'Customer Service', 1);
INSERT INTO user VALUES (1207, 'DROWZEEP.1686', 'parasect.drowzee@icbc.com', 'Parasect', 'Drowzee', 'Marketing', 1);
INSERT INTO user VALUES (1208, 'BELLSPROUTS.765', 'slowbro.bellsprout@icbc.com', 'Slowbro', 'Bellsprout', 'Marketing', 1);
INSERT INTO user VALUES (1209, 'SEAKINGP.3152', 'persian.seaking@icbc.com', 'Persian', 'Seaking', 'Management', 1);
INSERT INTO user VALUES (1210, 'MAROWAKL.4854', 'lickitung.marowak@icbc.com', 'Lickitung', 'Marowak', 'Finance', 1);
INSERT INTO user VALUES (1211, 'KANGASKHANK.4412', 'kabuto.kangaskhan@icbc.com', 'Kabuto', 'Kangaskhan', 'Finance', 1);
INSERT INTO user VALUES (1212, 'LICKITUNGK.3943', 'kabuto.lickitung@icbc.com', 'Kabuto', 'Lickitung', 'HR', 1);
INSERT INTO user VALUES (1213, 'GEODUDEK.3803', 'kabutops.geodude@icbc.com', 'Kabutops', 'Geodude', 'HR', 1);
INSERT INTO user VALUES (1214, 'DRATINIG.2797', 'gyarados.dratini@icbc.com', 'Gyarados', 'Dratini', 'Customer Service', 1);
INSERT INTO user VALUES (1215, 'BLASTOISEP.1630', 'pidgeotto.blastoise@icbc.com', 'Pidgeotto', 'Blastoise', 'IT', 1);
INSERT INTO user VALUES (1216, 'MCGLOOMP.329', 'poliwag.mcgloom@icbc.com', 'Poliwag', 'McGloom', 'Finance', 1);
INSERT INTO user VALUES (1217, 'MEOWTHR.2119', 'rapidash.meowth@icbc.com', 'Rapidash', 'Meowth', 'HR', 1);
INSERT INTO user VALUES (1218, 'GROWLITHEG.3902', 'gloom.growlithe@icbc.com', 'Gloom', 'Growlithe', 'Marketing', 1);
INSERT INTO user VALUES (1219, 'VENUSAURO.1035', 'omanyte.venusaur26@icbc.com', 'Omanyte', 'Venusaur', 'Customer Service', 1);
INSERT INTO user VALUES (1220, 'VENOMOTHR.4781', 'rapidash.venomoth@icbc.com', 'Rapidash', 'Venomoth', 'Finance', 1);
INSERT INTO user VALUES (1221, 'POLIWHIRLV.3616', 'voltorb.poliwhirl27@icbc.com', 'Voltorb', 'Poliwhirl', 'IT', 1);
INSERT INTO user VALUES (1222, 'SCYTHERM.3393', 'mewtwo.scyther@icbc.com', 'Mewtwo', 'Scyther', 'IT', 1);
INSERT INTO user VALUES (1223, 'GROWLITHEP.4934', 'poliwhirl.growlithe28@icbc.com', 'Poliwhirl', 'Growlithe', 'Management', 1);
INSERT INTO user VALUES (1224, 'SLOWBROM.874', 'magnemite.slowbro@icbc.com', 'Magnemite', 'Slowbro', 'Management', 1);
INSERT INTO user VALUES (1225, 'WIGGLYTUFFS.231', 'snorlax.wigglytuff@icbc.com', 'Snorlax', 'Wigglytuff', 'HR', 1);
INSERT INTO user VALUES (1226, 'ELECTRODEP.1084', 'pikachu.electrode@icbc.com', 'Pikachu', 'Electrode', 'IT', 1);
INSERT INTO user VALUES (1227, 'SHELLDERS.2237', 'spearow.shellder@icbc.com', 'Spearow', 'Shellder', 'HR', 1);
INSERT INTO user VALUES (1228, 'CHARMANDERD.2349', 'dragonite.charmander@icbc.com', 'Dragonite', 'Charmander', 'HR', 1);
INSERT INTO user VALUES (1229, 'MCPIDGEOTTOE.2792', 'electrode.mcpidgeotto@icbc.com', 'Electrode', 'McPidgeotto', 'Management', 1);
INSERT INTO user VALUES (1230, 'GOLEMS.3039', 'sandslash.golem@icbc.com', 'Sandslash', 'Golem', 'Customer Service', 1);
INSERT INTO user VALUES (1231, 'EXEGGCUTEW.2146', 'weedle.exeggcute@icbc.com', 'Weedle', 'Exeggcute', 'Marketing', 1);
INSERT INTO user VALUES (1232, 'NIDORINAD.3077', 'doduo.nidorina@icbc.com', 'Doduo', 'Nidorina', 'Management', 1);
INSERT INTO user VALUES (1233, 'MCNIDOKINGM.2063', 'magmar.mcnidoking@icbc.com', 'Magmar', 'McNidoking', 'Marketing', 1);
INSERT INTO user VALUES (1234, 'DODUOV.749', 'voltorb.doduo29@icbc.com', 'Voltorb', 'Doduo', 'Customer Service', 1);
INSERT INTO user VALUES (1235, 'MANKEYG.4576', 'gloom.mankey@icbc.com', 'Gloom', 'Mankey', 'Marketing', 1);
INSERT INTO user VALUES (1236, 'EXEGGUTORS.483', 'scyther.exeggutor@icbc.com', 'Scyther', 'Exeggutor', 'IT', 1);
INSERT INTO user VALUES (1237, 'SPEAROWV.1059', 'vulpix.spearow@icbc.com', 'Vulpix', 'Spearow', 'HR', 1);
INSERT INTO user VALUES (1238, 'ONIXC.2461', 'charmander.onix@icbc.com', 'Charmander', 'Onix', 'Management', 1);
INSERT INTO user VALUES (1239, 'VILEPLUMEV.2346', 'voltorb.vileplume@icbc.com', 'Voltorb', 'Vileplume', 'HR', 1);
INSERT INTO user VALUES (1240, 'MEWH.1024', 'hitmonlee.mew@icbc.com', 'Hitmonlee', 'Mew', 'Marketing', 1);
INSERT INTO user VALUES (1241, 'CHARMELEONP.2278', 'persian.charmeleon@icbc.com', 'Persian', 'Charmeleon', 'Management', 1);
INSERT INTO user VALUES (1242, 'RHYHORNR.4777', 'rhydon.rhyhorn30@icbc.com', 'Rhydon', 'Rhyhorn', 'IT', 1);
INSERT INTO user VALUES (1243, 'DUGTRIOO.1884', 'omanyte.dugtrio@icbc.com', 'Omanyte', 'Dugtrio', 'Finance', 1);
INSERT INTO user VALUES (1244, 'GEODUDEG.1145', 'golduck.geodude@icbc.com', 'Golduck', 'Geodude', 'Marketing', 1);
INSERT INTO user VALUES (1245, 'ONIXO.1784', 'oddish.onix@icbc.com', 'Oddish', 'Onix', 'Finance', 1);
INSERT INTO user VALUES (1246, 'PORYGONV.3188', 'venonat.porygon31@icbc.com', 'Venonat', 'Porygon', 'Finance', 1);
INSERT INTO user VALUES (1247, 'DRAGONITEG.1458', 'gloom.dragonite@icbc.com', 'Gloom', 'Dragonite', 'Customer Service', 1);
INSERT INTO user VALUES (1248, 'GOLBATT.4037', 'tentacruel.golbat@icbc.com', 'Tentacruel', 'Golbat', 'Marketing', 1);
INSERT INTO user VALUES (1249, 'ARTICUNOG.3367', 'goldeen.articuno@icbc.com', 'Goldeen', 'Articuno', 'IT', 1);
INSERT INTO user VALUES (1250, 'PSYDUCKK.4014', 'kangaskhan.psyduck@icbc.com', 'Kangaskhan', 'Psyduck', 'Finance', 1);
INSERT INTO user VALUES (1251, 'DITTOW.2434', 'weedle.ditto@icbc.com', 'Weedle', 'Ditto', 'Management', 1);
INSERT INTO user VALUES (1252, 'HITMONCHANP.2196', 'poliwhirl.hitmonchan32@icbc.com', 'Poliwhirl', 'Hitmonchan', 'Management', 1);
INSERT INTO user VALUES (1253, 'ONIXM.1100', 'meowth.onix@icbc.com', 'Meowth', 'Onix', 'Management', 1);
INSERT INTO user VALUES (1254, 'SANDSLASHM.2738', 'machop.sandslash@icbc.com', 'Machop', 'Sandslash', 'Customer Service', 1);
INSERT INTO user VALUES (1255, 'STARYUP.1054', 'persian.staryu@icbc.com', 'Persian', 'Staryu', 'Management', 1);
INSERT INTO user VALUES (1256, 'DODUOG.912', 'gengar.doduo@icbc.com', 'Gengar', 'Doduo', 'Finance', 1);
INSERT INTO user VALUES (1257, 'MCABRAV.4327', 'venusaur.mcabra@icbc.com', 'Venusaur', 'McAbra', 'Customer Service', 1);
INSERT INTO user VALUES (1258, 'NINETALESC.1212', 'charmander.ninetales@icbc.com', 'Charmander', 'Ninetales', 'Management', 1);
INSERT INTO user VALUES (1259, 'BELLSPROUTM.2113', 'machoke.bellsprout@icbc.com', 'Machoke', 'Bellsprout', 'Marketing', 1);
INSERT INTO user VALUES (1260, 'SANDSHREWF.4357', 'flareon.sandshrew@icbc.com', 'Flareon', 'Sandshrew', 'Finance', 1);
INSERT INTO user VALUES (1261, 'ELECTRODES.2298', 'squirtle.electrode@icbc.com', 'Squirtle', 'Electrode', 'Customer Service', 1);
INSERT INTO user VALUES (1262, 'KABUTOS.448', 'sandslash.kabuto@icbc.com', 'Sandslash', 'Kabuto', 'Customer Service', 1);
INSERT INTO user VALUES (1263, 'GROWLITHEN.4178', 'nidoqueen.growlithe@icbc.com', 'Nidoqueen', 'Growlithe', 'Marketing', 1);
INSERT INTO user VALUES (1264, 'RATICATEE.1277', 'electrode.raticate@icbc.com', 'Electrode', 'Raticate', 'HR', 1);
INSERT INTO user VALUES (1265, 'NIDORINAK.4051', 'kabuto.nidorina@icbc.com', 'Kabuto', 'Nidorina', 'Finance', 1);
INSERT INTO user VALUES (1266, 'OMANYTEN.3996', 'nidorina.omanyte@icbc.com', 'Nidorina', 'Omanyte', 'HR', 1);
INSERT INTO user VALUES (1267, 'PIDGEOTC.3810', 'cubone.pidgeot@icbc.com', 'Cubone', 'Pidgeot', 'Finance', 1);
INSERT INTO user VALUES (1268, 'ARTICUNOR.2010', 'rhydon.articuno@icbc.com', 'Rhydon', 'Articuno', 'HR', 1);
INSERT INTO user VALUES (1269, 'RATICATEW.21', 'wartortle.raticate@icbc.com', 'Wartortle', 'Raticate', 'Marketing', 1);
INSERT INTO user VALUES (1270, 'JYNXG.2535', 'growlithe.jynx@icbc.com', 'Growlithe', 'Jynx', 'IT', 1);
INSERT INTO user VALUES (1271, 'DRAGONAIRG.1272', 'gengar.dragonair@icbc.com', 'Gengar', 'Dragonair', 'HR', 1);
INSERT INTO user VALUES (1272, 'PIDGEYG.4540', 'geodude.pidgey@icbc.com', 'Geodude', 'Pidgey', 'HR', 1);
INSERT INTO user VALUES (1273, 'MCMOLTRESV.1714', 'venomoth.mcmoltres@icbc.com', 'Venomoth', 'McMoltres', 'Finance', 1);
INSERT INTO user VALUES (1274, 'VICTREEBELP.4412', 'ponyta.victreebel33@icbc.com', 'Ponyta', 'Victreebel', 'Finance', 1);
INSERT INTO user VALUES (1275, 'TAUROST.4431', 'tentacruel.tauros@icbc.com', 'Tentacruel', 'Tauros', 'Customer Service', 1);
INSERT INTO user VALUES (1276, 'MCKAKUNAJ.406', 'jigglypuff.mckakuna@icbc.com', 'Jigglypuff', 'McKakuna', 'Management', 1);
INSERT INTO user VALUES (1277, 'VILEPLUMEH.1896', 'hitmonchan.vileplume@icbc.com', 'Hitmonchan', 'Vileplume', 'IT', 1);
INSERT INTO user VALUES (1278, 'HITMONLEEV.3576', 'venonat.hitmonlee@icbc.com', 'Venonat', 'Hitmonlee', 'IT', 1);
INSERT INTO user VALUES (1279, 'MCARBOKJ.2725', 'jigglypuff.mcarbok@icbc.com', 'Jigglypuff', 'McArbok', 'Marketing', 1);
INSERT INTO user VALUES (1280, 'SPEAROWS.1300', 'spearow.spearow@icbc.com', 'Spearow', 'Spearow', 'Customer Service', 1);
INSERT INTO user VALUES (1281, 'OMANYTEB.685', 'bulbasaur.omanyte@icbc.com', 'Bulbasaur', 'Omanyte', 'Management', 1);
INSERT INTO user VALUES (1282, 'PIDGEYN.1168', 'nidorino.pidgey@icbc.com', 'Nidorino', 'Pidgey', 'IT', 1);
INSERT INTO user VALUES (1283, 'CUBONEG.2105', 'grimer.cubone@icbc.com', 'Grimer', 'Cubone', 'Management', 1);
INSERT INTO user VALUES (1284, 'WEEDLES.4280', 'shellder.weedle@icbc.com', 'Shellder', 'Weedle', 'IT', 1);
INSERT INTO user VALUES (1285, 'MCHITMONCHANP.1457', 'pidgey.mchitmonchan@icbc.com', 'Pidgey', 'McHitmonchan', 'Marketing', 1);
INSERT INTO user VALUES (1286, 'CUBONEV.175', 'voltorb.cubone@icbc.com', 'Voltorb', 'Cubone', 'Finance', 1);
INSERT INTO user VALUES (1287, 'FLAREONG.889', 'golduck.flareon@icbc.com', 'Golduck', 'Flareon', 'Marketing', 1);
INSERT INTO user VALUES (1288, 'MCNIDORANI.2952', 'ivysaur.mcnidoran@icbc.com', 'Ivysaur', 'McNidoran', 'IT', 1);
INSERT INTO user VALUES (1289, 'PARASP.2120', 'pinsir.paras@icbc.com', 'Pinsir', 'Paras', 'Marketing', 1);
INSERT INTO user VALUES (1290, 'PINSIRL.1285', 'lickitung.pinsir@icbc.com', 'Lickitung', 'Pinsir', 'Management', 1);
INSERT INTO user VALUES (1291, 'RATTATAP.4053', 'poliwhirl.rattata@icbc.com', 'Poliwhirl', 'Rattata', 'Management', 1);
INSERT INTO user VALUES (1292, 'ELECTRODEP.2734', 'pidgeot.electrode@icbc.com', 'Pidgeot', 'Electrode', 'Management', 1);
INSERT INTO user VALUES (1293, 'RHYDONR.207', 'rhydon.rhydon@icbc.com', 'Rhydon', 'Rhydon', 'Marketing', 1);
INSERT INTO user VALUES (1294, 'NINETALESE.11', 'exeggutor.ninetales@icbc.com', 'Exeggutor', 'Ninetales', 'Marketing', 1);
INSERT INTO user VALUES (1295, 'ARCANINEP.826', 'porygon.arcanine@icbc.com', 'Porygon', 'Arcanine', 'HR', 1);
INSERT INTO user VALUES (1296, 'METAPODR.574', 'raichu.metapod@icbc.com', 'Raichu', 'Metapod', 'Customer Service', 1);
INSERT INTO user VALUES (1297, 'PRIMEAPEO.4891', 'onix.primeape@icbc.com', 'Onix', 'Primeape', 'HR', 1);
INSERT INTO user VALUES (1298, 'VENONATW.772', 'weepinbell.venonat@icbc.com', 'Weepinbell', 'Venonat', 'IT', 1);
INSERT INTO user VALUES (1299, 'OMANYTEG.1952', 'golem.omanyte@icbc.com', 'Golem', 'Omanyte', 'HR', 1);
INSERT INTO user VALUES (1300, 'CATERPIEC.306', 'caterpie.caterpie@icbc.com', 'Caterpie', 'Caterpie', 'Marketing', 1);
INSERT INTO user VALUES (1301, 'KABUTOPSF.1960', 'fearow.kabutops@icbc.com', 'Fearow', 'Kabutops', 'IT', 1);
INSERT INTO user VALUES (1302, 'OMANYTEO.1009', 'oddish.omanyte@icbc.com', 'Oddish', 'Omanyte', 'HR', 1);
INSERT INTO user VALUES (1303, 'GROWLITHEJ.3575', 'jynx.growlithe@icbc.com', 'Jynx', 'Growlithe', 'IT', 1);
INSERT INTO user VALUES (1304, 'VILEPLUMEV.1115', 'vaporeon.vileplume@icbc.com', 'Vaporeon', 'Vileplume', 'Finance', 1);
INSERT INTO user VALUES (1305, 'GRAVELERP.4893', 'ponyta.graveler@icbc.com', 'Ponyta', 'Graveler', 'Customer Service', 1);
INSERT INTO user VALUES (1306, 'MCRAPIDASHN.3608', 'nidoqueen.mcrapidash@icbc.com', 'Nidoqueen', 'McRapidash', 'Management', 1);
INSERT INTO user VALUES (1307, 'GOLEMH.3425', 'haunter.golem@icbc.com', 'Haunter', 'Golem', 'HR', 1);
INSERT INTO user VALUES (1308, 'WEEZINGD.1428', 'dratini.weezing@icbc.com', 'Dratini', 'Weezing', 'HR', 1);
INSERT INTO user VALUES (1309, 'ONIXH.4238', 'hypno.onix@icbc.com', 'Hypno', 'Onix', 'IT', 1);
INSERT INTO user VALUES (1310, 'RAICHUK.824', 'kingler.raichu@icbc.com', 'Kingler', 'Raichu', 'Marketing', 1);
INSERT INTO user VALUES (1311, 'RHYHORNS.107', 'starmie.rhyhorn@icbc.com', 'Starmie', 'Rhyhorn', 'Marketing', 1);
INSERT INTO user VALUES (1312, 'NIDORINAG.236', 'golbat.nidorina@icbc.com', 'Golbat', 'Nidorina', 'Customer Service', 1);
INSERT INTO user VALUES (1313, 'TENTACRUELS.1198', 'seadra.tentacruel34@icbc.com', 'Seadra', 'Tentacruel', 'Finance', 1);
INSERT INTO user VALUES (1314, 'WARTORTLET.3423', 'tangela.wartortle@icbc.com', 'Tangela', 'Wartortle', 'Customer Service', 1);
INSERT INTO user VALUES (1315, 'BLASTOISEG.3619', 'gloom.blastoise@icbc.com', 'Gloom', 'Blastoise', 'Marketing', 1);
INSERT INTO user VALUES (1316, 'KADABRAR.1850', 'rapidash.kadabra@icbc.com', 'Rapidash', 'Kadabra', 'Management', 1);
INSERT INTO user VALUES (1317, 'DITTOD.1543', 'diglett.ditto@icbc.com', 'Diglett', 'Ditto', 'HR', 1);
INSERT INTO user VALUES (1318, 'CLEFABLEG.3628', 'golduck.clefable@icbc.com', 'Golduck', 'Clefable', 'Customer Service', 1);
INSERT INTO user VALUES (1319, 'CUBONES.4490', 'sandslash.cubone@icbc.com', 'Sandslash', 'Cubone', 'HR', 1);
INSERT INTO user VALUES (1320, 'METAPODC.2415', 'caterpie.metapod@icbc.com', 'Caterpie', 'Metapod', 'Management', 1);
INSERT INTO user VALUES (1321, 'EXEGGUTORP.307', 'persian.exeggutor@icbc.com', 'Persian', 'Exeggutor', 'IT', 1);
INSERT INTO user VALUES (1322, 'MAGNETONM.3210', 'mr. mime.magneton@icbc.com', 'Mr. Mime', 'Magneton', 'IT', 1);
INSERT INTO user VALUES (1323, 'JOLTEONG.1788', 'golem.jolteon@icbc.com', 'Golem', 'Jolteon', 'Management', 1);
INSERT INTO user VALUES (1324, 'CUBONEA.733', 'aerodactyl.cubone@icbc.com', 'Aerodactyl', 'Cubone', 'Customer Service', 1);
INSERT INTO user VALUES (1325, 'OMASTARG.1471', 'gastly.omastar35@icbc.com', 'Gastly', 'Omastar', 'Finance', 1);
INSERT INTO user VALUES (1326, 'BELLSPROUTL.4055', 'lapras.bellsprout@icbc.com', 'Lapras', 'Bellsprout', 'IT', 1);
INSERT INTO user VALUES (1327, 'PORYGONC.4338', 'caterpie.porygon@icbc.com', 'Caterpie', 'Porygon', 'Customer Service', 1);
INSERT INTO user VALUES (1328, 'NIDORINAP.1071', 'ponyta.nidorina@icbc.com', 'Ponyta', 'Nidorina', 'Management', 1);
INSERT INTO user VALUES (1329, 'PIDGEOTTOC.253', 'caterpie.pidgeotto@icbc.com', 'Caterpie', 'Pidgeotto', 'Customer Service', 1);
INSERT INTO user VALUES (1330, 'BULBASAURM.2476', 'muk.bulbasaur@icbc.com', 'Muk', 'Bulbasaur', 'Marketing', 1);
INSERT INTO user VALUES (1331, 'MANKEYC.2814', 'charmander.mankey@icbc.com', 'Charmander', 'Mankey', 'Finance', 1);
INSERT INTO user VALUES (1332, 'KABUTOPSL.4495', 'lapras.kabutops@icbc.com', 'Lapras', 'Kabutops', 'Customer Service', 1);
INSERT INTO user VALUES (1333, 'KOFFINGD.2497', 'diglett.koffing@icbc.com', 'Diglett', 'Koffing', 'IT', 1);
INSERT INTO user VALUES (1334, 'MAGNEMITEP.1341', 'pidgeotto.magnemite@icbc.com', 'Pidgeotto', 'Magnemite', 'Management', 1);
INSERT INTO user VALUES (1335, 'PERSIANH.2626', 'hitmonchan.persian@icbc.com', 'Hitmonchan', 'Persian', 'Customer Service', 1);
INSERT INTO user VALUES (1336, 'MCPRIMEAPEK.1947', 'kabutops.mcprimeape@icbc.com', 'Kabutops', 'McPrimeape', 'IT', 1);
INSERT INTO user VALUES (1337, 'CHANSEYV.4250', 'venonat.chansey@icbc.com', 'Venonat', 'Chansey', 'IT', 1);
INSERT INTO user VALUES (1338, 'CLEFABLES.713', 'slowbro.clefable@icbc.com', 'Slowbro', 'Clefable', 'Management', 1);
INSERT INTO user VALUES (1339, 'CLEFABLEW.2938', 'weepinbell.clefable@icbc.com', 'Weepinbell', 'Clefable', 'Finance', 1);
INSERT INTO user VALUES (1340, 'ELECTABUZZK.2456', 'kabutops.electabuzz@icbc.com', 'Kabutops', 'Electabuzz', 'IT', 1);
INSERT INTO user VALUES (1341, 'GRIMERB.2830', 'beedrill.grimer36@icbc.com', 'Beedrill', 'Grimer', 'Customer Service', 1);
INSERT INTO user VALUES (1342, 'DITTON.2843', 'nidoran.ditto@icbc.com', 'Nidoran', 'Ditto', 'Customer Service', 1);
INSERT INTO user VALUES (1343, 'VULPIXH.2660', 'hypno.vulpix@icbc.com', 'Hypno', 'Vulpix', 'HR', 1);
INSERT INTO user VALUES (1344, 'VICTREEBELD.966', 'dratini.victreebel@icbc.com', 'Dratini', 'Victreebel', 'IT', 1);
INSERT INTO user VALUES (1345, 'MAGNETONP.4427', 'persian.magneton@icbc.com', 'Persian', 'Magneton', 'Finance', 1);
INSERT INTO user VALUES (1346, 'RHYDONI.1219', 'ivysaur.rhydon@icbc.com', 'Ivysaur', 'Rhydon', 'Management', 1);
INSERT INTO user VALUES (1347, 'VENUSAURD.1074', 'dodrio.venusaur@icbc.com', 'Dodrio', 'Venusaur', 'Management', 1);
INSERT INTO user VALUES (1348, 'PIDGEOTP.2711', 'psyduck.pidgeot@icbc.com', 'Psyduck', 'Pidgeot', 'Marketing', 1);
INSERT INTO user VALUES (1349, 'FEAROWG.828', 'gyarados.fearow@icbc.com', 'Gyarados', 'Fearow', 'IT', 1);
INSERT INTO user VALUES (1350, 'PIKACHUP.4598', 'pidgeot.pikachu@icbc.com', 'Pidgeot', 'Pikachu', 'HR', 1);
INSERT INTO user VALUES (1351, 'PIKACHUP.1270', 'pidgey.pikachu@icbc.com', 'Pidgey', 'Pikachu', 'Customer Service', 1);
INSERT INTO user VALUES (1352, 'DRATINIS.1170', 'slowpoke.dratini@icbc.com', 'Slowpoke', 'Dratini', 'Marketing', 1);
INSERT INTO user VALUES (1353, 'PIDGEOTTOH.4066', 'hitmonchan.pidgeotto@icbc.com', 'Hitmonchan', 'Pidgeotto', 'IT', 1);
INSERT INTO user VALUES (1354, 'MCBULBASAURK.3834', 'kabuto.mcbulbasaur@icbc.com', 'Kabuto', 'McBulbasaur', 'HR', 1);
INSERT INTO user VALUES (1355, 'MR. MIMEB.1338', 'butterfree.mr. mime@icbc.com', 'Butterfree', 'Mr. Mime', 'Management', 1);
INSERT INTO user VALUES (1356, 'KABUTOPSV.1796', 'vaporeon.kabutops@icbc.com', 'Vaporeon', 'Kabutops', 'Customer Service', 1);
INSERT INTO user VALUES (1357, 'KAKUNAP.2937', 'pikachu.kakuna@icbc.com', 'Pikachu', 'Kakuna', 'IT', 1);
INSERT INTO user VALUES (1358, 'ODDISHC.3951', 'charmander.oddish@icbc.com', 'Charmander', 'Oddish', 'Marketing', 1);
INSERT INTO user VALUES (1359, 'MCTAUROSH.2155', 'haunter.mctauros@icbc.com', 'Haunter', 'McTauros', 'Management', 1);
INSERT INTO user VALUES (1360, 'GLOOMD.717', 'doduo.gloom@icbc.com', 'Doduo', 'Gloom', 'IT', 1);
INSERT INTO user VALUES (1361, 'HITMONCHANE.3202', 'ekans.hitmonchan@icbc.com', 'Ekans', 'Hitmonchan', 'Marketing', 1);
INSERT INTO user VALUES (1362, 'MCNIDORANJ.3041', 'jigglypuff.mcnidoran@icbc.com', 'Jigglypuff', 'McNidoran', 'HR', 1);
INSERT INTO user VALUES (1363, 'ZAPDOSH.2635', 'horsea.zapdos@icbc.com', 'Horsea', 'Zapdos', 'Finance', 1);
INSERT INTO user VALUES (1364, 'WIGGLYTUFFJ.3275', 'jynx.wigglytuff@icbc.com', 'Jynx', 'Wigglytuff', 'Management', 1);
INSERT INTO user VALUES (1365, 'WIGGLYTUFFJ.4708', 'jolteon.wigglytuff@icbc.com', 'Jolteon', 'Wigglytuff', 'IT', 1);
INSERT INTO user VALUES (1366, 'MCKOFFINGT.293', 'tentacruel.mckoffing@icbc.com', 'Tentacruel', 'McKoffing', 'Management', 1);
INSERT INTO user VALUES (1367, 'MR. MIMEL.2208', 'lapras.mr. mime@icbc.com', 'Lapras', 'Mr. Mime', 'Finance', 1);
INSERT INTO user VALUES (1368, 'MCJOLTEONS.4725', 'slowbro.mcjolteon@icbc.com', 'Slowbro', 'McJolteon', 'Finance', 1);
INSERT INTO user VALUES (1369, 'PIKACHUM.3735', 'mankey.pikachu@icbc.com', 'Mankey', 'Pikachu', 'Finance', 1);
INSERT INTO user VALUES (1370, 'VULPIXM.453', 'mr. mime.vulpix@icbc.com', 'Mr. Mime', 'Vulpix', 'HR', 1);
INSERT INTO user VALUES (1371, 'DIGLETTS.1472', 'slowpoke.diglett@icbc.com', 'Slowpoke', 'Diglett', 'Marketing', 1);
INSERT INTO user VALUES (1372, 'NIDORANG.3352', 'golduck.nidoran@icbc.com', 'Golduck', 'Nidoran', 'IT', 1);
INSERT INTO user VALUES (1373, 'EKANSM.2234', 'machamp.ekans@icbc.com', 'Machamp', 'Ekans', 'IT', 1);
INSERT INTO user VALUES (1374, 'SPEAROWV.1642', 'voltorb.spearow@icbc.com', 'Voltorb', 'Spearow', 'HR', 1);
INSERT INTO user VALUES (1375, 'TAUROSM.4957', 'marowak.tauros@icbc.com', 'Marowak', 'Tauros', 'HR', 1);
INSERT INTO user VALUES (1376, 'WARTORTLEE.4543', 'exeggcute.wartortle@icbc.com', 'Exeggcute', 'Wartortle', 'Marketing', 1);
INSERT INTO user VALUES (1377, 'OMANYTEV.271', 'venonat.omanyte@icbc.com', 'Venonat', 'Omanyte', 'Management', 1);
INSERT INTO user VALUES (1378, 'ABRAK.3833', 'krabby.abra@icbc.com', 'Krabby', 'Abra', 'Finance', 1);
INSERT INTO user VALUES (1379, 'MOLTRESF.3466', 'fearow.moltres37@icbc.com', 'Fearow', 'Moltres', 'Customer Service', 1);
INSERT INTO user VALUES (1380, 'VENOMOTHR.4825', 'rattata.venomoth@icbc.com', 'Rattata', 'Venomoth', 'Marketing', 1);
INSERT INTO user VALUES (1381, 'NIDORANP.4712', 'poliwhirl.nidoran@icbc.com', 'Poliwhirl', 'Nidoran', 'IT', 1);
INSERT INTO user VALUES (1382, 'FLAREONV.3963', 'venusaur.flareon@icbc.com', 'Venusaur', 'Flareon', 'Management', 1);
INSERT INTO user VALUES (1383, 'FLAREONK.1268', 'krabby.flareon@icbc.com', 'Krabby', 'Flareon', 'IT', 1);
INSERT INTO user VALUES (1384, 'MUKN.2756', 'nidoran.muk@icbc.com', 'Nidoran', 'Muk', 'IT', 1);
INSERT INTO user VALUES (1385, 'PORYGONS.1778', 'staryu.porygon@icbc.com', 'Staryu', 'Porygon', 'Marketing', 1);
INSERT INTO user VALUES (1386, 'MCDIGLETTA.3299', 'arcanine.mcdiglett@icbc.com', 'Arcanine', 'McDiglett', 'IT', 1);
INSERT INTO user VALUES (1387, 'DROWZEES.2270', 'seel.drowzee@icbc.com', 'Seel', 'Drowzee', 'Management', 1);
INSERT INTO user VALUES (1388, 'JOLTEONP.3658', 'poliwag.jolteon@icbc.com', 'Poliwag', 'Jolteon', 'Management', 1);
INSERT INTO user VALUES (1389, 'VENONATG.146', 'grimer.venonat@icbc.com', 'Grimer', 'Venonat', 'Management', 1);
INSERT INTO user VALUES (1390, 'EKANSS.1480', 'seadra.ekans@icbc.com', 'Seadra', 'Ekans', 'Customer Service', 1);
INSERT INTO user VALUES (1391, 'TENTACOOLH.2784', 'horsea.tentacool@icbc.com', 'Horsea', 'Tentacool', 'IT', 1);
INSERT INTO user VALUES (1392, 'CHANSEYP.3691', 'psyduck.chansey@icbc.com', 'Psyduck', 'Chansey', 'Customer Service', 1);
INSERT INTO user VALUES (1393, 'ABRAC.4858', 'chansey.abra@icbc.com', 'Chansey', 'Abra', 'HR', 1);
INSERT INTO user VALUES (1394, 'NIDOKINGA.2123', 'articuno.nidoking@icbc.com', 'Articuno', 'Nidoking', 'HR', 1);
INSERT INTO user VALUES (1395, 'BEEDRILLD.721', 'dratini.beedrill@icbc.com', 'Dratini', 'Beedrill', 'Marketing', 1);
INSERT INTO user VALUES (1396, 'MEOWTHG.1267', 'grimer.meowth@icbc.com', 'Grimer', 'Meowth', 'Management', 1);
INSERT INTO user VALUES (1397, 'FARFETCHDP.1056', 'persian.farfetchd@icbc.com', 'Persian', 'Farfetchd', 'Customer Service', 1);
INSERT INTO user VALUES (1398, 'ONIXN.1586', 'nidoqueen.onix@icbc.com', 'Nidoqueen', 'Onix', 'IT', 1);
INSERT INTO user VALUES (1399, 'KOFFINGT.4455', 'tentacruel.koffing@icbc.com', 'Tentacruel', 'Koffing', 'Marketing', 1);
INSERT INTO user VALUES (1400, 'RHYDONH.2439', 'hitmonlee.rhydon@icbc.com', 'Hitmonlee', 'Rhydon', 'IT', 1);
INSERT INTO user VALUES (1401, 'PIDGEOTP.997', 'poliwhirl.pidgeot@icbc.com', 'Poliwhirl', 'Pidgeot', 'IT', 1);
INSERT INTO user VALUES (1402, 'MEWD.1383', 'drowzee.mew@icbc.com', 'Drowzee', 'Mew', 'IT', 1);
INSERT INTO user VALUES (1403, 'POLIWHIRLP.3278', 'pidgeot.poliwhirl@icbc.com', 'Pidgeot', 'Poliwhirl', 'Finance', 1);
INSERT INTO user VALUES (1404, 'MCWIGGLYTUFFB.2130', 'blastoise.mcwigglytuff@icbc.com', 'Blastoise', 'McWigglytuff', 'Marketing', 1);
INSERT INTO user VALUES (1405, 'ARCANINEH.1024', 'hitmonlee.arcanine@icbc.com', 'Hitmonlee', 'Arcanine', 'Marketing', 1);
INSERT INTO user VALUES (1406, 'NIDORANN.4654', 'nidoqueen.nidoran@icbc.com', 'Nidoqueen', 'Nidoran', 'HR', 1);
INSERT INTO user VALUES (1407, 'WEEDLEF.1675', 'fearow.weedle@icbc.com', 'Fearow', 'Weedle', 'Management', 1);
INSERT INTO user VALUES (1408, 'ARTICUNOB.2575', 'blastoise.articuno@icbc.com', 'Blastoise', 'Articuno', 'Finance', 1);
INSERT INTO user VALUES (1409, 'EKANSM.3017', 'marowak.ekans@icbc.com', 'Marowak', 'Ekans', 'HR', 1);
INSERT INTO user VALUES (1410, 'GENGARJ.4098', 'jynx.gengar@icbc.com', 'Jynx', 'Gengar', 'Management', 1);
INSERT INTO user VALUES (1411, 'POLIWAGV.1313', 'vaporeon.poliwag@icbc.com', 'Vaporeon', 'Poliwag', 'Customer Service', 1);
INSERT INTO user VALUES (1412, 'CHARMELEONV.486', 'voltorb.charmeleon@icbc.com', 'Voltorb', 'Charmeleon', 'HR', 1);
INSERT INTO user VALUES (1413, 'KABUTOG.3576', 'graveler.kabuto@icbc.com', 'Graveler', 'Kabuto', 'IT', 1);
INSERT INTO user VALUES (1414, 'STARYUS.1331', 'slowpoke.staryu@icbc.com', 'Slowpoke', 'Staryu', 'Management', 1);
INSERT INTO user VALUES (1415, 'HAUNTERM.2205', 'machop.haunter@icbc.com', 'Machop', 'Haunter', 'Finance', 1);
INSERT INTO user VALUES (1416, 'MCDRAGONAIRM.382', 'magneton.mcdragonair@icbc.com', 'Magneton', 'McDragonair', 'Finance', 1);
INSERT INTO user VALUES (1417, 'CHARMANDERV.2263', 'vileplume.charmander@icbc.com', 'Vileplume', 'Charmander', 'Management', 1);
INSERT INTO user VALUES (1418, 'SNORLAXD.2804', 'ditto.snorlax@icbc.com', 'Ditto', 'Snorlax', 'IT', 1);
INSERT INTO user VALUES (1419, 'VICTREEBELM.4479', 'machoke.victreebel@icbc.com', 'Machoke', 'Victreebel', 'Management', 1);
INSERT INTO user VALUES (1420, 'NIDORANC.2698', 'caterpie.nidoran@icbc.com', 'Caterpie', 'Nidoran', 'Management', 1);
INSERT INTO user VALUES (1421, 'HYPNOG.4908', 'gyarados.hypno@icbc.com', 'Gyarados', 'Hypno', 'Finance', 1);
INSERT INTO user VALUES (1422, 'ARBOKD.2084', 'dragonair.arbok@icbc.com', 'Dragonair', 'Arbok', 'Management', 1);
INSERT INTO user VALUES (1423, 'PARASECTS.2835', 'seadra.parasect@icbc.com', 'Seadra', 'Parasect', 'Customer Service', 1);
INSERT INTO user VALUES (1424, 'MUKG.1179', 'golduck.muk@icbc.com', 'Golduck', 'Muk', 'Customer Service', 1);
INSERT INTO user VALUES (1425, 'PIKACHUJ.3481', 'jynx.pikachu@icbc.com', 'Jynx', 'Pikachu', 'Management', 1);
INSERT INTO user VALUES (1426, 'MOLTRESN.4808', 'nidoqueen.moltres@icbc.com', 'Nidoqueen', 'Moltres', 'HR', 1);
INSERT INTO user VALUES (1427, 'SEADRAM.3735', 'metapod.seadra38@icbc.com', 'Metapod', 'Seadra', 'Marketing', 1);
INSERT INTO user VALUES (1428, 'GENGARS.3487', 'slowpoke.gengar@icbc.com', 'Slowpoke', 'Gengar', 'Customer Service', 1);
INSERT INTO user VALUES (1429, 'SPEAROWG.2406', 'graveler.spearow@icbc.com', 'Graveler', 'Spearow', 'Marketing', 1);
INSERT INTO user VALUES (1430, 'DRATINIM.1414', 'mankey.dratini@icbc.com', 'Mankey', 'Dratini', 'Management', 1);
INSERT INTO user VALUES (1431, 'DIGLETTJ.955', 'jynx.diglett@icbc.com', 'Jynx', 'Diglett', 'Management', 1);
INSERT INTO user VALUES (1432, 'GRAVELERK.2522', 'kakuna.graveler@icbc.com', 'Kakuna', 'Graveler', 'HR', 1);
INSERT INTO user VALUES (1433, 'VAPOREONA.2995', 'arbok.vaporeon@icbc.com', 'Arbok', 'Vaporeon', 'Marketing', 1);
INSERT INTO user VALUES (1434, 'SEAKINGM.258', 'mew.seaking@icbc.com', 'Mew', 'Seaking', 'Management', 1);
INSERT INTO user VALUES (1435, 'PARASE.4159', 'exeggutor.paras@icbc.com', 'Exeggutor', 'Paras', 'IT', 1);
INSERT INTO user VALUES (1436, 'PIDGEYC.1844', 'charmeleon.pidgey@icbc.com', 'Charmeleon', 'Pidgey', 'Finance', 1);
INSERT INTO user VALUES (1437, 'SLOWBROI.2459', 'ivysaur.slowbro39@icbc.com', 'Ivysaur', 'Slowbro', 'Customer Service', 1);
INSERT INTO user VALUES (1438, 'KOFFINGM.1916', 'magnemite.koffing@icbc.com', 'Magnemite', 'Koffing', 'Customer Service', 1);
INSERT INTO user VALUES (1439, 'WEEDLEH.3500', 'haunter.weedle@icbc.com', 'Haunter', 'Weedle', 'IT', 1);
INSERT INTO user VALUES (1440, 'SEELZ.513', 'zapdos.seel@icbc.com', 'Zapdos', 'Seel', 'Finance', 1);
INSERT INTO user VALUES (1441, 'WIGGLYTUFFD.4212', 'dragonite.wigglytuff@icbc.com', 'Dragonite', 'Wigglytuff', 'IT', 1);
INSERT INTO user VALUES (1442, 'SLOWBROS.2306', 'slowbro.slowbro@icbc.com', 'Slowbro', 'Slowbro', 'Customer Service', 1);
INSERT INTO user VALUES (1443, 'FEAROWM.1839', 'machoke.fearow@icbc.com', 'Machoke', 'Fearow', 'HR', 1);
INSERT INTO user VALUES (1444, 'ONIXM.1168', 'machoke.onix@icbc.com', 'Machoke', 'Onix', 'Management', 1);
INSERT INTO user VALUES (1445, 'DITTOG.3397', 'graveler.ditto@icbc.com', 'Graveler', 'Ditto', 'IT', 1);
INSERT INTO user VALUES (1446, 'POLIWRATHZ.4497', 'zubat.poliwrath@icbc.com', 'Zubat', 'Poliwrath', 'Customer Service', 1);
INSERT INTO user VALUES (1447, 'NIDORANS.1436', 'spearow.nidoran@icbc.com', 'Spearow', 'Nidoran', 'Finance', 1);
INSERT INTO user VALUES (1448, 'FEAROWS.2300', 'seel.fearow@icbc.com', 'Seel', 'Fearow', 'Marketing', 1);
INSERT INTO user VALUES (1449, 'CHARMANDERV.2854', 'venusaur.charmander@icbc.com', 'Venusaur', 'Charmander', 'Finance', 1);
INSERT INTO user VALUES (1450, 'WEEZINGH.3533', 'hitmonchan.weezing@icbc.com', 'Hitmonchan', 'Weezing', 'Management', 1);
INSERT INTO user VALUES (1451, 'MAGMARP.1232', 'pidgey.magmar@icbc.com', 'Pidgey', 'Magmar', 'Finance', 1);
INSERT INTO user VALUES (1452, 'KABUTOPSD.556', 'drowzee.kabutops@icbc.com', 'Drowzee', 'Kabutops', 'Marketing', 1);
INSERT INTO user VALUES (1453, 'MCARCANINEH.1745', 'hitmonlee.mcarcanine@icbc.com', 'Hitmonlee', 'McArcanine', 'Marketing', 1);
INSERT INTO user VALUES (1454, 'MCNIDOQUEEND.1837', 'dewgong.mcnidoqueen@icbc.com', 'Dewgong', 'McNidoqueen', 'Customer Service', 1);
INSERT INTO user VALUES (1455, 'METAPODS.4862', 'shellder.metapod@icbc.com', 'Shellder', 'Metapod', 'Finance', 1);
INSERT INTO user VALUES (1456, 'POLIWRATHS.1741', 'sandshrew.poliwrath@icbc.com', 'Sandshrew', 'Poliwrath', 'Customer Service', 1);
INSERT INTO user VALUES (1457, 'BLASTOISEM.4007', 'mew.blastoise@icbc.com', 'Mew', 'Blastoise', 'Management', 1);
INSERT INTO user VALUES (1458, 'MCHITMONCHANA.289', 'alakazam.mchitmonchan@icbc.com', 'Alakazam', 'McHitmonchan', 'Customer Service', 1);
INSERT INTO user VALUES (1459, 'HORSEAC.1978', 'chansey.horsea@icbc.com', 'Chansey', 'Horsea', 'Finance', 1);
INSERT INTO user VALUES (1460, 'ELECTABUZZZ.3480', 'zubat.electabuzz@icbc.com', 'Zubat', 'Electabuzz', 'Marketing', 1);
INSERT INTO user VALUES (1461, 'JIGGLYPUFFT.1031', 'tentacruel.jigglypuff@icbc.com', 'Tentacruel', 'Jigglypuff', 'Management', 1);
INSERT INTO user VALUES (1462, 'PIKACHUE.1260', 'ekans.pikachu@icbc.com', 'Ekans', 'Pikachu', 'Marketing', 1);
INSERT INTO user VALUES (1463, 'TAUROSK.3832', 'kabutops.tauros@icbc.com', 'Kabutops', 'Tauros', 'IT', 1);
INSERT INTO user VALUES (1464, 'ALAKAZAMM.3451', 'muk.alakazam@icbc.com', 'Muk', 'Alakazam', 'HR', 1);
INSERT INTO user VALUES (1465, 'FLAREONM.3840', 'magnemite.flareon@icbc.com', 'Magnemite', 'Flareon', 'Customer Service', 1);
INSERT INTO user VALUES (1466, 'FEAROWR.1784', 'rapidash.fearow@icbc.com', 'Rapidash', 'Fearow', 'IT', 1);
INSERT INTO user VALUES (1467, 'WEEDLEN.4345', 'nidoking.weedle@icbc.com', 'Nidoking', 'Weedle', 'Management', 1);
INSERT INTO user VALUES (1468, 'KINGLERF.3949', 'farfetchd.kingler@icbc.com', 'Farfetchd', 'Kingler', 'Finance', 1);
INSERT INTO user VALUES (1469, 'MAGIKARPV.1679', 'venusaur.magikarp40@icbc.com', 'Venusaur', 'Magikarp', 'IT', 1);
INSERT INTO user VALUES (1470, 'EEVEER.670', 'rapidash.eevee@icbc.com', 'Rapidash', 'Eevee', 'IT', 1);
INSERT INTO user VALUES (1471, 'GLOOMR.2755', 'raticate.gloom@icbc.com', 'Raticate', 'Gloom', 'HR', 1);
INSERT INTO user VALUES (1472, 'PERSIANZ.3088', 'zapdos.persian@icbc.com', 'Zapdos', 'Persian', 'Customer Service', 1);
INSERT INTO user VALUES (1473, 'PINSIRT.4647', 'tangela.pinsir41@icbc.com', 'Tangela', 'Pinsir', 'Finance', 1);
INSERT INTO user VALUES (1474, 'DRAGONAIRG.3189', 'grimer.dragonair@icbc.com', 'Grimer', 'Dragonair', 'Management', 1);
INSERT INTO user VALUES (1475, 'AERODACTYLE.4955', 'exeggutor.aerodactyl@icbc.com', 'Exeggutor', 'Aerodactyl', 'HR', 1);
INSERT INTO user VALUES (1476, 'BUTTERFREEC.3768', 'charmeleon.butterfree@icbc.com', 'Charmeleon', 'Butterfree', 'Marketing', 1);
INSERT INTO user VALUES (1477, 'ZAPDOSM.4168', 'muk.zapdos42@icbc.com', 'Muk', 'Zapdos', 'Customer Service', 1);
INSERT INTO user VALUES (1478, 'SPEAROWD.4338', 'dragonite.spearow@icbc.com', 'Dragonite', 'Spearow', 'Finance', 1);
INSERT INTO user VALUES (1479, 'MACHOKEP.2168', 'poliwrath.machoke@icbc.com', 'Poliwrath', 'Machoke', 'Management', 1);
INSERT INTO user VALUES (1480, 'JOLTEONP.1722', 'poliwag.jolteon43@icbc.com', 'Poliwag', 'Jolteon', 'IT', 1);
INSERT INTO user VALUES (1481, 'VICTREEBELR.3161', 'rhydon.victreebel@icbc.com', 'Rhydon', 'Victreebel', 'Customer Service', 1);
INSERT INTO user VALUES (1482, 'KANGASKHANK.4512', 'krabby.kangaskhan@icbc.com', 'Krabby', 'Kangaskhan', 'Management', 1);
INSERT INTO user VALUES (1483, 'EKANSM.1934', 'machamp.ekans44@icbc.com', 'Machamp', 'Ekans', 'Finance', 1);
INSERT INTO user VALUES (1484, 'BEEDRILLS.3155', 'seaking.beedrill@icbc.com', 'Seaking', 'Beedrill', 'Finance', 1);
INSERT INTO user VALUES (1485, 'DITTON.1511', 'nidorino.ditto@icbc.com', 'Nidorino', 'Ditto', 'Customer Service', 1);
INSERT INTO user VALUES (1486, 'MCKABUTOS.167', 'sandslash.mckabuto@icbc.com', 'Sandslash', 'McKabuto', 'HR', 1);
INSERT INTO user VALUES (1487, 'TENTACOOLH.892', 'hitmonchan.tentacool@icbc.com', 'Hitmonchan', 'Tentacool', 'IT', 1);
INSERT INTO user VALUES (1488, 'KINGLERK.3393', 'kangaskhan.kingler@icbc.com', 'Kangaskhan', 'Kingler', 'Marketing', 1);
INSERT INTO user VALUES (1489, 'PSYDUCKC.925', 'charmander.psyduck@icbc.com', 'Charmander', 'Psyduck', 'Management', 1);
INSERT INTO user VALUES (1490, 'BEEDRILLD.3054', 'doduo.beedrill@icbc.com', 'Doduo', 'Beedrill', 'IT', 1);
INSERT INTO user VALUES (1491, 'DODRIOR.1629', 'rhyhorn.dodrio@icbc.com', 'Rhyhorn', 'Dodrio', 'Management', 1);
INSERT INTO user VALUES (1492, 'LAPRAST.1285', 'tangela.lapras@icbc.com', 'Tangela', 'Lapras', 'Finance', 1);
INSERT INTO user VALUES (1493, 'VICTREEBELG.1122', 'growlithe.victreebel@icbc.com', 'Growlithe', 'Victreebel', 'Finance', 1);
INSERT INTO user VALUES (1494, 'DEWGONGA.2631', 'alakazam.dewgong@icbc.com', 'Alakazam', 'Dewgong', 'HR', 1);
INSERT INTO user VALUES (1495, 'CLEFABLEL.2140', 'lapras.clefable@icbc.com', 'Lapras', 'Clefable', 'Finance', 1);
INSERT INTO user VALUES (1496, 'NINETALESD.4130', 'dragonair.ninetales@icbc.com', 'Dragonair', 'Ninetales', 'Marketing', 1);
INSERT INTO user VALUES (1497, 'RATICATEK.3221', 'koffing.raticate@icbc.com', 'Koffing', 'Raticate', 'IT', 1);
INSERT INTO user VALUES (1498, 'MEWP.2408', 'pidgeot.mew@icbc.com', 'Pidgeot', 'Mew', 'Marketing', 1);
INSERT INTO user VALUES (1499, 'METAPODB.225', 'blastoise.metapod@icbc.com', 'Blastoise', 'Metapod', 'Management', 1);
INSERT INTO user VALUES (1500, 'MCJYNXM.2939', 'metapod.mcjynx@icbc.com', 'Metapod', 'McJynx', 'Management', 1);
INSERT INTO user VALUES (1501, 'STARYUA.1864', 'aerodactyl.staryu@icbc.com', 'Aerodactyl', 'Staryu', 'HR', 1);
INSERT INTO user VALUES (1502, 'GROWLITHEK.2442', 'kingler.growlithe45@icbc.com', 'Kingler', 'Growlithe', 'Management', 1);
INSERT INTO user VALUES (1503, 'FARFETCHDZ.3569', 'zapdos.farfetchd@icbc.com', 'Zapdos', 'Farfetchd', 'IT', 1);
INSERT INTO user VALUES (1504, 'JOLTEONK.1833', 'kakuna.jolteon@icbc.com', 'Kakuna', 'Jolteon', 'Marketing', 1);
INSERT INTO user VALUES (1505, 'MCRHYDONA.1716', 'articuno.mcrhydon@icbc.com', 'Articuno', 'McRhydon', 'Marketing', 1);
INSERT INTO user VALUES (1506, 'GROWLITHES.3792', 'slowbro.growlithe@icbc.com', 'Slowbro', 'Growlithe', 'IT', 1);
INSERT INTO user VALUES (1507, 'OMANYTEN.371', 'nidoking.omanyte@icbc.com', 'Nidoking', 'Omanyte', 'IT', 1);
INSERT INTO user VALUES (1508, 'PORYGONN.3006', 'nidoran.porygon@icbc.com', 'Nidoran', 'Porygon', 'HR', 1);
INSERT INTO user VALUES (1509, 'PERSIANC.1621', 'cloyster.persian@icbc.com', 'Cloyster', 'Persian', 'Marketing', 1);
INSERT INTO user VALUES (1510, 'RAPIDASHK.1763', 'kabuto.rapidash@icbc.com', 'Kabuto', 'Rapidash', 'IT', 1);
INSERT INTO user VALUES (1511, 'GROWLITHEK.2807', 'krabby.growlithe@icbc.com', 'Krabby', 'Growlithe', 'Management', 1);
INSERT INTO user VALUES (1512, 'NIDOQUEENC.1600', 'charmeleon.nidoqueen@icbc.com', 'Charmeleon', 'Nidoqueen', 'IT', 1);
INSERT INTO user VALUES (1513, 'ALAKAZAMP.1599', 'poliwag.alakazam@icbc.com', 'Poliwag', 'Alakazam', 'IT', 1);
INSERT INTO user VALUES (1514, 'GASTLYA.711', 'alakazam.gastly@icbc.com', 'Alakazam', 'Gastly', 'HR', 1);
INSERT INTO user VALUES (1515, 'RAICHUD.2741', 'dodrio.raichu@icbc.com', 'Dodrio', 'Raichu', 'Finance', 1);
INSERT INTO user VALUES (1516, 'DRATINIS.3932', 'squirtle.dratini@icbc.com', 'Squirtle', 'Dratini', 'Management', 1);
INSERT INTO user VALUES (1517, 'HORSEAN.2676', 'nidoking.horsea@icbc.com', 'Nidoking', 'Horsea', 'IT', 1);
INSERT INTO user VALUES (1518, 'KABUTOH.3069', 'haunter.kabuto@icbc.com', 'Haunter', 'Kabuto', 'Management', 1);
INSERT INTO user VALUES (1519, 'DODRIOV.2637', 'voltorb.dodrio@icbc.com', 'Voltorb', 'Dodrio', 'HR', 1);
INSERT INTO user VALUES (1520, 'KANGASKHANK.860', 'koffing.kangaskhan@icbc.com', 'Koffing', 'Kangaskhan', 'Marketing', 1);
INSERT INTO user VALUES (1521, 'JIGGLYPUFFH.2222', 'haunter.jigglypuff@icbc.com', 'Haunter', 'Jigglypuff', 'Customer Service', 1);
INSERT INTO user VALUES (1522, 'SANDSHREWR.2364', 'rattata.sandshrew@icbc.com', 'Rattata', 'Sandshrew', 'Finance', 1);
INSERT INTO user VALUES (1523, 'JYNXZ.4194', 'zapdos.jynx@icbc.com', 'Zapdos', 'Jynx', 'Customer Service', 1);
INSERT INTO user VALUES (1524, 'MCHITMONCHANL.2466', 'lickitung.mchitmonchan@icbc.com', 'Lickitung', 'McHitmonchan', 'Management', 1);
INSERT INTO user VALUES (1525, 'JOLTEONP.3004', 'pidgeot.jolteon@icbc.com', 'Pidgeot', 'Jolteon', 'IT', 1);
INSERT INTO user VALUES (1526, 'LICKITUNGC.1557', 'cubone.lickitung@icbc.com', 'Cubone', 'Lickitung', 'Management', 1);
INSERT INTO user VALUES (1527, 'TAUROSK.1897', 'kabuto.tauros@icbc.com', 'Kabuto', 'Tauros', 'IT', 1);
INSERT INTO user VALUES (1528, 'VENUSAURK.4793', 'kangaskhan.venusaur@icbc.com', 'Kangaskhan', 'Venusaur', 'Marketing', 1);
INSERT INTO user VALUES (1529, 'SCYTHERL.4799', 'lickitung.scyther@icbc.com', 'Lickitung', 'Scyther', 'HR', 1);
INSERT INTO user VALUES (1530, 'MCNIDORINOG.1947', 'grimer.mcnidorino@icbc.com', 'Grimer', 'McNidorino', 'Customer Service', 1);
INSERT INTO user VALUES (1531, 'MACHAMPL.2569', 'lickitung.machamp@icbc.com', 'Lickitung', 'Machamp', 'Customer Service', 1);
INSERT INTO user VALUES (1532, 'STARMIED.4200', 'doduo.starmie@icbc.com', 'Doduo', 'Starmie', 'HR', 1);
INSERT INTO user VALUES (1533, 'MR. MIMEK.1546', 'kingler.mr. mime@icbc.com', 'Kingler', 'Mr. Mime', 'HR', 1);
INSERT INTO user VALUES (1534, 'GOLEMC.4239', 'caterpie.golem@icbc.com', 'Caterpie', 'Golem', 'Management', 1);
INSERT INTO user VALUES (1535, 'SANDSLASHM.1014', 'mr. mime.sandslash@icbc.com', 'Mr. Mime', 'Sandslash', 'Finance', 1);
INSERT INTO user VALUES (1536, 'SHELLDERA.1259', 'arbok.shellder@icbc.com', 'Arbok', 'Shellder', 'IT', 1);
INSERT INTO user VALUES (1537, 'CUBONEB.4268', 'butterfree.cubone@icbc.com', 'Butterfree', 'Cubone', 'Management', 1);
INSERT INTO user VALUES (1538, 'MR. MIMEM.2374', 'metapod.mr. mime@icbc.com', 'Metapod', 'Mr. Mime', 'Finance', 1);
INSERT INTO user VALUES (1539, 'MAGIKARPW.567', 'weepinbell.magikarp@icbc.com', 'Weepinbell', 'Magikarp', 'Customer Service', 1);
INSERT INTO user VALUES (1540, 'SCYTHERP.2721', 'pidgey.scyther@icbc.com', 'Pidgey', 'Scyther', 'IT', 1);
INSERT INTO user VALUES (1541, 'MANKEYW.2157', 'wigglytuff.mankey@icbc.com', 'Wigglytuff', 'Mankey', 'Customer Service', 1);
INSERT INTO user VALUES (1542, 'FLAREONB.1926', 'bellsprout.flareon@icbc.com', 'Bellsprout', 'Flareon', 'Finance', 1);
INSERT INTO user VALUES (1543, 'SEELC.4500', 'charizard.seel@icbc.com', 'Charizard', 'Seel', 'Customer Service', 1);
INSERT INTO user VALUES (1544, 'MCRHYHORNO.1620', 'omastar.mcrhyhorn@icbc.com', 'Omastar', 'McRhyhorn', 'Customer Service', 1);
INSERT INTO user VALUES (1545, 'BUTTERFREEB.2170', 'butterfree.butterfree@icbc.com', 'Butterfree', 'Butterfree', 'HR', 1);
INSERT INTO user VALUES (1546, 'MCPINSIRG.4998', 'goldeen.mcpinsir@icbc.com', 'Goldeen', 'McPinsir', 'Management', 1);
INSERT INTO user VALUES (1547, 'RATICATEG.1119', 'gloom.raticate@icbc.com', 'Gloom', 'Raticate', 'IT', 1);
INSERT INTO user VALUES (1548, 'BEEDRILLM.2296', 'meowth.beedrill@icbc.com', 'Meowth', 'Beedrill', 'Customer Service', 1);
INSERT INTO user VALUES (1549, 'ELECTABUZZF.2625', 'farfetchd.electabuzz@icbc.com', 'Farfetchd', 'Electabuzz', 'Management', 1);
INSERT INTO user VALUES (1550, 'KOFFINGG.3502', 'gyarados.koffing@icbc.com', 'Gyarados', 'Koffing', 'IT', 1);
INSERT INTO user VALUES (1551, 'PIKACHUV.4253', 'vaporeon.pikachu@icbc.com', 'Vaporeon', 'Pikachu', 'Customer Service', 1);
INSERT INTO user VALUES (1552, 'PIDGEOTTOP.3596', 'psyduck.pidgeotto@icbc.com', 'Psyduck', 'Pidgeotto', 'IT', 1);
INSERT INTO user VALUES (1553, 'VENONATS.1171', 'shellder.venonat@icbc.com', 'Shellder', 'Venonat', 'IT', 1);
INSERT INTO user VALUES (1554, 'VILEPLUMEV.912', 'venomoth.vileplume@icbc.com', 'Venomoth', 'Vileplume', 'Management', 1);
INSERT INTO user VALUES (1555, 'RHYHORNS.4246', 'seel.rhyhorn@icbc.com', 'Seel', 'Rhyhorn', 'Customer Service', 1);
INSERT INTO user VALUES (1556, 'CHANSEYG.4308', 'growlithe.chansey@icbc.com', 'Growlithe', 'Chansey', 'Customer Service', 1);
INSERT INTO user VALUES (1557, 'VOLTORBC.4616', 'caterpie.voltorb@icbc.com', 'Caterpie', 'Voltorb', 'Finance', 1);
INSERT INTO user VALUES (1558, 'WEEDLED.3839', 'drowzee.weedle@icbc.com', 'Drowzee', 'Weedle', 'Customer Service', 1);
INSERT INTO user VALUES (1559, 'GRIMERM.2072', 'machamp.grimer@icbc.com', 'Machamp', 'Grimer', 'HR', 1);
INSERT INTO user VALUES (1560, 'NIDOQUEENR.1817', 'raticate.nidoqueen@icbc.com', 'Raticate', 'Nidoqueen', 'HR', 1);
INSERT INTO user VALUES (1561, 'MCMAGNEMITEP.4276', 'porygon.mcmagnemite@icbc.com', 'Porygon', 'McMagnemite', 'HR', 1);
INSERT INTO user VALUES (1562, 'NIDOKINGP.1820', 'parasect.nidoking@icbc.com', 'Parasect', 'Nidoking', 'Management', 1);
INSERT INTO user VALUES (1563, 'PIKACHUN.2708', 'nidoking.pikachu@icbc.com', 'Nidoking', 'Pikachu', 'Customer Service', 1);
INSERT INTO user VALUES (1564, 'EKANSE.1059', 'electrode.ekans@icbc.com', 'Electrode', 'Ekans', 'Management', 1);
INSERT INTO user VALUES (1565, 'NIDORANP.3459', 'pidgeotto.nidoran@icbc.com', 'Pidgeotto', 'Nidoran', 'IT', 1);
INSERT INTO user VALUES (1566, 'MAGMARM.513', 'machoke.magmar@icbc.com', 'Machoke', 'Magmar', 'IT', 1);
INSERT INTO user VALUES (1567, 'MCBEEDRILLO.2978', 'oddish.mcbeedrill@icbc.com', 'Oddish', 'McBeedrill', 'Marketing', 1);
INSERT INTO user VALUES (1568, 'BULBASAURG.4056', 'gastly.bulbasaur@icbc.com', 'Gastly', 'Bulbasaur', 'IT', 1);
INSERT INTO user VALUES (1569, 'BUTTERFREES.4319', 'squirtle.butterfree@icbc.com', 'Squirtle', 'Butterfree', 'HR', 1);
INSERT INTO user VALUES (1570, 'VAPOREONB.1790', 'beedrill.vaporeon@icbc.com', 'Beedrill', 'Vaporeon', 'HR', 1);
INSERT INTO user VALUES (1571, 'CLEFAIRYA.4039', 'aerodactyl.clefairy@icbc.com', 'Aerodactyl', 'Clefairy', 'Marketing', 1);
INSERT INTO user VALUES (1572, 'SNORLAXB.15', 'butterfree.snorlax@icbc.com', 'Butterfree', 'Snorlax', 'Marketing', 1);
INSERT INTO user VALUES (1573, 'MAGNEMITEP.1060', 'poliwag.magnemite@icbc.com', 'Poliwag', 'Magnemite', 'Customer Service', 1);
INSERT INTO user VALUES (1574, 'MACHOPO.4269', 'omastar.machop@icbc.com', 'Omastar', 'Machop', 'Marketing', 1);
INSERT INTO user VALUES (1575, 'MAGMARS.3107', 'shellder.magmar@icbc.com', 'Shellder', 'Magmar', 'IT', 1);
INSERT INTO user VALUES (1576, 'MCALAKAZAMH.1865', 'haunter.mcalakazam@icbc.com', 'Haunter', 'McAlakazam', 'IT', 1);
INSERT INTO user VALUES (1577, 'AERODACTYLO.1911', 'oddish.aerodactyl@icbc.com', 'Oddish', 'Aerodactyl', 'Management', 1);
INSERT INTO user VALUES (1578, 'SEADRAR.4845', 'rhydon.seadra@icbc.com', 'Rhydon', 'Seadra', 'Management', 1);
INSERT INTO user VALUES (1579, 'PINSIRN.3192', 'nidoking.pinsir@icbc.com', 'Nidoking', 'Pinsir', 'Marketing', 1);
INSERT INTO user VALUES (1580, 'PARASECTA.2988', 'alakazam.parasect@icbc.com', 'Alakazam', 'Parasect', 'Marketing', 1);
INSERT INTO user VALUES (1581, 'GOLEMG.1365', 'grimer.golem@icbc.com', 'Grimer', 'Golem', 'IT', 1);
INSERT INTO user VALUES (1582, 'VENONATR.3287', 'rhydon.venonat@icbc.com', 'Rhydon', 'Venonat', 'Finance', 1);
INSERT INTO user VALUES (1583, 'RAPIDASHN.391', 'ninetales.rapidash46@icbc.com', 'Ninetales', 'Rapidash', 'Marketing', 1);
INSERT INTO user VALUES (1584, 'PIDGEOTN.3323', 'ninetales.pidgeot@icbc.com', 'Ninetales', 'Pidgeot', 'Finance', 1);
INSERT INTO user VALUES (1585, 'PIDGEOTJ.1618', 'jolteon.pidgeot@icbc.com', 'Jolteon', 'Pidgeot', 'IT', 1);
INSERT INTO user VALUES (1586, 'CHARIZARDS.201', 'slowbro.charizard@icbc.com', 'Slowbro', 'Charizard', 'Marketing', 1);
INSERT INTO user VALUES (1587, 'MR. MIMEM.3697', 'mewtwo.mr. mime@icbc.com', 'Mewtwo', 'Mr. Mime', 'Customer Service', 1);
INSERT INTO user VALUES (1588, 'SLOWPOKEG.455', 'goldeen.slowpoke@icbc.com', 'Goldeen', 'Slowpoke', 'Finance', 1);
INSERT INTO user VALUES (1589, 'PIDGEYD.678', 'dragonite.pidgey@icbc.com', 'Dragonite', 'Pidgey', 'Marketing', 1);
INSERT INTO user VALUES (1590, 'HITMONCHAND.3874', 'dragonair.hitmonchan@icbc.com', 'Dragonair', 'Hitmonchan', 'HR', 1);
INSERT INTO user VALUES (1591, 'DITTOV.1426', 'venusaur.ditto47@icbc.com', 'Venusaur', 'Ditto', 'Customer Service', 1);
INSERT INTO user VALUES (1592, 'DROWZEET.3954', 'tentacruel.drowzee@icbc.com', 'Tentacruel', 'Drowzee', 'Management', 1);
INSERT INTO user VALUES (1593, 'RHYHORNC.4817', 'cubone.rhyhorn@icbc.com', 'Cubone', 'Rhyhorn', 'Customer Service', 1);
INSERT INTO user VALUES (1594, 'PORYGONV.4932', 'vulpix.porygon@icbc.com', 'Vulpix', 'Porygon', 'Customer Service', 1);
INSERT INTO user VALUES (1595, 'GROWLITHEN.3095', 'nidoran.growlithe@icbc.com', 'Nidoran', 'Growlithe', 'Management', 1);
INSERT INTO user VALUES (1596, 'CHARMELEONC.1259', 'chansey.charmeleon@icbc.com', 'Chansey', 'Charmeleon', 'Finance', 1);
INSERT INTO user VALUES (1597, 'LICKITUNGG.1985', 'gyarados.lickitung@icbc.com', 'Gyarados', 'Lickitung', 'Finance', 1);
INSERT INTO user VALUES (1598, 'CLEFABLEA.2397', 'arcanine.clefable@icbc.com', 'Arcanine', 'Clefable', 'Marketing', 1);
INSERT INTO user VALUES (1599, 'NIDORINAC.195', 'cloyster.nidorina48@icbc.com', 'Cloyster', 'Nidorina', 'Customer Service', 1);
INSERT INTO user VALUES (1600, 'PORYGONS.3827', 'seel.porygon@icbc.com', 'Seel', 'Porygon', 'Marketing', 1);
INSERT INTO user VALUES (1601, 'MAGNETONR.4602', 'raticate.magneton@icbc.com', 'Raticate', 'Magneton', 'Marketing', 1);
INSERT INTO user VALUES (1602, 'MACHOPR.4300', 'rhydon.machop@icbc.com', 'Rhydon', 'Machop', 'IT', 1);
INSERT INTO user VALUES (1603, 'FEAROWD.1499', 'dodrio.fearow49@icbc.com', 'Dodrio', 'Fearow', 'Management', 1);
INSERT INTO user VALUES (1604, 'METAPODW.4393', 'weedle.metapod@icbc.com', 'Weedle', 'Metapod', 'Marketing', 1);
INSERT INTO user VALUES (1605, 'BEEDRILLN.980', 'ninetales.beedrill@icbc.com', 'Ninetales', 'Beedrill', 'Marketing', 1);
INSERT INTO user VALUES (1606, 'DRAGONAIRV.2095', 'vileplume.dragonair50@icbc.com', 'Vileplume', 'Dragonair', 'Customer Service', 1);
INSERT INTO user VALUES (1607, 'PARASECTC.310', 'cubone.parasect@icbc.com', 'Cubone', 'Parasect', 'Management', 1);
INSERT INTO user VALUES (1608, 'GASTLYB.25', 'butterfree.gastly@icbc.com', 'Butterfree', 'Gastly', 'Management', 1);
INSERT INTO user VALUES (1609, 'STARYUJ.373', 'jigglypuff.staryu@icbc.com', 'Jigglypuff', 'Staryu', 'HR', 1);
INSERT INTO user VALUES (1610, 'ZUBATP.180', 'poliwrath.zubat@icbc.com', 'Poliwrath', 'Zubat', 'Finance', 1);
INSERT INTO user VALUES (1611, 'CHARMELEONG.3569', 'gastly.charmeleon@icbc.com', 'Gastly', 'Charmeleon', 'IT', 1);
INSERT INTO user VALUES (1612, 'GROWLITHEM.2320', 'magmar.growlithe51@icbc.com', 'Magmar', 'Growlithe', 'Marketing', 1);
INSERT INTO user VALUES (1613, 'GOLEMR.837', 'rapidash.golem@icbc.com', 'Rapidash', 'Golem', 'HR', 1);
INSERT INTO user VALUES (1614, 'RAICHUP.1108', 'pinsir.raichu@icbc.com', 'Pinsir', 'Raichu', 'IT', 1);
INSERT INTO user VALUES (1615, 'DIGLETTD.1995', 'dodrio.diglett@icbc.com', 'Dodrio', 'Diglett', 'Marketing', 1);
INSERT INTO user VALUES (1616, 'MACHOKER.3199', 'raichu.machoke@icbc.com', 'Raichu', 'Machoke', 'Finance', 1);
INSERT INTO user VALUES (1617, 'MAGNETONE.3718', 'eevee.magneton@icbc.com', 'Eevee', 'Magneton', 'HR', 1);
INSERT INTO user VALUES (1618, 'DODUON.2778', 'nidorina.doduo@icbc.com', 'Nidorina', 'Doduo', 'Finance', 1);
INSERT INTO user VALUES (1619, 'STARYUM.2105', 'machop.staryu@icbc.com', 'Machop', 'Staryu', 'HR', 1);
INSERT INTO user VALUES (1620, 'MR. MIMEH.858', 'hitmonchan.mr. mime@icbc.com', 'Hitmonchan', 'Mr. Mime', 'Finance', 1);
INSERT INTO user VALUES (1621, 'POLIWAGB.2039', 'beedrill.poliwag@icbc.com', 'Beedrill', 'Poliwag', 'Management', 1);
INSERT INTO user VALUES (1622, 'MEOWTHB.333', 'butterfree.meowth@icbc.com', 'Butterfree', 'Meowth', 'Finance', 1);
INSERT INTO user VALUES (1623, 'WEEPINBELLG.2899', 'gengar.weepinbell@icbc.com', 'Gengar', 'Weepinbell', 'HR', 1);
INSERT INTO user VALUES (1624, 'MCRATICATEW.4055', 'wigglytuff.mcraticate@icbc.com', 'Wigglytuff', 'McRaticate', 'Finance', 1);
INSERT INTO user VALUES (1625, 'MEWTWON.2103', 'nidoran.mewtwo@icbc.com', 'Nidoran', 'Mewtwo', 'Marketing', 1);
INSERT INTO user VALUES (1626, 'DRAGONAIRN.2442', 'nidoqueen.dragonair@icbc.com', 'Nidoqueen', 'Dragonair', 'Customer Service', 1);
INSERT INTO user VALUES (1627, 'EEVEEG.1187', 'gastly.eevee@icbc.com', 'Gastly', 'Eevee', 'Customer Service', 1);
INSERT INTO user VALUES (1628, 'PIKACHUS.4333', 'scyther.pikachu@icbc.com', 'Scyther', 'Pikachu', 'Marketing', 1);
INSERT INTO user VALUES (1629, 'ARTICUNOE.4285', 'exeggcute.articuno@icbc.com', 'Exeggcute', 'Articuno', 'IT', 1);
INSERT INTO user VALUES (1630, 'CATERPIEM.1008', 'magnemite.caterpie@icbc.com', 'Magnemite', 'Caterpie', 'Finance', 1);
INSERT INTO user VALUES (1631, 'JYNXW.1422', 'wigglytuff.jynx@icbc.com', 'Wigglytuff', 'Jynx', 'Marketing', 1);
INSERT INTO user VALUES (1632, 'MCVENUSAURR.862', 'raichu.mcvenusaur@icbc.com', 'Raichu', 'McVenusaur', 'IT', 1);
INSERT INTO user VALUES (1633, 'ELECTABUZZP.828', 'pinsir.electabuzz@icbc.com', 'Pinsir', 'Electabuzz', 'Management', 1);
INSERT INTO user VALUES (1634, 'VOLTORBC.2806', 'clefairy.voltorb@icbc.com', 'Clefairy', 'Voltorb', 'IT', 1);
INSERT INTO user VALUES (1635, 'MCSEADRAA.3587', 'arbok.mcseadra@icbc.com', 'Arbok', 'McSeadra', 'Marketing', 1);
INSERT INTO user VALUES (1636, 'NIDORAND.3734', 'dragonite.nidoran@icbc.com', 'Dragonite', 'Nidoran', 'Customer Service', 1);
INSERT INTO user VALUES (1637, 'SEADRAE.3914', 'electrode.seadra@icbc.com', 'Electrode', 'Seadra', 'Finance', 1);
INSERT INTO user VALUES (1638, 'WIGGLYTUFFN.1820', 'nidorino.wigglytuff@icbc.com', 'Nidorino', 'Wigglytuff', 'Marketing', 1);
INSERT INTO user VALUES (1639, 'DRATINIG.1683', 'goldeen.dratini@icbc.com', 'Goldeen', 'Dratini', 'Marketing', 1);
INSERT INTO user VALUES (1640, 'POLIWHIRLK.1125', 'kakuna.poliwhirl@icbc.com', 'Kakuna', 'Poliwhirl', 'Management', 1);
INSERT INTO user VALUES (1641, 'NIDORANM.1516', 'metapod.nidoran@icbc.com', 'Metapod', 'Nidoran', 'Marketing', 1);
INSERT INTO user VALUES (1642, 'EKANSN.3340', 'nidoran.ekans@icbc.com', 'Nidoran', 'Ekans', 'HR', 1);
INSERT INTO user VALUES (1643, 'MCMACHOKES.102', 'seel.mcmachoke@icbc.com', 'Seel', 'McMachoke', 'Finance', 1);
INSERT INTO user VALUES (1644, 'WARTORTLEM.4371', 'mew.wartortle@icbc.com', 'Mew', 'Wartortle', 'IT', 1);
INSERT INTO user VALUES (1645, 'DITTOJ.3277', 'jolteon.ditto@icbc.com', 'Jolteon', 'Ditto', 'HR', 1);
INSERT INTO user VALUES (1646, 'MACHOKEJ.65', 'jigglypuff.machoke@icbc.com', 'Jigglypuff', 'Machoke', 'Management', 1);
INSERT INTO user VALUES (1647, 'GRIMERC.2299', 'cloyster.grimer@icbc.com', 'Cloyster', 'Grimer', 'Finance', 1);
INSERT INTO user VALUES (1648, 'KAKUNAP.3680', 'porygon.kakuna@icbc.com', 'Porygon', 'Kakuna', 'Marketing', 1);
INSERT INTO user VALUES (1649, 'KAKUNAG.970', 'geodude.kakuna@icbc.com', 'Geodude', 'Kakuna', 'Customer Service', 1);
INSERT INTO user VALUES (1650, 'GENGARV.857', 'venomoth.gengar@icbc.com', 'Venomoth', 'Gengar', 'Finance', 1);
INSERT INTO user VALUES (1651, 'EKANSC.2443', 'chansey.ekans@icbc.com', 'Chansey', 'Ekans', 'HR', 1);
INSERT INTO user VALUES (1652, 'STARYUV.4607', 'vulpix.staryu@icbc.com', 'Vulpix', 'Staryu', 'HR', 1);
INSERT INTO user VALUES (1653, 'KABUTOS.3256', 'sandshrew.kabuto@icbc.com', 'Sandshrew', 'Kabuto', 'IT', 1);
INSERT INTO user VALUES (1654, 'FEAROWC.2847', 'charmander.fearow@icbc.com', 'Charmander', 'Fearow', 'Finance', 1);
INSERT INTO user VALUES (1655, 'DROWZEEM.1059', 'mankey.drowzee@icbc.com', 'Mankey', 'Drowzee', 'IT', 1);
INSERT INTO user VALUES (1656, 'CHARMANDERS.1465', 'sandslash.charmander@icbc.com', 'Sandslash', 'Charmander', 'Management', 1);
INSERT INTO user VALUES (1657, 'VAPOREONE.1677', 'electabuzz.vaporeon@icbc.com', 'Electabuzz', 'Vaporeon', 'Marketing', 1);
INSERT INTO user VALUES (1658, 'POLIWAGG.3679', 'golduck.poliwag52@icbc.com', 'Golduck', 'Poliwag', 'IT', 1);
INSERT INTO user VALUES (1659, 'GASTLYA.1211', 'abra.gastly@icbc.com', 'Abra', 'Gastly', 'IT', 1);
INSERT INTO user VALUES (1660, 'AERODACTYLN.4649', 'nidoran.aerodactyl@icbc.com', 'Nidoran', 'Aerodactyl', 'Customer Service', 1);
INSERT INTO user VALUES (1661, 'BEEDRILLA.3432', 'aerodactyl.beedrill@icbc.com', 'Aerodactyl', 'Beedrill', 'HR', 1);
INSERT INTO user VALUES (1662, 'PONYTAA.4278', 'abra.ponyta@icbc.com', 'Abra', 'Ponyta', 'Management', 1);
INSERT INTO user VALUES (1663, 'MCGOLEMG.1226', 'geodude.mcgolem@icbc.com', 'Geodude', 'McGolem', 'Customer Service', 1);
INSERT INTO user VALUES (1664, 'SEELK.1292', 'koffing.seel@icbc.com', 'Koffing', 'Seel', 'Management', 1);
INSERT INTO user VALUES (1665, 'GEODUDEG.1994', 'growlithe.geodude@icbc.com', 'Growlithe', 'Geodude', 'IT', 1);
INSERT INTO user VALUES (1666, 'SEELK.2933', 'koffing.seel53@icbc.com', 'Koffing', 'Seel', 'Management', 1);
INSERT INTO user VALUES (1667, 'SLOWPOKEM.1312', 'meowth.slowpoke@icbc.com', 'Meowth', 'Slowpoke', 'Customer Service', 1);
INSERT INTO user VALUES (1668, 'KOFFINGA.4838', 'aerodactyl.koffing54@icbc.com', 'Aerodactyl', 'Koffing', 'Customer Service', 1);
INSERT INTO user VALUES (1669, 'WEEZINGK.3276', 'krabby.weezing@icbc.com', 'Krabby', 'Weezing', 'Customer Service', 1);
INSERT INTO user VALUES (1670, 'KABUTOPSE.3339', 'exeggcute.kabutops@icbc.com', 'Exeggcute', 'Kabutops', 'Management', 1);
INSERT INTO user VALUES (1671, 'MCELECTABUZZT.4961', 'tentacool.mcelectabuzz@icbc.com', 'Tentacool', 'McElectabuzz', 'IT', 1);
INSERT INTO user VALUES (1672, 'KOFFINGP.323', 'pikachu.koffing@icbc.com', 'Pikachu', 'Koffing', 'Management', 1);
INSERT INTO user VALUES (1673, 'GOLDEENM.1264', 'mr. mime.goldeen@icbc.com', 'Mr. Mime', 'Goldeen', 'Finance', 1);
INSERT INTO user VALUES (1674, 'GLOOMC.3704', 'clefable.gloom@icbc.com', 'Clefable', 'Gloom', 'HR', 1);
INSERT INTO user VALUES (1675, 'WEEPINBELLO.4999', 'omastar.weepinbell@icbc.com', 'Omastar', 'Weepinbell', 'Marketing', 1);
INSERT INTO user VALUES (1676, 'MCSLOWPOKED.4460', 'diglett.mcslowpoke@icbc.com', 'Diglett', 'McSlowpoke', 'IT', 1);
INSERT INTO user VALUES (1677, 'FARFETCHDD.2248', 'dragonite.farfetchd@icbc.com', 'Dragonite', 'Farfetchd', 'HR', 1);
INSERT INTO user VALUES (1678, 'GRIMERG.1535', 'grimer.grimer@icbc.com', 'Grimer', 'Grimer', 'Management', 1);
INSERT INTO user VALUES (1679, 'STARYUC.4783', 'cloyster.staryu@icbc.com', 'Cloyster', 'Staryu', 'Customer Service', 1);
INSERT INTO user VALUES (1680, 'RATTATAR.2773', 'rapidash.rattata@icbc.com', 'Rapidash', 'Rattata', 'IT', 1);
INSERT INTO user VALUES (1681, 'LICKITUNGG.2282', 'growlithe.lickitung@icbc.com', 'Growlithe', 'Lickitung', 'Finance', 1);
INSERT INTO user VALUES (1682, 'PARASM.4880', 'machamp.paras@icbc.com', 'Machamp', 'Paras', 'Marketing', 1);
INSERT INTO user VALUES (1683, 'NIDORANK.4974', 'koffing.nidoran@icbc.com', 'Koffing', 'Nidoran', 'Management', 1);
INSERT INTO user VALUES (1684, 'SEADRAD.2836', 'dodrio.seadra@icbc.com', 'Dodrio', 'Seadra', 'Marketing', 1);
INSERT INTO user VALUES (1685, 'VENONATN.76', 'ninetales.venonat@icbc.com', 'Ninetales', 'Venonat', 'HR', 1);
INSERT INTO user VALUES (1686, 'DODUOP.2416', 'pidgeot.doduo@icbc.com', 'Pidgeot', 'Doduo', 'Marketing', 1);
INSERT INTO user VALUES (1687, 'GASTLYM.3410', 'machop.gastly@icbc.com', 'Machop', 'Gastly', 'HR', 1);
INSERT INTO user VALUES (1688, 'NINETALESV.366', 'vulpix.ninetales@icbc.com', 'Vulpix', 'Ninetales', 'IT', 1);
INSERT INTO user VALUES (1689, 'METAPODH.1797', 'haunter.metapod@icbc.com', 'Haunter', 'Metapod', 'Marketing', 1);
INSERT INTO user VALUES (1690, 'ARCANINEB.4972', 'beedrill.arcanine@icbc.com', 'Beedrill', 'Arcanine', 'Finance', 1);
INSERT INTO user VALUES (1691, 'PIDGEOTC.970', 'clefable.pidgeot@icbc.com', 'Clefable', 'Pidgeot', 'HR', 1);
INSERT INTO user VALUES (1692, 'HITMONLEEG.243', 'golbat.hitmonlee@icbc.com', 'Golbat', 'Hitmonlee', 'Management', 1);
INSERT INTO user VALUES (1693, 'PIDGEOTS.1222', 'slowbro.pidgeot@icbc.com', 'Slowbro', 'Pidgeot', 'HR', 1);
INSERT INTO user VALUES (1694, 'SANDSLASHF.4085', 'flareon.sandslash@icbc.com', 'Flareon', 'Sandslash', 'Management', 1);
INSERT INTO user VALUES (1695, 'VILEPLUMEP.653', 'primeape.vileplume@icbc.com', 'Primeape', 'Vileplume', 'Management', 1);
INSERT INTO user VALUES (1696, 'JYNXM.1795', 'mewtwo.jynx@icbc.com', 'Mewtwo', 'Jynx', 'IT', 1);
INSERT INTO user VALUES (1697, 'MR. MIMEN.1231', 'nidoqueen.mr. mime@icbc.com', 'Nidoqueen', 'Mr. Mime', 'IT', 1);
INSERT INTO user VALUES (1698, 'VAPOREONR.3467', 'rattata.vaporeon@icbc.com', 'Rattata', 'Vaporeon', 'Finance', 1);
INSERT INTO user VALUES (1699, 'SHELLDERP.1758', 'poliwag.shellder@icbc.com', 'Poliwag', 'Shellder', 'Marketing', 1);
INSERT INTO user VALUES (1700, 'CLEFAIRYC.4804', 'clefable.clefairy@icbc.com', 'Clefable', 'Clefairy', 'Customer Service', 1);
INSERT INTO user VALUES (1701, 'CHARMANDERS.1842', 'snorlax.charmander55@icbc.com', 'Snorlax', 'Charmander', 'HR', 1);
INSERT INTO user VALUES (1702, 'MAGIKARPG.1248', 'gengar.magikarp@icbc.com', 'Gengar', 'Magikarp', 'Customer Service', 1);
INSERT INTO user VALUES (1703, 'MCBUTTERFREES.3178', 'seel.mcbutterfree@icbc.com', 'Seel', 'McButterfree', 'IT', 1);
INSERT INTO user VALUES (1704, 'PIDGEOTTOP.4251', 'porygon.pidgeotto@icbc.com', 'Porygon', 'Pidgeotto', 'HR', 1);
INSERT INTO user VALUES (1705, 'GENGARE.4315', 'ekans.gengar@icbc.com', 'Ekans', 'Gengar', 'Marketing', 1);
INSERT INTO user VALUES (1706, 'GOLEMP.3156', 'poliwrath.golem@icbc.com', 'Poliwrath', 'Golem', 'Management', 1);
INSERT INTO user VALUES (1707, 'CLEFABLEJ.3998', 'jolteon.clefable@icbc.com', 'Jolteon', 'Clefable', 'HR', 1);
INSERT INTO user VALUES (1708, 'DODRIOS.4432', 'slowpoke.dodrio56@icbc.com', 'Slowpoke', 'Dodrio', 'Customer Service', 1);
INSERT INTO user VALUES (1709, 'IVYSAURK.551', 'kadabra.ivysaur@icbc.com', 'Kadabra', 'Ivysaur', 'Marketing', 1);
INSERT INTO user VALUES (1710, 'SHELLDERM.3390', 'mew.shellder@icbc.com', 'Mew', 'Shellder', 'IT', 1);
INSERT INTO user VALUES (1711, 'PIKACHUG.795', 'golduck.pikachu@icbc.com', 'Golduck', 'Pikachu', 'Marketing', 1);
INSERT INTO user VALUES (1712, 'EXEGGCUTEW.379', 'weedle.exeggcute57@icbc.com', 'Weedle', 'Exeggcute', 'Finance', 1);
INSERT INTO user VALUES (1713, 'CHANSEYC.1096', 'cubone.chansey@icbc.com', 'Cubone', 'Chansey', 'Management', 1);
INSERT INTO user VALUES (1714, 'RAPIDASHG.3747', 'gyarados.rapidash@icbc.com', 'Gyarados', 'Rapidash', 'Customer Service', 1);
INSERT INTO user VALUES (1715, 'KOFFINGA.1310', 'articuno.koffing@icbc.com', 'Articuno', 'Koffing', 'Management', 1);
INSERT INTO user VALUES (1716, 'SANDSHREWK.2647', 'kadabra.sandshrew@icbc.com', 'Kadabra', 'Sandshrew', 'HR', 1);
INSERT INTO user VALUES (1717, 'ELECTABUZZN.3263', 'ninetales.electabuzz@icbc.com', 'Ninetales', 'Electabuzz', 'Marketing', 1);
INSERT INTO user VALUES (1718, 'MAGMARD.4783', 'dugtrio.magmar58@icbc.com', 'Dugtrio', 'Magmar', 'HR', 1);
INSERT INTO user VALUES (1719, 'GRIMERR.4809', 'rhyhorn.grimer@icbc.com', 'Rhyhorn', 'Grimer', 'HR', 1);
INSERT INTO user VALUES (1720, 'FLAREONO.1813', 'oddish.flareon@icbc.com', 'Oddish', 'Flareon', 'HR', 1);
INSERT INTO user VALUES (1721, 'ODDISHK.3254', 'kabuto.oddish@icbc.com', 'Kabuto', 'Oddish', 'Finance', 1);
INSERT INTO user VALUES (1722, 'KINGLERG.4054', 'golem.kingler@icbc.com', 'Golem', 'Kingler', 'Finance', 1);
INSERT INTO user VALUES (1723, 'MAGIKARPB.379', 'bulbasaur.magikarp@icbc.com', 'Bulbasaur', 'Magikarp', 'Management', 1);
INSERT INTO user VALUES (1724, 'TANGELAM.619', 'mankey.tangela@icbc.com', 'Mankey', 'Tangela', 'Finance', 1);
INSERT INTO user VALUES (1725, 'PONYTAJ.1460', 'jynx.ponyta@icbc.com', 'Jynx', 'Ponyta', 'Finance', 1);
INSERT INTO user VALUES (1726, 'WARTORTLER.4694', 'raticate.wartortle@icbc.com', 'Raticate', 'Wartortle', 'IT', 1);
INSERT INTO user VALUES (1727, 'KABUTOA.2418', 'arbok.kabuto@icbc.com', 'Arbok', 'Kabuto', 'Management', 1);
INSERT INTO user VALUES (1728, 'FARFETCHDC.1266', 'clefairy.farfetchd@icbc.com', 'Clefairy', 'Farfetchd', 'Marketing', 1);
INSERT INTO user VALUES (1729, 'ODDISHV.3478', 'vulpix.oddish@icbc.com', 'Vulpix', 'Oddish', 'HR', 1);
INSERT INTO user VALUES (1730, 'SEELV.4417', 'voltorb.seel@icbc.com', 'Voltorb', 'Seel', 'Marketing', 1);
INSERT INTO user VALUES (1731, 'PRIMEAPEO.3488', 'onix.primeape59@icbc.com', 'Onix', 'Primeape', 'IT', 1);
INSERT INTO user VALUES (1732, 'CLEFAIRYE.1056', 'exeggutor.clefairy@icbc.com', 'Exeggutor', 'Clefairy', 'Marketing', 1);
INSERT INTO user VALUES (1733, 'WEEPINBELLD.627', 'dragonite.weepinbell@icbc.com', 'Dragonite', 'Weepinbell', 'Customer Service', 1);
INSERT INTO user VALUES (1734, 'LAPRASL.1904', 'lickitung.lapras@icbc.com', 'Lickitung', 'Lapras', 'IT', 1);
INSERT INTO user VALUES (1735, 'KADABRAM.1027', 'mr. mime.kadabra60@icbc.com', 'Mr. Mime', 'Kadabra', 'IT', 1);
INSERT INTO user VALUES (1736, 'GEODUDEZ.716', 'zapdos.geodude@icbc.com', 'Zapdos', 'Geodude', 'Marketing', 1);
INSERT INTO user VALUES (1737, 'OMANYTEC.1628', 'charmander.omanyte@icbc.com', 'Charmander', 'Omanyte', 'Customer Service', 1);
INSERT INTO user VALUES (1738, 'MAGMARM.3578', 'machamp.magmar@icbc.com', 'Machamp', 'Magmar', 'Marketing', 1);
INSERT INTO user VALUES (1739, 'SANDSHREWC.3400', 'charmeleon.sandshrew@icbc.com', 'Charmeleon', 'Sandshrew', 'Customer Service', 1);
INSERT INTO user VALUES (1740, 'OMASTARB.4710', 'butterfree.omastar@icbc.com', 'Butterfree', 'Omastar', 'HR', 1);
INSERT INTO user VALUES (1741, 'ELECTRODEV.2912', 'venusaur.electrode@icbc.com', 'Venusaur', 'Electrode', 'Finance', 1);
INSERT INTO user VALUES (1742, 'EXEGGUTORS.1026', 'spearow.exeggutor@icbc.com', 'Spearow', 'Exeggutor', 'IT', 1);
INSERT INTO user VALUES (1743, 'PIKACHUC.4712', 'chansey.pikachu@icbc.com', 'Chansey', 'Pikachu', 'HR', 1);
INSERT INTO user VALUES (1744, 'KANGASKHANC.169', 'cloyster.kangaskhan@icbc.com', 'Cloyster', 'Kangaskhan', 'Customer Service', 1);
INSERT INTO user VALUES (1745, 'MR. MIMEV.4704', 'venusaur.mr. mime@icbc.com', 'Venusaur', 'Mr. Mime', 'Management', 1);
INSERT INTO user VALUES (1746, 'PONYTAB.4696', 'butterfree.ponyta@icbc.com', 'Butterfree', 'Ponyta', 'IT', 1);
INSERT INTO user VALUES (1747, 'ELECTRODES.570', 'slowbro.electrode@icbc.com', 'Slowbro', 'Electrode', 'HR', 1);
INSERT INTO user VALUES (1748, 'ZUBATE.4951', 'electrode.zubat@icbc.com', 'Electrode', 'Zubat', 'Marketing', 1);
INSERT INTO user VALUES (1749, 'MACHOKEM.4138', 'marowak.machoke@icbc.com', 'Marowak', 'Machoke', 'IT', 1);
INSERT INTO user VALUES (1750, 'PONYTAA.1820', 'alakazam.ponyta@icbc.com', 'Alakazam', 'Ponyta', 'IT', 1);
INSERT INTO user VALUES (1751, 'DUGTRIOD.4543', 'ditto.dugtrio@icbc.com', 'Ditto', 'Dugtrio', 'Marketing', 1);
INSERT INTO user VALUES (1752, 'EXEGGUTORZ.4411', 'zubat.exeggutor@icbc.com', 'Zubat', 'Exeggutor', 'Management', 1);
INSERT INTO user VALUES (1753, 'HYPNOW.3355', 'wigglytuff.hypno@icbc.com', 'Wigglytuff', 'Hypno', 'IT', 1);
INSERT INTO user VALUES (1754, 'ARTICUNOW.619', 'wartortle.articuno@icbc.com', 'Wartortle', 'Articuno', 'IT', 1);
INSERT INTO user VALUES (1755, 'HITMONLEED.4395', 'ditto.hitmonlee@icbc.com', 'Ditto', 'Hitmonlee', 'Marketing', 1);
INSERT INTO user VALUES (1756, 'JYNXV.3955', 'voltorb.jynx@icbc.com', 'Voltorb', 'Jynx', 'HR', 1);
INSERT INTO user VALUES (1757, 'KANGASKHANP.2137', 'persian.kangaskhan@icbc.com', 'Persian', 'Kangaskhan', 'Marketing', 1);
INSERT INTO user VALUES (1758, 'POLIWAGG.1846', 'gastly.poliwag@icbc.com', 'Gastly', 'Poliwag', 'Finance', 1);
INSERT INTO user VALUES (1759, 'MCRATTATAW.3721', 'weezing.mcrattata@icbc.com', 'Weezing', 'McRattata', 'Customer Service', 1);
INSERT INTO user VALUES (1760, 'DUGTRIOG.2881', 'graveler.dugtrio@icbc.com', 'Graveler', 'Dugtrio', 'Finance', 1);
INSERT INTO user VALUES (1761, 'DEWGONGA.1768', 'abra.dewgong@icbc.com', 'Abra', 'Dewgong', 'Finance', 1);
INSERT INTO user VALUES (1762, 'CLEFAIRYA.1669', 'articuno.clefairy@icbc.com', 'Articuno', 'Clefairy', 'Management', 1);
INSERT INTO user VALUES (1763, 'MUKT.4100', 'tentacruel.muk@icbc.com', 'Tentacruel', 'Muk', 'Management', 1);
INSERT INTO user VALUES (1764, 'VICTREEBELK.510', 'kingler.victreebel@icbc.com', 'Kingler', 'Victreebel', 'Management', 1);
INSERT INTO user VALUES (1765, 'ARBOKN.1521', 'nidorino.arbok@icbc.com', 'Nidorino', 'Arbok', 'Marketing', 1);
INSERT INTO user VALUES (1766, 'CLEFABLEA.528', 'abra.clefable@icbc.com', 'Abra', 'Clefable', 'Customer Service', 1);
INSERT INTO user VALUES (1767, 'SLOWPOKEI.1697', 'ivysaur.slowpoke@icbc.com', 'Ivysaur', 'Slowpoke', 'Customer Service', 1);
INSERT INTO user VALUES (1768, 'VAPOREONR.2263', 'raticate.vaporeon@icbc.com', 'Raticate', 'Vaporeon', 'Customer Service', 1);
INSERT INTO user VALUES (1769, 'GYARADOSE.3721', 'exeggutor.gyarados@icbc.com', 'Exeggutor', 'Gyarados', 'Marketing', 1);
INSERT INTO user VALUES (1770, 'SEADRAM.3447', 'mew.seadra@icbc.com', 'Mew', 'Seadra', 'Customer Service', 1);
INSERT INTO user VALUES (1771, 'GLOOMC.3152', 'chansey.gloom@icbc.com', 'Chansey', 'Gloom', 'Management', 1);
INSERT INTO user VALUES (1772, 'NIDORANP.63', 'psyduck.nidoran@icbc.com', 'Psyduck', 'Nidoran', 'Marketing', 1);
INSERT INTO user VALUES (1773, 'DRATINIF.881', 'fearow.dratini@icbc.com', 'Fearow', 'Dratini', 'HR', 1);
INSERT INTO user VALUES (1774, 'SPEAROWG.80', 'geodude.spearow@icbc.com', 'Geodude', 'Spearow', 'HR', 1);
INSERT INTO user VALUES (1775, 'ARBOKS.1310', 'sandslash.arbok@icbc.com', 'Sandslash', 'Arbok', 'Marketing', 1);
INSERT INTO user VALUES (1776, 'MACHOPC.820', 'cloyster.machop@icbc.com', 'Cloyster', 'Machop', 'Management', 1);
INSERT INTO user VALUES (1777, 'EXEGGUTORK.4834', 'koffing.exeggutor@icbc.com', 'Koffing', 'Exeggutor', 'Finance', 1);
INSERT INTO user VALUES (1778, 'WEEDLES.2452', 'seaking.weedle@icbc.com', 'Seaking', 'Weedle', 'IT', 1);
INSERT INTO user VALUES (1779, 'ALAKAZAMV.299', 'vulpix.alakazam@icbc.com', 'Vulpix', 'Alakazam', 'Customer Service', 1);
INSERT INTO user VALUES (1780, 'HITMONLEES.3361', 'staryu.hitmonlee@icbc.com', 'Staryu', 'Hitmonlee', 'Customer Service', 1);
INSERT INTO user VALUES (1781, 'AERODACTYLC.3105', 'clefairy.aerodactyl@icbc.com', 'Clefairy', 'Aerodactyl', 'Marketing', 1);
INSERT INTO user VALUES (1782, 'CLEFAIRYL.2469', 'lickitung.clefairy@icbc.com', 'Lickitung', 'Clefairy', 'HR', 1);
INSERT INTO user VALUES (1783, 'KAKUNAK.2417', 'koffing.kakuna@icbc.com', 'Koffing', 'Kakuna', 'Finance', 1);
INSERT INTO user VALUES (1784, 'MCJIGGLYPUFFS.2704', 'seel.mcjigglypuff@icbc.com', 'Seel', 'McJigglypuff', 'Finance', 1);
INSERT INTO user VALUES (1785, 'CLEFAIRYM.1374', 'metapod.clefairy@icbc.com', 'Metapod', 'Clefairy', 'Finance', 1);
INSERT INTO user VALUES (1786, 'PIDGEOTTOD.4330', 'dodrio.pidgeotto@icbc.com', 'Dodrio', 'Pidgeotto', 'Management', 1);
INSERT INTO user VALUES (1787, 'ARCANINEO.560', 'onix.arcanine@icbc.com', 'Onix', 'Arcanine', 'HR', 1);
INSERT INTO user VALUES (1788, 'MAGIKARPM.611', 'marowak.magikarp@icbc.com', 'Marowak', 'Magikarp', 'Finance', 1);
INSERT INTO user VALUES (1789, 'MOLTRESW.2149', 'weedle.moltres@icbc.com', 'Weedle', 'Moltres', 'Finance', 1);
INSERT INTO user VALUES (1790, 'PRIMEAPEP.2201', 'psyduck.primeape@icbc.com', 'Psyduck', 'Primeape', 'Management', 1);
INSERT INTO user VALUES (1791, 'WIGGLYTUFFP.3084', 'pinsir.wigglytuff@icbc.com', 'Pinsir', 'Wigglytuff', 'Management', 1);
INSERT INTO user VALUES (1792, 'EEVEEK.3395', 'kabutops.eevee@icbc.com', 'Kabutops', 'Eevee', 'Management', 1);
INSERT INTO user VALUES (1793, 'JIGGLYPUFFG.3978', 'golbat.jigglypuff61@icbc.com', 'Golbat', 'Jigglypuff', 'HR', 1);
INSERT INTO user VALUES (1794, 'HAUNTERO.1735', 'omastar.haunter@icbc.com', 'Omastar', 'Haunter', 'HR', 1);
INSERT INTO user VALUES (1795, 'HITMONCHANM.2089', 'mew.hitmonchan@icbc.com', 'Mew', 'Hitmonchan', 'Customer Service', 1);
INSERT INTO user VALUES (1796, 'MOLTRESM.1209', 'mew.moltres@icbc.com', 'Mew', 'Moltres', 'HR', 1);
INSERT INTO user VALUES (1797, 'SNORLAXP.2401', 'primeape.snorlax@icbc.com', 'Primeape', 'Snorlax', 'Management', 1);
INSERT INTO user VALUES (1798, 'STARYUB.1693', 'butterfree.staryu@icbc.com', 'Butterfree', 'Staryu', 'Marketing', 1);
INSERT INTO user VALUES (1799, 'WEEZINGS.3624', 'sandshrew.weezing@icbc.com', 'Sandshrew', 'Weezing', 'Finance', 1);
INSERT INTO user VALUES (1800, 'MACHOKEK.1231', 'kadabra.machoke@icbc.com', 'Kadabra', 'Machoke', 'IT', 1);
INSERT INTO user VALUES (1801, 'GROWLITHEG.3508', 'grimer.growlithe@icbc.com', 'Grimer', 'Growlithe', 'Marketing', 1);
INSERT INTO user VALUES (1802, 'NIDORAND.4687', 'dragonair.nidoran@icbc.com', 'Dragonair', 'Nidoran', 'Customer Service', 1);
INSERT INTO user VALUES (1803, 'MAGNETONK.2085', 'kabuto.magneton@icbc.com', 'Kabuto', 'Magneton', 'Marketing', 1);
INSERT INTO user VALUES (1804, 'GLOOMC.426', 'clefable.gloom62@icbc.com', 'Clefable', 'Gloom', 'Management', 1);
INSERT INTO user VALUES (1805, 'NIDORANK.4192', 'kakuna.nidoran@icbc.com', 'Kakuna', 'Nidoran', 'HR', 1);
INSERT INTO user VALUES (1806, 'PIDGEOTTOD.4842', 'dugtrio.pidgeotto@icbc.com', 'Dugtrio', 'Pidgeotto', 'Management', 1);
INSERT INTO user VALUES (1807, 'DUGTRIOK.3237', 'kadabra.dugtrio@icbc.com', 'Kadabra', 'Dugtrio', 'IT', 1);
INSERT INTO user VALUES (1808, 'ZUBATP.4801', 'porygon.zubat@icbc.com', 'Porygon', 'Zubat', 'Customer Service', 1);
INSERT INTO user VALUES (1809, 'PORYGONK.4867', 'koffing.porygon@icbc.com', 'Koffing', 'Porygon', 'IT', 1);
INSERT INTO user VALUES (1810, 'VAPOREONC.17', 'caterpie.vaporeon@icbc.com', 'Caterpie', 'Vaporeon', 'IT', 1);
INSERT INTO user VALUES (1811, 'MCEXEGGCUTEP.1767', 'porygon.mcexeggcute@icbc.com', 'Porygon', 'McExeggcute', 'IT', 1);
INSERT INTO user VALUES (1812, 'ARCANINEB.2254', 'bellsprout.arcanine@icbc.com', 'Bellsprout', 'Arcanine', 'IT', 1);
INSERT INTO user VALUES (1813, 'SEADRAD.525', 'drowzee.seadra@icbc.com', 'Drowzee', 'Seadra', 'Marketing', 1);
INSERT INTO user VALUES (1814, 'GASTLYD.4184', 'diglett.gastly@icbc.com', 'Diglett', 'Gastly', 'Marketing', 1);
INSERT INTO user VALUES (1815, 'KANGASKHANS.805', 'seel.kangaskhan63@icbc.com', 'Seel', 'Kangaskhan', 'Management', 1);
INSERT INTO user VALUES (1816, 'WEEZINGC.3183', 'charmander.weezing@icbc.com', 'Charmander', 'Weezing', 'IT', 1);
INSERT INTO user VALUES (1817, 'EXEGGCUTEN.2253', 'nidoqueen.exeggcute@icbc.com', 'Nidoqueen', 'Exeggcute', 'Finance', 1);
INSERT INTO user VALUES (1818, 'BUTTERFREEF.1887', 'farfetchd.butterfree@icbc.com', 'Farfetchd', 'Butterfree', 'HR', 1);
INSERT INTO user VALUES (1819, 'DRAGONITEB.2987', 'bulbasaur.dragonite@icbc.com', 'Bulbasaur', 'Dragonite', 'Management', 1);
INSERT INTO user VALUES (1820, 'BEEDRILLG.2808', 'graveler.beedrill@icbc.com', 'Graveler', 'Beedrill', 'Customer Service', 1);
INSERT INTO user VALUES (1821, 'DRAGONAIRK.2459', 'kadabra.dragonair@icbc.com', 'Kadabra', 'Dragonair', 'Customer Service', 1);
INSERT INTO user VALUES (1822, 'PRIMEAPEB.1272', 'bulbasaur.primeape@icbc.com', 'Bulbasaur', 'Primeape', 'Customer Service', 1);
INSERT INTO user VALUES (1823, 'SANDSHREWE.222', 'exeggcute.sandshrew@icbc.com', 'Exeggcute', 'Sandshrew', 'Management', 1);
INSERT INTO user VALUES (1824, 'RHYHORNL.4781', 'lickitung.rhyhorn64@icbc.com', 'Lickitung', 'Rhyhorn', 'Finance', 1);
INSERT INTO user VALUES (1825, 'SANDSLASHP.4782', 'porygon.sandslash@icbc.com', 'Porygon', 'Sandslash', 'HR', 1);
INSERT INTO user VALUES (1826, 'PIDGEYR.3562', 'raticate.pidgey@icbc.com', 'Raticate', 'Pidgey', 'IT', 1);
INSERT INTO user VALUES (1827, 'RHYDONW.1785', 'wigglytuff.rhydon@icbc.com', 'Wigglytuff', 'Rhydon', 'HR', 1);
INSERT INTO user VALUES (1828, 'PINSIRS.1306', 'starmie.pinsir@icbc.com', 'Starmie', 'Pinsir', 'Management', 1);
INSERT INTO user VALUES (1829, 'MEWW.521', 'weepinbell.mew@icbc.com', 'Weepinbell', 'Mew', 'Marketing', 1);
INSERT INTO user VALUES (1830, 'MOLTRESN.272', 'nidoqueen.moltres65@icbc.com', 'Nidoqueen', 'Moltres', 'HR', 1);
INSERT INTO user VALUES (1831, 'GLOOMN.4971', 'nidoqueen.gloom@icbc.com', 'Nidoqueen', 'Gloom', 'IT', 1);
INSERT INTO user VALUES (1832, 'BELLSPROUTW.4042', 'wartortle.bellsprout@icbc.com', 'Wartortle', 'Bellsprout', 'Finance', 1);
INSERT INTO user VALUES (1833, 'ARCANINEO.4565', 'omanyte.arcanine@icbc.com', 'Omanyte', 'Arcanine', 'Customer Service', 1);
INSERT INTO user VALUES (1834, 'EKANSG.1734', 'gastly.ekans@icbc.com', 'Gastly', 'Ekans', 'IT', 1);
INSERT INTO user VALUES (1835, 'PARASECTA.3184', 'arbok.parasect@icbc.com', 'Arbok', 'Parasect', 'IT', 1);
INSERT INTO user VALUES (1836, 'PARASE.4019', 'exeggutor.paras66@icbc.com', 'Exeggutor', 'Paras', 'Customer Service', 1);
INSERT INTO user VALUES (1837, 'POLIWRATHP.3568', 'ponyta.poliwrath@icbc.com', 'Ponyta', 'Poliwrath', 'Marketing', 1);
INSERT INTO user VALUES (1838, 'MAGMARC.4619', 'caterpie.magmar@icbc.com', 'Caterpie', 'Magmar', 'HR', 1);
INSERT INTO user VALUES (1839, 'MCMACHOPE.4980', 'exeggcute.mcmachop@icbc.com', 'Exeggcute', 'McMachop', 'Finance', 1);
INSERT INTO user VALUES (1840, 'JYNXZ.769', 'zapdos.jynx67@icbc.com', 'Zapdos', 'Jynx', 'Marketing', 1);
INSERT INTO user VALUES (1841, 'MCAERODACTYLG.4824', 'growlithe.mcaerodactyl@icbc.com', 'Growlithe', 'McAerodactyl', 'Finance', 1);
INSERT INTO user VALUES (1842, 'PONYTAE.3415', 'ekans.ponyta@icbc.com', 'Ekans', 'Ponyta', 'HR', 1);
INSERT INTO user VALUES (1843, 'GRAVELERG.918', 'grimer.graveler@icbc.com', 'Grimer', 'Graveler', 'IT', 1);
INSERT INTO user VALUES (1844, 'MCMAROWAKK.1116', 'kadabra.mcmarowak@icbc.com', 'Kadabra', 'McMarowak', 'Finance', 1);
INSERT INTO user VALUES (1845, 'MOLTRESW.1920', 'wartortle.moltres@icbc.com', 'Wartortle', 'Moltres', 'IT', 1);
INSERT INTO user VALUES (1846, 'GOLEMP.698', 'psyduck.golem@icbc.com', 'Psyduck', 'Golem', 'Management', 1);
INSERT INTO user VALUES (1847, 'ONIXW.262', 'wartortle.onix@icbc.com', 'Wartortle', 'Onix', 'Marketing', 1);
INSERT INTO user VALUES (1848, 'BUTTERFREEW.1461', 'wigglytuff.butterfree@icbc.com', 'Wigglytuff', 'Butterfree', 'Customer Service', 1);
INSERT INTO user VALUES (1849, 'GRAVELERA.1049', 'arcanine.graveler@icbc.com', 'Arcanine', 'Graveler', 'Marketing', 1);
INSERT INTO user VALUES (1850, 'ZAPDOSF.735', 'farfetchd.zapdos@icbc.com', 'Farfetchd', 'Zapdos', 'Management', 1);
INSERT INTO user VALUES (1851, 'WIGGLYTUFFN.2857', 'nidoran.wigglytuff@icbc.com', 'Nidoran', 'Wigglytuff', 'Marketing', 1);
INSERT INTO user VALUES (1852, 'MACHOPP.4922', 'paras.machop@icbc.com', 'Paras', 'Machop', 'Management', 1);
INSERT INTO user VALUES (1853, 'ARCANINER.2951', 'rhydon.arcanine@icbc.com', 'Rhydon', 'Arcanine', 'Finance', 1);
INSERT INTO user VALUES (1854, 'PARASECTG.1004', 'geodude.parasect@icbc.com', 'Geodude', 'Parasect', 'Management', 1);
INSERT INTO user VALUES (1855, 'GLOOMM.2388', 'magnemite.gloom@icbc.com', 'Magnemite', 'Gloom', 'IT', 1);
INSERT INTO user VALUES (1856, 'DEWGONGG.627', 'gloom.dewgong68@icbc.com', 'Gloom', 'Dewgong', 'Marketing', 1);
INSERT INTO user VALUES (1857, 'RAPIDASHR.186', 'rhyhorn.rapidash@icbc.com', 'Rhyhorn', 'Rapidash', 'Finance', 1);
INSERT INTO user VALUES (1858, 'DRATINIM.3689', 'magmar.dratini69@icbc.com', 'Magmar', 'Dratini', 'Management', 1);
INSERT INTO user VALUES (1859, 'ALAKAZAMP.190', 'pinsir.alakazam@icbc.com', 'Pinsir', 'Alakazam', 'Management', 1);
INSERT INTO user VALUES (1860, 'SCYTHERW.4507', 'weezing.scyther@icbc.com', 'Weezing', 'Scyther', 'Marketing', 1);
INSERT INTO user VALUES (1861, 'KINGLERA.1970', 'arbok.kingler70@icbc.com', 'Arbok', 'Kingler', 'Customer Service', 1);
INSERT INTO user VALUES (1862, 'MEWH.2136', 'horsea.mew@icbc.com', 'Horsea', 'Mew', 'Customer Service', 1);
INSERT INTO user VALUES (1863, 'DODRIOC.516', 'clefairy.dodrio@icbc.com', 'Clefairy', 'Dodrio', 'Finance', 1);
INSERT INTO user VALUES (1864, 'NIDOQUEENS.2418', 'seadra.nidoqueen@icbc.com', 'Seadra', 'Nidoqueen', 'Marketing', 1);
INSERT INTO user VALUES (1865, 'SEADRAD.3604', 'dewgong.seadra@icbc.com', 'Dewgong', 'Seadra', 'Customer Service', 1);
INSERT INTO user VALUES (1866, 'ARCANINEG.3216', 'golduck.arcanine@icbc.com', 'Golduck', 'Arcanine', 'Marketing', 1);
INSERT INTO user VALUES (1867, 'KAKUNAE.3332', 'exeggutor.kakuna@icbc.com', 'Exeggutor', 'Kakuna', 'Marketing', 1);
INSERT INTO user VALUES (1868, 'CHANSEYZ.2885', 'zubat.chansey71@icbc.com', 'Zubat', 'Chansey', 'Marketing', 1);
INSERT INTO user VALUES (1869, 'CHANSEYC.4046', 'caterpie.chansey@icbc.com', 'Caterpie', 'Chansey', 'Management', 1);
INSERT INTO user VALUES (1870, 'TENTACRUELV.1669', 'voltorb.tentacruel@icbc.com', 'Voltorb', 'Tentacruel', 'Customer Service', 1);
INSERT INTO user VALUES (1871, 'WARTORTLES.2589', 'staryu.wartortle@icbc.com', 'Staryu', 'Wartortle', 'Marketing', 1);
INSERT INTO user VALUES (1872, 'HITMONCHANN.4743', 'nidorino.hitmonchan@icbc.com', 'Nidorino', 'Hitmonchan', 'Customer Service', 1);
INSERT INTO user VALUES (1873, 'PIKACHUR.1392', 'rhyhorn.pikachu@icbc.com', 'Rhyhorn', 'Pikachu', 'Customer Service', 1);
INSERT INTO user VALUES (1874, 'LICKITUNGM.2198', 'moltres.lickitung72@icbc.com', 'Moltres', 'Lickitung', 'Management', 1);
INSERT INTO user VALUES (1875, 'NIDOQUEENV.3323', 'victreebel.nidoqueen@icbc.com', 'Victreebel', 'Nidoqueen', 'HR', 1);
INSERT INTO user VALUES (1876, 'MANKEYK.4678', 'koffing.mankey@icbc.com', 'Koffing', 'Mankey', 'Marketing', 1);
INSERT INTO user VALUES (1877, 'KOFFINGS.1148', 'seel.koffing@icbc.com', 'Seel', 'Koffing', 'Marketing', 1);
INSERT INTO user VALUES (1878, 'VICTREEBELF.4097', 'fearow.victreebel@icbc.com', 'Fearow', 'Victreebel', 'Customer Service', 1);
INSERT INTO user VALUES (1879, 'WIGGLYTUFFD.362', 'doduo.wigglytuff@icbc.com', 'Doduo', 'Wigglytuff', 'IT', 1);
INSERT INTO user VALUES (1880, 'MCELECTABUZZK.3599', 'krabby.mcelectabuzz@icbc.com', 'Krabby', 'McElectabuzz', 'Marketing', 1);
INSERT INTO user VALUES (1881, 'RHYDONG.350', 'gastly.rhydon@icbc.com', 'Gastly', 'Rhydon', 'Marketing', 1);
INSERT INTO user VALUES (1882, 'BUTTERFREEA.2007', 'arcanine.butterfree@icbc.com', 'Arcanine', 'Butterfree', 'HR', 1);
INSERT INTO user VALUES (1883, 'MEOWTHS.1441', 'slowbro.meowth@icbc.com', 'Slowbro', 'Meowth', 'Marketing', 1);
INSERT INTO user VALUES (1884, 'MCBELLSPROUTT.385', 'tentacool.mcbellsprout@icbc.com', 'Tentacool', 'McBellsprout', 'HR', 1);
INSERT INTO user VALUES (1885, 'ONIXK.890', 'kingler.onix@icbc.com', 'Kingler', 'Onix', 'Marketing', 1);
INSERT INTO user VALUES (1886, 'DODUON.4741', 'nidorino.doduo@icbc.com', 'Nidorino', 'Doduo', 'Management', 1);
INSERT INTO user VALUES (1887, 'SANDSLASHK.875', 'krabby.sandslash@icbc.com', 'Krabby', 'Sandslash', 'Customer Service', 1);
INSERT INTO user VALUES (1888, 'MCHITMONCHANG.3247', 'gastly.mchitmonchan@icbc.com', 'Gastly', 'McHitmonchan', 'Customer Service', 1);
INSERT INTO user VALUES (1889, 'VILEPLUMEE.1376', 'electabuzz.vileplume@icbc.com', 'Electabuzz', 'Vileplume', 'Management', 1);
INSERT INTO user VALUES (1890, 'LICKITUNGC.1798', 'clefable.lickitung@icbc.com', 'Clefable', 'Lickitung', 'Customer Service', 1);
INSERT INTO user VALUES (1891, 'PARASS.1903', 'starmie.paras@icbc.com', 'Starmie', 'Paras', 'Finance', 1);
INSERT INTO user VALUES (1892, 'HAUNTERL.3695', 'lapras.haunter@icbc.com', 'Lapras', 'Haunter', 'HR', 1);
INSERT INTO user VALUES (1893, 'BULBASAURG.282', 'gloom.bulbasaur@icbc.com', 'Gloom', 'Bulbasaur', 'Marketing', 1);
INSERT INTO user VALUES (1894, 'MACHOKEN.2852', 'nidoran.machoke@icbc.com', 'Nidoran', 'Machoke', 'Marketing', 1);
INSERT INTO user VALUES (1895, 'CLOYSTERS.4495', 'shellder.cloyster@icbc.com', 'Shellder', 'Cloyster', 'Management', 1);
INSERT INTO user VALUES (1896, 'JIGGLYPUFFS.4191', 'slowbro.jigglypuff@icbc.com', 'Slowbro', 'Jigglypuff', 'IT', 1);
INSERT INTO user VALUES (1897, 'MCVILEPLUMEB.801', 'bulbasaur.mcvileplume@icbc.com', 'Bulbasaur', 'McVileplume', 'Management', 1);
INSERT INTO user VALUES (1898, 'OMASTARP.3635', 'poliwrath.omastar@icbc.com', 'Poliwrath', 'Omastar', 'Management', 1);
INSERT INTO user VALUES (1899, 'FARFETCHDN.1224', 'ninetales.farfetchd@icbc.com', 'Ninetales', 'Farfetchd', 'Management', 1);
INSERT INTO user VALUES (1900, 'FARFETCHDF.4169', 'farfetchd.farfetchd@icbc.com', 'Farfetchd', 'Farfetchd', 'Customer Service', 1);
INSERT INTO user VALUES (1901, 'BULBASAURR.701', 'rhyhorn.bulbasaur@icbc.com', 'Rhyhorn', 'Bulbasaur', 'HR', 1);
INSERT INTO user VALUES (1902, 'FEAROWM.98', 'magneton.fearow@icbc.com', 'Magneton', 'Fearow', 'Customer Service', 1);
INSERT INTO user VALUES (1903, 'VOLTORBS.1682', 'spearow.voltorb@icbc.com', 'Spearow', 'Voltorb', 'IT', 1);
INSERT INTO user VALUES (1904, 'STARMIEP.3810', 'ponyta.starmie@icbc.com', 'Ponyta', 'Starmie', 'Customer Service', 1);
INSERT INTO user VALUES (1905, 'EXEGGUTORZ.4890', 'zubat.exeggutor73@icbc.com', 'Zubat', 'Exeggutor', 'HR', 1);
INSERT INTO user VALUES (1906, 'SHELLDERM.2001', 'machoke.shellder@icbc.com', 'Machoke', 'Shellder', 'IT', 1);
INSERT INTO user VALUES (1907, 'MACHAMPM.285', 'magikarp.machamp@icbc.com', 'Magikarp', 'Machamp', 'Management', 1);
INSERT INTO user VALUES (1908, 'KABUTOPSM.2390', 'machop.kabutops@icbc.com', 'Machop', 'Kabutops', 'Management', 1);
INSERT INTO user VALUES (1909, 'RAICHUG.2963', 'goldeen.raichu@icbc.com', 'Goldeen', 'Raichu', 'Management', 1);
INSERT INTO user VALUES (1910, 'PERSIAND.4514', 'dewgong.persian@icbc.com', 'Dewgong', 'Persian', 'Management', 1);
INSERT INTO user VALUES (1911, 'WIGGLYTUFFS.3609', 'starmie.wigglytuff@icbc.com', 'Starmie', 'Wigglytuff', 'Finance', 1);
INSERT INTO user VALUES (1912, 'PIDGEOTTOC.2806', 'charmeleon.pidgeotto@icbc.com', 'Charmeleon', 'Pidgeotto', 'Customer Service', 1);
INSERT INTO user VALUES (1913, 'MCMAGNEMITEC.4338', 'clefairy.mcmagnemite@icbc.com', 'Clefairy', 'McMagnemite', 'IT', 1);
INSERT INTO user VALUES (1914, 'ARTICUNON.1426', 'nidorino.articuno@icbc.com', 'Nidorino', 'Articuno', 'Management', 1);
INSERT INTO user VALUES (1915, 'GASTLYM.3992', 'metapod.gastly@icbc.com', 'Metapod', 'Gastly', 'Finance', 1);
INSERT INTO user VALUES (1916, 'GRIMERP.4787', 'parasect.grimer@icbc.com', 'Parasect', 'Grimer', 'Management', 1);
INSERT INTO user VALUES (1917, 'MCDUGTRIOV.2099', 'vulpix.mcdugtrio@icbc.com', 'Vulpix', 'McDugtrio', 'IT', 1);
INSERT INTO user VALUES (1918, 'ONIXM.2925', 'moltres.onix@icbc.com', 'Moltres', 'Onix', 'HR', 1);
INSERT INTO user VALUES (1919, 'CLOYSTERK.42', 'kingler.cloyster@icbc.com', 'Kingler', 'Cloyster', 'Finance', 1);
INSERT INTO user VALUES (1920, 'EKANSV.3386', 'venonat.ekans@icbc.com', 'Venonat', 'Ekans', 'Customer Service', 1);
INSERT INTO user VALUES (1921, 'PIDGEYO.1458', 'omanyte.pidgey@icbc.com', 'Omanyte', 'Pidgey', 'IT', 1);
INSERT INTO user VALUES (1922, 'KRABBYG.1414', 'golem.krabby@icbc.com', 'Golem', 'Krabby', 'Customer Service', 1);
INSERT INTO user VALUES (1923, 'JOLTEONC.246', 'charizard.jolteon@icbc.com', 'Charizard', 'Jolteon', 'Finance', 1);
INSERT INTO user VALUES (1924, 'MCSEAKINGP.3172', 'poliwrath.mcseaking@icbc.com', 'Poliwrath', 'McSeaking', 'HR', 1);
INSERT INTO user VALUES (1925, 'MCNIDOKINGN.4689', 'nidoqueen.mcnidoking@icbc.com', 'Nidoqueen', 'McNidoking', 'Finance', 1);
INSERT INTO user VALUES (1926, 'PIKACHUM.230', 'mewtwo.pikachu@icbc.com', 'Mewtwo', 'Pikachu', 'Management', 1);
INSERT INTO user VALUES (1927, 'GASTLYH.2783', 'hitmonlee.gastly@icbc.com', 'Hitmonlee', 'Gastly', 'HR', 1);
INSERT INTO user VALUES (1928, 'DEWGONGR.2743', 'rhydon.dewgong@icbc.com', 'Rhydon', 'Dewgong', 'Marketing', 1);
INSERT INTO user VALUES (1929, 'ARTICUNOW.58', 'weepinbell.articuno@icbc.com', 'Weepinbell', 'Articuno', 'HR', 1);
INSERT INTO user VALUES (1930, 'CHARMANDERB.4887', 'blastoise.charmander@icbc.com', 'Blastoise', 'Charmander', 'Customer Service', 1);
INSERT INTO user VALUES (1931, 'DRAGONITER.1352', 'rapidash.dragonite@icbc.com', 'Rapidash', 'Dragonite', 'Finance', 1);
INSERT INTO user VALUES (1932, 'VENONATO.1635', 'oddish.venonat74@icbc.com', 'Oddish', 'Venonat', 'HR', 1);
INSERT INTO user VALUES (1933, 'MEWTWOS.1158', 'snorlax.mewtwo@icbc.com', 'Snorlax', 'Mewtwo', 'Management', 1);
INSERT INTO user VALUES (1934, 'CUBONEE.2326', 'electabuzz.cubone@icbc.com', 'Electabuzz', 'Cubone', 'Marketing', 1);
INSERT INTO user VALUES (1935, 'MCMAGMARO.417', 'omanyte.mcmagmar75@icbc.com', 'Omanyte', 'McMagmar', 'Management', 1);
INSERT INTO user VALUES (1936, 'SEELR.4005', 'rapidash.seel@icbc.com', 'Rapidash', 'Seel', 'IT', 1);
INSERT INTO user VALUES (1937, 'HITMONLEES.3483', 'snorlax.hitmonlee@icbc.com', 'Snorlax', 'Hitmonlee', 'HR', 1);
INSERT INTO user VALUES (1938, 'HYPNOR.1571', 'rhydon.hypno@icbc.com', 'Rhydon', 'Hypno', 'Customer Service', 1);
INSERT INTO user VALUES (1939, 'CHANSEYE.2439', 'exeggutor.chansey@icbc.com', 'Exeggutor', 'Chansey', 'Marketing', 1);
INSERT INTO user VALUES (1940, 'SQUIRTLEP.2670', 'pikachu.squirtle@icbc.com', 'Pikachu', 'Squirtle', 'HR', 1);
INSERT INTO user VALUES (1941, 'PIDGEOTTOW.4434', 'weezing.pidgeotto@icbc.com', 'Weezing', 'Pidgeotto', 'Finance', 1);
INSERT INTO user VALUES (1942, 'MEOWTHM.4282', 'mew.meowth@icbc.com', 'Mew', 'Meowth', 'Customer Service', 1);
INSERT INTO user VALUES (1943, 'DODUOP.1330', 'poliwhirl.doduo@icbc.com', 'Poliwhirl', 'Doduo', 'Finance', 1);
INSERT INTO user VALUES (1944, 'CHANSEYA.2851', 'aerodactyl.chansey@icbc.com', 'Aerodactyl', 'Chansey', 'Management', 1);
INSERT INTO user VALUES (1945, 'NIDORINON.4777', 'nidoran.nidorino@icbc.com', 'Nidoran', 'Nidorino', 'Customer Service', 1);
INSERT INTO user VALUES (1946, 'IVYSAURH.2606', 'hitmonlee.ivysaur@icbc.com', 'Hitmonlee', 'Ivysaur', 'Management', 1);
INSERT INTO user VALUES (1947, 'CATERPIES.565', 'seaking.caterpie@icbc.com', 'Seaking', 'Caterpie', 'Management', 1);
INSERT INTO user VALUES (1948, 'PERSIANJ.914', 'jynx.persian@icbc.com', 'Jynx', 'Persian', 'Management', 1);
INSERT INTO user VALUES (1949, 'KADABRAS.454', 'slowpoke.kadabra@icbc.com', 'Slowpoke', 'Kadabra', 'Marketing', 1);
INSERT INTO user VALUES (1950, 'BUTTERFREEM.541', 'marowak.butterfree@icbc.com', 'Marowak', 'Butterfree', 'HR', 1);
INSERT INTO user VALUES (1951, 'CHANSEYS.3328', 'shellder.chansey@icbc.com', 'Shellder', 'Chansey', 'Marketing', 1);
INSERT INTO user VALUES (1952, 'MACHOKED.1961', 'dodrio.machoke@icbc.com', 'Dodrio', 'Machoke', 'Customer Service', 1);
INSERT INTO user VALUES (1953, 'MAROWAKC.2184', 'charizard.marowak@icbc.com', 'Charizard', 'Marowak', 'HR', 1);
INSERT INTO user VALUES (1954, 'EKANSW.3678', 'weedle.ekans@icbc.com', 'Weedle', 'Ekans', 'HR', 1);
INSERT INTO user VALUES (1955, 'CHANSEYF.2812', 'farfetchd.chansey@icbc.com', 'Farfetchd', 'Chansey', 'Marketing', 1);
INSERT INTO user VALUES (1956, 'NIDORAND.2719', 'dewgong.nidoran@icbc.com', 'Dewgong', 'Nidoran', 'Marketing', 1);
INSERT INTO user VALUES (1957, 'MANKEYH.286', 'hitmonlee.mankey@icbc.com', 'Hitmonlee', 'Mankey', 'Marketing', 1);
INSERT INTO user VALUES (1958, 'SHELLDERB.3495', 'beedrill.shellder@icbc.com', 'Beedrill', 'Shellder', 'Customer Service', 1);
INSERT INTO user VALUES (1959, 'BELLSPROUTG.516', 'growlithe.bellsprout@icbc.com', 'Growlithe', 'Bellsprout', 'Finance', 1);
INSERT INTO user VALUES (1960, 'KABUTOPSS.2461', 'sandslash.kabutops@icbc.com', 'Sandslash', 'Kabutops', 'IT', 1);
INSERT INTO user VALUES (1961, 'PIDGEOTH.2268', 'hitmonlee.pidgeot@icbc.com', 'Hitmonlee', 'Pidgeot', 'Finance', 1);
INSERT INTO user VALUES (1962, 'GOLDUCKD.4924', 'drowzee.golduck@icbc.com', 'Drowzee', 'Golduck', 'Customer Service', 1);
INSERT INTO user VALUES (1963, 'SEELH.4255', 'hitmonchan.seel@icbc.com', 'Hitmonchan', 'Seel', 'HR', 1);
INSERT INTO user VALUES (1964, 'ABRAA.3504', 'aerodactyl.abra@icbc.com', 'Aerodactyl', 'Abra', 'IT', 1);
INSERT INTO user VALUES (1965, 'MCCLEFAIRYD.3770', 'diglett.mcclefairy@icbc.com', 'Diglett', 'McClefairy', 'Management', 1);
INSERT INTO user VALUES (1966, 'MEOWTHV.1009', 'venusaur.meowth@icbc.com', 'Venusaur', 'Meowth', 'Customer Service', 1);
INSERT INTO user VALUES (1967, 'MCFARFETCHDP.2407', 'pidgeotto.mcfarfetchd@icbc.com', 'Pidgeotto', 'McFarfetchd', 'Customer Service', 1);
INSERT INTO user VALUES (1968, 'NIDORANM.2647', 'magnemite.nidoran@icbc.com', 'Magnemite', 'Nidoran', 'Customer Service', 1);
INSERT INTO user VALUES (1969, 'WARTORTLES.3231', 'scyther.wartortle@icbc.com', 'Scyther', 'Wartortle', 'Customer Service', 1);
INSERT INTO user VALUES (1970, 'HYPNOK.4116', 'krabby.hypno@icbc.com', 'Krabby', 'Hypno', 'HR', 1);
INSERT INTO user VALUES (1971, 'DITTOV.2130', 'venonat.ditto@icbc.com', 'Venonat', 'Ditto', 'IT', 1);
INSERT INTO user VALUES (1972, 'KABUTOS.4116', 'seel.kabuto@icbc.com', 'Seel', 'Kabuto', 'Finance', 1);
INSERT INTO user VALUES (1973, 'FEAROWD.2766', 'dugtrio.fearow@icbc.com', 'Dugtrio', 'Fearow', 'HR', 1);
INSERT INTO user VALUES (1974, 'ELECTRODEP.2402', 'pidgeotto.electrode@icbc.com', 'Pidgeotto', 'Electrode', 'IT', 1);
INSERT INTO user VALUES (1975, 'TENTACOOLL.2086', 'lickitung.tentacool@icbc.com', 'Lickitung', 'Tentacool', 'Finance', 1);
INSERT INTO user VALUES (1976, 'SQUIRTLEJ.4888', 'jigglypuff.squirtle@icbc.com', 'Jigglypuff', 'Squirtle', 'HR', 1);
INSERT INTO user VALUES (1977, 'NIDORINOP.1603', 'poliwag.nidorino@icbc.com', 'Poliwag', 'Nidorino', 'IT', 1);
INSERT INTO user VALUES (1978, 'PIDGEOTA.3049', 'aerodactyl.pidgeot@icbc.com', 'Aerodactyl', 'Pidgeot', 'Marketing', 1);
INSERT INTO user VALUES (1979, 'DRATINIS.2929', 'staryu.dratini@icbc.com', 'Staryu', 'Dratini', 'HR', 1);
INSERT INTO user VALUES (1980, 'FLAREONM.4682', 'marowak.flareon@icbc.com', 'Marowak', 'Flareon', 'Marketing', 1);
INSERT INTO user VALUES (1981, 'JIGGLYPUFFS.4811', 'snorlax.jigglypuff@icbc.com', 'Snorlax', 'Jigglypuff', 'Management', 1);
INSERT INTO user VALUES (1982, 'GYARADOSG.590', 'gengar.gyarados@icbc.com', 'Gengar', 'Gyarados', 'Finance', 1);
INSERT INTO user VALUES (1983, 'JYNXE.2449', 'exeggutor.jynx@icbc.com', 'Exeggutor', 'Jynx', 'Management', 1);
INSERT INTO user VALUES (1984, 'NIDOQUEENR.4260', 'rattata.nidoqueen@icbc.com', 'Rattata', 'Nidoqueen', 'Finance', 1);
INSERT INTO user VALUES (1985, 'NIDORINOM.671', 'machoke.nidorino@icbc.com', 'Machoke', 'Nidorino', 'IT', 1);
INSERT INTO user VALUES (1986, 'MCSQUIRTLEJ.2834', 'jolteon.mcsquirtle@icbc.com', 'Jolteon', 'McSquirtle', 'Finance', 1);
INSERT INTO user VALUES (1987, 'GRIMERD.2297', 'dugtrio.grimer@icbc.com', 'Dugtrio', 'Grimer', 'Finance', 1);
INSERT INTO user VALUES (1988, 'MAGNETONM.4817', 'mewtwo.magneton@icbc.com', 'Mewtwo', 'Magneton', 'IT', 1);
INSERT INTO user VALUES (1989, 'ELECTRODEK.3014', 'kabutops.electrode@icbc.com', 'Kabutops', 'Electrode', 'HR', 1);
INSERT INTO user VALUES (1990, 'KRABBYF.2846', 'farfetchd.krabby@icbc.com', 'Farfetchd', 'Krabby', 'Finance', 1);
INSERT INTO user VALUES (1991, 'PRIMEAPEK.3084', 'kabuto.primeape@icbc.com', 'Kabuto', 'Primeape', 'IT', 1);
INSERT INTO user VALUES (1992, 'PARASECTO.651', 'omanyte.parasect@icbc.com', 'Omanyte', 'Parasect', 'Management', 1);
INSERT INTO user VALUES (1993, 'MCCHARMANDERP.4727', 'porygon.mccharmander@icbc.com', 'Porygon', 'McCharmander', 'Finance', 1);
INSERT INTO user VALUES (1994, 'EEVEEK.3036', 'kabuto.eevee@icbc.com', 'Kabuto', 'Eevee', 'Marketing', 1);
INSERT INTO user VALUES (1995, 'BEEDRILLB.305', 'beedrill.beedrill@icbc.com', 'Beedrill', 'Beedrill', 'IT', 1);
INSERT INTO user VALUES (1996, 'MCSLOWPOKEV.248', 'venomoth.mcslowpoke@icbc.com', 'Venomoth', 'McSlowpoke', 'HR', 1);
INSERT INTO user VALUES (1997, 'NINETALESC.3969', 'chansey.ninetales@icbc.com', 'Chansey', 'Ninetales', 'Marketing', 1);
INSERT INTO user VALUES (1998, 'GRAVELERN.2564', 'nidorino.graveler@icbc.com', 'Nidorino', 'Graveler', 'Customer Service', 1);
INSERT INTO user VALUES (1999, 'DIGLETTC.1563', 'clefable.diglett@icbc.com', 'Clefable', 'Diglett', 'Finance', 1);
INSERT INTO user VALUES (2000, 'VICTREEBELS.2871', 'scyther.victreebel@icbc.com', 'Scyther', 'Victreebel', 'Customer Service', 1);
INSERT INTO user VALUES (2001, 'POLIWAGJ.3744', 'jolteon.poliwag@icbc.com', 'Jolteon', 'Poliwag', 'HR', 1);
INSERT INTO user VALUES (2002, 'GYARADOSJ.685', 'jolteon.gyarados@icbc.com', 'Jolteon', 'Gyarados', 'Finance', 1);
INSERT INTO user VALUES (2003, 'JOLTEONT.4727', 'tangela.jolteon@icbc.com', 'Tangela', 'Jolteon', 'Management', 1);
INSERT INTO user VALUES (2004, 'GEODUDEG.2488', 'geodude.geodude@icbc.com', 'Geodude', 'Geodude', 'Management', 1);
INSERT INTO user VALUES (2005, 'KRABBYP.3502', 'pinsir.krabby@icbc.com', 'Pinsir', 'Krabby', 'Finance', 1);
INSERT INTO user VALUES (2006, 'ELECTRODEH.2003', 'hitmonchan.electrode@icbc.com', 'Hitmonchan', 'Electrode', 'Finance', 1);
INSERT INTO user VALUES (2007, 'JIGGLYPUFFW.4028', 'wigglytuff.jigglypuff@icbc.com', 'Wigglytuff', 'Jigglypuff', 'Marketing', 1);
INSERT INTO user VALUES (2008, 'RAICHUS.1249', 'seadra.raichu@icbc.com', 'Seadra', 'Raichu', 'Marketing', 1);
INSERT INTO user VALUES (2009, 'GOLBATP.635', 'parasect.golbat@icbc.com', 'Parasect', 'Golbat', 'Customer Service', 1);
INSERT INTO user VALUES (2010, 'GRAVELERO.3941', 'onix.graveler@icbc.com', 'Onix', 'Graveler', 'HR', 1);
INSERT INTO user VALUES (2011, 'ARCANINEN.3891', 'nidoqueen.arcanine@icbc.com', 'Nidoqueen', 'Arcanine', 'Customer Service', 1);
INSERT INTO user VALUES (2012, 'PINSIRH.56', 'haunter.pinsir@icbc.com', 'Haunter', 'Pinsir', 'Marketing', 1);
INSERT INTO user VALUES (2013, 'ARBOKP.909', 'paras.arbok@icbc.com', 'Paras', 'Arbok', 'Finance', 1);
INSERT INTO user VALUES (2014, 'MAGNETONL.23', 'lapras.magneton@icbc.com', 'Lapras', 'Magneton', 'Marketing', 1);
INSERT INTO user VALUES (2015, 'HITMONCHANV.3246', 'vaporeon.hitmonchan@icbc.com', 'Vaporeon', 'Hitmonchan', 'Marketing', 1);
INSERT INTO user VALUES (2016, 'HORSEAG.1519', 'golem.horsea@icbc.com', 'Golem', 'Horsea', 'Management', 1);
INSERT INTO user VALUES (2017, 'MAGNETONM.4354', 'mankey.magneton76@icbc.com', 'Mankey', 'Magneton', 'Management', 1);
INSERT INTO user VALUES (2018, 'LAPRASH.4371', 'hitmonlee.lapras@icbc.com', 'Hitmonlee', 'Lapras', 'HR', 1);
INSERT INTO user VALUES (2019, 'PRIMEAPER.3744', 'rhydon.primeape@icbc.com', 'Rhydon', 'Primeape', 'Finance', 1);
INSERT INTO user VALUES (2020, 'PSYDUCKA.541', 'arbok.psyduck@icbc.com', 'Arbok', 'Psyduck', 'Management', 1);
INSERT INTO user VALUES (2021, 'MAGNEMITER.3142', 'rhyhorn.magnemite@icbc.com', 'Rhyhorn', 'Magnemite', 'HR', 1);
INSERT INTO user VALUES (2022, 'SEAKINGP.2662', 'pinsir.seaking@icbc.com', 'Pinsir', 'Seaking', 'Marketing', 1);
INSERT INTO user VALUES (2023, 'GROWLITHEC.2182', 'clefable.growlithe@icbc.com', 'Clefable', 'Growlithe', 'Customer Service', 1);
INSERT INTO user VALUES (2024, 'PERSIANV.844', 'vaporeon.persian@icbc.com', 'Vaporeon', 'Persian', 'Marketing', 1);
INSERT INTO user VALUES (2025, 'BEEDRILLD.2051', 'doduo.beedrill77@icbc.com', 'Doduo', 'Beedrill', 'Management', 1);
INSERT INTO user VALUES (2026, 'TENTACRUELH.2619', 'hitmonchan.tentacruel@icbc.com', 'Hitmonchan', 'Tentacruel', 'Customer Service', 1);
INSERT INTO user VALUES (2027, 'PARASECTG.3388', 'golem.parasect@icbc.com', 'Golem', 'Parasect', 'Customer Service', 1);
INSERT INTO user VALUES (2028, 'MAGMARJ.807', 'jigglypuff.magmar@icbc.com', 'Jigglypuff', 'Magmar', 'Finance', 1);
INSERT INTO user VALUES (2029, 'MCCLOYSTERP.4131', 'pidgeot.mccloyster@icbc.com', 'Pidgeot', 'McCloyster', 'IT', 1);
INSERT INTO user VALUES (2030, 'BLASTOISED.1073', 'dratini.blastoise@icbc.com', 'Dratini', 'Blastoise', 'IT', 1);
INSERT INTO user VALUES (2031, 'GLOOME.1691', 'exeggutor.gloom@icbc.com', 'Exeggutor', 'Gloom', 'Management', 1);
INSERT INTO user VALUES (2032, 'OMASTARW.374', 'wartortle.omastar78@icbc.com', 'Wartortle', 'Omastar', 'Customer Service', 1);
INSERT INTO user VALUES (2033, 'DRAGONAIRC.1062', 'clefable.dragonair@icbc.com', 'Clefable', 'Dragonair', 'Finance', 1);
INSERT INTO user VALUES (2034, 'GOLDEEND.723', 'dratini.goldeen@icbc.com', 'Dratini', 'Goldeen', 'HR', 1);
INSERT INTO user VALUES (2035, 'PINSIRP.2394', 'poliwag.pinsir@icbc.com', 'Poliwag', 'Pinsir', 'IT', 1);
INSERT INTO user VALUES (2036, 'FEAROWM.2725', 'magneton.fearow79@icbc.com', 'Magneton', 'Fearow', 'Marketing', 1);
INSERT INTO user VALUES (2037, 'MEOWTHN.4873', 'nidoran.meowth@icbc.com', 'Nidoran', 'Meowth', 'IT', 1);
INSERT INTO user VALUES (2038, 'GASTLYD.2281', 'dragonair.gastly@icbc.com', 'Dragonair', 'Gastly', 'Marketing', 1);
INSERT INTO user VALUES (2039, 'MCDODUOK.3443', 'kangaskhan.mcdoduo@icbc.com', 'Kangaskhan', 'McDoduo', 'Marketing', 1);
INSERT INTO user VALUES (2040, 'HYPNOO.4391', 'onix.hypno@icbc.com', 'Onix', 'Hypno', 'Finance', 1);
INSERT INTO user VALUES (2041, 'DRATINIS.1788', 'scyther.dratini@icbc.com', 'Scyther', 'Dratini', 'Marketing', 1);
INSERT INTO user VALUES (2042, 'MACHOPP.1065', 'poliwhirl.machop@icbc.com', 'Poliwhirl', 'Machop', 'IT', 1);
INSERT INTO user VALUES (2043, 'MANKEYF.3118', 'farfetchd.mankey@icbc.com', 'Farfetchd', 'Mankey', 'Management', 1);
INSERT INTO user VALUES (2044, 'PSYDUCKE.1703', 'exeggutor.psyduck@icbc.com', 'Exeggutor', 'Psyduck', 'IT', 1);
INSERT INTO user VALUES (2045, 'ZUBATV.1215', 'vileplume.zubat@icbc.com', 'Vileplume', 'Zubat', 'Management', 1);
INSERT INTO user VALUES (2046, 'OMASTARP.586', 'pidgeot.omastar80@icbc.com', 'Pidgeot', 'Omastar', 'IT', 1);
INSERT INTO user VALUES (2047, 'SANDSLASHP.2460', 'psyduck.sandslash@icbc.com', 'Psyduck', 'Sandslash', 'Finance', 1);
INSERT INTO user VALUES (2048, 'RATTATAP.2268', 'poliwhirl.rattata81@icbc.com', 'Poliwhirl', 'Rattata', 'IT', 1);
INSERT INTO user VALUES (2049, 'VILEPLUMEG.4102', 'grimer.vileplume@icbc.com', 'Grimer', 'Vileplume', 'HR', 1);
INSERT INTO user VALUES (2050, 'VAPOREONC.1038', 'clefable.vaporeon82@icbc.com', 'Clefable', 'Vaporeon', 'HR', 1);
INSERT INTO user VALUES (2051, 'EXEGGUTORS.1360', 'scyther.exeggutor83@icbc.com', 'Scyther', 'Exeggutor', 'Customer Service', 1);
INSERT INTO user VALUES (2052, 'EXEGGUTORW.790', 'wigglytuff.exeggutor@icbc.com', 'Wigglytuff', 'Exeggutor', 'Marketing', 1);
INSERT INTO user VALUES (2053, 'METAPODP.4812', 'ponyta.metapod@icbc.com', 'Ponyta', 'Metapod', 'Marketing', 1);
INSERT INTO user VALUES (2054, 'TAUROSM.1809', 'muk.tauros@icbc.com', 'Muk', 'Tauros', 'Management', 1);
INSERT INTO user VALUES (2055, 'HYPNOM.1120', 'mewtwo.hypno@icbc.com', 'Mewtwo', 'Hypno', 'Management', 1);
INSERT INTO user VALUES (2056, 'MACHOKEW.157', 'weepinbell.machoke@icbc.com', 'Weepinbell', 'Machoke', 'Customer Service', 1);
INSERT INTO user VALUES (2057, 'ARTICUNOC.4273', 'charmeleon.articuno@icbc.com', 'Charmeleon', 'Articuno', 'Marketing', 1);
INSERT INTO user VALUES (2058, 'SCYTHERW.1928', 'weedle.scyther@icbc.com', 'Weedle', 'Scyther', 'HR', 1);
INSERT INTO user VALUES (2059, 'WARTORTLEH.4481', 'hitmonlee.wartortle@icbc.com', 'Hitmonlee', 'Wartortle', 'Marketing', 1);
INSERT INTO user VALUES (2060, 'DROWZEEN.1347', 'nidorina.drowzee@icbc.com', 'Nidorina', 'Drowzee', 'Marketing', 1);
INSERT INTO user VALUES (2061, 'MCNIDOQUEENN.3029', 'nidorina.mcnidoqueen@icbc.com', 'Nidorina', 'McNidoqueen', 'HR', 1);
INSERT INTO user VALUES (2062, 'EEVEEV.4791', 'victreebel.eevee@icbc.com', 'Victreebel', 'Eevee', 'Customer Service', 1);
INSERT INTO user VALUES (2063, 'PARASECTS.2338', 'sandslash.parasect@icbc.com', 'Sandslash', 'Parasect', 'Finance', 1);
INSERT INTO user VALUES (2064, 'BUTTERFREEN.31', 'nidoran.butterfree@icbc.com', 'Nidoran', 'Butterfree', 'Management', 1);
INSERT INTO user VALUES (2065, 'BUTTERFREER.597', 'raticate.butterfree@icbc.com', 'Raticate', 'Butterfree', 'Marketing', 1);
INSERT INTO user VALUES (2066, 'TAUROSL.3332', 'lickitung.tauros@icbc.com', 'Lickitung', 'Tauros', 'IT', 1);
INSERT INTO user VALUES (2067, 'SNORLAXM.4936', 'metapod.snorlax@icbc.com', 'Metapod', 'Snorlax', 'HR', 1);
INSERT INTO user VALUES (2068, 'KOFFINGR.3329', 'rapidash.koffing84@icbc.com', 'Rapidash', 'Koffing', 'Finance', 1);
INSERT INTO user VALUES (2069, 'HORSEAP.3704', 'poliwhirl.horsea@icbc.com', 'Poliwhirl', 'Horsea', 'Management', 1);
INSERT INTO user VALUES (2070, 'STARMIEG.2650', 'gloom.starmie@icbc.com', 'Gloom', 'Starmie', 'Marketing', 1);
INSERT INTO user VALUES (2071, 'DROWZEEM.1747', 'magmar.drowzee85@icbc.com', 'Magmar', 'Drowzee', 'Management', 1);
INSERT INTO user VALUES (2072, 'HAUNTERZ.1065', 'zubat.haunter@icbc.com', 'Zubat', 'Haunter', 'IT', 1);
INSERT INTO user VALUES (2073, 'ABRAH.986', 'hypno.abra@icbc.com', 'Hypno', 'Abra', 'Management', 1);
INSERT INTO user VALUES (2074, 'EKANSP.3490', 'porygon.ekans86@icbc.com', 'Porygon', 'Ekans', 'Customer Service', 1);
INSERT INTO user VALUES (2075, 'MCVAPOREONL.4160', 'lickitung.mcvaporeon@icbc.com', 'Lickitung', 'McVaporeon', 'IT', 1);
INSERT INTO user VALUES (2076, 'RAICHUP.3703', 'pidgeot.raichu@icbc.com', 'Pidgeot', 'Raichu', 'IT', 1);
INSERT INTO user VALUES (2077, 'ODDISHJ.3260', 'jigglypuff.oddish@icbc.com', 'Jigglypuff', 'Oddish', 'Marketing', 1);
INSERT INTO user VALUES (2078, 'KADABRAG.3057', 'golem.kadabra@icbc.com', 'Golem', 'Kadabra', 'Finance', 1);
INSERT INTO user VALUES (2079, 'CATERPIEM.2531', 'magnemite.caterpie87@icbc.com', 'Magnemite', 'Caterpie', 'HR', 1);
INSERT INTO user VALUES (2080, 'DEWGONGM.4023', 'machamp.dewgong@icbc.com', 'Machamp', 'Dewgong', 'Customer Service', 1);
INSERT INTO user VALUES (2081, 'PERSIANP.1473', 'poliwag.persian@icbc.com', 'Poliwag', 'Persian', 'Customer Service', 1);
INSERT INTO user VALUES (2082, 'MCMAROWAKO.4132', 'omanyte.mcmarowak@icbc.com', 'Omanyte', 'McMarowak', 'IT', 1);
INSERT INTO user VALUES (2083, 'RHYDOND.1667', 'doduo.rhydon88@icbc.com', 'Doduo', 'Rhydon', 'Finance', 1);
INSERT INTO user VALUES (2084, 'EXEGGUTORG.1100', 'gastly.exeggutor@icbc.com', 'Gastly', 'Exeggutor', 'Customer Service', 1);
INSERT INTO user VALUES (2085, 'PIDGEOTTOK.790', 'kingler.pidgeotto@icbc.com', 'Kingler', 'Pidgeotto', 'IT', 1);
INSERT INTO user VALUES (2086, 'KINGLERM.3852', 'muk.kingler@icbc.com', 'Muk', 'Kingler', 'Customer Service', 1);
INSERT INTO user VALUES (2087, 'ZUBATD.499', 'dragonite.zubat@icbc.com', 'Dragonite', 'Zubat', 'Marketing', 1);
INSERT INTO user VALUES (2088, 'VICTREEBELK.1740', 'krabby.victreebel@icbc.com', 'Krabby', 'Victreebel', 'IT', 1);
INSERT INTO user VALUES (2089, 'KADABRAD.2336', 'dugtrio.kadabra@icbc.com', 'Dugtrio', 'Kadabra', 'IT', 1);
INSERT INTO user VALUES (2090, 'RATTATAB.3083', 'blastoise.rattata@icbc.com', 'Blastoise', 'Rattata', 'IT', 1);
INSERT INTO user VALUES (2091, 'EXEGGCUTEM.1586', 'mewtwo.exeggcute@icbc.com', 'Mewtwo', 'Exeggcute', 'Finance', 1);
INSERT INTO user VALUES (2092, 'METAPODG.4383', 'gloom.metapod@icbc.com', 'Gloom', 'Metapod', 'Management', 1);
INSERT INTO user VALUES (2093, 'CHANSEYG.86', 'gyarados.chansey@icbc.com', 'Gyarados', 'Chansey', 'Management', 1);
INSERT INTO user VALUES (2094, 'WEEZINGC.1851', 'chansey.weezing@icbc.com', 'Chansey', 'Weezing', 'Management', 1);
INSERT INTO user VALUES (2095, 'BULBASAURM.4308', 'metapod.bulbasaur@icbc.com', 'Metapod', 'Bulbasaur', 'Customer Service', 1);
INSERT INTO user VALUES (2096, 'DODUOD.1366', 'dragonair.doduo@icbc.com', 'Dragonair', 'Doduo', 'Management', 1);
INSERT INTO user VALUES (2097, 'NIDORINOK.4822', 'kadabra.nidorino@icbc.com', 'Kadabra', 'Nidorino', 'IT', 1);
INSERT INTO user VALUES (2098, 'STARMIEM.4692', 'mankey.starmie@icbc.com', 'Mankey', 'Starmie', 'Management', 1);
INSERT INTO user VALUES (2099, 'GEODUDEM.3274', 'mew.geodude@icbc.com', 'Mew', 'Geodude', 'Management', 1);
INSERT INTO user VALUES (2100, 'HAUNTERP.613', 'psyduck.haunter@icbc.com', 'Psyduck', 'Haunter', 'Finance', 1);
INSERT INTO user VALUES (2101, 'STARYUC.2773', 'cubone.staryu@icbc.com', 'Cubone', 'Staryu', 'Finance', 1);
INSERT INTO user VALUES (2102, 'GOLBATH.188', 'hitmonlee.golbat@icbc.com', 'Hitmonlee', 'Golbat', 'Customer Service', 1);
INSERT INTO user VALUES (2103, 'DODUOZ.1280', 'zapdos.doduo@icbc.com', 'Zapdos', 'Doduo', 'Marketing', 1);
INSERT INTO user VALUES (2104, 'MCDROWZEEP.3619', 'pinsir.mcdrowzee@icbc.com', 'Pinsir', 'McDrowzee', 'IT', 1);
INSERT INTO user VALUES (2105, 'MAGMARC.1678', 'caterpie.magmar89@icbc.com', 'Caterpie', 'Magmar', 'IT', 1);
INSERT INTO user VALUES (2106, 'WEEDLEP.4983', 'psyduck.weedle@icbc.com', 'Psyduck', 'Weedle', 'Marketing', 1);
INSERT INTO user VALUES (2107, 'PIDGEOTTOV.2103', 'vulpix.pidgeotto@icbc.com', 'Vulpix', 'Pidgeotto', 'HR', 1);
INSERT INTO user VALUES (2108, 'DODUOG.2119', 'geodude.doduo90@icbc.com', 'Geodude', 'Doduo', 'IT', 1);
INSERT INTO user VALUES (2109, 'GOLDEENA.4649', 'aerodactyl.goldeen@icbc.com', 'Aerodactyl', 'Goldeen', 'Customer Service', 1);
INSERT INTO user VALUES (2110, 'VAPOREONB.3127', 'bulbasaur.vaporeon@icbc.com', 'Bulbasaur', 'Vaporeon', 'Management', 1);
INSERT INTO user VALUES (2111, 'BELLSPROUTJ.3280', 'jynx.bellsprout91@icbc.com', 'Jynx', 'Bellsprout', 'IT', 1);
INSERT INTO user VALUES (2112, 'PONYTAH.724', 'haunter.ponyta@icbc.com', 'Haunter', 'Ponyta', 'Management', 1);
INSERT INTO user VALUES (2113, 'PINSIRH.2122', 'hypno.pinsir@icbc.com', 'Hypno', 'Pinsir', 'Management', 1);
INSERT INTO user VALUES (2114, 'EEVEEG.1037', 'golem.eevee@icbc.com', 'Golem', 'Eevee', 'Management', 1);
INSERT INTO user VALUES (2115, 'FARFETCHDD.360', 'dugtrio.farfetchd@icbc.com', 'Dugtrio', 'Farfetchd', 'HR', 1);
INSERT INTO user VALUES (2116, 'TANGELAH.3570', 'hitmonlee.tangela92@icbc.com', 'Hitmonlee', 'Tangela', 'Management', 1);
INSERT INTO user VALUES (2117, 'POLIWRATHW.3199', 'wigglytuff.poliwrath@icbc.com', 'Wigglytuff', 'Poliwrath', 'Management', 1);
INSERT INTO user VALUES (2118, 'MR. MIMEK.1677', 'kingler.mr. mime93@icbc.com', 'Kingler', 'Mr. Mime', 'HR', 1);
INSERT INTO user VALUES (2119, 'SEADRAN.3464', 'nidoran.seadra@icbc.com', 'Nidoran', 'Seadra', 'Customer Service', 1);
INSERT INTO user VALUES (2120, 'CHARMANDERK.162', 'kakuna.charmander@icbc.com', 'Kakuna', 'Charmander', 'Management', 1);
INSERT INTO user VALUES (2121, 'RAPIDASHW.3785', 'weepinbell.rapidash@icbc.com', 'Weepinbell', 'Rapidash', 'Customer Service', 1);
INSERT INTO user VALUES (2122, 'FEAROWB.464', 'blastoise.fearow@icbc.com', 'Blastoise', 'Fearow', 'Management', 1);
INSERT INTO user VALUES (2123, 'GOLDUCKD.4075', 'dugtrio.golduck@icbc.com', 'Dugtrio', 'Golduck', 'IT', 1);
INSERT INTO user VALUES (2124, 'BEEDRILLW.4933', 'wigglytuff.beedrill@icbc.com', 'Wigglytuff', 'Beedrill', 'Marketing', 1);
INSERT INTO user VALUES (2125, 'MUKP.1169', 'pikachu.muk@icbc.com', 'Pikachu', 'Muk', 'Management', 1);
INSERT INTO user VALUES (2126, 'PRIMEAPEC.795', 'clefairy.primeape@icbc.com', 'Clefairy', 'Primeape', 'IT', 1);
INSERT INTO user VALUES (2127, 'CHANSEYC.4253', 'clefable.chansey@icbc.com', 'Clefable', 'Chansey', 'Management', 1);
INSERT INTO user VALUES (2128, 'MCKRABBYE.518', 'exeggcute.mckrabby@icbc.com', 'Exeggcute', 'McKrabby', 'Marketing', 1);
INSERT INTO user VALUES (2129, 'DRAGONITEK.1852', 'kangaskhan.dragonite@icbc.com', 'Kangaskhan', 'Dragonite', 'Customer Service', 1);
INSERT INTO user VALUES (2130, 'KABUTOM.1898', 'marowak.kabuto@icbc.com', 'Marowak', 'Kabuto', 'Finance', 1);
INSERT INTO user VALUES (2131, 'LICKITUNGD.739', 'drowzee.lickitung@icbc.com', 'Drowzee', 'Lickitung', 'Customer Service', 1);
INSERT INTO user VALUES (2132, 'MAROWAKC.4709', 'cubone.marowak@icbc.com', 'Cubone', 'Marowak', 'IT', 1);
INSERT INTO user VALUES (2133, 'VOLTORBP.1886', 'pidgeot.voltorb@icbc.com', 'Pidgeot', 'Voltorb', 'Customer Service', 1);
INSERT INTO user VALUES (2134, 'ALAKAZAMM.2196', 'machoke.alakazam@icbc.com', 'Machoke', 'Alakazam', 'Finance', 1);
INSERT INTO user VALUES (2135, 'SCYTHERT.936', 'tentacool.scyther@icbc.com', 'Tentacool', 'Scyther', 'IT', 1);
INSERT INTO user VALUES (2136, 'DRAGONAIRK.381', 'kabuto.dragonair@icbc.com', 'Kabuto', 'Dragonair', 'Customer Service', 1);
INSERT INTO user VALUES (2137, 'PSYDUCKR.1239', 'rattata.psyduck@icbc.com', 'Rattata', 'Psyduck', 'Finance', 1);
INSERT INTO user VALUES (2138, 'WIGGLYTUFFR.4047', 'rhydon.wigglytuff@icbc.com', 'Rhydon', 'Wigglytuff', 'IT', 1);
INSERT INTO user VALUES (2139, 'GLOOMM.4025', 'machoke.gloom94@icbc.com', 'Machoke', 'Gloom', 'Customer Service', 1);
INSERT INTO user VALUES (2140, 'MEWTWOV.2165', 'venonat.mewtwo@icbc.com', 'Venonat', 'Mewtwo', 'HR', 1);
INSERT INTO user VALUES (2141, 'CHARMANDERA.4509', 'arbok.charmander@icbc.com', 'Arbok', 'Charmander', 'Management', 1);
INSERT INTO user VALUES (2142, 'ZAPDOSO.4753', 'onix.zapdos@icbc.com', 'Onix', 'Zapdos', 'Finance', 1);
INSERT INTO user VALUES (2143, 'METAPODN.2397', 'nidoqueen.metapod@icbc.com', 'Nidoqueen', 'Metapod', 'Finance', 1);
INSERT INTO user VALUES (2144, 'PRIMEAPES.3048', 'starmie.primeape@icbc.com', 'Starmie', 'Primeape', 'Customer Service', 1);
INSERT INTO user VALUES (2145, 'MACHAMPP.3600', 'pikachu.machamp@icbc.com', 'Pikachu', 'Machamp', 'IT', 1);
INSERT INTO user VALUES (2146, 'LICKITUNGC.1413', 'caterpie.lickitung@icbc.com', 'Caterpie', 'Lickitung', 'Marketing', 1);
INSERT INTO user VALUES (2147, 'LAPRASD.1963', 'dratini.lapras@icbc.com', 'Dratini', 'Lapras', 'Customer Service', 1);
INSERT INTO user VALUES (2148, 'MCHORSEAP.708', 'porygon.mchorsea@icbc.com', 'Porygon', 'McHorsea', 'Marketing', 1);
INSERT INTO user VALUES (2149, 'MCPOLIWHIRLS.2213', 'scyther.mcpoliwhirl@icbc.com', 'Scyther', 'McPoliwhirl', 'Finance', 1);
INSERT INTO user VALUES (2150, 'BELLSPROUTA.4621', 'aerodactyl.bellsprout@icbc.com', 'Aerodactyl', 'Bellsprout', 'Finance', 1);
INSERT INTO user VALUES (2151, 'MEWTWOF.4388', 'flareon.mewtwo@icbc.com', 'Flareon', 'Mewtwo', 'Customer Service', 1);
INSERT INTO user VALUES (2152, 'DODUOM.3985', 'magnemite.doduo@icbc.com', 'Magnemite', 'Doduo', 'Finance', 1);
INSERT INTO user VALUES (2153, 'GLOOME.1296', 'exeggutor.gloom95@icbc.com', 'Exeggutor', 'Gloom', 'HR', 1);
INSERT INTO user VALUES (2154, 'PERSIANV.1051', 'vaporeon.persian96@icbc.com', 'Vaporeon', 'Persian', 'Marketing', 1);
INSERT INTO user VALUES (2155, 'PIKACHUV.2631', 'venomoth.pikachu@icbc.com', 'Venomoth', 'Pikachu', 'IT', 1);
INSERT INTO user VALUES (2156, 'DODRION.1588', 'nidoran.dodrio@icbc.com', 'Nidoran', 'Dodrio', 'HR', 1);
INSERT INTO user VALUES (2157, 'CUBONEB.4532', 'butterfree.cubone97@icbc.com', 'Butterfree', 'Cubone', 'Marketing', 1);
INSERT INTO user VALUES (2158, 'DROWZEEE.330', 'electrode.drowzee@icbc.com', 'Electrode', 'Drowzee', 'HR', 1);
INSERT INTO user VALUES (2159, 'ARCANINEE.481', 'electrode.arcanine@icbc.com', 'Electrode', 'Arcanine', 'Marketing', 1);
INSERT INTO user VALUES (2160, 'WEEZINGK.4888', 'kabutops.weezing@icbc.com', 'Kabutops', 'Weezing', 'Management', 1);
INSERT INTO user VALUES (2161, 'GRAVELERK.3383', 'kabuto.graveler@icbc.com', 'Kabuto', 'Graveler', 'Management', 1);
INSERT INTO user VALUES (2162, 'SEELL.4042', 'lickitung.seel@icbc.com', 'Lickitung', 'Seel', 'Management', 1);
INSERT INTO user VALUES (2163, 'KAKUNAW.4523', 'wartortle.kakuna@icbc.com', 'Wartortle', 'Kakuna', 'Management', 1);
INSERT INTO user VALUES (2164, 'VENUSAURK.3688', 'kingler.venusaur@icbc.com', 'Kingler', 'Venusaur', 'Finance', 1);
INSERT INTO user VALUES (2165, 'STARYUR.1682', 'raticate.staryu@icbc.com', 'Raticate', 'Staryu', 'IT', 1);
INSERT INTO user VALUES (2166, 'NIDORANE.2341', 'exeggutor.nidoran98@icbc.com', 'Exeggutor', 'Nidoran', 'Marketing', 1);
INSERT INTO user VALUES (2167, 'CLEFAIRYA.1052', 'arcanine.clefairy@icbc.com', 'Arcanine', 'Clefairy', 'HR', 1);
INSERT INTO user VALUES (2168, 'SHELLDERC.4891', 'chansey.shellder@icbc.com', 'Chansey', 'Shellder', 'Customer Service', 1);
INSERT INTO user VALUES (2169, 'GRAVELERM.4169', 'mew.graveler@icbc.com', 'Mew', 'Graveler', 'Customer Service', 1);
INSERT INTO user VALUES (2170, 'ZAPDOSB.882', 'bulbasaur.zapdos@icbc.com', 'Bulbasaur', 'Zapdos', 'HR', 1);
INSERT INTO user VALUES (2171, 'BLASTOISEG.1784', 'grimer.blastoise@icbc.com', 'Grimer', 'Blastoise', 'Marketing', 1);
INSERT INTO user VALUES (2172, 'KANGASKHANC.1544', 'clefable.kangaskhan@icbc.com', 'Clefable', 'Kangaskhan', 'Finance', 1);
INSERT INTO user VALUES (2173, 'FEAROWK.3405', 'krabby.fearow@icbc.com', 'Krabby', 'Fearow', 'Management', 1);
INSERT INTO user VALUES (2174, 'CHARMELEONS.2062', 'seaking.charmeleon@icbc.com', 'Seaking', 'Charmeleon', 'Marketing', 1);
INSERT INTO user VALUES (2175, 'GENGARE.386', 'exeggcute.gengar@icbc.com', 'Exeggcute', 'Gengar', 'Customer Service', 1);
INSERT INTO user VALUES (2176, 'GOLBATD.481', 'dragonair.golbat@icbc.com', 'Dragonair', 'Golbat', 'Customer Service', 1);
INSERT INTO user VALUES (2177, 'JYNXK.1146', 'kabutops.jynx@icbc.com', 'Kabutops', 'Jynx', 'Management', 1);
INSERT INTO user VALUES (2178, 'BUTTERFREEK.4', 'koffing.butterfree@icbc.com', 'Koffing', 'Butterfree', 'Management', 1);
INSERT INTO user VALUES (2179, 'MR. MIMES.1017', 'starmie.mr. mime@icbc.com', 'Starmie', 'Mr. Mime', 'Management', 1);
INSERT INTO user VALUES (2180, 'KABUTOPSJ.1864', 'jolteon.kabutops99@icbc.com', 'Jolteon', 'Kabutops', 'Management', 1);
INSERT INTO user VALUES (2181, 'HORSEAM.1647', 'muk.horsea@icbc.com', 'Muk', 'Horsea', 'Management', 1);
INSERT INTO user VALUES (2182, 'MCKRABBYR.4003', 'rhydon.mckrabby@icbc.com', 'Rhydon', 'McKrabby', 'IT', 1);
INSERT INTO user VALUES (2183, 'WARTORTLES.589', 'seadra.wartortle@icbc.com', 'Seadra', 'Wartortle', 'Finance', 1);
INSERT INTO user VALUES (2184, 'POLIWHIRLJ.1833', 'jynx.poliwhirl@icbc.com', 'Jynx', 'Poliwhirl', 'Management', 1);
INSERT INTO user VALUES (2185, 'DRAGONITES.658', 'seadra.dragonite@icbc.com', 'Seadra', 'Dragonite', 'IT', 1);
INSERT INTO user VALUES (2186, 'GRAVELERF.3608', 'fearow.graveler100@icbc.com', 'Fearow', 'Graveler', 'Customer Service', 1);
INSERT INTO user VALUES (2187, 'MEOWTHM.3827', 'magnemite.meowth@icbc.com', 'Magnemite', 'Meowth', 'IT', 1);
INSERT INTO user VALUES (2188, 'TANGELAO.3871', 'omastar.tangela@icbc.com', 'Omastar', 'Tangela', 'Management', 1);
INSERT INTO user VALUES (2189, 'FARFETCHDD.2702', 'diglett.farfetchd@icbc.com', 'Diglett', 'Farfetchd', 'Finance', 1);
INSERT INTO user VALUES (2190, 'NIDORANA.92', 'abra.nidoran@icbc.com', 'Abra', 'Nidoran', 'HR', 1);
INSERT INTO user VALUES (2191, 'WIGGLYTUFFL.3493', 'lapras.wigglytuff@icbc.com', 'Lapras', 'Wigglytuff', 'IT', 1);
INSERT INTO user VALUES (2192, 'BULBASAURP.3119', 'paras.bulbasaur101@icbc.com', 'Paras', 'Bulbasaur', 'Finance', 1);
INSERT INTO user VALUES (2193, 'STARMIEC.3851', 'charmander.starmie@icbc.com', 'Charmander', 'Starmie', 'IT', 1);
INSERT INTO user VALUES (2194, 'GROWLITHEV.1473', 'voltorb.growlithe@icbc.com', 'Voltorb', 'Growlithe', 'IT', 1);
INSERT INTO user VALUES (2195, 'MACHOPG.2430', 'golem.machop@icbc.com', 'Golem', 'Machop', 'HR', 1);
INSERT INTO user VALUES (2196, 'ARCANINEK.1195', 'kakuna.arcanine@icbc.com', 'Kakuna', 'Arcanine', 'Management', 1);
INSERT INTO user VALUES (2197, 'OMASTARV.4151', 'vileplume.omastar@icbc.com', 'Vileplume', 'Omastar', 'HR', 1);
INSERT INTO user VALUES (2198, 'MACHOKER.1802', 'rhyhorn.machoke@icbc.com', 'Rhyhorn', 'Machoke', 'Management', 1);
INSERT INTO user VALUES (2199, 'TENTACRUELT.53', 'tangela.tentacruel@icbc.com', 'Tangela', 'Tentacruel', 'Finance', 1);
INSERT INTO user VALUES (2200, 'EXEGGUTORK.368', 'kangaskhan.exeggutor@icbc.com', 'Kangaskhan', 'Exeggutor', 'Finance', 1);
INSERT INTO user VALUES (2201, 'MOLTRESC.2950', 'clefable.moltres@icbc.com', 'Clefable', 'Moltres', 'Finance', 1);
INSERT INTO user VALUES (2202, 'MCNINETALESC.688', 'cubone.mcninetales@icbc.com', 'Cubone', 'McNinetales', 'Management', 1);
INSERT INTO user VALUES (2203, 'MEOWTHT.4431', 'tangela.meowth@icbc.com', 'Tangela', 'Meowth', 'IT', 1);
INSERT INTO user VALUES (2204, 'WEEPINBELLC.1867', 'chansey.weepinbell102@icbc.com', 'Chansey', 'Weepinbell', 'Management', 1);
INSERT INTO user VALUES (2205, 'NIDOQUEENG.696', 'geodude.nidoqueen@icbc.com', 'Geodude', 'Nidoqueen', 'Finance', 1);
INSERT INTO user VALUES (2206, 'VENUSAURC.136', 'cubone.venusaur@icbc.com', 'Cubone', 'Venusaur', 'Finance', 1);
INSERT INTO user VALUES (2207, 'PINSIRS.3750', 'slowpoke.pinsir@icbc.com', 'Slowpoke', 'Pinsir', 'Finance', 1);
INSERT INTO user VALUES (2208, 'CHANSEYJ.476', 'jolteon.chansey@icbc.com', 'Jolteon', 'Chansey', 'Marketing', 1);
INSERT INTO user VALUES (2209, 'NINETALESE.1115', 'electrode.ninetales@icbc.com', 'Electrode', 'Ninetales', 'Customer Service', 1);
INSERT INTO user VALUES (2210, 'MAGNETONN.1830', 'nidorina.magneton@icbc.com', 'Nidorina', 'Magneton', 'Management', 1);
INSERT INTO user VALUES (2211, 'CATERPIEP.1747', 'pikachu.caterpie@icbc.com', 'Pikachu', 'Caterpie', 'Marketing', 1);
INSERT INTO user VALUES (2212, 'WIGGLYTUFFS.1153', 'scyther.wigglytuff@icbc.com', 'Scyther', 'Wigglytuff', 'IT', 1);
INSERT INTO user VALUES (2213, 'ALAKAZAMM.1718', 'machop.alakazam@icbc.com', 'Machop', 'Alakazam', 'Marketing', 1);
INSERT INTO user VALUES (2214, 'PIDGEOTTOS.2598', 'slowpoke.pidgeotto@icbc.com', 'Slowpoke', 'Pidgeotto', 'Customer Service', 1);
INSERT INTO user VALUES (2215, 'WIGGLYTUFFG.4368', 'gengar.wigglytuff@icbc.com', 'Gengar', 'Wigglytuff', 'Customer Service', 1);
INSERT INTO user VALUES (2216, 'VOLTORBF.3553', 'flareon.voltorb@icbc.com', 'Flareon', 'Voltorb', 'IT', 1);
INSERT INTO user VALUES (2217, 'MCRHYHORNV.2895', 'venusaur.mcrhyhorn@icbc.com', 'Venusaur', 'McRhyhorn', 'Customer Service', 1);
INSERT INTO user VALUES (2218, 'VILEPLUMEB.1276', 'butterfree.vileplume@icbc.com', 'Butterfree', 'Vileplume', 'IT', 1);
INSERT INTO user VALUES (2219, 'RHYHORNS.734', 'snorlax.rhyhorn@icbc.com', 'Snorlax', 'Rhyhorn', 'IT', 1);
INSERT INTO user VALUES (2220, 'DODRIOK.316', 'kangaskhan.dodrio@icbc.com', 'Kangaskhan', 'Dodrio', 'HR', 1);
INSERT INTO user VALUES (2221, 'PARASK.2487', 'koffing.paras@icbc.com', 'Koffing', 'Paras', 'Customer Service', 1);
INSERT INTO user VALUES (2222, 'SEELS.1034', 'seaking.seel@icbc.com', 'Seaking', 'Seel', 'IT', 1);
INSERT INTO user VALUES (2223, 'EXEGGUTORR.3852', 'rapidash.exeggutor@icbc.com', 'Rapidash', 'Exeggutor', 'Marketing', 1);
INSERT INTO user VALUES (2224, 'SNORLAXG.973', 'golem.snorlax@icbc.com', 'Golem', 'Snorlax', 'Customer Service', 1);
INSERT INTO user VALUES (2225, 'MCKADABRAS.2464', 'scyther.mckadabra@icbc.com', 'Scyther', 'McKadabra', 'HR', 1);
INSERT INTO user VALUES (2226, 'DUGTRIOG.1097', 'gloom.dugtrio@icbc.com', 'Gloom', 'Dugtrio', 'Customer Service', 1);
INSERT INTO user VALUES (2227, 'GROWLITHEE.3926', 'electabuzz.growlithe@icbc.com', 'Electabuzz', 'Growlithe', 'Finance', 1);
INSERT INTO user VALUES (2228, 'MEWTWOM.651', 'magikarp.mewtwo@icbc.com', 'Magikarp', 'Mewtwo', 'Management', 1);
INSERT INTO user VALUES (2229, 'VICTREEBELI.2580', 'ivysaur.victreebel@icbc.com', 'Ivysaur', 'Victreebel', 'Customer Service', 1);
INSERT INTO user VALUES (2230, 'RAICHUR.188', 'rapidash.raichu@icbc.com', 'Rapidash', 'Raichu', 'Finance', 1);
INSERT INTO user VALUES (2231, 'BLASTOISEF.3239', 'fearow.blastoise@icbc.com', 'Fearow', 'Blastoise', 'HR', 1);
INSERT INTO user VALUES (2232, 'EKANSS.4180', 'starmie.ekans@icbc.com', 'Starmie', 'Ekans', 'Customer Service', 1);
INSERT INTO user VALUES (2233, 'PIDGEYL.3618', 'lapras.pidgey@icbc.com', 'Lapras', 'Pidgey', 'Management', 1);
INSERT INTO user VALUES (2234, 'ALAKAZAMG.4013', 'gengar.alakazam@icbc.com', 'Gengar', 'Alakazam', 'Marketing', 1);
INSERT INTO user VALUES (2235, 'MR. MIMEM.3996', 'marowak.mr. mime@icbc.com', 'Marowak', 'Mr. Mime', 'Marketing', 1);
INSERT INTO user VALUES (2236, 'NIDORINOL.4878', 'lickitung.nidorino@icbc.com', 'Lickitung', 'Nidorino', 'IT', 1);
INSERT INTO user VALUES (2237, 'VOLTORBC.4598', 'caterpie.voltorb103@icbc.com', 'Caterpie', 'Voltorb', 'Finance', 1);
INSERT INTO user VALUES (2238, 'GYARADOSP.1823', 'pinsir.gyarados@icbc.com', 'Pinsir', 'Gyarados', 'Finance', 1);
INSERT INTO user VALUES (2239, 'EXEGGCUTEM.4295', 'marowak.exeggcute@icbc.com', 'Marowak', 'Exeggcute', 'Customer Service', 1);
INSERT INTO user VALUES (2240, 'CHARMELEONP.968', 'parasect.charmeleon@icbc.com', 'Parasect', 'Charmeleon', 'Customer Service', 1);
INSERT INTO user VALUES (2241, 'DEWGONGA.2027', 'aerodactyl.dewgong@icbc.com', 'Aerodactyl', 'Dewgong', 'HR', 1);
INSERT INTO user VALUES (2242, 'KAKUNAM.3031', 'magnemite.kakuna@icbc.com', 'Magnemite', 'Kakuna', 'Finance', 1);
INSERT INTO user VALUES (2243, 'WEEPINBELLM.4044', 'magneton.weepinbell@icbc.com', 'Magneton', 'Weepinbell', 'IT', 1);
INSERT INTO user VALUES (2244, 'STARYUL.2447', 'lickitung.staryu@icbc.com', 'Lickitung', 'Staryu', 'Customer Service', 1);
INSERT INTO user VALUES (2245, 'NIDORINAB.3620', 'beedrill.nidorina@icbc.com', 'Beedrill', 'Nidorina', 'HR', 1);
INSERT INTO user VALUES (2246, 'DODRIOA.150', 'alakazam.dodrio@icbc.com', 'Alakazam', 'Dodrio', 'Marketing', 1);
INSERT INTO user VALUES (2247, 'DODUOP.3174', 'pinsir.doduo104@icbc.com', 'Pinsir', 'Doduo', 'Customer Service', 1);
INSERT INTO user VALUES (2248, 'HYPNOP.1933', 'pinsir.hypno@icbc.com', 'Pinsir', 'Hypno', 'IT', 1);
INSERT INTO user VALUES (2249, 'CUBONEJ.834', 'jigglypuff.cubone@icbc.com', 'Jigglypuff', 'Cubone', 'Customer Service', 1);
INSERT INTO user VALUES (2250, 'RAICHUS.168', 'seel.raichu@icbc.com', 'Seel', 'Raichu', 'Marketing', 1);
INSERT INTO user VALUES (2251, 'ABRAR.1846', 'rhydon.abra@icbc.com', 'Rhydon', 'Abra', 'Marketing', 1);
INSERT INTO user VALUES (2252, 'GRIMERG.291', 'grimer.grimer105@icbc.com', 'Grimer', 'Grimer', 'Customer Service', 1);
INSERT INTO user VALUES (2253, 'MCMACHAMPM.3350', 'machamp.mcmachamp@icbc.com', 'Machamp', 'McMachamp', 'HR', 1);
INSERT INTO user VALUES (2254, 'MACHOKEE.2080', 'electrode.machoke@icbc.com', 'Electrode', 'Machoke', 'IT', 1);
INSERT INTO user VALUES (2255, 'GROWLITHEK.2168', 'kakuna.growlithe@icbc.com', 'Kakuna', 'Growlithe', 'HR', 1);
INSERT INTO user VALUES (2256, 'MANKEYG.4449', 'golduck.mankey@icbc.com', 'Golduck', 'Mankey', 'IT', 1);
INSERT INTO user VALUES (2257, 'VENOMOTHN.818', 'nidoking.venomoth@icbc.com', 'Nidoking', 'Venomoth', 'HR', 1);
INSERT INTO user VALUES (2258, 'HORSEAR.1566', 'raticate.horsea@icbc.com', 'Raticate', 'Horsea', 'IT', 1);
INSERT INTO user VALUES (2259, 'NIDORANP.3618', 'ponyta.nidoran@icbc.com', 'Ponyta', 'Nidoran', 'Finance', 1);
INSERT INTO user VALUES (2260, 'ARCANINER.410', 'rapidash.arcanine@icbc.com', 'Rapidash', 'Arcanine', 'Management', 1);
INSERT INTO user VALUES (2261, 'MCEKANST.1401', 'tangela.mcekans@icbc.com', 'Tangela', 'McEkans', 'Finance', 1);
INSERT INTO user VALUES (2262, 'ARBOKM.3641', 'moltres.arbok@icbc.com', 'Moltres', 'Arbok', 'Customer Service', 1);
INSERT INTO user VALUES (2263, 'AERODACTYLS.3659', 'slowbro.aerodactyl@icbc.com', 'Slowbro', 'Aerodactyl', 'HR', 1);
INSERT INTO user VALUES (2264, 'MAGNEMITEJ.1085', 'jigglypuff.magnemite@icbc.com', 'Jigglypuff', 'Magnemite', 'Management', 1);
INSERT INTO user VALUES (2265, 'GEODUDEE.336', 'electrode.geodude@icbc.com', 'Electrode', 'Geodude', 'Customer Service', 1);
INSERT INTO user VALUES (2266, 'MACHAMPZ.3840', 'zubat.machamp@icbc.com', 'Zubat', 'Machamp', 'IT', 1);
INSERT INTO user VALUES (2267, 'JYNXK.3019', 'kingler.jynx@icbc.com', 'Kingler', 'Jynx', 'IT', 1);
INSERT INTO user VALUES (2268, 'GEODUDER.1904', 'rattata.geodude@icbc.com', 'Rattata', 'Geodude', 'IT', 1);
INSERT INTO user VALUES (2269, 'SEELO.2764', 'onix.seel@icbc.com', 'Onix', 'Seel', 'Finance', 1);
INSERT INTO user VALUES (2270, 'CHARMANDERN.1804', 'nidorina.charmander@icbc.com', 'Nidorina', 'Charmander', 'IT', 1);
INSERT INTO user VALUES (2271, 'HITMONCHANP.4449', 'primeape.hitmonchan@icbc.com', 'Primeape', 'Hitmonchan', 'Customer Service', 1);
INSERT INTO user VALUES (2272, 'WIGGLYTUFFN.4424', 'nidoran.wigglytuff106@icbc.com', 'Nidoran', 'Wigglytuff', 'IT', 1);
INSERT INTO user VALUES (2273, 'BUTTERFREEM.268', 'metapod.butterfree@icbc.com', 'Metapod', 'Butterfree', 'HR', 1);
INSERT INTO user VALUES (2274, 'EEVEES.693', 'spearow.eevee@icbc.com', 'Spearow', 'Eevee', 'Finance', 1);
INSERT INTO user VALUES (2275, 'PINSIRM.756', 'magnemite.pinsir@icbc.com', 'Magnemite', 'Pinsir', 'Finance', 1);
INSERT INTO user VALUES (2276, 'RAPIDASHA.2328', 'aerodactyl.rapidash@icbc.com', 'Aerodactyl', 'Rapidash', 'HR', 1);
INSERT INTO user VALUES (2277, 'WEEDLES.4912', 'sandslash.weedle@icbc.com', 'Sandslash', 'Weedle', 'HR', 1);
INSERT INTO user VALUES (2278, 'NIDORINAN.2392', 'nidoking.nidorina@icbc.com', 'Nidoking', 'Nidorina', 'IT', 1);
INSERT INTO user VALUES (2279, 'KINGLERE.2162', 'exeggcute.kingler@icbc.com', 'Exeggcute', 'Kingler', 'Customer Service', 1);
INSERT INTO user VALUES (2280, 'RATICATEM.3520', 'machamp.raticate107@icbc.com', 'Machamp', 'Raticate', 'Finance', 1);
INSERT INTO user VALUES (2281, 'CLEFAIRYW.2574', 'weepinbell.clefairy@icbc.com', 'Weepinbell', 'Clefairy', 'Marketing', 1);
INSERT INTO user VALUES (2282, 'CHANSEYP.833', 'parasect.chansey@icbc.com', 'Parasect', 'Chansey', 'IT', 1);
INSERT INTO user VALUES (2283, 'MCGROWLITHEM.979', 'mankey.mcgrowlithe@icbc.com', 'Mankey', 'McGrowlithe', 'IT', 1);
INSERT INTO user VALUES (2284, 'ZAPDOSG.4928', 'gastly.zapdos@icbc.com', 'Gastly', 'Zapdos', 'Customer Service', 1);
INSERT INTO user VALUES (2285, 'DRAGONITEF.407', 'fearow.dragonite@icbc.com', 'Fearow', 'Dragonite', 'IT', 1);
INSERT INTO user VALUES (2286, 'WIGGLYTUFFA.4495', 'arbok.wigglytuff@icbc.com', 'Arbok', 'Wigglytuff', 'Customer Service', 1);
INSERT INTO user VALUES (2287, 'MCPERSIANR.3884', 'raticate.mcpersian@icbc.com', 'Raticate', 'McPersian', 'Management', 1);
INSERT INTO user VALUES (2288, 'WEEDLEG.7', 'gengar.weedle@icbc.com', 'Gengar', 'Weedle', 'Customer Service', 1);
INSERT INTO user VALUES (2289, 'MCMANKEYS.984', 'squirtle.mcmankey@icbc.com', 'Squirtle', 'McMankey', 'IT', 1);
INSERT INTO user VALUES (2290, 'DROWZEEO.4837', 'omanyte.drowzee@icbc.com', 'Omanyte', 'Drowzee', 'Finance', 1);
INSERT INTO user VALUES (2291, 'GENGARK.2989', 'koffing.gengar@icbc.com', 'Koffing', 'Gengar', 'Finance', 1);
INSERT INTO user VALUES (2292, 'TENTACRUELW.2735', 'wartortle.tentacruel108@icbc.com', 'Wartortle', 'Tentacruel', 'Customer Service', 1);
INSERT INTO user VALUES (2293, 'SLOWPOKED.1368', 'doduo.slowpoke@icbc.com', 'Doduo', 'Slowpoke', 'Management', 1);
INSERT INTO user VALUES (2294, 'BELLSPROUTS.2348', 'seaking.bellsprout@icbc.com', 'Seaking', 'Bellsprout', 'IT', 1);
INSERT INTO user VALUES (2295, 'SNORLAXK.1905', 'kingler.snorlax@icbc.com', 'Kingler', 'Snorlax', 'HR', 1);
INSERT INTO user VALUES (2296, 'CLEFABLEM.563', 'mankey.clefable@icbc.com', 'Mankey', 'Clefable', 'Finance', 1);
INSERT INTO user VALUES (2297, 'NIDOQUEENF.169', 'farfetchd.nidoqueen@icbc.com', 'Farfetchd', 'Nidoqueen', 'Finance', 1);
INSERT INTO user VALUES (2298, 'ALAKAZAMO.3744', 'omanyte.alakazam@icbc.com', 'Omanyte', 'Alakazam', 'Finance', 1);
INSERT INTO user VALUES (2299, 'VENUSAURG.915', 'grimer.venusaur@icbc.com', 'Grimer', 'Venusaur', 'Marketing', 1);
INSERT INTO user VALUES (2300, 'HORSEAE.872', 'exeggcute.horsea@icbc.com', 'Exeggcute', 'Horsea', 'Marketing', 1);
INSERT INTO user VALUES (2301, 'CATERPIEC.3975', 'caterpie.caterpie109@icbc.com', 'Caterpie', 'Caterpie', 'HR', 1);
INSERT INTO user VALUES (2302, 'NIDORINON.4455', 'nidoqueen.nidorino@icbc.com', 'Nidoqueen', 'Nidorino', 'Marketing', 1);
INSERT INTO user VALUES (2303, 'GEODUDEG.2441', 'gastly.geodude@icbc.com', 'Gastly', 'Geodude', 'Customer Service', 1);
INSERT INTO user VALUES (2304, 'MCDODRIOS.3897', 'sandslash.mcdodrio@icbc.com', 'Sandslash', 'McDodrio', 'Customer Service', 1);
INSERT INTO user VALUES (2305, 'MR. MIMEK.4170', 'kakuna.mr. mime@icbc.com', 'Kakuna', 'Mr. Mime', 'Finance', 1);
INSERT INTO user VALUES (2306, 'AERODACTYLH.4782', 'hitmonlee.aerodactyl@icbc.com', 'Hitmonlee', 'Aerodactyl', 'Marketing', 1);
INSERT INTO user VALUES (2307, 'STARMIEF.3696', 'flareon.starmie@icbc.com', 'Flareon', 'Starmie', 'Finance', 1);
INSERT INTO user VALUES (2308, 'MCTANGELAE.1595', 'eevee.mctangela@icbc.com', 'Eevee', 'McTangela', 'HR', 1);
INSERT INTO user VALUES (2309, 'PIDGEYT.4081', 'tangela.pidgey@icbc.com', 'Tangela', 'Pidgey', 'Finance', 1);
INSERT INTO user VALUES (2310, 'MCMAROWAKS.1798', 'sandshrew.mcmarowak@icbc.com', 'Sandshrew', 'McMarowak', 'IT', 1);
INSERT INTO user VALUES (2311, 'KOFFINGR.462', 'rhyhorn.koffing@icbc.com', 'Rhyhorn', 'Koffing', 'IT', 1);
INSERT INTO user VALUES (2312, 'MCBELLSPROUTW.1761', 'weezing.mcbellsprout@icbc.com', 'Weezing', 'McBellsprout', 'IT', 1);
INSERT INTO user VALUES (2313, 'OMANYTER.617', 'raticate.omanyte@icbc.com', 'Raticate', 'Omanyte', 'Marketing', 1);
INSERT INTO user VALUES (2314, 'ELECTRODEP.2982', 'pidgeotto.electrode110@icbc.com', 'Pidgeotto', 'Electrode', 'Marketing', 1);
INSERT INTO user VALUES (2315, 'MCCHARMANDERV.467', 'victreebel.mccharmander@icbc.com', 'Victreebel', 'McCharmander', 'Management', 1);
INSERT INTO user VALUES (2316, 'PONYTAN.2527', 'nidorino.ponyta@icbc.com', 'Nidorino', 'Ponyta', 'HR', 1);
INSERT INTO user VALUES (2317, 'GASTLYT.3715', 'tentacool.gastly@icbc.com', 'Tentacool', 'Gastly', 'IT', 1);
INSERT INTO user VALUES (2318, 'STARMIEC.734', 'charmander.starmie111@icbc.com', 'Charmander', 'Starmie', 'Customer Service', 1);
INSERT INTO user VALUES (2319, 'JYNXM.2670', 'magmar.jynx@icbc.com', 'Magmar', 'Jynx', 'Marketing', 1);
INSERT INTO user VALUES (2320, 'VAPOREONW.973', 'weezing.vaporeon@icbc.com', 'Weezing', 'Vaporeon', 'IT', 1);
INSERT INTO user VALUES (2321, 'MCGOLDEENS.3609', 'starmie.mcgoldeen@icbc.com', 'Starmie', 'McGoldeen', 'Finance', 1);
INSERT INTO user VALUES (2322, 'CHARIZARDZ.200', 'zubat.charizard@icbc.com', 'Zubat', 'Charizard', 'Finance', 1);
INSERT INTO user VALUES (2323, 'JOLTEONV.2279', 'vileplume.jolteon@icbc.com', 'Vileplume', 'Jolteon', 'Customer Service', 1);
INSERT INTO user VALUES (2324, 'SQUIRTLEJ.1335', 'jolteon.squirtle@icbc.com', 'Jolteon', 'Squirtle', 'Management', 1);
INSERT INTO user VALUES (2325, 'NIDOQUEEND.4431', 'dodrio.nidoqueen112@icbc.com', 'Dodrio', 'Nidoqueen', 'Marketing', 1);
INSERT INTO user VALUES (2326, 'ARTICUNOD.2671', 'dodrio.articuno@icbc.com', 'Dodrio', 'Articuno', 'Customer Service', 1);
INSERT INTO user VALUES (2327, 'NIDORANE.4189', 'exeggutor.nidoran113@icbc.com', 'Exeggutor', 'Nidoran', 'Finance', 1);
INSERT INTO user VALUES (2328, 'CLEFABLEK.2657', 'kingler.clefable@icbc.com', 'Kingler', 'Clefable', 'Customer Service', 1);
INSERT INTO user VALUES (2329, 'SANDSHREWP.304', 'pidgeotto.sandshrew@icbc.com', 'Pidgeotto', 'Sandshrew', 'Marketing', 1);
INSERT INTO user VALUES (2330, 'KANGASKHANM.1027', 'mewtwo.kangaskhan@icbc.com', 'Mewtwo', 'Kangaskhan', 'Customer Service', 1);
INSERT INTO user VALUES (2331, 'WARTORTLEE.492', 'eevee.wartortle@icbc.com', 'Eevee', 'Wartortle', 'HR', 1);
INSERT INTO user VALUES (2332, 'MCKANGASKHANM.1706', 'machamp.mckangaskhan@icbc.com', 'Machamp', 'McKangaskhan', 'HR', 1);
INSERT INTO user VALUES (2333, 'KRABBYS.64', 'starmie.krabby@icbc.com', 'Starmie', 'Krabby', 'Marketing', 1);
INSERT INTO user VALUES (2334, 'STARMIEA.3628', 'alakazam.starmie@icbc.com', 'Alakazam', 'Starmie', 'IT', 1);
INSERT INTO user VALUES (2335, 'CATERPIES.3954', 'staryu.caterpie@icbc.com', 'Staryu', 'Caterpie', 'IT', 1);
INSERT INTO user VALUES (2336, 'KABUTOPSN.4135', 'nidoking.kabutops@icbc.com', 'Nidoking', 'Kabutops', 'Finance', 1);
INSERT INTO user VALUES (2337, 'CLOYSTERT.1725', 'tentacool.cloyster@icbc.com', 'Tentacool', 'Cloyster', 'Customer Service', 1);
INSERT INTO user VALUES (2338, 'GASTLYC.4228', 'cloyster.gastly@icbc.com', 'Cloyster', 'Gastly', 'Management', 1);
INSERT INTO user VALUES (2339, 'POLIWAGC.2449', 'cubone.poliwag@icbc.com', 'Cubone', 'Poliwag', 'HR', 1);
INSERT INTO user VALUES (2340, 'TANGELAT.2064', 'tentacruel.tangela@icbc.com', 'Tentacruel', 'Tangela', 'Management', 1);
INSERT INTO user VALUES (2341, 'CLEFAIRYD.3142', 'ditto.clefairy@icbc.com', 'Ditto', 'Clefairy', 'HR', 1);
INSERT INTO user VALUES (2342, 'DRATINIA.1806', 'alakazam.dratini@icbc.com', 'Alakazam', 'Dratini', 'Finance', 1);
INSERT INTO user VALUES (2343, 'SEADRAM.1861', 'machoke.seadra@icbc.com', 'Machoke', 'Seadra', 'IT', 1);
INSERT INTO user VALUES (2344, 'MCABRAG.1560', 'gyarados.mcabra@icbc.com', 'Gyarados', 'McAbra', 'Finance', 1);
INSERT INTO user VALUES (2345, 'FLAREONV.2711', 'venusaur.flareon114@icbc.com', 'Venusaur', 'Flareon', 'IT', 1);
INSERT INTO user VALUES (2346, 'DUGTRIOM.3705', 'magneton.dugtrio@icbc.com', 'Magneton', 'Dugtrio', 'Marketing', 1);
INSERT INTO user VALUES (2347, 'GOLEMM.1491', 'magikarp.golem@icbc.com', 'Magikarp', 'Golem', 'HR', 1);
INSERT INTO user VALUES (2348, 'DIGLETTW.3638', 'weedle.diglett@icbc.com', 'Weedle', 'Diglett', 'Marketing', 1);
INSERT INTO user VALUES (2349, 'HAUNTERD.1613', 'drowzee.haunter@icbc.com', 'Drowzee', 'Haunter', 'Finance', 1);
INSERT INTO user VALUES (2350, 'DODRIOW.2760', 'wartortle.dodrio@icbc.com', 'Wartortle', 'Dodrio', 'Finance', 1);
INSERT INTO user VALUES (2351, 'POLIWHIRLS.802', 'sandshrew.poliwhirl@icbc.com', 'Sandshrew', 'Poliwhirl', 'Customer Service', 1);
INSERT INTO user VALUES (2352, 'SCYTHERT.2723', 'tentacruel.scyther115@icbc.com', 'Tentacruel', 'Scyther', 'Management', 1);
INSERT INTO user VALUES (2353, 'PONYTAP.3874', 'pidgey.ponyta@icbc.com', 'Pidgey', 'Ponyta', 'HR', 1);
INSERT INTO user VALUES (2354, 'SEELN.3080', 'nidoqueen.seel@icbc.com', 'Nidoqueen', 'Seel', 'IT', 1);
INSERT INTO user VALUES (2355, 'ABRAR.2796', 'raichu.abra@icbc.com', 'Raichu', 'Abra', 'Customer Service', 1);
INSERT INTO user VALUES (2356, 'PARASECTB.245', 'blastoise.parasect116@icbc.com', 'Blastoise', 'Parasect', 'Management', 1);
INSERT INTO user VALUES (2357, 'TAUROSD.1734', 'dragonair.tauros@icbc.com', 'Dragonair', 'Tauros', 'Customer Service', 1);
INSERT INTO user VALUES (2358, 'CHARMELEONO.624', 'onix.charmeleon@icbc.com', 'Onix', 'Charmeleon', 'Management', 1);
INSERT INTO user VALUES (2359, 'CHARIZARDP.4059', 'poliwhirl.charizard@icbc.com', 'Poliwhirl', 'Charizard', 'Management', 1);
INSERT INTO user VALUES (2360, 'METAPODG.1496', 'golduck.metapod@icbc.com', 'Golduck', 'Metapod', 'Finance', 1);
INSERT INTO user VALUES (2361, 'VENOMOTHS.2719', 'squirtle.venomoth@icbc.com', 'Squirtle', 'Venomoth', 'IT', 1);
INSERT INTO user VALUES (2362, 'ZUBATV.4845', 'vaporeon.zubat@icbc.com', 'Vaporeon', 'Zubat', 'Customer Service', 1);
INSERT INTO user VALUES (2363, 'SQUIRTLEG.2216', 'geodude.squirtle@icbc.com', 'Geodude', 'Squirtle', 'Marketing', 1);
INSERT INTO user VALUES (2364, 'VOLTORBE.3025', 'electrode.voltorb@icbc.com', 'Electrode', 'Voltorb', 'Finance', 1);
INSERT INTO user VALUES (2365, 'NIDOQUEENF.4673', 'fearow.nidoqueen@icbc.com', 'Fearow', 'Nidoqueen', 'IT', 1);
INSERT INTO user VALUES (2366, 'MCSEAKINGB.266', 'bulbasaur.mcseaking@icbc.com', 'Bulbasaur', 'McSeaking', 'IT', 1);
INSERT INTO user VALUES (2367, 'ELECTABUZZV.2024', 'venomoth.electabuzz@icbc.com', 'Venomoth', 'Electabuzz', 'Management', 1);
INSERT INTO user VALUES (2368, 'ARTICUNOC.318', 'chansey.articuno@icbc.com', 'Chansey', 'Articuno', 'Finance', 1);
INSERT INTO user VALUES (2369, 'CHARMELEONO.3807', 'oddish.charmeleon@icbc.com', 'Oddish', 'Charmeleon', 'HR', 1);
INSERT INTO user VALUES (2370, 'POLIWAGS.3901', 'slowbro.poliwag@icbc.com', 'Slowbro', 'Poliwag', 'HR', 1);
INSERT INTO user VALUES (2371, 'DRAGONITEP.1608', 'poliwag.dragonite@icbc.com', 'Poliwag', 'Dragonite', 'Marketing', 1);
INSERT INTO user VALUES (2372, 'RHYHORNV.4245', 'voltorb.rhyhorn@icbc.com', 'Voltorb', 'Rhyhorn', 'Management', 1);
INSERT INTO user VALUES (2373, 'GOLDUCKN.4126', 'nidoran.golduck@icbc.com', 'Nidoran', 'Golduck', 'IT', 1);
INSERT INTO user VALUES (2374, 'GOLBATG.3459', 'graveler.golbat@icbc.com', 'Graveler', 'Golbat', 'Customer Service', 1);
INSERT INTO user VALUES (2375, 'FARFETCHDV.4269', 'voltorb.farfetchd@icbc.com', 'Voltorb', 'Farfetchd', 'Finance', 1);
INSERT INTO user VALUES (2376, 'CHARIZARDT.4738', 'tentacool.charizard@icbc.com', 'Tentacool', 'Charizard', 'HR', 1);
INSERT INTO user VALUES (2377, 'SNORLAXS.1751', 'seaking.snorlax@icbc.com', 'Seaking', 'Snorlax', 'HR', 1);
INSERT INTO user VALUES (2378, 'MCMANKEYS.1019', 'shellder.mcmankey@icbc.com', 'Shellder', 'McMankey', 'Marketing', 1);
INSERT INTO user VALUES (2379, 'SHELLDERE.2461', 'eevee.shellder@icbc.com', 'Eevee', 'Shellder', 'Marketing', 1);
INSERT INTO user VALUES (2380, 'STARMIED.2928', 'doduo.starmie117@icbc.com', 'Doduo', 'Starmie', 'Customer Service', 1);
INSERT INTO user VALUES (2381, 'MEWN.2094', 'nidorina.mew@icbc.com', 'Nidorina', 'Mew', 'IT', 1);
INSERT INTO user VALUES (2382, 'SANDSHREWT.3861', 'tentacool.sandshrew@icbc.com', 'Tentacool', 'Sandshrew', 'IT', 1);
INSERT INTO user VALUES (2383, 'GOLEMM.2890', 'mew.golem@icbc.com', 'Mew', 'Golem', 'Management', 1);
INSERT INTO user VALUES (2384, 'MCGOLBATS.835', 'slowpoke.mcgolbat@icbc.com', 'Slowpoke', 'McGolbat', 'HR', 1);
INSERT INTO user VALUES (2385, 'KANGASKHANV.1691', 'vaporeon.kangaskhan@icbc.com', 'Vaporeon', 'Kangaskhan', 'IT', 1);
INSERT INTO user VALUES (2386, 'MCNINETALESP.1698', 'poliwrath.mcninetales@icbc.com', 'Poliwrath', 'McNinetales', 'IT', 1);
INSERT INTO user VALUES (2387, 'MCHORSEAM.245', 'mew.mchorsea@icbc.com', 'Mew', 'McHorsea', 'Management', 1);
INSERT INTO user VALUES (2388, 'DROWZEEK.1172', 'kadabra.drowzee@icbc.com', 'Kadabra', 'Drowzee', 'Finance', 1);
INSERT INTO user VALUES (2389, 'MCGASTLYL.761', 'lapras.mcgastly@icbc.com', 'Lapras', 'McGastly', 'IT', 1);
INSERT INTO user VALUES (2390, 'GOLDEENH.2694', 'haunter.goldeen@icbc.com', 'Haunter', 'Goldeen', 'IT', 1);
INSERT INTO user VALUES (2391, 'OMANYTED.393', 'dodrio.omanyte@icbc.com', 'Dodrio', 'Omanyte', 'IT', 1);
INSERT INTO user VALUES (2392, 'FARFETCHDC.3433', 'charizard.farfetchd@icbc.com', 'Charizard', 'Farfetchd', 'Finance', 1);
INSERT INTO user VALUES (2393, 'METAPODM.3477', 'meowth.metapod@icbc.com', 'Meowth', 'Metapod', 'Management', 1);
INSERT INTO user VALUES (2394, 'WIGGLYTUFFR.2629', 'rhydon.wigglytuff118@icbc.com', 'Rhydon', 'Wigglytuff', 'Management', 1);
INSERT INTO user VALUES (2395, 'METAPODP.249', 'porygon.metapod@icbc.com', 'Porygon', 'Metapod', 'Customer Service', 1);
INSERT INTO user VALUES (2396, 'MCALAKAZAMP.1843', 'primeape.mcalakazam@icbc.com', 'Primeape', 'McAlakazam', 'Finance', 1);
INSERT INTO user VALUES (2397, 'VULPIXM.4181', 'machop.vulpix@icbc.com', 'Machop', 'Vulpix', 'Finance', 1);
INSERT INTO user VALUES (2398, 'JOLTEONF.768', 'fearow.jolteon@icbc.com', 'Fearow', 'Jolteon', 'Marketing', 1);
INSERT INTO user VALUES (2399, 'VOLTORBC.2108', 'caterpie.voltorb119@icbc.com', 'Caterpie', 'Voltorb', 'Finance', 1);
INSERT INTO user VALUES (2400, 'GOLEMM.139', 'mankey.golem@icbc.com', 'Mankey', 'Golem', 'IT', 1);
INSERT INTO user VALUES (2401, 'TENTACOOLC.628', 'caterpie.tentacool@icbc.com', 'Caterpie', 'Tentacool', 'IT', 1);
INSERT INTO user VALUES (2402, 'DRATINIW.1005', 'weedle.dratini@icbc.com', 'Weedle', 'Dratini', 'Customer Service', 1);
INSERT INTO user VALUES (2403, 'POLIWAGV.366', 'vileplume.poliwag@icbc.com', 'Vileplume', 'Poliwag', 'Marketing', 1);
INSERT INTO user VALUES (2404, 'RHYHORNM.683', 'mankey.rhyhorn@icbc.com', 'Mankey', 'Rhyhorn', 'Finance', 1);
INSERT INTO user VALUES (2405, 'FARFETCHDM.1703', 'mewtwo.farfetchd@icbc.com', 'Mewtwo', 'Farfetchd', 'IT', 1);
INSERT INTO user VALUES (2406, 'ALAKAZAMA.4930', 'abra.alakazam@icbc.com', 'Abra', 'Alakazam', 'IT', 1);
INSERT INTO user VALUES (2407, 'GOLDEENO.2387', 'omanyte.goldeen@icbc.com', 'Omanyte', 'Goldeen', 'HR', 1);
INSERT INTO user VALUES (2408, 'WEEZINGK.544', 'kabuto.weezing@icbc.com', 'Kabuto', 'Weezing', 'HR', 1);
INSERT INTO user VALUES (2409, 'EXEGGCUTEP.1692', 'paras.exeggcute@icbc.com', 'Paras', 'Exeggcute', 'HR', 1);
INSERT INTO user VALUES (2410, 'VILEPLUMEP.487', 'pidgeotto.vileplume@icbc.com', 'Pidgeotto', 'Vileplume', 'Customer Service', 1);
INSERT INTO user VALUES (2411, 'PSYDUCKK.2875', 'kabuto.psyduck@icbc.com', 'Kabuto', 'Psyduck', 'Marketing', 1);
INSERT INTO user VALUES (2412, 'KRABBYM.1979', 'mew.krabby@icbc.com', 'Mew', 'Krabby', 'HR', 1);
INSERT INTO user VALUES (2413, 'NIDORINOG.3510', 'golem.nidorino@icbc.com', 'Golem', 'Nidorino', 'Management', 1);
INSERT INTO user VALUES (2414, 'PARASECTS.1484', 'spearow.parasect@icbc.com', 'Spearow', 'Parasect', 'Customer Service', 1);
INSERT INTO user VALUES (2415, 'SEAKINGD.4197', 'dewgong.seaking@icbc.com', 'Dewgong', 'Seaking', 'Customer Service', 1);
INSERT INTO user VALUES (2416, 'GROWLITHEM.1789', 'magnemite.growlithe@icbc.com', 'Magnemite', 'Growlithe', 'HR', 1);
INSERT INTO user VALUES (2417, 'MCARTICUNOP.3558', 'porygon.mcarticuno@icbc.com', 'Porygon', 'McArticuno', 'Marketing', 1);
INSERT INTO user VALUES (2418, 'MCFLAREOND.2149', 'dewgong.mcflareon@icbc.com', 'Dewgong', 'McFlareon', 'Marketing', 1);
INSERT INTO user VALUES (2419, 'GRAVELERB.2539', 'butterfree.graveler@icbc.com', 'Butterfree', 'Graveler', 'Finance', 1);
INSERT INTO user VALUES (2420, 'ALAKAZAMT.4707', 'tentacool.alakazam@icbc.com', 'Tentacool', 'Alakazam', 'Finance', 1);
INSERT INTO user VALUES (2421, 'CLEFABLEG.2042', 'gloom.clefable@icbc.com', 'Gloom', 'Clefable', 'Management', 1);
INSERT INTO user VALUES (2422, 'GLOOMV.4571', 'venonat.gloom@icbc.com', 'Venonat', 'Gloom', 'Marketing', 1);
INSERT INTO user VALUES (2423, 'KABUTOK.4244', 'kakuna.kabuto@icbc.com', 'Kakuna', 'Kabuto', 'Finance', 1);
INSERT INTO user VALUES (2424, 'MR. MIMEC.2276', 'clefairy.mr. mime@icbc.com', 'Clefairy', 'Mr. Mime', 'HR', 1);
INSERT INTO user VALUES (2425, 'SPEAROWM.1764', 'magnemite.spearow@icbc.com', 'Magnemite', 'Spearow', 'Finance', 1);
INSERT INTO user VALUES (2426, 'KANGASKHANG.4179', 'graveler.kangaskhan@icbc.com', 'Graveler', 'Kangaskhan', 'Customer Service', 1);
INSERT INTO user VALUES (2427, 'DROWZEES.654', 'sandshrew.drowzee@icbc.com', 'Sandshrew', 'Drowzee', 'Finance', 1);
INSERT INTO user VALUES (2428, 'CHARIZARDV.3607', 'vulpix.charizard@icbc.com', 'Vulpix', 'Charizard', 'Customer Service', 1);
INSERT INTO user VALUES (2429, 'KABUTOL.832', 'lapras.kabuto@icbc.com', 'Lapras', 'Kabuto', 'Finance', 1);
INSERT INTO user VALUES (2430, 'METAPODG.3271', 'goldeen.metapod@icbc.com', 'Goldeen', 'Metapod', 'Finance', 1);
INSERT INTO user VALUES (2431, 'VAPOREONK.3172', 'koffing.vaporeon@icbc.com', 'Koffing', 'Vaporeon', 'Finance', 1);
INSERT INTO user VALUES (2432, 'ELECTRODEV.4401', 'venomoth.electrode@icbc.com', 'Venomoth', 'Electrode', 'HR', 1);
INSERT INTO user VALUES (2433, 'VULPIXG.3654', 'goldeen.vulpix@icbc.com', 'Goldeen', 'Vulpix', 'Management', 1);
INSERT INTO user VALUES (2434, 'ABRAJ.376', 'jolteon.abra@icbc.com', 'Jolteon', 'Abra', 'Finance', 1);
INSERT INTO user VALUES (2435, 'WIGGLYTUFFA.3574', 'arcanine.wigglytuff@icbc.com', 'Arcanine', 'Wigglytuff', 'Finance', 1);
INSERT INTO user VALUES (2436, 'POLIWAGL.992', 'lickitung.poliwag120@icbc.com', 'Lickitung', 'Poliwag', 'Customer Service', 1);
INSERT INTO user VALUES (2437, 'NIDORINAS.4133', 'seel.nidorina@icbc.com', 'Seel', 'Nidorina', 'Customer Service', 1);
INSERT INTO user VALUES (2438, 'CLOYSTERD.4208', 'doduo.cloyster121@icbc.com', 'Doduo', 'Cloyster', 'HR', 1);
INSERT INTO user VALUES (2439, 'VAPOREONM.608', 'mew.vaporeon@icbc.com', 'Mew', 'Vaporeon', 'Finance', 1);
INSERT INTO user VALUES (2440, 'STARMIEP.1467', 'primeape.starmie@icbc.com', 'Primeape', 'Starmie', 'Finance', 1);
INSERT INTO user VALUES (2441, 'FLAREOND.3834', 'dugtrio.flareon@icbc.com', 'Dugtrio', 'Flareon', 'Customer Service', 1);
INSERT INTO user VALUES (2442, 'RATTATAJ.3440', 'jolteon.rattata@icbc.com', 'Jolteon', 'Rattata', 'Management', 1);
INSERT INTO user VALUES (2443, 'LICKITUNGD.2299', 'dragonite.lickitung@icbc.com', 'Dragonite', 'Lickitung', 'Management', 1);
INSERT INTO user VALUES (2444, 'GEODUDEP.3504', 'poliwhirl.geodude@icbc.com', 'Poliwhirl', 'Geodude', 'IT', 1);
INSERT INTO user VALUES (2445, 'PIKACHUO.4215', 'omanyte.pikachu@icbc.com', 'Omanyte', 'Pikachu', 'Finance', 1);
INSERT INTO user VALUES (2446, 'MACHAMPH.891', 'hitmonchan.machamp122@icbc.com', 'Hitmonchan', 'Machamp', 'HR', 1);
INSERT INTO user VALUES (2447, 'ABRAG.3741', 'graveler.abra@icbc.com', 'Graveler', 'Abra', 'Finance', 1);
INSERT INTO user VALUES (2448, 'SANDSHREWR.1792', 'raticate.sandshrew@icbc.com', 'Raticate', 'Sandshrew', 'Marketing', 1);
INSERT INTO user VALUES (2449, 'MCFLAREONN.458', 'nidorino.mcflareon@icbc.com', 'Nidorino', 'McFlareon', 'Marketing', 1);
INSERT INTO user VALUES (2450, 'IVYSAURH.4750', 'hypno.ivysaur@icbc.com', 'Hypno', 'Ivysaur', 'HR', 1);
INSERT INTO user VALUES (2451, 'NIDORANK.655', 'krabby.nidoran@icbc.com', 'Krabby', 'Nidoran', 'Management', 1);
INSERT INTO user VALUES (2452, 'PRIMEAPES.762', 'seadra.primeape@icbc.com', 'Seadra', 'Primeape', 'Finance', 1);
INSERT INTO user VALUES (2453, 'VULPIXA.2744', 'aerodactyl.vulpix123@icbc.com', 'Aerodactyl', 'Vulpix', 'HR', 1);
INSERT INTO user VALUES (2454, 'PRIMEAPEE.880', 'ekans.primeape@icbc.com', 'Ekans', 'Primeape', 'IT', 1);
INSERT INTO user VALUES (2455, 'KOFFINGI.3092', 'ivysaur.koffing@icbc.com', 'Ivysaur', 'Koffing', 'Management', 1);
INSERT INTO user VALUES (2456, 'VENOMOTHH.3565', 'hypno.venomoth@icbc.com', 'Hypno', 'Venomoth', 'Management', 1);
INSERT INTO user VALUES (2457, 'BULBASAURO.91', 'omanyte.bulbasaur@icbc.com', 'Omanyte', 'Bulbasaur', 'Finance', 1);
INSERT INTO user VALUES (2458, 'MCKINGLERS.809', 'seaking.mckingler@icbc.com', 'Seaking', 'McKingler', 'Customer Service', 1);
INSERT INTO user VALUES (2459, 'FARFETCHDN.4634', 'nidoqueen.farfetchd@icbc.com', 'Nidoqueen', 'Farfetchd', 'Customer Service', 1);
INSERT INTO user VALUES (2460, 'MCNIDOKINGN.221', 'nidoqueen.mcnidoking124@icbc.com', 'Nidoqueen', 'McNidoking', 'HR', 1);
INSERT INTO user VALUES (2461, 'ARTICUNOH.2435', 'haunter.articuno@icbc.com', 'Haunter', 'Articuno', 'HR', 1);
INSERT INTO user VALUES (2462, 'TAUROSD.4260', 'dewgong.tauros@icbc.com', 'Dewgong', 'Tauros', 'HR', 1);
INSERT INTO user VALUES (2463, 'MCVENUSAURR.1660', 'rhydon.mcvenusaur@icbc.com', 'Rhydon', 'McVenusaur', 'Finance', 1);
INSERT INTO user VALUES (2464, 'MACHOPH.3105', 'hitmonlee.machop125@icbc.com', 'Hitmonlee', 'Machop', 'Marketing', 1);
INSERT INTO user VALUES (2465, 'IVYSAURN.3984', 'nidoran.ivysaur@icbc.com', 'Nidoran', 'Ivysaur', 'IT', 1);
INSERT INTO user VALUES (2466, 'VOLTORBR.2952', 'raticate.voltorb@icbc.com', 'Raticate', 'Voltorb', 'HR', 1);
INSERT INTO user VALUES (2467, 'SLOWBROS.2', 'seel.slowbro@icbc.com', 'Seel', 'Slowbro', 'IT', 1);
INSERT INTO user VALUES (2468, 'VILEPLUMEE.3207', 'electrode.vileplume@icbc.com', 'Electrode', 'Vileplume', 'Management', 1);
INSERT INTO user VALUES (2469, 'KADABRAV.4853', 'vulpix.kadabra@icbc.com', 'Vulpix', 'Kadabra', 'Customer Service', 1);
INSERT INTO user VALUES (2470, 'PIDGEOTK.3908', 'krabby.pidgeot@icbc.com', 'Krabby', 'Pidgeot', 'HR', 1);
INSERT INTO user VALUES (2471, 'NIDORINOO.2745', 'omanyte.nidorino@icbc.com', 'Omanyte', 'Nidorino', 'Marketing', 1);
INSERT INTO user VALUES (2472, 'VENOMOTHG.432', 'golduck.venomoth@icbc.com', 'Golduck', 'Venomoth', 'HR', 1);
INSERT INTO user VALUES (2473, 'MCSNORLAXV.4939', 'vaporeon.mcsnorlax@icbc.com', 'Vaporeon', 'McSnorlax', 'HR', 1);
INSERT INTO user VALUES (2474, 'ONIXS.3736', 'sandshrew.onix@icbc.com', 'Sandshrew', 'Onix', 'HR', 1);
INSERT INTO user VALUES (2475, 'WIGGLYTUFFP.1025', 'persian.wigglytuff@icbc.com', 'Persian', 'Wigglytuff', 'Customer Service', 1);
INSERT INTO user VALUES (2476, 'WEEDLER.2224', 'rhydon.weedle@icbc.com', 'Rhydon', 'Weedle', 'HR', 1);
INSERT INTO user VALUES (2477, 'MCEEVEEO.2615', 'omanyte.mceevee@icbc.com', 'Omanyte', 'McEevee', 'Marketing', 1);
INSERT INTO user VALUES (2478, 'JOLTEONE.3832', 'eevee.jolteon@icbc.com', 'Eevee', 'Jolteon', 'Finance', 1);
INSERT INTO user VALUES (2479, 'DEWGONGG.3682', 'gengar.dewgong@icbc.com', 'Gengar', 'Dewgong', 'IT', 1);
INSERT INTO user VALUES (2480, 'MAGNEMITEK.279', 'kangaskhan.magnemite@icbc.com', 'Kangaskhan', 'Magnemite', 'Customer Service', 1);
INSERT INTO user VALUES (2481, 'PERSIANM.3726', 'magmar.persian@icbc.com', 'Magmar', 'Persian', 'IT', 1);
INSERT INTO user VALUES (2482, 'CATERPIEM.2599', 'marowak.caterpie@icbc.com', 'Marowak', 'Caterpie', 'Marketing', 1);
INSERT INTO user VALUES (2483, 'NIDORANK.1176', 'koffing.nidoran126@icbc.com', 'Koffing', 'Nidoran', 'Finance', 1);
INSERT INTO user VALUES (2484, 'MCKADABRAG.3857', 'growlithe.mckadabra@icbc.com', 'Growlithe', 'McKadabra', 'Customer Service', 1);
INSERT INTO user VALUES (2485, 'MCVENONATV.3667', 'victreebel.mcvenonat@icbc.com', 'Victreebel', 'McVenonat', 'IT', 1);
INSERT INTO user VALUES (2486, 'NIDOKINGA.3074', 'arcanine.nidoking@icbc.com', 'Arcanine', 'Nidoking', 'Customer Service', 1);
INSERT INTO user VALUES (2487, 'LICKITUNGA.4275', 'aerodactyl.lickitung@icbc.com', 'Aerodactyl', 'Lickitung', 'IT', 1);
INSERT INTO user VALUES (2488, 'MAGIKARPK.2058', 'kangaskhan.magikarp@icbc.com', 'Kangaskhan', 'Magikarp', 'HR', 1);
INSERT INTO user VALUES (2489, 'STARYUM.933', 'magneton.staryu@icbc.com', 'Magneton', 'Staryu', 'Finance', 1);
INSERT INTO user VALUES (2490, 'MCNIDORANZ.1741', 'zapdos.mcnidoran@icbc.com', 'Zapdos', 'McNidoran', 'Management', 1);
INSERT INTO user VALUES (2491, 'SPEAROWK.2423', 'kabuto.spearow@icbc.com', 'Kabuto', 'Spearow', 'Finance', 1);
INSERT INTO user VALUES (2492, 'SEAKINGO.2082', 'oddish.seaking@icbc.com', 'Oddish', 'Seaking', 'Customer Service', 1);
INSERT INTO user VALUES (2493, 'NINETALESS.3668', 'slowpoke.ninetales@icbc.com', 'Slowpoke', 'Ninetales', 'Finance', 1);
INSERT INTO user VALUES (2494, 'ZAPDOSS.275', 'starmie.zapdos@icbc.com', 'Starmie', 'Zapdos', 'Finance', 1);
INSERT INTO user VALUES (2495, 'KRABBYS.4639', 'slowpoke.krabby@icbc.com', 'Slowpoke', 'Krabby', 'Marketing', 1);
INSERT INTO user VALUES (2496, 'DUGTRIOD.1226', 'dodrio.dugtrio@icbc.com', 'Dodrio', 'Dugtrio', 'Finance', 1);
INSERT INTO user VALUES (2497, 'ARBOKJ.1911', 'jynx.arbok@icbc.com', 'Jynx', 'Arbok', 'IT', 1);
INSERT INTO user VALUES (2498, 'CUBONEN.4477', 'nidoran.cubone@icbc.com', 'Nidoran', 'Cubone', 'Finance', 1);
INSERT INTO user VALUES (2499, 'POLIWRATHG.4606', 'growlithe.poliwrath127@icbc.com', 'Growlithe', 'Poliwrath', 'Customer Service', 1);
INSERT INTO user VALUES (2500, 'NIDOKINGP.4362', 'poliwhirl.nidoking@icbc.com', 'Poliwhirl', 'Nidoking', 'Management', 1);
INSERT INTO user VALUES (2501, 'ZUBATK.2436', 'krabby.zubat@icbc.com', 'Krabby', 'Zubat', 'Customer Service', 1);
INSERT INTO user VALUES (2502, 'KADABRAG.4376', 'gyarados.kadabra@icbc.com', 'Gyarados', 'Kadabra', 'Customer Service', 1);
INSERT INTO user VALUES (2503, 'MAROWAKM.1270', 'muk.marowak@icbc.com', 'Muk', 'Marowak', 'HR', 1);
INSERT INTO user VALUES (2504, 'GOLEMB.4867', 'bellsprout.golem@icbc.com', 'Bellsprout', 'Golem', 'Finance', 1);
INSERT INTO user VALUES (2505, 'ODDISHP.1504', 'ponyta.oddish@icbc.com', 'Ponyta', 'Oddish', 'Customer Service', 1);
INSERT INTO user VALUES (2506, 'ARBOKW.925', 'wigglytuff.arbok@icbc.com', 'Wigglytuff', 'Arbok', 'Finance', 1);
INSERT INTO user VALUES (2507, 'WEEPINBELLA.2478', 'arcanine.weepinbell@icbc.com', 'Arcanine', 'Weepinbell', 'Customer Service', 1);
INSERT INTO user VALUES (2508, 'MCMACHAMPJ.1356', 'jolteon.mcmachamp@icbc.com', 'Jolteon', 'McMachamp', 'Marketing', 1);
INSERT INTO user VALUES (2509, 'HORSEAV.2342', 'vileplume.horsea@icbc.com', 'Vileplume', 'Horsea', 'IT', 1);
INSERT INTO user VALUES (2510, 'MCWARTORTLEP.4184', 'psyduck.mcwartortle@icbc.com', 'Psyduck', 'McWartortle', 'HR', 1);
INSERT INTO user VALUES (2511, 'MAGNETONS.2706', 'spearow.magneton@icbc.com', 'Spearow', 'Magneton', 'Marketing', 1);
INSERT INTO user VALUES (2512, 'MCBEEDRILLV.2830', 'victreebel.mcbeedrill@icbc.com', 'Victreebel', 'McBeedrill', 'Marketing', 1);
INSERT INTO user VALUES (2513, 'MAGNEMITES.2050', 'starmie.magnemite@icbc.com', 'Starmie', 'Magnemite', 'Management', 1);
INSERT INTO user VALUES (2514, 'NIDOKINGP.1910', 'poliwrath.nidoking@icbc.com', 'Poliwrath', 'Nidoking', 'Finance', 1);
INSERT INTO user VALUES (2515, 'MCONIXP.4157', 'paras.mconix@icbc.com', 'Paras', 'McOnix', 'Management', 1);
INSERT INTO user VALUES (2516, 'MACHAMPJ.4836', 'jigglypuff.machamp@icbc.com', 'Jigglypuff', 'Machamp', 'Management', 1);
INSERT INTO user VALUES (2517, 'MCMAGNETONH.4093', 'hypno.mcmagneton@icbc.com', 'Hypno', 'McMagneton', 'HR', 1);
INSERT INTO user VALUES (2518, 'NIDORINAD.2664', 'dodrio.nidorina128@icbc.com', 'Dodrio', 'Nidorina', 'Customer Service', 1);
INSERT INTO user VALUES (2519, 'SNORLAXK.3079', 'kabuto.snorlax@icbc.com', 'Kabuto', 'Snorlax', 'Marketing', 1);
INSERT INTO user VALUES (2520, 'LAPRASM.1911', 'machamp.lapras@icbc.com', 'Machamp', 'Lapras', 'Marketing', 1);
INSERT INTO user VALUES (2521, 'GEODUDEM.3358', 'mr. mime.geodude@icbc.com', 'Mr. Mime', 'Geodude', 'Finance', 1);
INSERT INTO user VALUES (2522, 'OMANYTEK.1613', 'kingler.omanyte@icbc.com', 'Kingler', 'Omanyte', 'HR', 1);
INSERT INTO user VALUES (2523, 'NINETALESD.3458', 'diglett.ninetales@icbc.com', 'Diglett', 'Ninetales', 'Finance', 1);
INSERT INTO user VALUES (2524, 'SNORLAXS.3301', 'sandslash.snorlax@icbc.com', 'Sandslash', 'Snorlax', 'Management', 1);
INSERT INTO user VALUES (2525, 'FARFETCHDK.3348', 'kingler.farfetchd@icbc.com', 'Kingler', 'Farfetchd', 'Customer Service', 1);
INSERT INTO user VALUES (2526, 'PIDGEOTP.3226', 'ponyta.pidgeot@icbc.com', 'Ponyta', 'Pidgeot', 'HR', 1);
INSERT INTO user VALUES (2527, 'CLEFABLEP.4618', 'parasect.clefable@icbc.com', 'Parasect', 'Clefable', 'Management', 1);
INSERT INTO user VALUES (2528, 'PSYDUCKA.909', 'alakazam.psyduck@icbc.com', 'Alakazam', 'Psyduck', 'Marketing', 1);
INSERT INTO user VALUES (2529, 'VENOMOTHS.2683', 'scyther.venomoth@icbc.com', 'Scyther', 'Venomoth', 'Marketing', 1);
INSERT INTO user VALUES (2530, 'CHARMANDERZ.4121', 'zubat.charmander@icbc.com', 'Zubat', 'Charmander', 'HR', 1);
INSERT INTO user VALUES (2531, 'EKANSS.895', 'seaking.ekans@icbc.com', 'Seaking', 'Ekans', 'Customer Service', 1);
INSERT INTO user VALUES (2532, 'DRAGONITEH.1039', 'hypno.dragonite@icbc.com', 'Hypno', 'Dragonite', 'Management', 1);
INSERT INTO user VALUES (2533, 'WARTORTLEK.761', 'krabby.wartortle@icbc.com', 'Krabby', 'Wartortle', 'Management', 1);
INSERT INTO user VALUES (2534, 'MEOWTHG.4419', 'gengar.meowth@icbc.com', 'Gengar', 'Meowth', 'Marketing', 1);
INSERT INTO user VALUES (2535, 'GRAVELERN.723', 'nidoking.graveler@icbc.com', 'Nidoking', 'Graveler', 'Finance', 1);
INSERT INTO user VALUES (2536, 'MCELECTABUZZC.1518', 'cubone.mcelectabuzz@icbc.com', 'Cubone', 'McElectabuzz', 'Customer Service', 1);
INSERT INTO user VALUES (2537, 'BEEDRILLB.2380', 'butterfree.beedrill@icbc.com', 'Butterfree', 'Beedrill', 'Marketing', 1);
INSERT INTO user VALUES (2538, 'LAPRASG.154', 'growlithe.lapras@icbc.com', 'Growlithe', 'Lapras', 'Marketing', 1);
INSERT INTO user VALUES (2539, 'CATERPIEE.1375', 'ekans.caterpie129@icbc.com', 'Ekans', 'Caterpie', 'Management', 1);
INSERT INTO user VALUES (2540, 'GRAVELERS.4074', 'starmie.graveler@icbc.com', 'Starmie', 'Graveler', 'HR', 1);
INSERT INTO user VALUES (2541, 'MCFARFETCHDA.2535', 'alakazam.mcfarfetchd@icbc.com', 'Alakazam', 'McFarfetchd', 'Marketing', 1);
INSERT INTO user VALUES (2542, 'SANDSLASHO.4321', 'onix.sandslash@icbc.com', 'Onix', 'Sandslash', 'IT', 1);
INSERT INTO user VALUES (2543, 'MCSANDSLASHK.1538', 'krabby.mcsandslash@icbc.com', 'Krabby', 'McSandslash', 'IT', 1);
INSERT INTO user VALUES (2544, 'FARFETCHDH.788', 'hitmonchan.farfetchd@icbc.com', 'Hitmonchan', 'Farfetchd', 'HR', 1);
INSERT INTO user VALUES (2545, 'OMANYTEF.270', 'fearow.omanyte@icbc.com', 'Fearow', 'Omanyte', 'IT', 1);
INSERT INTO user VALUES (2546, 'MEWO.2083', 'oddish.mew@icbc.com', 'Oddish', 'Mew', 'Finance', 1);
INSERT INTO user VALUES (2547, 'RATICATEV.3814', 'venusaur.raticate@icbc.com', 'Venusaur', 'Raticate', 'HR', 1);
INSERT INTO user VALUES (2548, 'VENOMOTHN.1117', 'nidoran.venomoth@icbc.com', 'Nidoran', 'Venomoth', 'HR', 1);
INSERT INTO user VALUES (2549, 'DRATINIG.197', 'golem.dratini@icbc.com', 'Golem', 'Dratini', 'HR', 1);
INSERT INTO user VALUES (2550, 'ZUBATV.2743', 'vulpix.zubat@icbc.com', 'Vulpix', 'Zubat', 'Management', 1);
INSERT INTO user VALUES (2551, 'NIDORANV.832', 'venonat.nidoran@icbc.com', 'Venonat', 'Nidoran', 'HR', 1);
INSERT INTO user VALUES (2552, 'GOLEMG.1663', 'goldeen.golem@icbc.com', 'Goldeen', 'Golem', 'IT', 1);
INSERT INTO user VALUES (2553, 'MAGNETONR.2140', 'raticate.magneton130@icbc.com', 'Raticate', 'Magneton', 'HR', 1);
INSERT INTO user VALUES (2554, 'FEAROWF.2772', 'flareon.fearow@icbc.com', 'Flareon', 'Fearow', 'IT', 1);
INSERT INTO user VALUES (2555, 'NINETALESE.4887', 'ekans.ninetales@icbc.com', 'Ekans', 'Ninetales', 'HR', 1);
INSERT INTO user VALUES (2556, 'CLEFAIRYN.3104', 'nidoran.clefairy@icbc.com', 'Nidoran', 'Clefairy', 'HR', 1);
INSERT INTO user VALUES (2557, 'CUBONEA.4197', 'arbok.cubone@icbc.com', 'Arbok', 'Cubone', 'Finance', 1);
INSERT INTO user VALUES (2558, 'MACHOPL.2417', 'lapras.machop@icbc.com', 'Lapras', 'Machop', 'Management', 1);
INSERT INTO user VALUES (2559, 'VILEPLUMEK.4369', 'kabutops.vileplume@icbc.com', 'Kabutops', 'Vileplume', 'Finance', 1);
INSERT INTO user VALUES (2560, 'CUBONEV.530', 'vaporeon.cubone131@icbc.com', 'Vaporeon', 'Cubone', 'Marketing', 1);
INSERT INTO user VALUES (2561, 'GYARADOSM.4010', 'meowth.gyarados@icbc.com', 'Meowth', 'Gyarados', 'Marketing', 1);
INSERT INTO user VALUES (2562, 'MACHOKEM.4812', 'mr. mime.machoke@icbc.com', 'Mr. Mime', 'Machoke', 'Management', 1);
INSERT INTO user VALUES (2563, 'PIDGEOTTOA.336', 'arbok.pidgeotto@icbc.com', 'Arbok', 'Pidgeotto', 'Finance', 1);
INSERT INTO user VALUES (2564, 'GRIMERR.1717', 'raichu.grimer@icbc.com', 'Raichu', 'Grimer', 'Marketing', 1);
INSERT INTO user VALUES (2565, 'VENONATM.1531', 'machoke.venonat@icbc.com', 'Machoke', 'Venonat', 'Management', 1);
INSERT INTO user VALUES (2566, 'GEODUDEM.2354', 'mewtwo.geodude@icbc.com', 'Mewtwo', 'Geodude', 'Marketing', 1);
INSERT INTO user VALUES (2567, 'TAUROSE.3708', 'ekans.tauros@icbc.com', 'Ekans', 'Tauros', 'Finance', 1);
INSERT INTO user VALUES (2568, 'SHELLDERG.4252', 'growlithe.shellder@icbc.com', 'Growlithe', 'Shellder', 'Customer Service', 1);
INSERT INTO user VALUES (2569, 'ODDISHN.2326', 'nidoran.oddish@icbc.com', 'Nidoran', 'Oddish', 'Finance', 1);
INSERT INTO user VALUES (2570, 'HYPNOB.3674', 'blastoise.hypno@icbc.com', 'Blastoise', 'Hypno', 'Marketing', 1);
INSERT INTO user VALUES (2571, 'RAPIDASHM.3429', 'mankey.rapidash@icbc.com', 'Mankey', 'Rapidash', 'Management', 1);
INSERT INTO user VALUES (2572, 'RATICATER.3795', 'raichu.raticate@icbc.com', 'Raichu', 'Raticate', 'Customer Service', 1);
INSERT INTO user VALUES (2573, 'PERSIANE.3344', 'exeggcute.persian@icbc.com', 'Exeggcute', 'Persian', 'Customer Service', 1);
INSERT INTO user VALUES (2574, 'BELLSPROUTN.2012', 'nidorina.bellsprout@icbc.com', 'Nidorina', 'Bellsprout', 'Customer Service', 1);
INSERT INTO user VALUES (2575, 'KOFFINGH.674', 'haunter.koffing@icbc.com', 'Haunter', 'Koffing', 'Customer Service', 1);
INSERT INTO user VALUES (2576, 'VENUSAURV.161', 'voltorb.venusaur@icbc.com', 'Voltorb', 'Venusaur', 'Customer Service', 1);
INSERT INTO user VALUES (2577, 'ODDISHG.69', 'golem.oddish@icbc.com', 'Golem', 'Oddish', 'Customer Service', 1);
INSERT INTO user VALUES (2578, 'SEAKINGW.53', 'weezing.seaking@icbc.com', 'Weezing', 'Seaking', 'Management', 1);
INSERT INTO user VALUES (2579, 'MCMAGNEMITEW.602', 'weezing.mcmagnemite@icbc.com', 'Weezing', 'McMagnemite', 'Customer Service', 1);
INSERT INTO user VALUES (2580, 'CLEFAIRYD.690', 'dugtrio.clefairy@icbc.com', 'Dugtrio', 'Clefairy', 'IT', 1);
INSERT INTO user VALUES (2581, 'NIDORINOM.1915', 'meowth.nidorino@icbc.com', 'Meowth', 'Nidorino', 'Finance', 1);
INSERT INTO user VALUES (2582, 'MCVICTREEBELD.2106', 'dragonite.mcvictreebel@icbc.com', 'Dragonite', 'McVictreebel', 'Finance', 1);
INSERT INTO user VALUES (2583, 'GRIMERW.2253', 'weepinbell.grimer@icbc.com', 'Weepinbell', 'Grimer', 'HR', 1);
INSERT INTO user VALUES (2584, 'GLOOMF.2490', 'fearow.gloom@icbc.com', 'Fearow', 'Gloom', 'Marketing', 1);
INSERT INTO user VALUES (2585, 'MCVENUSAURD.392', 'dragonair.mcvenusaur@icbc.com', 'Dragonair', 'McVenusaur', 'Finance', 1);
INSERT INTO user VALUES (2586, 'DUGTRIOM.4094', 'machop.dugtrio@icbc.com', 'Machop', 'Dugtrio', 'Management', 1);
INSERT INTO user VALUES (2587, 'RHYDONS.2303', 'scyther.rhydon@icbc.com', 'Scyther', 'Rhydon', 'Customer Service', 1);
INSERT INTO user VALUES (2588, 'MACHOPM.2979', 'muk.machop@icbc.com', 'Muk', 'Machop', 'Management', 1);
INSERT INTO user VALUES (2589, 'MCHITMONLEEW.2433', 'wigglytuff.mchitmonlee@icbc.com', 'Wigglytuff', 'McHitmonlee', 'Management', 1);
INSERT INTO user VALUES (2590, 'GRIMERK.2879', 'krabby.grimer@icbc.com', 'Krabby', 'Grimer', 'Customer Service', 1);
INSERT INTO user VALUES (2591, 'RHYHORNA.3986', 'arbok.rhyhorn@icbc.com', 'Arbok', 'Rhyhorn', 'Marketing', 1);
INSERT INTO user VALUES (2592, 'MCPINSIRB.2459', 'beedrill.mcpinsir@icbc.com', 'Beedrill', 'McPinsir', 'Customer Service', 1);
INSERT INTO user VALUES (2593, 'VULPIXG.4950', 'grimer.vulpix@icbc.com', 'Grimer', 'Vulpix', 'Finance', 1);
INSERT INTO user VALUES (2594, 'SPEAROWR.48', 'rhyhorn.spearow@icbc.com', 'Rhyhorn', 'Spearow', 'Management', 1);
INSERT INTO user VALUES (2595, 'BLASTOISEJ.3428', 'jynx.blastoise@icbc.com', 'Jynx', 'Blastoise', 'Customer Service', 1);
INSERT INTO user VALUES (2596, 'ARTICUNOV.3165', 'venonat.articuno@icbc.com', 'Venonat', 'Articuno', 'Finance', 1);
INSERT INTO user VALUES (2597, 'MAGNEMITEP.4587', 'persian.magnemite@icbc.com', 'Persian', 'Magnemite', 'Customer Service', 1);
INSERT INTO user VALUES (2598, 'DRATINIC.4331', 'charmeleon.dratini@icbc.com', 'Charmeleon', 'Dratini', 'Marketing', 1);
INSERT INTO user VALUES (2599, 'DIGLETTW.4013', 'wigglytuff.diglett@icbc.com', 'Wigglytuff', 'Diglett', 'Finance', 1);
INSERT INTO user VALUES (2600, 'GOLEMV.793', 'vaporeon.golem@icbc.com', 'Vaporeon', 'Golem', 'Finance', 1);
INSERT INTO user VALUES (2601, 'CATERPIEV.4446', 'venomoth.caterpie@icbc.com', 'Venomoth', 'Caterpie', 'Marketing', 1);
INSERT INTO user VALUES (2602, 'GROWLITHEA.3006', 'articuno.growlithe@icbc.com', 'Articuno', 'Growlithe', 'HR', 1);
INSERT INTO user VALUES (2603, 'PARASC.3614', 'clefairy.paras@icbc.com', 'Clefairy', 'Paras', 'Marketing', 1);
INSERT INTO user VALUES (2604, 'CHARIZARDM.3030', 'mr. mime.charizard132@icbc.com', 'Mr. Mime', 'Charizard', 'Customer Service', 1);
INSERT INTO user VALUES (2605, 'MAGIKARPC.2883', 'cloyster.magikarp@icbc.com', 'Cloyster', 'Magikarp', 'Management', 1);
INSERT INTO user VALUES (2606, 'RHYHORNA.3744', 'arcanine.rhyhorn@icbc.com', 'Arcanine', 'Rhyhorn', 'IT', 1);
INSERT INTO user VALUES (2607, 'BULBASAURG.2152', 'gengar.bulbasaur@icbc.com', 'Gengar', 'Bulbasaur', 'Marketing', 1);
INSERT INTO user VALUES (2608, 'HAUNTERE.483', 'exeggcute.haunter@icbc.com', 'Exeggcute', 'Haunter', 'HR', 1);
INSERT INTO user VALUES (2609, 'KRABBYG.3497', 'golbat.krabby133@icbc.com', 'Golbat', 'Krabby', 'Marketing', 1);
INSERT INTO user VALUES (2610, 'MCODDISHD.329', 'dodrio.mcoddish@icbc.com', 'Dodrio', 'McOddish', 'Customer Service', 1);
INSERT INTO user VALUES (2611, 'FEAROWM.156', 'machop.fearow@icbc.com', 'Machop', 'Fearow', 'HR', 1);
INSERT INTO user VALUES (2612, 'SANDSLASHS.914', 'starmie.sandslash@icbc.com', 'Starmie', 'Sandslash', 'Finance', 1);
INSERT INTO user VALUES (2613, 'NIDORINAD.2388', 'drowzee.nidorina@icbc.com', 'Drowzee', 'Nidorina', 'HR', 1);
INSERT INTO user VALUES (2614, 'VULPIXK.4252', 'koffing.vulpix@icbc.com', 'Koffing', 'Vulpix', 'Customer Service', 1);
INSERT INTO user VALUES (2615, 'POLIWRATHM.454', 'marowak.poliwrath@icbc.com', 'Marowak', 'Poliwrath', 'IT', 1);
INSERT INTO user VALUES (2616, 'BULBASAURC.935', 'clefairy.bulbasaur@icbc.com', 'Clefairy', 'Bulbasaur', 'Finance', 1);
INSERT INTO user VALUES (2617, 'VAPOREONN.4220', 'ninetales.vaporeon@icbc.com', 'Ninetales', 'Vaporeon', 'HR', 1);
INSERT INTO user VALUES (2618, 'NIDORANS.458', 'sandshrew.nidoran@icbc.com', 'Sandshrew', 'Nidoran', 'Management', 1);
INSERT INTO user VALUES (2619, 'BUTTERFREEC.4880', 'caterpie.butterfree@icbc.com', 'Caterpie', 'Butterfree', 'Management', 1);
INSERT INTO user VALUES (2620, 'SNORLAXM.755', 'mankey.snorlax@icbc.com', 'Mankey', 'Snorlax', 'IT', 1);
INSERT INTO user VALUES (2621, 'MUKS.1524', 'snorlax.muk@icbc.com', 'Snorlax', 'Muk', 'Management', 1);
INSERT INTO user VALUES (2622, 'LAPRASI.1078', 'ivysaur.lapras@icbc.com', 'Ivysaur', 'Lapras', 'IT', 1);
INSERT INTO user VALUES (2623, 'MACHOKEW.2065', 'wigglytuff.machoke@icbc.com', 'Wigglytuff', 'Machoke', 'Finance', 1);
INSERT INTO user VALUES (2624, 'KRABBYK.4045', 'kabutops.krabby@icbc.com', 'Kabutops', 'Krabby', 'Customer Service', 1);
INSERT INTO user VALUES (2625, 'MCMAGNEMITEA.2829', 'alakazam.mcmagnemite@icbc.com', 'Alakazam', 'McMagnemite', 'Finance', 1);
INSERT INTO user VALUES (2626, 'MCRATICATEV.1111', 'vaporeon.mcraticate@icbc.com', 'Vaporeon', 'McRaticate', 'HR', 1);
INSERT INTO user VALUES (2627, 'BEEDRILLA.4399', 'alakazam.beedrill@icbc.com', 'Alakazam', 'Beedrill', 'Finance', 1);
INSERT INTO user VALUES (2628, 'DIGLETTC.4725', 'cubone.diglett134@icbc.com', 'Cubone', 'Diglett', 'Customer Service', 1);
INSERT INTO user VALUES (2629, 'PIDGEOTM.3662', 'meowth.pidgeot@icbc.com', 'Meowth', 'Pidgeot', 'IT', 1);
INSERT INTO user VALUES (2630, 'RHYDONO.1313', 'oddish.rhydon@icbc.com', 'Oddish', 'Rhydon', 'IT', 1);
INSERT INTO user VALUES (2631, 'MR. MIMEM.4062', 'magmar.mr. mime@icbc.com', 'Magmar', 'Mr. Mime', 'Management', 1);
INSERT INTO user VALUES (2632, 'VOLTORBK.17', 'koffing.voltorb@icbc.com', 'Koffing', 'Voltorb', 'Finance', 1);
INSERT INTO user VALUES (2633, 'LICKITUNGP.4338', 'primeape.lickitung@icbc.com', 'Primeape', 'Lickitung', 'HR', 1);
INSERT INTO user VALUES (2634, 'TAUROSM.1899', 'machamp.tauros@icbc.com', 'Machamp', 'Tauros', 'Finance', 1);
INSERT INTO user VALUES (2635, 'NIDOKINGN.4536', 'nidoran.nidoking@icbc.com', 'Nidoran', 'Nidoking', 'IT', 1);
INSERT INTO user VALUES (2636, 'GOLDUCKN.4991', 'nidoran.golduck135@icbc.com', 'Nidoran', 'Golduck', 'IT', 1);
INSERT INTO user VALUES (2637, 'MCSEADRAT.2184', 'tangela.mcseadra@icbc.com', 'Tangela', 'McSeadra', 'Management', 1);
INSERT INTO user VALUES (2638, 'PSYDUCKE.2896', 'eevee.psyduck@icbc.com', 'Eevee', 'Psyduck', 'IT', 1);
INSERT INTO user VALUES (2639, 'MAGMARP.1455', 'poliwrath.magmar@icbc.com', 'Poliwrath', 'Magmar', 'HR', 1);
INSERT INTO user VALUES (2640, 'WIGGLYTUFFH.13', 'haunter.wigglytuff@icbc.com', 'Haunter', 'Wigglytuff', 'Customer Service', 1);
INSERT INTO user VALUES (2641, 'MEOWTHH.78', 'hypno.meowth@icbc.com', 'Hypno', 'Meowth', 'Finance', 1);
INSERT INTO user VALUES (2642, 'BUTTERFREEM.3160', 'mankey.butterfree@icbc.com', 'Mankey', 'Butterfree', 'Finance', 1);
INSERT INTO user VALUES (2643, 'CATERPIEH.1459', 'haunter.caterpie@icbc.com', 'Haunter', 'Caterpie', 'IT', 1);
INSERT INTO user VALUES (2644, 'GASTLYJ.4391', 'jigglypuff.gastly@icbc.com', 'Jigglypuff', 'Gastly', 'Finance', 1);
INSERT INTO user VALUES (2645, 'MEWN.2578', 'nidorino.mew@icbc.com', 'Nidorino', 'Mew', 'IT', 1);
INSERT INTO user VALUES (2646, 'JOLTEONH.4658', 'hitmonlee.jolteon@icbc.com', 'Hitmonlee', 'Jolteon', 'Customer Service', 1);
INSERT INTO user VALUES (2647, 'CHARMANDERO.3379', 'omanyte.charmander@icbc.com', 'Omanyte', 'Charmander', 'HR', 1);
INSERT INTO user VALUES (2648, 'OMASTARD.1757', 'dewgong.omastar@icbc.com', 'Dewgong', 'Omastar', 'HR', 1);
INSERT INTO user VALUES (2649, 'PARASK.2904', 'koffing.paras136@icbc.com', 'Koffing', 'Paras', 'Finance', 1);
INSERT INTO user VALUES (2650, 'HYPNOT.1213', 'tauros.hypno@icbc.com', 'Tauros', 'Hypno', 'Finance', 1);
INSERT INTO user VALUES (2651, 'MUKE.1484', 'ekans.muk@icbc.com', 'Ekans', 'Muk', 'IT', 1);
INSERT INTO user VALUES (2652, 'PARASECTA.3896', 'arcanine.parasect@icbc.com', 'Arcanine', 'Parasect', 'Customer Service', 1);
INSERT INTO user VALUES (2653, 'GOLBATL.494', 'lickitung.golbat@icbc.com', 'Lickitung', 'Golbat', 'IT', 1);
INSERT INTO user VALUES (2654, 'JOLTEONV.424', 'vaporeon.jolteon@icbc.com', 'Vaporeon', 'Jolteon', 'Marketing', 1);
INSERT INTO user VALUES (2655, 'MCDITTOJ.2127', 'jolteon.mcditto@icbc.com', 'Jolteon', 'McDitto', 'IT', 1);
INSERT INTO user VALUES (2656, 'MR. MIMEI.1613', 'ivysaur.mr. mime@icbc.com', 'Ivysaur', 'Mr. Mime', 'Customer Service', 1);
INSERT INTO user VALUES (2657, 'NIDORANJ.3940', 'jigglypuff.nidoran@icbc.com', 'Jigglypuff', 'Nidoran', 'Management', 1);
INSERT INTO user VALUES (2658, 'IVYSAURG.3265', 'geodude.ivysaur@icbc.com', 'Geodude', 'Ivysaur', 'Management', 1);
INSERT INTO user VALUES (2659, 'MCGYARADOSN.3212', 'nidoking.mcgyarados@icbc.com', 'Nidoking', 'McGyarados', 'Customer Service', 1);
INSERT INTO user VALUES (2660, 'CHARMANDERF.171', 'flareon.charmander@icbc.com', 'Flareon', 'Charmander', 'Marketing', 1);
INSERT INTO user VALUES (2661, 'SLOWBROE.4449', 'exeggutor.slowbro@icbc.com', 'Exeggutor', 'Slowbro', 'Customer Service', 1);
INSERT INTO user VALUES (2662, 'MCMETAPODJ.3902', 'jolteon.mcmetapod@icbc.com', 'Jolteon', 'McMetapod', 'Finance', 1);
INSERT INTO user VALUES (2663, 'MCBUTTERFREED.1633', 'dragonite.mcbutterfree@icbc.com', 'Dragonite', 'McButterfree', 'HR', 1);
INSERT INTO user VALUES (2664, 'EXEGGCUTES.2264', 'sandslash.exeggcute@icbc.com', 'Sandslash', 'Exeggcute', 'Marketing', 1);
INSERT INTO user VALUES (2665, 'WEEPINBELLS.843', 'squirtle.weepinbell@icbc.com', 'Squirtle', 'Weepinbell', 'Finance', 1);
INSERT INTO user VALUES (2666, 'MCVULPIXW.4451', 'weezing.mcvulpix@icbc.com', 'Weezing', 'McVulpix', 'Marketing', 1);
INSERT INTO user VALUES (2667, 'MCVOLTORBN.876', 'nidoran.mcvoltorb@icbc.com', 'Nidoran', 'McVoltorb', 'Marketing', 1);
INSERT INTO user VALUES (2668, 'VICTREEBELM.581', 'mr. mime.victreebel@icbc.com', 'Mr. Mime', 'Victreebel', 'Customer Service', 1);
INSERT INTO user VALUES (2669, 'BLASTOISEC.3942', 'cloyster.blastoise@icbc.com', 'Cloyster', 'Blastoise', 'Marketing', 1);
INSERT INTO user VALUES (2670, 'CHARMELEONT.1754', 'tentacruel.charmeleon@icbc.com', 'Tentacruel', 'Charmeleon', 'Finance', 1);
INSERT INTO user VALUES (2671, 'NIDORANS.2914', 'sandslash.nidoran@icbc.com', 'Sandslash', 'Nidoran', 'IT', 1);
INSERT INTO user VALUES (2672, 'SANDSHREWM.2284', 'mankey.sandshrew@icbc.com', 'Mankey', 'Sandshrew', 'Finance', 1);
INSERT INTO user VALUES (2673, 'NIDORANP.2004', 'poliwhirl.nidoran137@icbc.com', 'Poliwhirl', 'Nidoran', 'HR', 1);
INSERT INTO user VALUES (2674, 'DEWGONGG.2382', 'golem.dewgong@icbc.com', 'Golem', 'Dewgong', 'IT', 1);
INSERT INTO user VALUES (2675, 'WEEDLEM.1582', 'magnemite.weedle@icbc.com', 'Magnemite', 'Weedle', 'Marketing', 1);
INSERT INTO user VALUES (2676, 'LAPRASG.1154', 'grimer.lapras@icbc.com', 'Grimer', 'Lapras', 'HR', 1);
INSERT INTO user VALUES (2677, 'FARFETCHDP.2140', 'persian.farfetchd138@icbc.com', 'Persian', 'Farfetchd', 'Management', 1);
INSERT INTO user VALUES (2678, 'RHYDONM.4373', 'mankey.rhydon@icbc.com', 'Mankey', 'Rhydon', 'IT', 1);
INSERT INTO user VALUES (2679, 'HAUNTERM.1391', 'mr. mime.haunter@icbc.com', 'Mr. Mime', 'Haunter', 'IT', 1);
INSERT INTO user VALUES (2680, 'CHARIZARDS.3140', 'squirtle.charizard@icbc.com', 'Squirtle', 'Charizard', 'IT', 1);
INSERT INTO user VALUES (2681, 'WEEZINGS.3762', 'spearow.weezing@icbc.com', 'Spearow', 'Weezing', 'Marketing', 1);
INSERT INTO user VALUES (2682, 'MCWEEDLEN.1955', 'nidorino.mcweedle@icbc.com', 'Nidorino', 'McWeedle', 'Customer Service', 1);
INSERT INTO user VALUES (2683, 'MUKE.4648', 'electabuzz.muk@icbc.com', 'Electabuzz', 'Muk', 'Finance', 1);
INSERT INTO user VALUES (2684, 'CHANSEYA.522', 'aerodactyl.chansey139@icbc.com', 'Aerodactyl', 'Chansey', 'Management', 1);
INSERT INTO user VALUES (2685, 'NIDORINOP.4480', 'pidgeotto.nidorino@icbc.com', 'Pidgeotto', 'Nidorino', 'Finance', 1);
INSERT INTO user VALUES (2686, 'VOLTORBS.2074', 'squirtle.voltorb@icbc.com', 'Squirtle', 'Voltorb', 'Management', 1);
INSERT INTO user VALUES (2687, 'MCVENONATH.1943', 'hitmonlee.mcvenonat@icbc.com', 'Hitmonlee', 'McVenonat', 'Finance', 1);
INSERT INTO user VALUES (2688, 'SEADRAS.194', 'seadra.seadra@icbc.com', 'Seadra', 'Seadra', 'Finance', 1);
INSERT INTO user VALUES (2689, 'ODDISHK.3238', 'kabuto.oddish140@icbc.com', 'Kabuto', 'Oddish', 'IT', 1);
INSERT INTO user VALUES (2690, 'WIGGLYTUFFD.2571', 'dragonair.wigglytuff@icbc.com', 'Dragonair', 'Wigglytuff', 'HR', 1);
INSERT INTO user VALUES (2691, 'NIDORINOZ.3931', 'zubat.nidorino@icbc.com', 'Zubat', 'Nidorino', 'Finance', 1);
INSERT INTO user VALUES (2692, 'DRAGONAIRS.1425', 'scyther.dragonair@icbc.com', 'Scyther', 'Dragonair', 'Marketing', 1);
INSERT INTO user VALUES (2693, 'OMANYTES.3383', 'scyther.omanyte@icbc.com', 'Scyther', 'Omanyte', 'Customer Service', 1);
INSERT INTO user VALUES (2694, 'GRAVELERD.4766', 'dodrio.graveler@icbc.com', 'Dodrio', 'Graveler', 'Marketing', 1);
INSERT INTO user VALUES (2695, 'JOLTEONM.517', 'meowth.jolteon@icbc.com', 'Meowth', 'Jolteon', 'IT', 1);
INSERT INTO user VALUES (2696, 'WEEZINGP.448', 'parasect.weezing@icbc.com', 'Parasect', 'Weezing', 'Customer Service', 1);
INSERT INTO user VALUES (2697, 'MEWTWOF.2733', 'fearow.mewtwo@icbc.com', 'Fearow', 'Mewtwo', 'HR', 1);
INSERT INTO user VALUES (2698, 'MCONIXK.2555', 'kingler.mconix@icbc.com', 'Kingler', 'McOnix', 'Marketing', 1);
INSERT INTO user VALUES (2699, 'POLIWAGK.4746', 'krabby.poliwag@icbc.com', 'Krabby', 'Poliwag', 'Marketing', 1);
INSERT INTO user VALUES (2700, 'GRIMERG.3354', 'growlithe.grimer@icbc.com', 'Growlithe', 'Grimer', 'Finance', 1);
INSERT INTO user VALUES (2701, 'MCRAPIDASHB.4521', 'blastoise.mcrapidash@icbc.com', 'Blastoise', 'McRapidash', 'Marketing', 1);
INSERT INTO user VALUES (2702, 'NIDORANZ.486', 'zubat.nidoran@icbc.com', 'Zubat', 'Nidoran', 'Finance', 1);
INSERT INTO user VALUES (2703, 'KOFFINGE.2066', 'electrode.koffing@icbc.com', 'Electrode', 'Koffing', 'Marketing', 1);
INSERT INTO user VALUES (2704, 'ARTICUNOL.3810', 'lickitung.articuno@icbc.com', 'Lickitung', 'Articuno', 'Customer Service', 1);
INSERT INTO user VALUES (2705, 'WARTORTLEM.2376', 'magmar.wartortle@icbc.com', 'Magmar', 'Wartortle', 'Finance', 1);
INSERT INTO user VALUES (2706, 'SANDSHREWH.316', 'hypno.sandshrew141@icbc.com', 'Hypno', 'Sandshrew', 'Customer Service', 1);
INSERT INTO user VALUES (2707, 'CHARMELEONS.4287', 'seadra.charmeleon@icbc.com', 'Seadra', 'Charmeleon', 'IT', 1);
INSERT INTO user VALUES (2708, 'METAPODH.257', 'horsea.metapod@icbc.com', 'Horsea', 'Metapod', 'IT', 1);
INSERT INTO user VALUES (2709, 'ELECTRODEC.3590', 'clefable.electrode@icbc.com', 'Clefable', 'Electrode', 'HR', 1);
INSERT INTO user VALUES (2710, 'MAGMARS.1321', 'squirtle.magmar@icbc.com', 'Squirtle', 'Magmar', 'Customer Service', 1);
INSERT INTO user VALUES (2711, 'DITTOH.1519', 'hitmonchan.ditto@icbc.com', 'Hitmonchan', 'Ditto', 'Customer Service', 1);
INSERT INTO user VALUES (2712, 'GYARADOSP.4200', 'pidgeotto.gyarados@icbc.com', 'Pidgeotto', 'Gyarados', 'IT', 1);
INSERT INTO user VALUES (2713, 'PSYDUCKG.1510', 'goldeen.psyduck@icbc.com', 'Goldeen', 'Psyduck', 'Management', 1);
INSERT INTO user VALUES (2714, 'GEODUDES.1109', 'seaking.geodude@icbc.com', 'Seaking', 'Geodude', 'Management', 1);
INSERT INTO user VALUES (2715, 'MAGMARC.3579', 'chansey.magmar@icbc.com', 'Chansey', 'Magmar', 'HR', 1);
INSERT INTO user VALUES (2716, 'GRIMERP.1027', 'psyduck.grimer@icbc.com', 'Psyduck', 'Grimer', 'IT', 1);
INSERT INTO user VALUES (2717, 'MACHOKEK.595', 'kakuna.machoke@icbc.com', 'Kakuna', 'Machoke', 'HR', 1);
INSERT INTO user VALUES (2718, 'OMANYTEG.2024', 'gastly.omanyte@icbc.com', 'Gastly', 'Omanyte', 'Customer Service', 1);
INSERT INTO user VALUES (2719, 'KADABRAG.1092', 'golem.kadabra142@icbc.com', 'Golem', 'Kadabra', 'Finance', 1);
INSERT INTO user VALUES (2720, 'ELECTABUZZR.4404', 'rhyhorn.electabuzz@icbc.com', 'Rhyhorn', 'Electabuzz', 'Customer Service', 1);
INSERT INTO user VALUES (2721, 'VENOMOTHH.2149', 'hitmonchan.venomoth@icbc.com', 'Hitmonchan', 'Venomoth', 'Customer Service', 1);
INSERT INTO user VALUES (2722, 'TANGELAE.3404', 'ekans.tangela@icbc.com', 'Ekans', 'Tangela', 'Finance', 1);
INSERT INTO user VALUES (2723, 'DUGTRIOO.4362', 'omastar.dugtrio@icbc.com', 'Omastar', 'Dugtrio', 'Customer Service', 1);
INSERT INTO user VALUES (2724, 'TENTACOOLD.2587', 'doduo.tentacool@icbc.com', 'Doduo', 'Tentacool', 'Customer Service', 1);
INSERT INTO user VALUES (2725, 'KINGLERM.3866', 'machoke.kingler@icbc.com', 'Machoke', 'Kingler', 'HR', 1);
INSERT INTO user VALUES (2726, 'CLEFABLEL.1512', 'lickitung.clefable@icbc.com', 'Lickitung', 'Clefable', 'Management', 1);
INSERT INTO user VALUES (2727, 'DEWGONGS.1213', 'slowpoke.dewgong@icbc.com', 'Slowpoke', 'Dewgong', 'HR', 1);
INSERT INTO user VALUES (2728, 'MACHOPS.2179', 'staryu.machop@icbc.com', 'Staryu', 'Machop', 'Management', 1);
INSERT INTO user VALUES (2729, 'KANGASKHANE.3316', 'electrode.kangaskhan@icbc.com', 'Electrode', 'Kangaskhan', 'Customer Service', 1);
INSERT INTO user VALUES (2730, 'RHYHORNV.2533', 'venonat.rhyhorn@icbc.com', 'Venonat', 'Rhyhorn', 'Management', 1);
INSERT INTO user VALUES (2731, 'DUGTRIOD.1109', 'dragonite.dugtrio@icbc.com', 'Dragonite', 'Dugtrio', 'Management', 1);
INSERT INTO user VALUES (2732, 'ELECTRODEJ.4835', 'jynx.electrode@icbc.com', 'Jynx', 'Electrode', 'HR', 1);
INSERT INTO user VALUES (2733, 'NIDORINOM.4304', 'mewtwo.nidorino@icbc.com', 'Mewtwo', 'Nidorino', 'Management', 1);
INSERT INTO user VALUES (2734, 'EXEGGUTORL.2693', 'lickitung.exeggutor@icbc.com', 'Lickitung', 'Exeggutor', 'Management', 1);
INSERT INTO user VALUES (2735, 'HAUNTERH.3786', 'hitmonchan.haunter@icbc.com', 'Hitmonchan', 'Haunter', 'Customer Service', 1);
INSERT INTO user VALUES (2736, 'CUBONEN.1629', 'nidoqueen.cubone@icbc.com', 'Nidoqueen', 'Cubone', 'Finance', 1);
INSERT INTO user VALUES (2737, 'BELLSPROUTH.4948', 'hitmonlee.bellsprout@icbc.com', 'Hitmonlee', 'Bellsprout', 'HR', 1);
INSERT INTO user VALUES (2738, 'VULPIXO.3155', 'omanyte.vulpix@icbc.com', 'Omanyte', 'Vulpix', 'Finance', 1);
INSERT INTO user VALUES (2739, 'VENUSAURS.3864', 'spearow.venusaur@icbc.com', 'Spearow', 'Venusaur', 'HR', 1);
INSERT INTO user VALUES (2740, 'WARTORTLEV.860', 'venusaur.wartortle@icbc.com', 'Venusaur', 'Wartortle', 'Finance', 1);
INSERT INTO user VALUES (2741, 'DEWGONGA.3190', 'aerodactyl.dewgong143@icbc.com', 'Aerodactyl', 'Dewgong', 'Marketing', 1);
INSERT INTO user VALUES (2742, 'WIGGLYTUFFE.1072', 'electrode.wigglytuff@icbc.com', 'Electrode', 'Wigglytuff', 'IT', 1);
INSERT INTO user VALUES (2743, 'HAUNTERH.268', 'hypno.haunter@icbc.com', 'Hypno', 'Haunter', 'Customer Service', 1);
INSERT INTO user VALUES (2744, 'CHARMELEONW.3632', 'wigglytuff.charmeleon@icbc.com', 'Wigglytuff', 'Charmeleon', 'Marketing', 1);
INSERT INTO user VALUES (2745, 'ELECTABUZZC.800', 'clefable.electabuzz@icbc.com', 'Clefable', 'Electabuzz', 'Finance', 1);
INSERT INTO user VALUES (2746, 'DROWZEER.3136', 'rapidash.drowzee@icbc.com', 'Rapidash', 'Drowzee', 'Management', 1);
INSERT INTO user VALUES (2747, 'MOLTRESS.771', 'slowbro.moltres@icbc.com', 'Slowbro', 'Moltres', 'Finance', 1);
INSERT INTO user VALUES (2748, 'VICTREEBELW.2959', 'weezing.victreebel@icbc.com', 'Weezing', 'Victreebel', 'Finance', 1);
INSERT INTO user VALUES (2749, 'MCDRAGONAIRP.3139', 'poliwag.mcdragonair@icbc.com', 'Poliwag', 'McDragonair', 'Management', 1);
INSERT INTO user VALUES (2750, 'VILEPLUMEN.201', 'nidorina.vileplume@icbc.com', 'Nidorina', 'Vileplume', 'IT', 1);
INSERT INTO user VALUES (2751, 'TENTACRUELB.4487', 'bulbasaur.tentacruel@icbc.com', 'Bulbasaur', 'Tentacruel', 'IT', 1);
INSERT INTO user VALUES (2752, 'HITMONCHANE.4140', 'electrode.hitmonchan@icbc.com', 'Electrode', 'Hitmonchan', 'Finance', 1);
INSERT INTO user VALUES (2753, 'KABUTOE.2622', 'ekans.kabuto@icbc.com', 'Ekans', 'Kabuto', 'IT', 1);
INSERT INTO user VALUES (2754, 'MAGNEMITEB.1693', 'butterfree.magnemite@icbc.com', 'Butterfree', 'Magnemite', 'Marketing', 1);
INSERT INTO user VALUES (2755, 'MCNIDORINOG.1005', 'geodude.mcnidorino@icbc.com', 'Geodude', 'McNidorino', 'HR', 1);
INSERT INTO user VALUES (2756, 'DIGLETTF.244', 'flareon.diglett@icbc.com', 'Flareon', 'Diglett', 'Finance', 1);
INSERT INTO user VALUES (2757, 'NIDORANS.3866', 'seaking.nidoran144@icbc.com', 'Seaking', 'Nidoran', 'Customer Service', 1);
INSERT INTO user VALUES (2758, 'POLIWRATHR.1670', 'raticate.poliwrath@icbc.com', 'Raticate', 'Poliwrath', 'Finance', 1);
INSERT INTO user VALUES (2759, 'KINGLERD.747', 'dugtrio.kingler@icbc.com', 'Dugtrio', 'Kingler', 'Management', 1);
INSERT INTO user VALUES (2760, 'GOLDUCKP.3137', 'poliwrath.golduck@icbc.com', 'Poliwrath', 'Golduck', 'Management', 1);
INSERT INTO user VALUES (2761, 'MCCLEFAIRYE.1818', 'exeggcute.mcclefairy@icbc.com', 'Exeggcute', 'McClefairy', 'IT', 1);
INSERT INTO user VALUES (2762, 'DUGTRIOW.4053', 'weepinbell.dugtrio@icbc.com', 'Weepinbell', 'Dugtrio', 'IT', 1);
INSERT INTO user VALUES (2763, 'ARCANINER.2478', 'rattata.arcanine@icbc.com', 'Rattata', 'Arcanine', 'HR', 1);
INSERT INTO user VALUES (2764, 'KAKUNAE.4185', 'exeggcute.kakuna@icbc.com', 'Exeggcute', 'Kakuna', 'IT', 1);
INSERT INTO user VALUES (2765, 'VILEPLUMEM.1016', 'machoke.vileplume@icbc.com', 'Machoke', 'Vileplume', 'Management', 1);
INSERT INTO user VALUES (2766, 'MCCATERPIEK.4225', 'kingler.mccaterpie@icbc.com', 'Kingler', 'McCaterpie', 'Customer Service', 1);
INSERT INTO user VALUES (2767, 'DODUOD.4950', 'dragonair.doduo145@icbc.com', 'Dragonair', 'Doduo', 'Marketing', 1);
INSERT INTO user VALUES (2768, 'DRATINIP.1076', 'poliwhirl.dratini@icbc.com', 'Poliwhirl', 'Dratini', 'IT', 1);
INSERT INTO user VALUES (2769, 'WARTORTLEA.4599', 'abra.wartortle@icbc.com', 'Abra', 'Wartortle', 'Customer Service', 1);
INSERT INTO user VALUES (2770, 'DEWGONGG.3545', 'golduck.dewgong@icbc.com', 'Golduck', 'Dewgong', 'Customer Service', 1);
INSERT INTO user VALUES (2771, 'CHANSEYN.30', 'nidoqueen.chansey@icbc.com', 'Nidoqueen', 'Chansey', 'IT', 1);
INSERT INTO user VALUES (2772, 'CLOYSTERP.93', 'persian.cloyster@icbc.com', 'Persian', 'Cloyster', 'IT', 1);
INSERT INTO user VALUES (2773, 'VENOMOTHM.3728', 'magneton.venomoth@icbc.com', 'Magneton', 'Venomoth', 'Customer Service', 1);
INSERT INTO user VALUES (2774, 'VAPOREONM.2700', 'mew.vaporeon146@icbc.com', 'Mew', 'Vaporeon', 'HR', 1);
INSERT INTO user VALUES (2775, 'RATICATEH.876', 'hypno.raticate@icbc.com', 'Hypno', 'Raticate', 'IT', 1);
INSERT INTO user VALUES (2776, 'AERODACTYLH.61', 'horsea.aerodactyl@icbc.com', 'Horsea', 'Aerodactyl', 'Management', 1);
INSERT INTO user VALUES (2777, 'MEOWTHK.4814', 'kadabra.meowth147@icbc.com', 'Kadabra', 'Meowth', 'Management', 1);
INSERT INTO user VALUES (2778, 'MCFLAREONM.1322', 'meowth.mcflareon@icbc.com', 'Meowth', 'McFlareon', 'IT', 1);
INSERT INTO user VALUES (2779, 'WEEZINGC.1368', 'chansey.weezing148@icbc.com', 'Chansey', 'Weezing', 'IT', 1);
INSERT INTO user VALUES (2780, 'NIDORANV.2300', 'victreebel.nidoran@icbc.com', 'Victreebel', 'Nidoran', 'Management', 1);
INSERT INTO user VALUES (2781, 'DIGLETTG.37', 'grimer.diglett@icbc.com', 'Grimer', 'Diglett', 'Management', 1);
INSERT INTO user VALUES (2782, 'SEAKINGH.199', 'hitmonlee.seaking@icbc.com', 'Hitmonlee', 'Seaking', 'IT', 1);
INSERT INTO user VALUES (2783, 'ZAPDOSK.3096', 'kingler.zapdos@icbc.com', 'Kingler', 'Zapdos', 'Management', 1);
INSERT INTO user VALUES (2784, 'MEOWTHG.2301', 'graveler.meowth@icbc.com', 'Graveler', 'Meowth', 'Management', 1);
INSERT INTO user VALUES (2785, 'PERSIANV.90', 'venusaur.persian149@icbc.com', 'Venusaur', 'Persian', 'Customer Service', 1);
INSERT INTO user VALUES (2786, 'POLIWRATHD.1444', 'ditto.poliwrath@icbc.com', 'Ditto', 'Poliwrath', 'Finance', 1);
INSERT INTO user VALUES (2787, 'SCYTHERG.866', 'golem.scyther@icbc.com', 'Golem', 'Scyther', 'HR', 1);
INSERT INTO user VALUES (2788, 'FEAROWG.4879', 'grimer.fearow@icbc.com', 'Grimer', 'Fearow', 'IT', 1);
INSERT INTO user VALUES (2789, 'GRAVELERC.3056', 'charmander.graveler@icbc.com', 'Charmander', 'Graveler', 'IT', 1);
INSERT INTO user VALUES (2790, 'GENGARC.1556', 'charizard.gengar@icbc.com', 'Charizard', 'Gengar', 'Marketing', 1);
INSERT INTO user VALUES (2791, 'PIKACHUG.646', 'gastly.pikachu150@icbc.com', 'Gastly', 'Pikachu', 'Marketing', 1);
INSERT INTO user VALUES (2792, 'JYNXW.4673', 'weezing.jynx@icbc.com', 'Weezing', 'Jynx', 'Marketing', 1);
INSERT INTO user VALUES (2793, 'MACHOKEV.1399', 'venusaur.machoke@icbc.com', 'Venusaur', 'Machoke', 'Marketing', 1);
INSERT INTO user VALUES (2794, 'STARYUR.3432', 'rapidash.staryu@icbc.com', 'Rapidash', 'Staryu', 'Management', 1);
INSERT INTO user VALUES (2795, 'WEEDLED.3424', 'drowzee.weedle151@icbc.com', 'Drowzee', 'Weedle', 'IT', 1);
INSERT INTO user VALUES (2796, 'GENGARC.540', 'charmeleon.gengar@icbc.com', 'Charmeleon', 'Gengar', 'HR', 1);
INSERT INTO user VALUES (2797, 'RATICATES.174', 'snorlax.raticate@icbc.com', 'Snorlax', 'Raticate', 'Marketing', 1);
INSERT INTO user VALUES (2798, 'TENTACOOLJ.2268', 'jigglypuff.tentacool@icbc.com', 'Jigglypuff', 'Tentacool', 'HR', 1);
INSERT INTO user VALUES (2799, 'GOLDUCKJ.4802', 'jigglypuff.golduck@icbc.com', 'Jigglypuff', 'Golduck', 'IT', 1);
INSERT INTO user VALUES (2800, 'MEWTWOK.1212', 'koffing.mewtwo@icbc.com', 'Koffing', 'Mewtwo', 'IT', 1);
INSERT INTO user VALUES (2801, 'MAROWAKV.2682', 'vileplume.marowak@icbc.com', 'Vileplume', 'Marowak', 'Management', 1);
INSERT INTO user VALUES (2802, 'NIDORINOE.2057', 'electrode.nidorino@icbc.com', 'Electrode', 'Nidorino', 'Marketing', 1);
INSERT INTO user VALUES (2803, 'GRAVELERA.2148', 'arbok.graveler152@icbc.com', 'Arbok', 'Graveler', 'Marketing', 1);
INSERT INTO user VALUES (2804, 'MCSEAKINGV.4643', 'venonat.mcseaking@icbc.com', 'Venonat', 'McSeaking', 'Customer Service', 1);
INSERT INTO user VALUES (2805, 'WARTORTLEO.219', 'oddish.wartortle@icbc.com', 'Oddish', 'Wartortle', 'HR', 1);
INSERT INTO user VALUES (2806, 'GRAVELERN.111', 'nidorino.graveler153@icbc.com', 'Nidorino', 'Graveler', 'Finance', 1);
INSERT INTO user VALUES (2807, 'MCSNORLAXS.1314', 'squirtle.mcsnorlax@icbc.com', 'Squirtle', 'McSnorlax', 'HR', 1);
INSERT INTO user VALUES (2808, 'MAGIKARPP.4577', 'pikachu.magikarp@icbc.com', 'Pikachu', 'Magikarp', 'Customer Service', 1);
INSERT INTO user VALUES (2809, 'KABUTOPSK.4766', 'kakuna.kabutops@icbc.com', 'Kakuna', 'Kabutops', 'Marketing', 1);
INSERT INTO user VALUES (2810, 'HAUNTERG.2370', 'golduck.haunter@icbc.com', 'Golduck', 'Haunter', 'IT', 1);
INSERT INTO user VALUES (2811, 'NIDORANS.2360', 'slowpoke.nidoran@icbc.com', 'Slowpoke', 'Nidoran', 'Customer Service', 1);
INSERT INTO user VALUES (2812, 'BULBASAURH.3665', 'horsea.bulbasaur@icbc.com', 'Horsea', 'Bulbasaur', 'Finance', 1);
INSERT INTO user VALUES (2813, 'LICKITUNGK.4800', 'koffing.lickitung@icbc.com', 'Koffing', 'Lickitung', 'Customer Service', 1);
INSERT INTO user VALUES (2814, 'METAPODL.1283', 'lapras.metapod@icbc.com', 'Lapras', 'Metapod', 'Marketing', 1);
INSERT INTO user VALUES (2815, 'PARASECTS.2699', 'seel.parasect@icbc.com', 'Seel', 'Parasect', 'HR', 1);
INSERT INTO user VALUES (2816, 'AERODACTYLO.223', 'omastar.aerodactyl154@icbc.com', 'Omastar', 'Aerodactyl', 'HR', 1);
INSERT INTO user VALUES (2817, 'BEEDRILLN.804', 'nidorina.beedrill@icbc.com', 'Nidorina', 'Beedrill', 'IT', 1);
INSERT INTO user VALUES (2818, 'KINGLERD.1495', 'dewgong.kingler@icbc.com', 'Dewgong', 'Kingler', 'Customer Service', 1);
INSERT INTO user VALUES (2819, 'BUTTERFREEN.3634', 'nidoran.butterfree155@icbc.com', 'Nidoran', 'Butterfree', 'Finance', 1);
INSERT INTO user VALUES (2820, 'KABUTOT.941', 'tauros.kabuto@icbc.com', 'Tauros', 'Kabuto', 'Management', 1);
INSERT INTO user VALUES (2821, 'OMANYTES.2236', 'sandshrew.omanyte@icbc.com', 'Sandshrew', 'Omanyte', 'Management', 1);
INSERT INTO user VALUES (2822, 'GRAVELERG.1291', 'growlithe.graveler@icbc.com', 'Growlithe', 'Graveler', 'Marketing', 1);
INSERT INTO user VALUES (2823, 'MAGNEMITEF.2858', 'fearow.magnemite@icbc.com', 'Fearow', 'Magnemite', 'Customer Service', 1);
INSERT INTO user VALUES (2824, 'ARBOKF.2218', 'flareon.arbok@icbc.com', 'Flareon', 'Arbok', 'Finance', 1);
INSERT INTO user VALUES (2825, 'MAGNETONH.1448', 'hypno.magneton@icbc.com', 'Hypno', 'Magneton', 'Finance', 1);
INSERT INTO user VALUES (2826, 'PIKACHUE.2353', 'ekans.pikachu156@icbc.com', 'Ekans', 'Pikachu', 'Management', 1);
INSERT INTO user VALUES (2827, 'STARMIEJ.1646', 'jigglypuff.starmie@icbc.com', 'Jigglypuff', 'Starmie', 'Finance', 1);
INSERT INTO user VALUES (2828, 'TENTACOOLD.4413', 'dugtrio.tentacool157@icbc.com', 'Dugtrio', 'Tentacool', 'Customer Service', 1);
INSERT INTO user VALUES (2829, 'LAPRASK.155', 'koffing.lapras@icbc.com', 'Koffing', 'Lapras', 'HR', 1);
INSERT INTO user VALUES (2830, 'MCNIDORANW.2247', 'weedle.mcnidoran@icbc.com', 'Weedle', 'McNidoran', 'Marketing', 1);
INSERT INTO user VALUES (2831, 'MCCHARMELEONB.3677', 'bulbasaur.mccharmeleon@icbc.com', 'Bulbasaur', 'McCharmeleon', 'Customer Service', 1);
INSERT INTO user VALUES (2832, 'FLAREONM.1605', 'meowth.flareon@icbc.com', 'Meowth', 'Flareon', 'HR', 1);
INSERT INTO user VALUES (2833, 'NIDORINOG.2395', 'graveler.nidorino@icbc.com', 'Graveler', 'Nidorino', 'Management', 1);
INSERT INTO user VALUES (2834, 'SPEAROWC.1841', 'clefable.spearow@icbc.com', 'Clefable', 'Spearow', 'HR', 1);
INSERT INTO user VALUES (2835, 'CHARMANDERN.395', 'nidorina.charmander158@icbc.com', 'Nidorina', 'Charmander', 'Customer Service', 1);
INSERT INTO user VALUES (2836, 'ODDISHB.4533', 'butterfree.oddish@icbc.com', 'Butterfree', 'Oddish', 'Marketing', 1);
INSERT INTO user VALUES (2837, 'BUTTERFREEW.1832', 'weedle.butterfree@icbc.com', 'Weedle', 'Butterfree', 'Customer Service', 1);
INSERT INTO user VALUES (2838, 'MCKRABBYO.1028', 'oddish.mckrabby@icbc.com', 'Oddish', 'McKrabby', 'HR', 1);
INSERT INTO user VALUES (2839, 'GOLEMD.215', 'doduo.golem@icbc.com', 'Doduo', 'Golem', 'Management', 1);
INSERT INTO user VALUES (2840, 'LICKITUNGD.2480', 'dragonite.lickitung159@icbc.com', 'Dragonite', 'Lickitung', 'Management', 1);
INSERT INTO user VALUES (2841, 'WEEZINGB.1796', 'butterfree.weezing@icbc.com', 'Butterfree', 'Weezing', 'Management', 1);
INSERT INTO user VALUES (2842, 'PINSIRH.4943', 'hitmonchan.pinsir@icbc.com', 'Hitmonchan', 'Pinsir', 'Marketing', 1);
INSERT INTO user VALUES (2843, 'AERODACTYLB.2073', 'butterfree.aerodactyl@icbc.com', 'Butterfree', 'Aerodactyl', 'Management', 1);
INSERT INTO user VALUES (2844, 'DODUOF.1053', 'farfetchd.doduo@icbc.com', 'Farfetchd', 'Doduo', 'Management', 1);
INSERT INTO user VALUES (2845, 'NIDORAND.507', 'dratini.nidoran@icbc.com', 'Dratini', 'Nidoran', 'Customer Service', 1);
INSERT INTO user VALUES (2846, 'ELECTRODEW.4201', 'wigglytuff.electrode@icbc.com', 'Wigglytuff', 'Electrode', 'HR', 1);
INSERT INTO user VALUES (2847, 'GRAVELERA.4975', 'articuno.graveler@icbc.com', 'Articuno', 'Graveler', 'Management', 1);
INSERT INTO user VALUES (2848, 'GRAVELERM.3898', 'magikarp.graveler@icbc.com', 'Magikarp', 'Graveler', 'Management', 1);
INSERT INTO user VALUES (2849, 'GROWLITHEV.2286', 'voltorb.growlithe160@icbc.com', 'Voltorb', 'Growlithe', 'IT', 1);
INSERT INTO user VALUES (2850, 'CLEFABLEN.4693', 'nidoking.clefable@icbc.com', 'Nidoking', 'Clefable', 'HR', 1);
INSERT INTO user VALUES (2851, 'MCDEWGONGT.2352', 'tentacruel.mcdewgong@icbc.com', 'Tentacruel', 'McDewgong', 'HR', 1);
INSERT INTO user VALUES (2852, 'DRAGONAIRS.611', 'slowpoke.dragonair@icbc.com', 'Slowpoke', 'Dragonair', 'Finance', 1);
INSERT INTO user VALUES (2853, 'SNORLAXM.2625', 'mankey.snorlax161@icbc.com', 'Mankey', 'Snorlax', 'Finance', 1);
INSERT INTO user VALUES (2854, 'MACHOKEA.37', 'aerodactyl.machoke@icbc.com', 'Aerodactyl', 'Machoke', 'Finance', 1);
INSERT INTO user VALUES (2855, 'GRAVELERH.768', 'horsea.graveler@icbc.com', 'Horsea', 'Graveler', 'Marketing', 1);
INSERT INTO user VALUES (2856, 'GENGARM.1049', 'mewtwo.gengar@icbc.com', 'Mewtwo', 'Gengar', 'HR', 1);
INSERT INTO user VALUES (2857, 'NIDOQUEENP.253', 'psyduck.nidoqueen@icbc.com', 'Psyduck', 'Nidoqueen', 'Management', 1);
INSERT INTO user VALUES (2858, 'PONYTAS.4107', 'squirtle.ponyta@icbc.com', 'Squirtle', 'Ponyta', 'IT', 1);
INSERT INTO user VALUES (2859, 'GEODUDEA.2085', 'aerodactyl.geodude162@icbc.com', 'Aerodactyl', 'Geodude', 'IT', 1);
INSERT INTO user VALUES (2860, 'JOLTEONG.798', 'growlithe.jolteon@icbc.com', 'Growlithe', 'Jolteon', 'Finance', 1);
INSERT INTO user VALUES (2861, 'MR. MIMEM.3633', 'meowth.mr. mime@icbc.com', 'Meowth', 'Mr. Mime', 'IT', 1);
INSERT INTO user VALUES (2862, 'SLOWPOKEV.3259', 'venonat.slowpoke@icbc.com', 'Venonat', 'Slowpoke', 'Marketing', 1);
INSERT INTO user VALUES (2863, 'WEEDLEH.612', 'hitmonchan.weedle@icbc.com', 'Hitmonchan', 'Weedle', 'Finance', 1);
INSERT INTO user VALUES (2864, 'VILEPLUMEB.1380', 'bulbasaur.vileplume@icbc.com', 'Bulbasaur', 'Vileplume', 'Management', 1);
INSERT INTO user VALUES (2865, 'DRATINIP.4090', 'pidgey.dratini@icbc.com', 'Pidgey', 'Dratini', 'Marketing', 1);
INSERT INTO user VALUES (2866, 'POLIWHIRLG.3392', 'gengar.poliwhirl@icbc.com', 'Gengar', 'Poliwhirl', 'IT', 1);
INSERT INTO user VALUES (2867, 'WEEDLEW.3673', 'wigglytuff.weedle@icbc.com', 'Wigglytuff', 'Weedle', 'IT', 1);
INSERT INTO user VALUES (2868, 'TAUROSK.850', 'krabby.tauros@icbc.com', 'Krabby', 'Tauros', 'Marketing', 1);
INSERT INTO user VALUES (2869, 'DEWGONGW.1398', 'wigglytuff.dewgong@icbc.com', 'Wigglytuff', 'Dewgong', 'HR', 1);
INSERT INTO user VALUES (2870, 'IVYSAURL.918', 'lickitung.ivysaur@icbc.com', 'Lickitung', 'Ivysaur', 'Customer Service', 1);
INSERT INTO user VALUES (2871, 'NIDORINAJ.1066', 'jolteon.nidorina@icbc.com', 'Jolteon', 'Nidorina', 'Customer Service', 1);
INSERT INTO user VALUES (2872, 'MAROWAKC.3417', 'cubone.marowak163@icbc.com', 'Cubone', 'Marowak', 'Marketing', 1);
INSERT INTO user VALUES (2873, 'MCFEAROWZ.2001', 'zapdos.mcfearow@icbc.com', 'Zapdos', 'McFearow', 'IT', 1);
INSERT INTO user VALUES (2874, 'SEAKINGP.1966', 'porygon.seaking@icbc.com', 'Porygon', 'Seaking', 'HR', 1);
INSERT INTO user VALUES (2875, 'CHARMELEONN.669', 'nidoran.charmeleon@icbc.com', 'Nidoran', 'Charmeleon', 'Customer Service', 1);
INSERT INTO user VALUES (2876, 'SQUIRTLEB.4586', 'blastoise.squirtle@icbc.com', 'Blastoise', 'Squirtle', 'Customer Service', 1);
INSERT INTO user VALUES (2877, 'ELECTRODEP.3646', 'pidgeotto.electrode164@icbc.com', 'Pidgeotto', 'Electrode', 'Marketing', 1);
INSERT INTO user VALUES (2878, 'GOLDUCKF.1636', 'flareon.golduck@icbc.com', 'Flareon', 'Golduck', 'Customer Service', 1);
INSERT INTO user VALUES (2879, 'KAKUNAR.2829', 'rattata.kakuna@icbc.com', 'Rattata', 'Kakuna', 'HR', 1);
INSERT INTO user VALUES (2880, 'CLEFABLEP.1045', 'pinsir.clefable@icbc.com', 'Pinsir', 'Clefable', 'Management', 1);
INSERT INTO user VALUES (2881, 'RAICHUK.1740', 'kabuto.raichu@icbc.com', 'Kabuto', 'Raichu', 'Marketing', 1);
INSERT INTO user VALUES (2882, 'MCRATTATAH.2961', 'horsea.mcrattata@icbc.com', 'Horsea', 'McRattata', 'Management', 1);
INSERT INTO user VALUES (2883, 'BELLSPROUTK.3043', 'kadabra.bellsprout@icbc.com', 'Kadabra', 'Bellsprout', 'Management', 1);
INSERT INTO user VALUES (2884, 'NIDORANS.3099', 'snorlax.nidoran@icbc.com', 'Snorlax', 'Nidoran', 'Finance', 1);
INSERT INTO user VALUES (2885, 'CLEFABLEM.769', 'marowak.clefable@icbc.com', 'Marowak', 'Clefable', 'HR', 1);
INSERT INTO user VALUES (2886, 'GOLDEENG.2425', 'graveler.goldeen@icbc.com', 'Graveler', 'Goldeen', 'IT', 1);
INSERT INTO user VALUES (2887, 'MAGMARM.3691', 'metapod.magmar@icbc.com', 'Metapod', 'Magmar', 'Management', 1);
INSERT INTO user VALUES (2888, 'MAGNEMITEC.142', 'chansey.magnemite@icbc.com', 'Chansey', 'Magnemite', 'Finance', 1);
INSERT INTO user VALUES (2889, 'MCSQUIRTLET.2321', 'tentacruel.mcsquirtle@icbc.com', 'Tentacruel', 'McSquirtle', 'Customer Service', 1);
INSERT INTO user VALUES (2890, 'BUTTERFREEN.748', 'nidoking.butterfree@icbc.com', 'Nidoking', 'Butterfree', 'Finance', 1);
INSERT INTO user VALUES (2891, 'DITTOM.670', 'mew.ditto@icbc.com', 'Mew', 'Ditto', 'Customer Service', 1);
INSERT INTO user VALUES (2892, 'MCMANKEYR.2079', 'raticate.mcmankey@icbc.com', 'Raticate', 'McMankey', 'Customer Service', 1);
INSERT INTO user VALUES (2893, 'GOLBATG.4530', 'gyarados.golbat@icbc.com', 'Gyarados', 'Golbat', 'HR', 1);
INSERT INTO user VALUES (2894, 'PINSIRM.3157', 'mr. mime.pinsir@icbc.com', 'Mr. Mime', 'Pinsir', 'Finance', 1);
INSERT INTO user VALUES (2895, 'FLAREONL.933', 'lickitung.flareon@icbc.com', 'Lickitung', 'Flareon', 'Customer Service', 1);
INSERT INTO user VALUES (2896, 'GENGARM.1923', 'magmar.gengar@icbc.com', 'Magmar', 'Gengar', 'Marketing', 1);
INSERT INTO user VALUES (2897, 'RAICHUV.85', 'venomoth.raichu@icbc.com', 'Venomoth', 'Raichu', 'Finance', 1);
INSERT INTO user VALUES (2898, 'DRATINID.3407', 'dewgong.dratini@icbc.com', 'Dewgong', 'Dratini', 'IT', 1);
INSERT INTO user VALUES (2899, 'KABUTOE.2843', 'ekans.kabuto165@icbc.com', 'Ekans', 'Kabuto', 'Customer Service', 1);
INSERT INTO user VALUES (2900, 'PIKACHUM.513', 'magneton.pikachu@icbc.com', 'Magneton', 'Pikachu', 'Marketing', 1);
INSERT INTO user VALUES (2901, 'GRIMERZ.2346', 'zapdos.grimer@icbc.com', 'Zapdos', 'Grimer', 'Marketing', 1);
INSERT INTO user VALUES (2902, 'WARTORTLET.2429', 'tentacruel.wartortle@icbc.com', 'Tentacruel', 'Wartortle', 'IT', 1);
INSERT INTO user VALUES (2903, 'KOFFINGB.3340', 'bellsprout.koffing@icbc.com', 'Bellsprout', 'Koffing', 'Customer Service', 1);
INSERT INTO user VALUES (2904, 'MCNIDORANO.1952', 'omanyte.mcnidoran@icbc.com', 'Omanyte', 'McNidoran', 'Management', 1);
INSERT INTO user VALUES (2905, 'SLOWBROA.2003', 'alakazam.slowbro@icbc.com', 'Alakazam', 'Slowbro', 'IT', 1);
INSERT INTO user VALUES (2906, 'NIDOQUEENB.1748', 'bulbasaur.nidoqueen@icbc.com', 'Bulbasaur', 'Nidoqueen', 'Marketing', 1);
INSERT INTO user VALUES (2907, 'HITMONCHANB.2526', 'butterfree.hitmonchan@icbc.com', 'Butterfree', 'Hitmonchan', 'Customer Service', 1);
INSERT INTO user VALUES (2908, 'GOLDEENE.4976', 'ekans.goldeen@icbc.com', 'Ekans', 'Goldeen', 'HR', 1);
INSERT INTO user VALUES (2909, 'GRAVELERH.2123', 'haunter.graveler@icbc.com', 'Haunter', 'Graveler', 'Customer Service', 1);
INSERT INTO user VALUES (2910, 'KANGASKHAND.754', 'dodrio.kangaskhan@icbc.com', 'Dodrio', 'Kangaskhan', 'HR', 1);
INSERT INTO user VALUES (2911, 'MCJIGGLYPUFFJ.336', 'jynx.mcjigglypuff@icbc.com', 'Jynx', 'McJigglypuff', 'HR', 1);
INSERT INTO user VALUES (2912, 'GENGARA.2820', 'arbok.gengar@icbc.com', 'Arbok', 'Gengar', 'HR', 1);
INSERT INTO user VALUES (2913, 'EKANSZ.4472', 'zapdos.ekans@icbc.com', 'Zapdos', 'Ekans', 'Finance', 1);
INSERT INTO user VALUES (2914, 'VICTREEBELM.1803', 'muk.victreebel@icbc.com', 'Muk', 'Victreebel', 'IT', 1);
INSERT INTO user VALUES (2915, 'METAPODP.4777', 'pikachu.metapod@icbc.com', 'Pikachu', 'Metapod', 'Customer Service', 1);
INSERT INTO user VALUES (2916, 'STARYUM.4195', 'magneton.staryu166@icbc.com', 'Magneton', 'Staryu', 'Finance', 1);
INSERT INTO user VALUES (2917, 'BUTTERFREEO.264', 'omanyte.butterfree@icbc.com', 'Omanyte', 'Butterfree', 'HR', 1);
INSERT INTO user VALUES (2918, 'MCSCYTHERN.1097', 'ninetales.mcscyther@icbc.com', 'Ninetales', 'McScyther', 'Finance', 1);
INSERT INTO user VALUES (2919, 'PIDGEYD.357', 'diglett.pidgey@icbc.com', 'Diglett', 'Pidgey', 'IT', 1);
INSERT INTO user VALUES (2920, 'STARMIED.3636', 'dewgong.starmie167@icbc.com', 'Dewgong', 'Starmie', 'Customer Service', 1);
INSERT INTO user VALUES (2921, 'DITTOP.1052', 'parasect.ditto@icbc.com', 'Parasect', 'Ditto', 'Marketing', 1);
INSERT INTO user VALUES (2922, 'NIDORINAT.1405', 'tangela.nidorina@icbc.com', 'Tangela', 'Nidorina', 'IT', 1);
INSERT INTO user VALUES (2923, 'MACHOKEA.3991', 'articuno.machoke@icbc.com', 'Articuno', 'Machoke', 'Finance', 1);
INSERT INTO user VALUES (2924, 'MCPOLIWHIRLD.515', 'diglett.mcpoliwhirl@icbc.com', 'Diglett', 'McPoliwhirl', 'HR', 1);
INSERT INTO user VALUES (2925, 'MCSEELC.4570', 'caterpie.mcseel@icbc.com', 'Caterpie', 'McSeel', 'Marketing', 1);
INSERT INTO user VALUES (2926, 'BLASTOISEC.3878', 'cloyster.blastoise168@icbc.com', 'Cloyster', 'Blastoise', 'Management', 1);
INSERT INTO user VALUES (2927, 'TANGELAE.2738', 'eevee.tangela@icbc.com', 'Eevee', 'Tangela', 'Finance', 1);
INSERT INTO user VALUES (2928, 'ONIXS.1810', 'shellder.onix@icbc.com', 'Shellder', 'Onix', 'Customer Service', 1);
INSERT INTO user VALUES (2929, 'VULPIXJ.4831', 'jolteon.vulpix@icbc.com', 'Jolteon', 'Vulpix', 'HR', 1);
INSERT INTO user VALUES (2930, 'ZUBATM.1437', 'magikarp.zubat@icbc.com', 'Magikarp', 'Zubat', 'Marketing', 1);
INSERT INTO user VALUES (2931, 'MEWN.2726', 'nidoking.mew@icbc.com', 'Nidoking', 'Mew', 'Management', 1);
INSERT INTO user VALUES (2932, 'ODDISHS.175', 'staryu.oddish@icbc.com', 'Staryu', 'Oddish', 'Customer Service', 1);
INSERT INTO user VALUES (2933, 'BLASTOISEM.2264', 'magneton.blastoise@icbc.com', 'Magneton', 'Blastoise', 'Customer Service', 1);
INSERT INTO user VALUES (2934, 'ELECTRODEG.4676', 'golduck.electrode@icbc.com', 'Golduck', 'Electrode', 'IT', 1);
INSERT INTO user VALUES (2935, 'MCNIDOQUEENG.3919', 'gengar.mcnidoqueen@icbc.com', 'Gengar', 'McNidoqueen', 'Finance', 1);
INSERT INTO user VALUES (2936, 'WIGGLYTUFFN.565', 'nidorino.wigglytuff169@icbc.com', 'Nidorino', 'Wigglytuff', 'Customer Service', 1);
INSERT INTO user VALUES (2937, 'VOLTORBR.1243', 'rhyhorn.voltorb@icbc.com', 'Rhyhorn', 'Voltorb', 'Management', 1);
INSERT INTO user VALUES (2938, 'MCRATICATEK.1405', 'krabby.mcraticate@icbc.com', 'Krabby', 'McRaticate', 'Marketing', 1);
INSERT INTO user VALUES (2939, 'SHELLDERL.274', 'lickitung.shellder@icbc.com', 'Lickitung', 'Shellder', 'Marketing', 1);
INSERT INTO user VALUES (2940, 'NIDORANA.4578', 'aerodactyl.nidoran170@icbc.com', 'Aerodactyl', 'Nidoran', 'Finance', 1);
INSERT INTO user VALUES (2941, 'SEELS.2282', 'scyther.seel@icbc.com', 'Scyther', 'Seel', 'Finance', 1);
INSERT INTO user VALUES (2942, 'SCYTHERG.2784', 'geodude.scyther@icbc.com', 'Geodude', 'Scyther', 'Finance', 1);
INSERT INTO user VALUES (2943, 'SLOWBROM.1072', 'mewtwo.slowbro@icbc.com', 'Mewtwo', 'Slowbro', 'HR', 1);
INSERT INTO user VALUES (2944, 'DITTOH.2970', 'hitmonlee.ditto@icbc.com', 'Hitmonlee', 'Ditto', 'Management', 1);
INSERT INTO user VALUES (2945, 'KAKUNAK.2403', 'kangaskhan.kakuna@icbc.com', 'Kangaskhan', 'Kakuna', 'HR', 1);
INSERT INTO user VALUES (2946, 'DODUOS.1252', 'slowbro.doduo@icbc.com', 'Slowbro', 'Doduo', 'Marketing', 1);
INSERT INTO user VALUES (2947, 'GRIMERR.399', 'rhyhorn.grimer171@icbc.com', 'Rhyhorn', 'Grimer', 'IT', 1);
INSERT INTO user VALUES (2948, 'CUBONES.2646', 'scyther.cubone@icbc.com', 'Scyther', 'Cubone', 'Finance', 1);
INSERT INTO user VALUES (2949, 'BELLSPROUTH.596', 'hitmonchan.bellsprout@icbc.com', 'Hitmonchan', 'Bellsprout', 'Customer Service', 1);
INSERT INTO user VALUES (2950, 'PORYGONV.658', 'voltorb.porygon@icbc.com', 'Voltorb', 'Porygon', 'Marketing', 1);
INSERT INTO user VALUES (2951, 'RHYDONS.1261', 'seaking.rhydon@icbc.com', 'Seaking', 'Rhydon', 'Marketing', 1);
INSERT INTO user VALUES (2952, 'GEODUDEK.3309', 'kangaskhan.geodude@icbc.com', 'Kangaskhan', 'Geodude', 'Management', 1);
INSERT INTO user VALUES (2953, 'MCHAUNTERW.716', 'weepinbell.mchaunter@icbc.com', 'Weepinbell', 'McHaunter', 'Customer Service', 1);
INSERT INTO user VALUES (2954, 'KABUTOD.4629', 'diglett.kabuto@icbc.com', 'Diglett', 'Kabuto', 'Marketing', 1);
INSERT INTO user VALUES (2955, 'BELLSPROUTC.258', 'clefairy.bellsprout@icbc.com', 'Clefairy', 'Bellsprout', 'Finance', 1);
INSERT INTO user VALUES (2956, 'NIDORANF.4148', 'fearow.nidoran@icbc.com', 'Fearow', 'Nidoran', 'HR', 1);
INSERT INTO user VALUES (2957, 'DRATINIG.2676', 'goldeen.dratini172@icbc.com', 'Goldeen', 'Dratini', 'HR', 1);
INSERT INTO user VALUES (2958, 'BEEDRILLK.3825', 'kingler.beedrill@icbc.com', 'Kingler', 'Beedrill', 'Marketing', 1);
INSERT INTO user VALUES (2959, 'GOLBATK.4931', 'kingler.golbat@icbc.com', 'Kingler', 'Golbat', 'Management', 1);
INSERT INTO user VALUES (2960, 'BELLSPROUTN.4564', 'nidoran.bellsprout@icbc.com', 'Nidoran', 'Bellsprout', 'HR', 1);
INSERT INTO user VALUES (2961, 'NIDORINOC.141', 'cloyster.nidorino@icbc.com', 'Cloyster', 'Nidorino', 'IT', 1);
INSERT INTO user VALUES (2962, 'VILEPLUMEE.3677', 'exeggutor.vileplume@icbc.com', 'Exeggutor', 'Vileplume', 'Customer Service', 1);
INSERT INTO user VALUES (2963, 'ARTICUNOP.3348', 'paras.articuno@icbc.com', 'Paras', 'Articuno', 'Customer Service', 1);
INSERT INTO user VALUES (2964, 'MCEXEGGCUTES.837', 'seel.mcexeggcute@icbc.com', 'Seel', 'McExeggcute', 'Marketing', 1);
INSERT INTO user VALUES (2965, 'RATTATAM.3689', 'magikarp.rattata173@icbc.com', 'Magikarp', 'Rattata', 'Customer Service', 1);
INSERT INTO user VALUES (2966, 'RAPIDASHH.2893', 'hitmonlee.rapidash@icbc.com', 'Hitmonlee', 'Rapidash', 'Finance', 1);
INSERT INTO user VALUES (2967, 'RHYHORNS.4735', 'shellder.rhyhorn@icbc.com', 'Shellder', 'Rhyhorn', 'Finance', 1);
INSERT INTO user VALUES (2968, 'DEWGONGS.3229', 'slowpoke.dewgong174@icbc.com', 'Slowpoke', 'Dewgong', 'Customer Service', 1);
INSERT INTO user VALUES (2969, 'DODUOM.4356', 'machoke.doduo@icbc.com', 'Machoke', 'Doduo', 'Customer Service', 1);
INSERT INTO user VALUES (2970, 'METAPODK.4157', 'kabuto.metapod@icbc.com', 'Kabuto', 'Metapod', 'IT', 1);
INSERT INTO user VALUES (2971, 'MCTENTACRUELW.974', 'weepinbell.mctentacruel@icbc.com', 'Weepinbell', 'McTentacruel', 'Finance', 1);
INSERT INTO user VALUES (2972, 'ABRAR.2731', 'rattata.abra@icbc.com', 'Rattata', 'Abra', 'Customer Service', 1);
INSERT INTO user VALUES (2973, 'LAPRASR.452', 'rattata.lapras@icbc.com', 'Rattata', 'Lapras', 'IT', 1);
INSERT INTO user VALUES (2974, 'OMASTARG.3246', 'golduck.omastar@icbc.com', 'Golduck', 'Omastar', 'Customer Service', 1);
INSERT INTO user VALUES (2975, 'WEEDLED.1950', 'dratini.weedle@icbc.com', 'Dratini', 'Weedle', 'HR', 1);
INSERT INTO user VALUES (2976, 'GRAVELERS.3675', 'slowpoke.graveler@icbc.com', 'Slowpoke', 'Graveler', 'IT', 1);
INSERT INTO user VALUES (2977, 'WEEPINBELLN.1347', 'nidoran.weepinbell@icbc.com', 'Nidoran', 'Weepinbell', 'Customer Service', 1);
INSERT INTO user VALUES (2978, 'CLEFABLES.4893', 'seaking.clefable@icbc.com', 'Seaking', 'Clefable', 'Finance', 1);
INSERT INTO user VALUES (2979, 'GLOOMS.1213', 'starmie.gloom@icbc.com', 'Starmie', 'Gloom', 'Management', 1);
INSERT INTO user VALUES (2980, 'MCDODRION.1041', 'ninetales.mcdodrio@icbc.com', 'Ninetales', 'McDodrio', 'IT', 1);
INSERT INTO user VALUES (2981, 'RAICHUE.1267', 'ekans.raichu@icbc.com', 'Ekans', 'Raichu', 'IT', 1);
INSERT INTO user VALUES (2982, 'CHARIZARDN.4589', 'nidoking.charizard@icbc.com', 'Nidoking', 'Charizard', 'IT', 1);
INSERT INTO user VALUES (2983, 'DITTOS.3581', 'seaking.ditto@icbc.com', 'Seaking', 'Ditto', 'IT', 1);
INSERT INTO user VALUES (2984, 'MCLICKITUNGM.2227', 'metapod.mclickitung@icbc.com', 'Metapod', 'McLickitung', 'Customer Service', 1);
INSERT INTO user VALUES (2985, 'NIDORANO.2718', 'onix.nidoran@icbc.com', 'Onix', 'Nidoran', 'Management', 1);
INSERT INTO user VALUES (2986, 'MCPIDGEOTT.3964', 'tangela.mcpidgeot@icbc.com', 'Tangela', 'McPidgeot', 'Management', 1);
INSERT INTO user VALUES (2987, 'ODDISHC.4269', 'charizard.oddish@icbc.com', 'Charizard', 'Oddish', 'IT', 1);
INSERT INTO user VALUES (2988, 'LICKITUNGO.1419', 'omanyte.lickitung@icbc.com', 'Omanyte', 'Lickitung', 'Management', 1);
INSERT INTO user VALUES (2989, 'MOLTRESR.4791', 'rapidash.moltres@icbc.com', 'Rapidash', 'Moltres', 'Finance', 1);
INSERT INTO user VALUES (2990, 'MACHAMPO.3848', 'omastar.machamp@icbc.com', 'Omastar', 'Machamp', 'Customer Service', 1);
INSERT INTO user VALUES (2991, 'KANGASKHANK.1243', 'kabuto.kangaskhan175@icbc.com', 'Kabuto', 'Kangaskhan', 'IT', 1);
INSERT INTO user VALUES (2992, 'MUKC.1433', 'clefairy.muk@icbc.com', 'Clefairy', 'Muk', 'Finance', 1);
INSERT INTO user VALUES (2993, 'MANKEYP.219', 'pinsir.mankey@icbc.com', 'Pinsir', 'Mankey', 'Finance', 1);
INSERT INTO user VALUES (2994, 'RATICATEB.672', 'butterfree.raticate@icbc.com', 'Butterfree', 'Raticate', 'Customer Service', 1);
INSERT INTO user VALUES (2995, 'DODRIOE.1948', 'exeggcute.dodrio@icbc.com', 'Exeggcute', 'Dodrio', 'Management', 1);
INSERT INTO user VALUES (2996, 'DUGTRIOM.2966', 'magmar.dugtrio@icbc.com', 'Magmar', 'Dugtrio', 'Finance', 1);
INSERT INTO user VALUES (2997, 'MCHYPNOG.1079', 'grimer.mchypno@icbc.com', 'Grimer', 'McHypno', 'Management', 1);
INSERT INTO user VALUES (2998, 'PINSIRW.3311', 'weezing.pinsir@icbc.com', 'Weezing', 'Pinsir', 'Management', 1);
INSERT INTO user VALUES (2999, 'MOLTRESS.3178', 'slowpoke.moltres@icbc.com', 'Slowpoke', 'Moltres', 'Finance', 1);
INSERT INTO user VALUES (3000, 'RAPIDASHD.3468', 'dragonair.rapidash@icbc.com', 'Dragonair', 'Rapidash', 'IT', 1);
INSERT INTO user VALUES (3001, 'WARTORTLEG.4246', 'gyarados.wartortle@icbc.com', 'Gyarados', 'Wartortle', 'HR', 1);
INSERT INTO user VALUES (3002, 'CHARMANDERK.2819', 'kabuto.charmander@icbc.com', 'Kabuto', 'Charmander', 'Management', 1);
INSERT INTO user VALUES (3003, 'FARFETCHDL.4192', 'lickitung.farfetchd@icbc.com', 'Lickitung', 'Farfetchd', 'Management', 1);
INSERT INTO user VALUES (3004, 'MCVENOMOTHD.1450', 'ditto.mcvenomoth@icbc.com', 'Ditto', 'McVenomoth', 'HR', 1);
INSERT INTO user VALUES (3005, 'ALAKAZAMV.2547', 'vulpix.alakazam176@icbc.com', 'Vulpix', 'Alakazam', 'Marketing', 1);
INSERT INTO user VALUES (3006, 'GRIMERO.2481', 'omanyte.grimer@icbc.com', 'Omanyte', 'Grimer', 'HR', 1);
INSERT INTO user VALUES (3007, 'SCYTHERA.863', 'arcanine.scyther@icbc.com', 'Arcanine', 'Scyther', 'Finance', 1);
INSERT INTO user VALUES (3008, 'POLIWRATHN.3272', 'ninetales.poliwrath@icbc.com', 'Ninetales', 'Poliwrath', 'HR', 1);
INSERT INTO user VALUES (3009, 'BULBASAURS.943', 'slowbro.bulbasaur@icbc.com', 'Slowbro', 'Bulbasaur', 'Management', 1);
INSERT INTO user VALUES (3010, 'SANDSLASHR.3525', 'rapidash.sandslash@icbc.com', 'Rapidash', 'Sandslash', 'HR', 1);
INSERT INTO user VALUES (3011, 'TENTACRUELZ.4258', 'zapdos.tentacruel@icbc.com', 'Zapdos', 'Tentacruel', 'IT', 1);
INSERT INTO user VALUES (3012, 'MCPOLIWHIRLD.3933', 'dragonair.mcpoliwhirl@icbc.com', 'Dragonair', 'McPoliwhirl', 'Management', 1);
INSERT INTO user VALUES (3013, 'FARFETCHDR.498', 'raticate.farfetchd@icbc.com', 'Raticate', 'Farfetchd', 'IT', 1);
INSERT INTO user VALUES (3014, 'SEELH.3699', 'horsea.seel@icbc.com', 'Horsea', 'Seel', 'IT', 1);
INSERT INTO user VALUES (3015, 'NIDOQUEENM.1049', 'magneton.nidoqueen@icbc.com', 'Magneton', 'Nidoqueen', 'HR', 1);
INSERT INTO user VALUES (3016, 'CHARIZARDL.4949', 'lickitung.charizard@icbc.com', 'Lickitung', 'Charizard', 'HR', 1);
INSERT INTO user VALUES (3017, 'BUTTERFREEH.3104', 'horsea.butterfree@icbc.com', 'Horsea', 'Butterfree', 'HR', 1);
INSERT INTO user VALUES (3018, 'MAROWAKD.2058', 'diglett.marowak@icbc.com', 'Diglett', 'Marowak', 'Management', 1);
INSERT INTO user VALUES (3019, 'PSYDUCKG.528', 'growlithe.psyduck@icbc.com', 'Growlithe', 'Psyduck', 'Management', 1);
INSERT INTO user VALUES (3020, 'SHELLDERE.3187', 'exeggutor.shellder@icbc.com', 'Exeggutor', 'Shellder', 'Management', 1);
INSERT INTO user VALUES (3021, 'WEEPINBELLE.3706', 'electabuzz.weepinbell@icbc.com', 'Electabuzz', 'Weepinbell', 'Marketing', 1);
INSERT INTO user VALUES (3022, 'CHARMANDERM.4164', 'meowth.charmander@icbc.com', 'Meowth', 'Charmander', 'IT', 1);
INSERT INTO user VALUES (3023, 'ZAPDOSG.2797', 'goldeen.zapdos@icbc.com', 'Goldeen', 'Zapdos', 'HR', 1);
INSERT INTO user VALUES (3024, 'MCJOLTEONP.875', 'poliwhirl.mcjolteon@icbc.com', 'Poliwhirl', 'McJolteon', 'Marketing', 1);
INSERT INTO user VALUES (3025, 'VICTREEBELK.1369', 'kabuto.victreebel@icbc.com', 'Kabuto', 'Victreebel', 'Marketing', 1);
INSERT INTO user VALUES (3026, 'KRABBYH.4218', 'hitmonlee.krabby@icbc.com', 'Hitmonlee', 'Krabby', 'Management', 1);
INSERT INTO user VALUES (3027, 'NIDOQUEENF.2783', 'fearow.nidoqueen177@icbc.com', 'Fearow', 'Nidoqueen', 'Marketing', 1);
INSERT INTO user VALUES (3028, 'VOLTORBS.3348', 'seaking.voltorb@icbc.com', 'Seaking', 'Voltorb', 'Marketing', 1);
INSERT INTO user VALUES (3029, 'VENUSAURD.4709', 'dugtrio.venusaur@icbc.com', 'Dugtrio', 'Venusaur', 'Marketing', 1);
INSERT INTO user VALUES (3030, 'PARASECTF.3657', 'flareon.parasect@icbc.com', 'Flareon', 'Parasect', 'Marketing', 1);
INSERT INTO user VALUES (3031, 'FEAROWP.4217', 'ponyta.fearow@icbc.com', 'Ponyta', 'Fearow', 'HR', 1);
INSERT INTO user VALUES (3032, 'SANDSLASHS.2782', 'seel.sandslash@icbc.com', 'Seel', 'Sandslash', 'Finance', 1);
INSERT INTO user VALUES (3033, 'KANGASKHANG.867', 'golduck.kangaskhan@icbc.com', 'Golduck', 'Kangaskhan', 'HR', 1);
INSERT INTO user VALUES (3034, 'VENUSAURO.3108', 'omastar.venusaur@icbc.com', 'Omastar', 'Venusaur', 'Customer Service', 1);
INSERT INTO user VALUES (3035, 'MCKANGASKHANS.1833', 'sandshrew.mckangaskhan@icbc.com', 'Sandshrew', 'McKangaskhan', 'Customer Service', 1);
INSERT INTO user VALUES (3036, 'TANGELAM.1873', 'muk.tangela@icbc.com', 'Muk', 'Tangela', 'HR', 1);
INSERT INTO user VALUES (3037, 'IVYSAURA.2272', 'arcanine.ivysaur@icbc.com', 'Arcanine', 'Ivysaur', 'IT', 1);
INSERT INTO user VALUES (3038, 'KANGASKHANZ.104', 'zapdos.kangaskhan@icbc.com', 'Zapdos', 'Kangaskhan', 'HR', 1);
INSERT INTO user VALUES (3039, 'MCHYPNOK.4930', 'kangaskhan.mchypno@icbc.com', 'Kangaskhan', 'McHypno', 'Customer Service', 1);
INSERT INTO user VALUES (3040, 'MCZAPDOSP.1362', 'pikachu.mczapdos@icbc.com', 'Pikachu', 'McZapdos', 'Management', 1);
INSERT INTO user VALUES (3041, 'SPEAROWD.2975', 'dodrio.spearow@icbc.com', 'Dodrio', 'Spearow', 'Customer Service', 1);
INSERT INTO user VALUES (3042, 'KAKUNAG.4169', 'graveler.kakuna@icbc.com', 'Graveler', 'Kakuna', 'Management', 1);
INSERT INTO user VALUES (3043, 'DRATINIR.974', 'raichu.dratini@icbc.com', 'Raichu', 'Dratini', 'Finance', 1);
INSERT INTO user VALUES (3044, 'ONIXN.1325', 'nidoking.onix@icbc.com', 'Nidoking', 'Onix', 'Management', 1);
INSERT INTO user VALUES (3045, 'BELLSPROUTP.4017', 'poliwag.bellsprout@icbc.com', 'Poliwag', 'Bellsprout', 'IT', 1);
INSERT INTO user VALUES (3046, 'PARASF.4398', 'farfetchd.paras@icbc.com', 'Farfetchd', 'Paras', 'Customer Service', 1);
INSERT INTO user VALUES (3047, 'CLEFAIRYV.119', 'vaporeon.clefairy@icbc.com', 'Vaporeon', 'Clefairy', 'IT', 1);
INSERT INTO user VALUES (3048, 'EXEGGUTORW.2185', 'weedle.exeggutor@icbc.com', 'Weedle', 'Exeggutor', 'IT', 1);
INSERT INTO user VALUES (3049, 'WEEPINBELLD.4655', 'dragonite.weepinbell178@icbc.com', 'Dragonite', 'Weepinbell', 'Management', 1);
INSERT INTO user VALUES (3050, 'PONYTAE.4561', 'exeggutor.ponyta@icbc.com', 'Exeggutor', 'Ponyta', 'Management', 1);
INSERT INTO user VALUES (3051, 'LAPRASS.74', 'staryu.lapras@icbc.com', 'Staryu', 'Lapras', 'Management', 1);
INSERT INTO user VALUES (3052, 'HYPNOV.4515', 'vileplume.hypno@icbc.com', 'Vileplume', 'Hypno', 'HR', 1);
INSERT INTO user VALUES (3053, 'SANDSHREWM.2910', 'metapod.sandshrew@icbc.com', 'Metapod', 'Sandshrew', 'IT', 1);
INSERT INTO user VALUES (3054, 'PERSIANM.2699', 'machamp.persian@icbc.com', 'Machamp', 'Persian', 'Customer Service', 1);
INSERT INTO user VALUES (3055, 'BEEDRILLV.34', 'vulpix.beedrill@icbc.com', 'Vulpix', 'Beedrill', 'Management', 1);
INSERT INTO user VALUES (3056, 'VOLTORBP.3191', 'pidgeotto.voltorb@icbc.com', 'Pidgeotto', 'Voltorb', 'Customer Service', 1);
INSERT INTO user VALUES (3057, 'WEEZINGG.2985', 'gastly.weezing@icbc.com', 'Gastly', 'Weezing', 'HR', 1);
INSERT INTO user VALUES (3058, 'DEWGONGC.3376', 'cubone.dewgong@icbc.com', 'Cubone', 'Dewgong', 'IT', 1);
INSERT INTO user VALUES (3059, 'OMANYTEK.564', 'kingler.omanyte179@icbc.com', 'Kingler', 'Omanyte', 'IT', 1);
INSERT INTO user VALUES (3060, 'DITTOO.2294', 'oddish.ditto@icbc.com', 'Oddish', 'Ditto', 'Management', 1);
INSERT INTO user VALUES (3061, 'SEADRAV.1171', 'vulpix.seadra@icbc.com', 'Vulpix', 'Seadra', 'Customer Service', 1);
INSERT INTO user VALUES (3062, 'VAPOREONF.3224', 'farfetchd.vaporeon@icbc.com', 'Farfetchd', 'Vaporeon', 'Marketing', 1);
INSERT INTO user VALUES (3063, 'POLIWRATHG.787', 'gloom.poliwrath@icbc.com', 'Gloom', 'Poliwrath', 'Finance', 1);
INSERT INTO user VALUES (3064, 'MCNIDORANB.433', 'bulbasaur.mcnidoran@icbc.com', 'Bulbasaur', 'McNidoran', 'Management', 1);
INSERT INTO user VALUES (3065, 'IVYSAURL.2536', 'lapras.ivysaur@icbc.com', 'Lapras', 'Ivysaur', 'Customer Service', 1);
INSERT INTO user VALUES (3066, 'MCWEEDLER.2036', 'raticate.mcweedle@icbc.com', 'Raticate', 'McWeedle', 'HR', 1);
INSERT INTO user VALUES (3067, 'MCDRATINIM.4119', 'machamp.mcdratini@icbc.com', 'Machamp', 'McDratini', 'Customer Service', 1);
INSERT INTO user VALUES (3068, 'ZUBATW.3109', 'weepinbell.zubat@icbc.com', 'Weepinbell', 'Zubat', 'IT', 1);
INSERT INTO user VALUES (3069, 'FARFETCHDJ.3133', 'jolteon.farfetchd@icbc.com', 'Jolteon', 'Farfetchd', 'IT', 1);
INSERT INTO user VALUES (3070, 'WARTORTLEN.3913', 'nidoqueen.wartortle@icbc.com', 'Nidoqueen', 'Wartortle', 'Management', 1);
INSERT INTO user VALUES (3071, 'SANDSLASHG.4502', 'goldeen.sandslash@icbc.com', 'Goldeen', 'Sandslash', 'Marketing', 1);
INSERT INTO user VALUES (3072, 'GROWLITHEK.3146', 'kakuna.growlithe180@icbc.com', 'Kakuna', 'Growlithe', 'IT', 1);
INSERT INTO user VALUES (3073, 'DRATINIH.3540', 'haunter.dratini@icbc.com', 'Haunter', 'Dratini', 'Finance', 1);
INSERT INTO user VALUES (3074, 'MCWIGGLYTUFFM.1577', 'magmar.mcwigglytuff@icbc.com', 'Magmar', 'McWigglytuff', 'IT', 1);
INSERT INTO user VALUES (3075, 'ONIXS.4447', 'sandslash.onix@icbc.com', 'Sandslash', 'Onix', 'IT', 1);
INSERT INTO user VALUES (3076, 'SQUIRTLEP.3801', 'pinsir.squirtle@icbc.com', 'Pinsir', 'Squirtle', 'Finance', 1);
INSERT INTO user VALUES (3077, 'MCDEWGONGP.2332', 'poliwhirl.mcdewgong@icbc.com', 'Poliwhirl', 'McDewgong', 'HR', 1);
INSERT INTO user VALUES (3078, 'VENONATR.2297', 'raichu.venonat@icbc.com', 'Raichu', 'Venonat', 'Customer Service', 1);
INSERT INTO user VALUES (3079, 'POLIWRATHD.412', 'dragonair.poliwrath@icbc.com', 'Dragonair', 'Poliwrath', 'Finance', 1);
INSERT INTO user VALUES (3080, 'NIDORANV.51', 'vaporeon.nidoran@icbc.com', 'Vaporeon', 'Nidoran', 'IT', 1);
INSERT INTO user VALUES (3081, 'CHARMANDERD.4695', 'dugtrio.charmander@icbc.com', 'Dugtrio', 'Charmander', 'Customer Service', 1);
INSERT INTO user VALUES (3082, 'FARFETCHDK.2437', 'kingler.farfetchd181@icbc.com', 'Kingler', 'Farfetchd', 'Customer Service', 1);
INSERT INTO user VALUES (3083, 'MCVENUSAURS.1581', 'sandslash.mcvenusaur@icbc.com', 'Sandslash', 'McVenusaur', 'IT', 1);
INSERT INTO user VALUES (3084, 'MANKEYG.3203', 'gloom.mankey182@icbc.com', 'Gloom', 'Mankey', 'Marketing', 1);
INSERT INTO user VALUES (3085, 'LICKITUNGM.871', 'marowak.lickitung@icbc.com', 'Marowak', 'Lickitung', 'Marketing', 1);
INSERT INTO user VALUES (3086, 'EXEGGCUTEP.4173', 'pinsir.exeggcute@icbc.com', 'Pinsir', 'Exeggcute', 'HR', 1);
INSERT INTO user VALUES (3087, 'MCWEEDLEM.1951', 'magnemite.mcweedle@icbc.com', 'Magnemite', 'McWeedle', 'Finance', 1);
INSERT INTO user VALUES (3088, 'MAGNEMITEM.885', 'machop.magnemite@icbc.com', 'Machop', 'Magnemite', 'IT', 1);
INSERT INTO user VALUES (3089, 'CLEFABLER.730', 'raticate.clefable@icbc.com', 'Raticate', 'Clefable', 'Management', 1);
INSERT INTO user VALUES (3090, 'DIGLETTK.4069', 'kingler.diglett@icbc.com', 'Kingler', 'Diglett', 'Customer Service', 1);
INSERT INTO user VALUES (3091, 'MAGNETONM.493', 'magneton.magneton@icbc.com', 'Magneton', 'Magneton', 'IT', 1);
INSERT INTO user VALUES (3092, 'NIDORANL.2527', 'lapras.nidoran@icbc.com', 'Lapras', 'Nidoran', 'HR', 1);
INSERT INTO user VALUES (3093, 'SEAKINGS.1199', 'staryu.seaking@icbc.com', 'Staryu', 'Seaking', 'Management', 1);
INSERT INTO user VALUES (3094, 'MCDITTOM.449', 'marowak.mcditto@icbc.com', 'Marowak', 'McDitto', 'IT', 1);
INSERT INTO user VALUES (3095, 'CHARMELEONZ.1578', 'zapdos.charmeleon@icbc.com', 'Zapdos', 'Charmeleon', 'Marketing', 1);
INSERT INTO user VALUES (3096, 'MCVICTREEBELM.496', 'mr. mime.mcvictreebel@icbc.com', 'Mr. Mime', 'McVictreebel', 'Customer Service', 1);
INSERT INTO user VALUES (3097, 'POLIWRATHK.3515', 'koffing.poliwrath@icbc.com', 'Koffing', 'Poliwrath', 'IT', 1);
INSERT INTO user VALUES (3098, 'ARTICUNOM.429', 'muk.articuno@icbc.com', 'Muk', 'Articuno', 'Marketing', 1);
INSERT INTO user VALUES (3099, 'PERSIANB.1956', 'butterfree.persian@icbc.com', 'Butterfree', 'Persian', 'HR', 1);
INSERT INTO user VALUES (3100, 'MCMEWTWOH.742', 'hitmonchan.mcmewtwo@icbc.com', 'Hitmonchan', 'McMewtwo', 'Marketing', 1);
INSERT INTO user VALUES (3101, 'NIDORINOK.4556', 'kingler.nidorino@icbc.com', 'Kingler', 'Nidorino', 'HR', 1);
INSERT INTO user VALUES (3102, 'DODUOB.4547', 'beedrill.doduo@icbc.com', 'Beedrill', 'Doduo', 'HR', 1);
INSERT INTO user VALUES (3103, 'NIDORINAM.4973', 'magikarp.nidorina@icbc.com', 'Magikarp', 'Nidorina', 'IT', 1);
INSERT INTO user VALUES (3104, 'GLOOMB.3331', 'blastoise.gloom@icbc.com', 'Blastoise', 'Gloom', 'Marketing', 1);
INSERT INTO user VALUES (3105, 'DRATINIM.1215', 'mewtwo.dratini@icbc.com', 'Mewtwo', 'Dratini', 'HR', 1);
INSERT INTO user VALUES (3106, 'SEELS.2999', 'sandslash.seel@icbc.com', 'Sandslash', 'Seel', 'Marketing', 1);
INSERT INTO user VALUES (3107, 'PIDGEOTTOG.2692', 'goldeen.pidgeotto@icbc.com', 'Goldeen', 'Pidgeotto', 'IT', 1);
INSERT INTO user VALUES (3108, 'NIDORANT.3729', 'tangela.nidoran@icbc.com', 'Tangela', 'Nidoran', 'HR', 1);
INSERT INTO user VALUES (3109, 'POLIWRATHJ.578', 'jynx.poliwrath@icbc.com', 'Jynx', 'Poliwrath', 'IT', 1);
INSERT INTO user VALUES (3110, 'NIDORINAP.1591', 'paras.nidorina@icbc.com', 'Paras', 'Nidorina', 'HR', 1);
INSERT INTO user VALUES (3111, 'MACHOKEO.3640', 'omanyte.machoke@icbc.com', 'Omanyte', 'Machoke', 'Finance', 1);
INSERT INTO user VALUES (3112, 'PARASECTW.658', 'weezing.parasect@icbc.com', 'Weezing', 'Parasect', 'Customer Service', 1);
INSERT INTO user VALUES (3113, 'VOLTORBM.3543', 'magneton.voltorb@icbc.com', 'Magneton', 'Voltorb', 'Management', 1);
INSERT INTO user VALUES (3114, 'GROWLITHEG.565', 'gengar.growlithe@icbc.com', 'Gengar', 'Growlithe', 'Marketing', 1);
INSERT INTO user VALUES (3115, 'MUKB.523', 'beedrill.muk@icbc.com', 'Beedrill', 'Muk', 'HR', 1);
INSERT INTO user VALUES (3116, 'MAROWAKN.3000', 'nidoking.marowak@icbc.com', 'Nidoking', 'Marowak', 'HR', 1);
INSERT INTO user VALUES (3117, 'MCCLEFAIRYO.3628', 'onix.mcclefairy@icbc.com', 'Onix', 'McClefairy', 'HR', 1);
INSERT INTO user VALUES (3118, 'ONIXG.4227', 'gastly.onix183@icbc.com', 'Gastly', 'Onix', 'Management', 1);
INSERT INTO user VALUES (3119, 'GRIMERH.897', 'horsea.grimer@icbc.com', 'Horsea', 'Grimer', 'Finance', 1);
INSERT INTO user VALUES (3120, 'EXEGGUTORK.92', 'kabutops.exeggutor@icbc.com', 'Kabutops', 'Exeggutor', 'Marketing', 1);
INSERT INTO user VALUES (3121, 'BELLSPROUTM.565', 'moltres.bellsprout@icbc.com', 'Moltres', 'Bellsprout', 'Marketing', 1);
INSERT INTO user VALUES (3122, 'HITMONCHANC.3384', 'chansey.hitmonchan@icbc.com', 'Chansey', 'Hitmonchan', 'Marketing', 1);
INSERT INTO user VALUES (3123, 'SHELLDERC.2712', 'cloyster.shellder@icbc.com', 'Cloyster', 'Shellder', 'IT', 1);
INSERT INTO user VALUES (3124, 'ELECTABUZZH.1126', 'horsea.electabuzz@icbc.com', 'Horsea', 'Electabuzz', 'Marketing', 1);
INSERT INTO user VALUES (3125, 'WARTORTLES.4102', 'staryu.wartortle184@icbc.com', 'Staryu', 'Wartortle', 'Finance', 1);
INSERT INTO user VALUES (3126, 'CATERPIEH.1834', 'hypno.caterpie@icbc.com', 'Hypno', 'Caterpie', 'HR', 1);
INSERT INTO user VALUES (3127, 'GROWLITHET.2641', 'tentacool.growlithe@icbc.com', 'Tentacool', 'Growlithe', 'Marketing', 1);
INSERT INTO user VALUES (3128, 'MCPARASE.3438', 'exeggutor.mcparas@icbc.com', 'Exeggutor', 'McParas', 'Finance', 1);
INSERT INTO user VALUES (3129, 'KAKUNAJ.2725', 'jolteon.kakuna185@icbc.com', 'Jolteon', 'Kakuna', 'Management', 1);
INSERT INTO user VALUES (3130, 'MACHOPP.3042', 'ponyta.machop@icbc.com', 'Ponyta', 'Machop', 'Customer Service', 1);
INSERT INTO user VALUES (3131, 'ONIXH.4180', 'haunter.onix@icbc.com', 'Haunter', 'Onix', 'HR', 1);
INSERT INTO user VALUES (3132, 'MAGIKARPS.4875', 'shellder.magikarp@icbc.com', 'Shellder', 'Magikarp', 'Management', 1);
INSERT INTO user VALUES (3133, 'DRATINIC.48', 'charmeleon.dratini186@icbc.com', 'Charmeleon', 'Dratini', 'HR', 1);
INSERT INTO user VALUES (3134, 'VOLTORBV.2978', 'venomoth.voltorb@icbc.com', 'Venomoth', 'Voltorb', 'IT', 1);
INSERT INTO user VALUES (3135, 'BLASTOISES.1055', 'starmie.blastoise@icbc.com', 'Starmie', 'Blastoise', 'Finance', 1);
INSERT INTO user VALUES (3136, 'CHARMANDERJ.3180', 'jolteon.charmander@icbc.com', 'Jolteon', 'Charmander', 'HR', 1);
INSERT INTO user VALUES (3137, 'SANDSLASHP.4023', 'primeape.sandslash@icbc.com', 'Primeape', 'Sandslash', 'Marketing', 1);
INSERT INTO user VALUES (3138, 'ARTICUNOS.3437', 'seadra.articuno@icbc.com', 'Seadra', 'Articuno', 'Management', 1);
INSERT INTO user VALUES (3139, 'RAPIDASHA.2552', 'arbok.rapidash@icbc.com', 'Arbok', 'Rapidash', 'IT', 1);
INSERT INTO user VALUES (3140, 'ARBOKD.2186', 'drowzee.arbok@icbc.com', 'Drowzee', 'Arbok', 'Marketing', 1);
INSERT INTO user VALUES (3141, 'MEWTWON.3902', 'nidoqueen.mewtwo@icbc.com', 'Nidoqueen', 'Mewtwo', 'Finance', 1);
INSERT INTO user VALUES (3142, 'VENOMOTHS.118', 'seaking.venomoth@icbc.com', 'Seaking', 'Venomoth', 'Finance', 1);
INSERT INTO user VALUES (3143, 'GOLBATP.1967', 'parasect.golbat187@icbc.com', 'Parasect', 'Golbat', 'Management', 1);
INSERT INTO user VALUES (3144, 'OMANYTEW.1404', 'weepinbell.omanyte@icbc.com', 'Weepinbell', 'Omanyte', 'HR', 1);
INSERT INTO user VALUES (3145, 'GOLDEENW.4297', 'weepinbell.goldeen@icbc.com', 'Weepinbell', 'Goldeen', 'HR', 1);
INSERT INTO user VALUES (3146, 'LICKITUNGA.3543', 'arcanine.lickitung@icbc.com', 'Arcanine', 'Lickitung', 'Finance', 1);
INSERT INTO user VALUES (3147, 'CLEFAIRYO.1055', 'omastar.clefairy188@icbc.com', 'Omastar', 'Clefairy', 'IT', 1);
INSERT INTO user VALUES (3148, 'PIDGEYN.2832', 'nidoking.pidgey@icbc.com', 'Nidoking', 'Pidgey', 'Customer Service', 1);
INSERT INTO user VALUES (3149, 'MCTANGELAE.4048', 'electrode.mctangela@icbc.com', 'Electrode', 'McTangela', 'Management', 1);
INSERT INTO user VALUES (3150, 'VENUSAURR.265', 'rattata.venusaur@icbc.com', 'Rattata', 'Venusaur', 'HR', 1);
INSERT INTO user VALUES (3151, 'TAUROSN.3182', 'ninetales.tauros@icbc.com', 'Ninetales', 'Tauros', 'Customer Service', 1);
INSERT INTO user VALUES (3152, 'RATICATEV.3436', 'venusaur.raticate189@icbc.com', 'Venusaur', 'Raticate', 'Finance', 1);
INSERT INTO user VALUES (3153, 'MCLAPRASP.3589', 'ponyta.mclapras@icbc.com', 'Ponyta', 'McLapras', 'IT', 1);
INSERT INTO user VALUES (3154, 'VICTREEBELC.2834', 'charmander.victreebel@icbc.com', 'Charmander', 'Victreebel', 'Management', 1);
INSERT INTO user VALUES (3155, 'GOLBATC.4781', 'charmander.golbat@icbc.com', 'Charmander', 'Golbat', 'IT', 1);
INSERT INTO user VALUES (3156, 'MUKG.3032', 'gloom.muk@icbc.com', 'Gloom', 'Muk', 'HR', 1);
INSERT INTO user VALUES (3157, 'MOLTRESD.2914', 'ditto.moltres@icbc.com', 'Ditto', 'Moltres', 'Customer Service', 1);
INSERT INTO user VALUES (3158, 'KABUTOPSR.2782', 'rapidash.kabutops@icbc.com', 'Rapidash', 'Kabutops', 'Customer Service', 1);
INSERT INTO user VALUES (3159, 'KABUTOPSO.2393', 'omanyte.kabutops@icbc.com', 'Omanyte', 'Kabutops', 'Marketing', 1);
INSERT INTO user VALUES (3160, 'SANDSLASHK.1736', 'kingler.sandslash190@icbc.com', 'Kingler', 'Sandslash', 'Finance', 1);
INSERT INTO user VALUES (3161, 'WEEDLEC.2638', 'clefable.weedle@icbc.com', 'Clefable', 'Weedle', 'Customer Service', 1);
INSERT INTO user VALUES (3162, 'CHARMANDERJ.3364', 'jynx.charmander@icbc.com', 'Jynx', 'Charmander', 'HR', 1);
INSERT INTO user VALUES (3163, 'RATICATEP.2213', 'poliwrath.raticate@icbc.com', 'Poliwrath', 'Raticate', 'Management', 1);
INSERT INTO user VALUES (3164, 'SEAKINGO.2508', 'oddish.seaking191@icbc.com', 'Oddish', 'Seaking', 'Marketing', 1);
INSERT INTO user VALUES (3165, 'TANGELAD.3372', 'dragonite.tangela@icbc.com', 'Dragonite', 'Tangela', 'Marketing', 1);
INSERT INTO user VALUES (3166, 'MCELECTABUZZE.1669', 'electabuzz.mcelectabuzz@icbc.com', 'Electabuzz', 'McElectabuzz', 'Management', 1);
INSERT INTO user VALUES (3167, 'SLOWBROR.2207', 'rattata.slowbro@icbc.com', 'Rattata', 'Slowbro', 'Management', 1);
INSERT INTO user VALUES (3168, 'ODDISHB.2267', 'bellsprout.oddish192@icbc.com', 'Bellsprout', 'Oddish', 'HR', 1);
INSERT INTO user VALUES (3169, 'IVYSAURC.897', 'cloyster.ivysaur@icbc.com', 'Cloyster', 'Ivysaur', 'Finance', 1);
INSERT INTO user VALUES (3170, 'DIGLETTA.3061', 'abra.diglett@icbc.com', 'Abra', 'Diglett', 'Customer Service', 1);
INSERT INTO user VALUES (3171, 'CHARMELEONP.1060', 'pikachu.charmeleon@icbc.com', 'Pikachu', 'Charmeleon', 'IT', 1);
INSERT INTO user VALUES (3172, 'SEAKINGR.2509', 'raticate.seaking@icbc.com', 'Raticate', 'Seaking', 'HR', 1);
INSERT INTO user VALUES (3173, 'METAPODS.4658', 'seadra.metapod@icbc.com', 'Seadra', 'Metapod', 'Marketing', 1);
INSERT INTO user VALUES (3174, 'VENUSAURN.1509', 'nidorino.venusaur@icbc.com', 'Nidorino', 'Venusaur', 'HR', 1);
INSERT INTO user VALUES (3175, 'GYARADOSV.3757', 'venonat.gyarados@icbc.com', 'Venonat', 'Gyarados', 'IT', 1);
INSERT INTO user VALUES (3176, 'WARTORTLEN.1470', 'nidoqueen.wartortle193@icbc.com', 'Nidoqueen', 'Wartortle', 'Finance', 1);
INSERT INTO user VALUES (3177, 'WEEZINGG.3251', 'golduck.weezing@icbc.com', 'Golduck', 'Weezing', 'Customer Service', 1);
INSERT INTO user VALUES (3178, 'VENUSAURD.1530', 'drowzee.venusaur@icbc.com', 'Drowzee', 'Venusaur', 'Finance', 1);
INSERT INTO user VALUES (3179, 'MCRATICATEN.225', 'nidoking.mcraticate@icbc.com', 'Nidoking', 'McRaticate', 'Management', 1);
INSERT INTO user VALUES (3180, 'MCRHYHORNG.3438', 'graveler.mcrhyhorn@icbc.com', 'Graveler', 'McRhyhorn', 'Management', 1);
INSERT INTO user VALUES (3181, 'KABUTOC.936', 'chansey.kabuto@icbc.com', 'Chansey', 'Kabuto', 'IT', 1);
INSERT INTO user VALUES (3182, 'CLEFAIRYR.4829', 'raichu.clefairy@icbc.com', 'Raichu', 'Clefairy', 'Finance', 1);
INSERT INTO user VALUES (3183, 'ODDISHC.3611', 'clefairy.oddish@icbc.com', 'Clefairy', 'Oddish', 'Management', 1);
INSERT INTO user VALUES (3184, 'GRAVELERK.1870', 'kabutops.graveler@icbc.com', 'Kabutops', 'Graveler', 'HR', 1);
INSERT INTO user VALUES (3185, 'RATICATEB.3299', 'butterfree.raticate194@icbc.com', 'Butterfree', 'Raticate', 'IT', 1);
INSERT INTO user VALUES (3186, 'LICKITUNGP.4967', 'psyduck.lickitung@icbc.com', 'Psyduck', 'Lickitung', 'Marketing', 1);
INSERT INTO user VALUES (3187, 'MEOWTHP.140', 'poliwag.meowth@icbc.com', 'Poliwag', 'Meowth', 'IT', 1);
INSERT INTO user VALUES (3188, 'EKANSG.48', 'growlithe.ekans@icbc.com', 'Growlithe', 'Ekans', 'HR', 1);
INSERT INTO user VALUES (3189, 'BUTTERFREES.4007', 'starmie.butterfree@icbc.com', 'Starmie', 'Butterfree', 'IT', 1);
INSERT INTO user VALUES (3190, 'IVYSAURP.561', 'porygon.ivysaur@icbc.com', 'Porygon', 'Ivysaur', 'Customer Service', 1);
INSERT INTO user VALUES (3191, 'POLIWHIRLM.3233', 'meowth.poliwhirl@icbc.com', 'Meowth', 'Poliwhirl', 'Finance', 1);
INSERT INTO user VALUES (3192, 'MCKAKUNAV.3597', 'voltorb.mckakuna@icbc.com', 'Voltorb', 'McKakuna', 'HR', 1);
INSERT INTO user VALUES (3193, 'GOLDUCKC.2011', 'charizard.golduck@icbc.com', 'Charizard', 'Golduck', 'Customer Service', 1);
INSERT INTO user VALUES (3194, 'HORSEAA.3578', 'aerodactyl.horsea@icbc.com', 'Aerodactyl', 'Horsea', 'Management', 1);
INSERT INTO user VALUES (3195, 'CHARMELEONC.3854', 'charmander.charmeleon@icbc.com', 'Charmander', 'Charmeleon', 'HR', 1);
INSERT INTO user VALUES (3196, 'WIGGLYTUFFG.1514', 'gyarados.wigglytuff@icbc.com', 'Gyarados', 'Wigglytuff', 'Marketing', 1);
INSERT INTO user VALUES (3197, 'GROWLITHEM.3169', 'mew.growlithe@icbc.com', 'Mew', 'Growlithe', 'Management', 1);
INSERT INTO user VALUES (3198, 'MCSNORLAXD.3130', 'dragonair.mcsnorlax@icbc.com', 'Dragonair', 'McSnorlax', 'Marketing', 1);
INSERT INTO user VALUES (3199, 'ARBOKB.4262', 'bulbasaur.arbok@icbc.com', 'Bulbasaur', 'Arbok', 'Management', 1);
INSERT INTO user VALUES (3200, 'ELECTABUZZV.229', 'venusaur.electabuzz@icbc.com', 'Venusaur', 'Electabuzz', 'Management', 1);
INSERT INTO user VALUES (3201, 'OMASTARS.2587', 'slowbro.omastar@icbc.com', 'Slowbro', 'Omastar', 'Management', 1);
INSERT INTO user VALUES (3202, 'PARASS.3953', 'slowbro.paras@icbc.com', 'Slowbro', 'Paras', 'IT', 1);
INSERT INTO user VALUES (3203, 'MCPIDGEYA.3144', 'aerodactyl.mcpidgey@icbc.com', 'Aerodactyl', 'McPidgey', 'Management', 1);
INSERT INTO user VALUES (3204, 'SLOWPOKEP.3921', 'porygon.slowpoke@icbc.com', 'Porygon', 'Slowpoke', 'IT', 1);
INSERT INTO user VALUES (3205, 'GROWLITHEP.529', 'paras.growlithe@icbc.com', 'Paras', 'Growlithe', 'Management', 1);
INSERT INTO user VALUES (3206, 'FEAROWD.3607', 'diglett.fearow@icbc.com', 'Diglett', 'Fearow', 'Finance', 1);
INSERT INTO user VALUES (3207, 'DRAGONAIRC.2949', 'cubone.dragonair@icbc.com', 'Cubone', 'Dragonair', 'Customer Service', 1);
INSERT INTO user VALUES (3208, 'GENGARD.401', 'dragonite.gengar@icbc.com', 'Dragonite', 'Gengar', 'Management', 1);
INSERT INTO user VALUES (3209, 'VOLTORBJ.3336', 'jolteon.voltorb@icbc.com', 'Jolteon', 'Voltorb', 'IT', 1);
INSERT INTO user VALUES (3210, 'PINSIRW.4897', 'weedle.pinsir@icbc.com', 'Weedle', 'Pinsir', 'Management', 1);
INSERT INTO user VALUES (3211, 'MCSQUIRTLEL.1293', 'lapras.mcsquirtle@icbc.com', 'Lapras', 'McSquirtle', 'Customer Service', 1);
INSERT INTO user VALUES (3212, 'NINETALESV.2410', 'venonat.ninetales@icbc.com', 'Venonat', 'Ninetales', 'IT', 1);
INSERT INTO user VALUES (3213, 'GLOOME.415', 'eevee.gloom@icbc.com', 'Eevee', 'Gloom', 'Customer Service', 1);
INSERT INTO user VALUES (3214, 'DIGLETTK.3111', 'koffing.diglett@icbc.com', 'Koffing', 'Diglett', 'Management', 1);
INSERT INTO user VALUES (3215, 'RATTATAM.1677', 'mew.rattata@icbc.com', 'Mew', 'Rattata', 'IT', 1);
INSERT INTO user VALUES (3216, 'MCCLEFABLEM.838', 'metapod.mcclefable@icbc.com', 'Metapod', 'McClefable', 'IT', 1);
INSERT INTO user VALUES (3217, 'MACHAMPP.2512', 'primeape.machamp@icbc.com', 'Primeape', 'Machamp', 'Finance', 1);
INSERT INTO user VALUES (3218, 'WEEPINBELLD.4483', 'dodrio.weepinbell@icbc.com', 'Dodrio', 'Weepinbell', 'IT', 1);
INSERT INTO user VALUES (3219, 'POLIWAGS.812', 'seaking.poliwag@icbc.com', 'Seaking', 'Poliwag', 'Marketing', 1);
INSERT INTO user VALUES (3220, 'ODDISHO.4357', 'oddish.oddish@icbc.com', 'Oddish', 'Oddish', 'Finance', 1);
INSERT INTO user VALUES (3221, 'KABUTOA.2357', 'arbok.kabuto195@icbc.com', 'Arbok', 'Kabuto', 'Finance', 1);
INSERT INTO user VALUES (3222, 'MANKEYM.3060', 'machoke.mankey@icbc.com', 'Machoke', 'Mankey', 'HR', 1);
INSERT INTO user VALUES (3223, 'ARTICUNOM.930', 'magnemite.articuno@icbc.com', 'Magnemite', 'Articuno', 'HR', 1);
INSERT INTO user VALUES (3224, 'ZAPDOSZ.4358', 'zapdos.zapdos@icbc.com', 'Zapdos', 'Zapdos', 'Marketing', 1);
INSERT INTO user VALUES (3225, 'CHANSEYK.3579', 'kadabra.chansey@icbc.com', 'Kadabra', 'Chansey', 'Customer Service', 1);
INSERT INTO user VALUES (3226, 'SANDSLASHG.887', 'golduck.sandslash@icbc.com', 'Golduck', 'Sandslash', 'Finance', 1);
INSERT INTO user VALUES (3227, 'WEEZINGS.4180', 'slowbro.weezing@icbc.com', 'Slowbro', 'Weezing', 'Management', 1);
INSERT INTO user VALUES (3228, 'STARMIES.4951', 'scyther.starmie@icbc.com', 'Scyther', 'Starmie', 'Customer Service', 1);
INSERT INTO user VALUES (3229, 'MCSLOWBROC.1472', 'caterpie.mcslowbro@icbc.com', 'Caterpie', 'McSlowbro', 'Marketing', 1);
INSERT INTO user VALUES (3230, 'MEWTWOS.251', 'scyther.mewtwo@icbc.com', 'Scyther', 'Mewtwo', 'Management', 1);
INSERT INTO user VALUES (3231, 'MCVILEPLUMEM.3408', 'magikarp.mcvileplume@icbc.com', 'Magikarp', 'McVileplume', 'Customer Service', 1);
INSERT INTO user VALUES (3232, 'FARFETCHDG.4291', 'gloom.farfetchd@icbc.com', 'Gloom', 'Farfetchd', 'Marketing', 1);
INSERT INTO user VALUES (3233, 'MCMEOWTHP.4443', 'paras.mcmeowth@icbc.com', 'Paras', 'McMeowth', 'Marketing', 1);
INSERT INTO user VALUES (3234, 'TENTACOOLJ.960', 'jynx.tentacool@icbc.com', 'Jynx', 'Tentacool', 'Marketing', 1);
INSERT INTO user VALUES (3235, 'LAPRASK.3025', 'kakuna.lapras@icbc.com', 'Kakuna', 'Lapras', 'Marketing', 1);
INSERT INTO user VALUES (3236, 'BLASTOISEN.3000', 'nidoking.blastoise@icbc.com', 'Nidoking', 'Blastoise', 'IT', 1);
INSERT INTO user VALUES (3237, 'FLAREONM.4118', 'mankey.flareon@icbc.com', 'Mankey', 'Flareon', 'Marketing', 1);
INSERT INTO user VALUES (3238, 'NIDORANM.3589', 'magmar.nidoran@icbc.com', 'Magmar', 'Nidoran', 'Marketing', 1);
INSERT INTO user VALUES (3239, 'SLOWBROH.2250', 'hypno.slowbro@icbc.com', 'Hypno', 'Slowbro', 'HR', 1);
INSERT INTO user VALUES (3240, 'PARASECTM.4882', 'mew.parasect@icbc.com', 'Mew', 'Parasect', 'HR', 1);
INSERT INTO user VALUES (3241, 'MCBLASTOISEP.1471', 'psyduck.mcblastoise@icbc.com', 'Psyduck', 'McBlastoise', 'IT', 1);
INSERT INTO user VALUES (3242, 'MACHAMPV.4341', 'voltorb.machamp@icbc.com', 'Voltorb', 'Machamp', 'Marketing', 1);
INSERT INTO user VALUES (3243, 'KRABBYD.3883', 'dugtrio.krabby@icbc.com', 'Dugtrio', 'Krabby', 'Marketing', 1);
INSERT INTO user VALUES (3244, 'MCMACHAMPR.2283', 'rapidash.mcmachamp@icbc.com', 'Rapidash', 'McMachamp', 'Finance', 1);
INSERT INTO user VALUES (3245, 'DEWGONGB.275', 'butterfree.dewgong@icbc.com', 'Butterfree', 'Dewgong', 'Finance', 1);
INSERT INTO user VALUES (3246, 'MCONIXW.4435', 'wartortle.mconix@icbc.com', 'Wartortle', 'McOnix', 'HR', 1);
INSERT INTO user VALUES (3247, 'BEEDRILLS.1310', 'sandslash.beedrill@icbc.com', 'Sandslash', 'Beedrill', 'Marketing', 1);
INSERT INTO user VALUES (3248, 'MCGRIMERP.4235', 'pidgeotto.mcgrimer@icbc.com', 'Pidgeotto', 'McGrimer', 'HR', 1);
INSERT INTO user VALUES (3249, 'ALAKAZAMZ.4258', 'zapdos.alakazam@icbc.com', 'Zapdos', 'Alakazam', 'Finance', 1);
INSERT INTO user VALUES (3250, 'TANGELAW.1095', 'wartortle.tangela@icbc.com', 'Wartortle', 'Tangela', 'Customer Service', 1);
INSERT INTO user VALUES (3251, 'MR. MIMET.2313', 'tentacruel.mr. mime@icbc.com', 'Tentacruel', 'Mr. Mime', 'Marketing', 1);
INSERT INTO user VALUES (3252, 'CUBONET.366', 'tangela.cubone@icbc.com', 'Tangela', 'Cubone', 'Finance', 1);
INSERT INTO user VALUES (3253, 'MCJIGGLYPUFFN.4776', 'nidoran.mcjigglypuff@icbc.com', 'Nidoran', 'McJigglypuff', 'Customer Service', 1);
INSERT INTO user VALUES (3254, 'SANDSHREWS.1216', 'seadra.sandshrew@icbc.com', 'Seadra', 'Sandshrew', 'Marketing', 1);
INSERT INTO user VALUES (3255, 'ALAKAZAMP.4687', 'poliwag.alakazam196@icbc.com', 'Poliwag', 'Alakazam', 'Finance', 1);
INSERT INTO user VALUES (3256, 'SLOWBROD.2417', 'dragonair.slowbro@icbc.com', 'Dragonair', 'Slowbro', 'IT', 1);
INSERT INTO user VALUES (3257, 'HYPNOS.4989', 'slowbro.hypno@icbc.com', 'Slowbro', 'Hypno', 'HR', 1);
INSERT INTO user VALUES (3258, 'JOLTEONI.2647', 'ivysaur.jolteon@icbc.com', 'Ivysaur', 'Jolteon', 'Management', 1);
INSERT INTO user VALUES (3259, 'JOLTEONK.567', 'kabutops.jolteon@icbc.com', 'Kabutops', 'Jolteon', 'HR', 1);
INSERT INTO user VALUES (3260, 'RAPIDASHA.2018', 'arcanine.rapidash@icbc.com', 'Arcanine', 'Rapidash', 'HR', 1);
INSERT INTO user VALUES (3261, 'SLOWPOKEM.2505', 'magmar.slowpoke@icbc.com', 'Magmar', 'Slowpoke', 'HR', 1);
INSERT INTO user VALUES (3262, 'MCOMANYTEM.1859', 'magnemite.mcomanyte@icbc.com', 'Magnemite', 'McOmanyte', 'Finance', 1);
INSERT INTO user VALUES (3263, 'MCEKANSP.4083', 'poliwag.mcekans@icbc.com', 'Poliwag', 'McEkans', 'Finance', 1);
INSERT INTO user VALUES (3264, 'SCYTHERS.4514', 'sandslash.scyther@icbc.com', 'Sandslash', 'Scyther', 'Finance', 1);
INSERT INTO user VALUES (3265, 'PARASR.3268', 'rapidash.paras@icbc.com', 'Rapidash', 'Paras', 'Marketing', 1);
INSERT INTO user VALUES (3266, 'CLOYSTERV.46', 'victreebel.cloyster@icbc.com', 'Victreebel', 'Cloyster', 'Management', 1);
INSERT INTO user VALUES (3267, 'POLIWHIRLK.626', 'kingler.poliwhirl@icbc.com', 'Kingler', 'Poliwhirl', 'Customer Service', 1);
INSERT INTO user VALUES (3268, 'JOLTEONM.2027', 'mew.jolteon@icbc.com', 'Mew', 'Jolteon', 'IT', 1);
INSERT INTO user VALUES (3269, 'MAROWAKD.3335', 'dragonair.marowak@icbc.com', 'Dragonair', 'Marowak', 'IT', 1);
INSERT INTO user VALUES (3270, 'CHARMANDERN.1012', 'nidorino.charmander@icbc.com', 'Nidorino', 'Charmander', 'Management', 1);
INSERT INTO user VALUES (3271, 'SANDSLASHM.1037', 'machamp.sandslash@icbc.com', 'Machamp', 'Sandslash', 'Management', 1);
INSERT INTO user VALUES (3272, 'METAPODT.4389', 'tauros.metapod@icbc.com', 'Tauros', 'Metapod', 'Marketing', 1);
INSERT INTO user VALUES (3273, 'SANDSLASHP.1455', 'pidgeotto.sandslash197@icbc.com', 'Pidgeotto', 'Sandslash', 'HR', 1);
INSERT INTO user VALUES (3274, 'MEWTWOO.3972', 'omanyte.mewtwo198@icbc.com', 'Omanyte', 'Mewtwo', 'Management', 1);
INSERT INTO user VALUES (3275, 'JIGGLYPUFFR.3929', 'rapidash.jigglypuff@icbc.com', 'Rapidash', 'Jigglypuff', 'Management', 1);
INSERT INTO user VALUES (3276, 'WEEZINGS.2949', 'starmie.weezing@icbc.com', 'Starmie', 'Weezing', 'HR', 1);
INSERT INTO user VALUES (3277, 'CLEFABLEE.1290', 'exeggutor.clefable@icbc.com', 'Exeggutor', 'Clefable', 'Marketing', 1);
INSERT INTO user VALUES (3278, 'AERODACTYLG.4800', 'gastly.aerodactyl199@icbc.com', 'Gastly', 'Aerodactyl', 'IT', 1);
INSERT INTO user VALUES (3279, 'ZUBATZ.1636', 'zapdos.zubat@icbc.com', 'Zapdos', 'Zubat', 'Marketing', 1);
INSERT INTO user VALUES (3280, 'HITMONLEEG.1811', 'goldeen.hitmonlee@icbc.com', 'Goldeen', 'Hitmonlee', 'Marketing', 1);
INSERT INTO user VALUES (3281, 'HORSEAD.1928', 'drowzee.horsea@icbc.com', 'Drowzee', 'Horsea', 'IT', 1);
INSERT INTO user VALUES (3282, 'SEADRAJ.104', 'jynx.seadra@icbc.com', 'Jynx', 'Seadra', 'Marketing', 1);
INSERT INTO user VALUES (3283, 'SEELG.4809', 'geodude.seel@icbc.com', 'Geodude', 'Seel', 'Finance', 1);
INSERT INTO user VALUES (3284, 'MCDITTOM.1047', 'magnemite.mcditto@icbc.com', 'Magnemite', 'McDitto', 'Customer Service', 1);
INSERT INTO user VALUES (3285, 'VENUSAURF.4545', 'flareon.venusaur@icbc.com', 'Flareon', 'Venusaur', 'Finance', 1);
INSERT INTO user VALUES (3286, 'VENOMOTHC.1544', 'chansey.venomoth@icbc.com', 'Chansey', 'Venomoth', 'Management', 1);
INSERT INTO user VALUES (3287, 'GOLEMZ.1935', 'zubat.golem200@icbc.com', 'Zubat', 'Golem', 'Finance', 1);
INSERT INTO user VALUES (3288, 'HYPNOO.3126', 'oddish.hypno@icbc.com', 'Oddish', 'Hypno', 'Finance', 1);
INSERT INTO user VALUES (3289, 'NIDORANH.3134', 'hitmonchan.nidoran201@icbc.com', 'Hitmonchan', 'Nidoran', 'Marketing', 1);
INSERT INTO user VALUES (3290, 'FEAROWG.935', 'gyarados.fearow202@icbc.com', 'Gyarados', 'Fearow', 'Finance', 1);
INSERT INTO user VALUES (3291, 'EEVEED.2045', 'drowzee.eevee@icbc.com', 'Drowzee', 'Eevee', 'Customer Service', 1);
INSERT INTO user VALUES (3292, 'PORYGONG.2117', 'golduck.porygon@icbc.com', 'Golduck', 'Porygon', 'Customer Service', 1);
INSERT INTO user VALUES (3293, 'VULPIXK.1989', 'krabby.vulpix@icbc.com', 'Krabby', 'Vulpix', 'Marketing', 1);
INSERT INTO user VALUES (3294, 'MCNIDORINAV.2550', 'vileplume.mcnidorina@icbc.com', 'Vileplume', 'McNidorina', 'Marketing', 1);
INSERT INTO user VALUES (3295, 'MACHAMPG.1113', 'growlithe.machamp@icbc.com', 'Growlithe', 'Machamp', 'Finance', 1);
INSERT INTO user VALUES (3296, 'GRIMERJ.819', 'jynx.grimer@icbc.com', 'Jynx', 'Grimer', 'Marketing', 1);
INSERT INTO user VALUES (3297, 'MCPIDGEOTJ.4764', 'jolteon.mcpidgeot@icbc.com', 'Jolteon', 'McPidgeot', 'Customer Service', 1);
INSERT INTO user VALUES (3298, 'RATICATEM.4709', 'muk.raticate@icbc.com', 'Muk', 'Raticate', 'Marketing', 1);
INSERT INTO user VALUES (3299, 'OMANYTET.3512', 'tentacruel.omanyte@icbc.com', 'Tentacruel', 'Omanyte', 'IT', 1);
INSERT INTO user VALUES (3300, 'KOFFINGP.297', 'poliwrath.koffing@icbc.com', 'Poliwrath', 'Koffing', 'Finance', 1);
INSERT INTO user VALUES (3301, 'GOLDEENW.3656', 'weepinbell.goldeen203@icbc.com', 'Weepinbell', 'Goldeen', 'IT', 1);
INSERT INTO user VALUES (3302, 'GYARADOSV.3602', 'vileplume.gyarados@icbc.com', 'Vileplume', 'Gyarados', 'IT', 1);
INSERT INTO user VALUES (3303, 'MACHAMPC.2999', 'cubone.machamp@icbc.com', 'Cubone', 'Machamp', 'Finance', 1);
INSERT INTO user VALUES (3304, 'PERSIANH.2257', 'haunter.persian@icbc.com', 'Haunter', 'Persian', 'Finance', 1);
INSERT INTO user VALUES (3305, 'DEWGONGF.3250', 'flareon.dewgong@icbc.com', 'Flareon', 'Dewgong', 'Customer Service', 1);
INSERT INTO user VALUES (3306, 'ABRAO.2219', 'onix.abra@icbc.com', 'Onix', 'Abra', 'HR', 1);
INSERT INTO user VALUES (3307, 'SEELB.1334', 'bulbasaur.seel@icbc.com', 'Bulbasaur', 'Seel', 'Customer Service', 1);
INSERT INTO user VALUES (3308, 'ARBOKR.4501', 'rhyhorn.arbok@icbc.com', 'Rhyhorn', 'Arbok', 'Marketing', 1);
INSERT INTO user VALUES (3309, 'RHYHORNK.422', 'kabuto.rhyhorn@icbc.com', 'Kabuto', 'Rhyhorn', 'Customer Service', 1);
INSERT INTO user VALUES (3310, 'SEAKINGP.774', 'pinsir.seaking204@icbc.com', 'Pinsir', 'Seaking', 'IT', 1);
INSERT INTO user VALUES (3311, 'MCFEAROWP.313', 'poliwrath.mcfearow@icbc.com', 'Poliwrath', 'McFearow', 'IT', 1);
INSERT INTO user VALUES (3312, 'MCLAPRASS.2021', 'slowbro.mclapras@icbc.com', 'Slowbro', 'McLapras', 'Finance', 1);
INSERT INTO user VALUES (3313, 'KABUTOK.526', 'kingler.kabuto@icbc.com', 'Kingler', 'Kabuto', 'Customer Service', 1);
INSERT INTO user VALUES (3314, 'CLOYSTERS.3605', 'slowbro.cloyster@icbc.com', 'Slowbro', 'Cloyster', 'Customer Service', 1);
INSERT INTO user VALUES (3315, 'POLIWHIRLV.1858', 'vulpix.poliwhirl@icbc.com', 'Vulpix', 'Poliwhirl', 'Finance', 1);
INSERT INTO user VALUES (3316, 'MAGNETONG.234', 'grimer.magneton@icbc.com', 'Grimer', 'Magneton', 'Marketing', 1);
INSERT INTO user VALUES (3317, 'OMANYTES.536', 'seaking.omanyte@icbc.com', 'Seaking', 'Omanyte', 'Customer Service', 1);
INSERT INTO user VALUES (3318, 'MCWEEZINGS.1356', 'spearow.mcweezing@icbc.com', 'Spearow', 'McWeezing', 'Customer Service', 1);
INSERT INTO user VALUES (3319, 'CHARIZARDD.2794', 'drowzee.charizard205@icbc.com', 'Drowzee', 'Charizard', 'HR', 1);
INSERT INTO user VALUES (3320, 'HITMONCHANP.2651', 'pidgey.hitmonchan@icbc.com', 'Pidgey', 'Hitmonchan', 'Management', 1);
INSERT INTO user VALUES (3321, 'VENUSAURW.2787', 'wigglytuff.venusaur@icbc.com', 'Wigglytuff', 'Venusaur', 'Marketing', 1);
INSERT INTO user VALUES (3322, 'HAUNTERD.3780', 'dragonair.haunter@icbc.com', 'Dragonair', 'Haunter', 'IT', 1);
INSERT INTO user VALUES (3323, 'DITTOS.2829', 'seel.ditto@icbc.com', 'Seel', 'Ditto', 'IT', 1);
INSERT INTO user VALUES (3324, 'TANGELAP.3822', 'primeape.tangela@icbc.com', 'Primeape', 'Tangela', 'IT', 1);
INSERT INTO user VALUES (3325, 'SQUIRTLED.4781', 'doduo.squirtle@icbc.com', 'Doduo', 'Squirtle', 'IT', 1);
INSERT INTO user VALUES (3326, 'SEADRAW.1497', 'weepinbell.seadra@icbc.com', 'Weepinbell', 'Seadra', 'Finance', 1);
INSERT INTO user VALUES (3327, 'GOLDEENK.4945', 'koffing.goldeen@icbc.com', 'Koffing', 'Goldeen', 'Management', 1);
INSERT INTO user VALUES (3328, 'PARASECTV.1940', 'vulpix.parasect@icbc.com', 'Vulpix', 'Parasect', 'IT', 1);
INSERT INTO user VALUES (3329, 'VENUSAURD.3243', 'dodrio.venusaur206@icbc.com', 'Dodrio', 'Venusaur', 'Marketing', 1);
INSERT INTO user VALUES (3330, 'GRIMERC.2046', 'caterpie.grimer@icbc.com', 'Caterpie', 'Grimer', 'Customer Service', 1);
INSERT INTO user VALUES (3331, 'GLOOMH.2076', 'horsea.gloom@icbc.com', 'Horsea', 'Gloom', 'Marketing', 1);
INSERT INTO user VALUES (3332, 'ABRAA.389', 'abra.abra@icbc.com', 'Abra', 'Abra', 'Marketing', 1);
INSERT INTO user VALUES (3333, 'OMASTARA.3403', 'aerodactyl.omastar@icbc.com', 'Aerodactyl', 'Omastar', 'IT', 1);
INSERT INTO user VALUES (3334, 'CHANSEYG.2791', 'grimer.chansey@icbc.com', 'Grimer', 'Chansey', 'Management', 1);
INSERT INTO user VALUES (3335, 'MCBELLSPROUTA.3514', 'articuno.mcbellsprout@icbc.com', 'Articuno', 'McBellsprout', 'Customer Service', 1);
INSERT INTO user VALUES (3336, 'VENOMOTHP.416', 'primeape.venomoth@icbc.com', 'Primeape', 'Venomoth', 'Finance', 1);
INSERT INTO user VALUES (3337, 'MAGMARP.4318', 'pidgey.magmar207@icbc.com', 'Pidgey', 'Magmar', 'Finance', 1);
INSERT INTO user VALUES (3338, 'NIDORINAR.2910', 'rhydon.nidorina@icbc.com', 'Rhydon', 'Nidorina', 'Management', 1);
INSERT INTO user VALUES (3339, 'ELECTRODEE.4252', 'electrode.electrode@icbc.com', 'Electrode', 'Electrode', 'IT', 1);
INSERT INTO user VALUES (3340, 'PERSIANK.4996', 'krabby.persian@icbc.com', 'Krabby', 'Persian', 'Marketing', 1);
INSERT INTO user VALUES (3341, 'RAICHUK.3918', 'kabutops.raichu@icbc.com', 'Kabutops', 'Raichu', 'Finance', 1);
INSERT INTO user VALUES (3342, 'OMASTARN.4984', 'nidorina.omastar@icbc.com', 'Nidorina', 'Omastar', 'IT', 1);
INSERT INTO user VALUES (3343, 'VENOMOTHT.1770', 'tentacruel.venomoth@icbc.com', 'Tentacruel', 'Venomoth', 'Management', 1);
INSERT INTO user VALUES (3344, 'VAPOREONP.3529', 'parasect.vaporeon@icbc.com', 'Parasect', 'Vaporeon', 'Management', 1);
INSERT INTO user VALUES (3345, 'JIGGLYPUFFP.4549', 'psyduck.jigglypuff@icbc.com', 'Psyduck', 'Jigglypuff', 'HR', 1);
INSERT INTO user VALUES (3346, 'MCRHYDONF.1666', 'fearow.mcrhydon@icbc.com', 'Fearow', 'McRhydon', 'Finance', 1);
INSERT INTO user VALUES (3347, 'NIDORINOR.4942', 'rhydon.nidorino@icbc.com', 'Rhydon', 'Nidorino', 'Finance', 1);
INSERT INTO user VALUES (3348, 'MCSEELK.4428', 'koffing.mcseel@icbc.com', 'Koffing', 'McSeel', 'Finance', 1);
INSERT INTO user VALUES (3349, 'BUTTERFREEN.721', 'ninetales.butterfree@icbc.com', 'Ninetales', 'Butterfree', 'Finance', 1);
INSERT INTO user VALUES (3350, 'POLIWHIRLG.3378', 'gloom.poliwhirl@icbc.com', 'Gloom', 'Poliwhirl', 'Customer Service', 1);
INSERT INTO user VALUES (3351, 'OMANYTEM.853', 'magneton.omanyte@icbc.com', 'Magneton', 'Omanyte', 'Marketing', 1);
INSERT INTO user VALUES (3352, 'DODUOL.4294', 'lapras.doduo@icbc.com', 'Lapras', 'Doduo', 'Finance', 1);
INSERT INTO user VALUES (3353, 'ARTICUNOP.4739', 'poliwag.articuno@icbc.com', 'Poliwag', 'Articuno', 'HR', 1);
INSERT INTO user VALUES (3354, 'KINGLERP.4182', 'poliwag.kingler@icbc.com', 'Poliwag', 'Kingler', 'IT', 1);
INSERT INTO user VALUES (3355, 'MAGNETONH.1095', 'horsea.magneton@icbc.com', 'Horsea', 'Magneton', 'Finance', 1);
INSERT INTO user VALUES (3356, 'CHANSEYN.4015', 'ninetales.chansey@icbc.com', 'Ninetales', 'Chansey', 'Management', 1);
INSERT INTO user VALUES (3357, 'GRAVELERV.3531', 'venomoth.graveler@icbc.com', 'Venomoth', 'Graveler', 'Finance', 1);
INSERT INTO user VALUES (3358, 'MAGIKARPP.2426', 'pinsir.magikarp@icbc.com', 'Pinsir', 'Magikarp', 'Management', 1);
INSERT INTO user VALUES (3359, 'ABRAK.1176', 'krabby.abra208@icbc.com', 'Krabby', 'Abra', 'IT', 1);
INSERT INTO user VALUES (3360, 'HYPNOD.3908', 'ditto.hypno@icbc.com', 'Ditto', 'Hypno', 'Finance', 1);
INSERT INTO user VALUES (3361, 'SLOWBROC.2963', 'charmeleon.slowbro@icbc.com', 'Charmeleon', 'Slowbro', 'Marketing', 1);
INSERT INTO user VALUES (3362, 'VICTREEBELG.3929', 'gengar.victreebel@icbc.com', 'Gengar', 'Victreebel', 'HR', 1);
INSERT INTO user VALUES (3363, 'RHYHORNB.3384', 'blastoise.rhyhorn@icbc.com', 'Blastoise', 'Rhyhorn', 'IT', 1);
INSERT INTO user VALUES (3364, 'NIDOKINGP.4003', 'psyduck.nidoking@icbc.com', 'Psyduck', 'Nidoking', 'IT', 1);
INSERT INTO user VALUES (3365, 'ZAPDOSV.3146', 'vileplume.zapdos@icbc.com', 'Vileplume', 'Zapdos', 'IT', 1);
INSERT INTO user VALUES (3366, 'ARTICUNOS.314', 'scyther.articuno@icbc.com', 'Scyther', 'Articuno', 'Customer Service', 1);
INSERT INTO user VALUES (3367, 'NIDOKINGV.1187', 'vaporeon.nidoking@icbc.com', 'Vaporeon', 'Nidoking', 'Finance', 1);
INSERT INTO user VALUES (3368, 'MCVAPOREONP.709', 'poliwrath.mcvaporeon@icbc.com', 'Poliwrath', 'McVaporeon', 'Management', 1);
INSERT INTO user VALUES (3369, 'RATICATES.3245', 'seadra.raticate@icbc.com', 'Seadra', 'Raticate', 'Customer Service', 1);
INSERT INTO user VALUES (3370, 'KINGLERC.2707', 'caterpie.kingler@icbc.com', 'Caterpie', 'Kingler', 'HR', 1);
INSERT INTO user VALUES (3371, 'TAUROSH.3414', 'hitmonlee.tauros@icbc.com', 'Hitmonlee', 'Tauros', 'Marketing', 1);
INSERT INTO user VALUES (3372, 'SQUIRTLEM.3391', 'machoke.squirtle@icbc.com', 'Machoke', 'Squirtle', 'Management', 1);
INSERT INTO user VALUES (3373, 'FLAREONK.3429', 'krabby.flareon209@icbc.com', 'Krabby', 'Flareon', 'Customer Service', 1);
INSERT INTO user VALUES (3374, 'PORYGONJ.2453', 'jolteon.porygon@icbc.com', 'Jolteon', 'Porygon', 'Finance', 1);
INSERT INTO user VALUES (3375, 'GENGARM.4157', 'moltres.gengar@icbc.com', 'Moltres', 'Gengar', 'Marketing', 1);
INSERT INTO user VALUES (3376, 'GEODUDEN.473', 'nidoran.geodude@icbc.com', 'Nidoran', 'Geodude', 'Marketing', 1);
INSERT INTO user VALUES (3377, 'VICTREEBELC.992', 'charmeleon.victreebel@icbc.com', 'Charmeleon', 'Victreebel', 'Customer Service', 1);
INSERT INTO user VALUES (3378, 'MCODDISHH.3441', 'hitmonchan.mcoddish@icbc.com', 'Hitmonchan', 'McOddish', 'Customer Service', 1);
INSERT INTO user VALUES (3379, 'ZAPDOSA.4224', 'arcanine.zapdos@icbc.com', 'Arcanine', 'Zapdos', 'Management', 1);
INSERT INTO user VALUES (3380, 'AERODACTYLD.475', 'diglett.aerodactyl@icbc.com', 'Diglett', 'Aerodactyl', 'HR', 1);
INSERT INTO user VALUES (3381, 'KINGLERV.2495', 'victreebel.kingler@icbc.com', 'Victreebel', 'Kingler', 'IT', 1);
INSERT INTO user VALUES (3382, 'ODDISHT.4967', 'tangela.oddish@icbc.com', 'Tangela', 'Oddish', 'Marketing', 1);
INSERT INTO user VALUES (3383, 'GASTLYP.239', 'poliwrath.gastly@icbc.com', 'Poliwrath', 'Gastly', 'Management', 1);
INSERT INTO user VALUES (3384, 'GOLDUCKV.1748', 'vulpix.golduck@icbc.com', 'Vulpix', 'Golduck', 'IT', 1);
INSERT INTO user VALUES (3385, 'PIDGEOTTOS.3577', 'slowpoke.pidgeotto210@icbc.com', 'Slowpoke', 'Pidgeotto', 'Marketing', 1);
INSERT INTO user VALUES (3386, 'ALAKAZAMR.2987', 'rapidash.alakazam@icbc.com', 'Rapidash', 'Alakazam', 'Management', 1);
INSERT INTO user VALUES (3387, 'PIDGEYZ.3189', 'zubat.pidgey@icbc.com', 'Zubat', 'Pidgey', 'Marketing', 1);
INSERT INTO user VALUES (3388, 'TENTACOOLS.961', 'sandslash.tentacool@icbc.com', 'Sandslash', 'Tentacool', 'Customer Service', 1);
INSERT INTO user VALUES (3389, 'ABRAN.2025', 'nidoran.abra@icbc.com', 'Nidoran', 'Abra', 'Management', 1);
INSERT INTO user VALUES (3390, 'FLAREONE.4281', 'electabuzz.flareon@icbc.com', 'Electabuzz', 'Flareon', 'Customer Service', 1);
INSERT INTO user VALUES (3391, 'DRAGONAIRH.4600', 'horsea.dragonair@icbc.com', 'Horsea', 'Dragonair', 'HR', 1);
INSERT INTO user VALUES (3392, 'MCSPEAROWA.4386', 'abra.mcspearow@icbc.com', 'Abra', 'McSpearow', 'Management', 1);
INSERT INTO user VALUES (3393, 'TENTACOOLD.2396', 'dewgong.tentacool211@icbc.com', 'Dewgong', 'Tentacool', 'HR', 1);
INSERT INTO user VALUES (3394, 'ONIXD.3577', 'dragonite.onix@icbc.com', 'Dragonite', 'Onix', 'Finance', 1);
INSERT INTO user VALUES (3395, 'DRAGONAIRB.4603', 'bellsprout.dragonair@icbc.com', 'Bellsprout', 'Dragonair', 'IT', 1);
INSERT INTO user VALUES (3396, 'MCGOLDUCKN.2366', 'nidorino.mcgolduck@icbc.com', 'Nidorino', 'McGolduck', 'Marketing', 1);
INSERT INTO user VALUES (3397, 'GEODUDEA.1701', 'articuno.geodude@icbc.com', 'Articuno', 'Geodude', 'Management', 1);
INSERT INTO user VALUES (3398, 'MOLTRESS.3919', 'squirtle.moltres@icbc.com', 'Squirtle', 'Moltres', 'Finance', 1);
INSERT INTO user VALUES (3399, 'CUBONEH.2039', 'hitmonchan.cubone@icbc.com', 'Hitmonchan', 'Cubone', 'Customer Service', 1);
INSERT INTO user VALUES (3400, 'GOLBATP.585', 'pikachu.golbat@icbc.com', 'Pikachu', 'Golbat', 'HR', 1);
INSERT INTO user VALUES (3401, 'VICTREEBELC.4102', 'charizard.victreebel@icbc.com', 'Charizard', 'Victreebel', 'IT', 1);
INSERT INTO user VALUES (3402, 'SCYTHERJ.958', 'jynx.scyther@icbc.com', 'Jynx', 'Scyther', 'IT', 1);
INSERT INTO user VALUES (3403, 'GYARADOSR.602', 'raticate.gyarados@icbc.com', 'Raticate', 'Gyarados', 'Management', 1);
INSERT INTO user VALUES (3404, 'PIDGEOTTOI.2725', 'ivysaur.pidgeotto@icbc.com', 'Ivysaur', 'Pidgeotto', 'Marketing', 1);
INSERT INTO user VALUES (3405, 'GRAVELERG.2857', 'growlithe.graveler212@icbc.com', 'Growlithe', 'Graveler', 'Management', 1);
INSERT INTO user VALUES (3406, 'MCARTICUNOM.1928', 'machoke.mcarticuno@icbc.com', 'Machoke', 'McArticuno', 'IT', 1);
INSERT INTO user VALUES (3407, 'AERODACTYLH.866', 'hitmonchan.aerodactyl@icbc.com', 'Hitmonchan', 'Aerodactyl', 'Marketing', 1);
INSERT INTO user VALUES (3408, 'TENTACOOLP.4077', 'primeape.tentacool@icbc.com', 'Primeape', 'Tentacool', 'HR', 1);
INSERT INTO user VALUES (3409, 'MCJOLTEONN.3771', 'nidoran.mcjolteon@icbc.com', 'Nidoran', 'McJolteon', 'IT', 1);
INSERT INTO user VALUES (3410, 'IVYSAURM.3520', 'mewtwo.ivysaur@icbc.com', 'Mewtwo', 'Ivysaur', 'Management', 1);
INSERT INTO user VALUES (3411, 'OMASTARN.1410', 'nidorino.omastar@icbc.com', 'Nidorino', 'Omastar', 'Finance', 1);
INSERT INTO user VALUES (3412, 'TANGELAJ.1031', 'jolteon.tangela@icbc.com', 'Jolteon', 'Tangela', 'Management', 1);
INSERT INTO user VALUES (3413, 'VENONATM.2938', 'mewtwo.venonat@icbc.com', 'Mewtwo', 'Venonat', 'Management', 1);
INSERT INTO user VALUES (3414, 'RHYHORND.2239', 'dragonair.rhyhorn@icbc.com', 'Dragonair', 'Rhyhorn', 'Finance', 1);
INSERT INTO user VALUES (3415, 'MACHAMPP.3869', 'paras.machamp@icbc.com', 'Paras', 'Machamp', 'HR', 1);
INSERT INTO user VALUES (3416, 'MCMOLTRESE.2431', 'electabuzz.mcmoltres@icbc.com', 'Electabuzz', 'McMoltres', 'HR', 1);
INSERT INTO user VALUES (3417, 'HORSEAD.2912', 'dewgong.horsea@icbc.com', 'Dewgong', 'Horsea', 'Marketing', 1);
INSERT INTO user VALUES (3418, 'EKANSD.120', 'dragonair.ekans@icbc.com', 'Dragonair', 'Ekans', 'HR', 1);
INSERT INTO user VALUES (3419, 'ABRAP.2446', 'pinsir.abra@icbc.com', 'Pinsir', 'Abra', 'Finance', 1);
INSERT INTO user VALUES (3420, 'ALAKAZAME.919', 'electrode.alakazam@icbc.com', 'Electrode', 'Alakazam', 'HR', 1);
INSERT INTO user VALUES (3421, 'GROWLITHEM.4942', 'magnemite.growlithe213@icbc.com', 'Magnemite', 'Growlithe', 'Finance', 1);
INSERT INTO user VALUES (3422, 'HITMONCHANH.3536', 'haunter.hitmonchan@icbc.com', 'Haunter', 'Hitmonchan', 'HR', 1);
INSERT INTO user VALUES (3423, 'KOFFINGS.2868', 'staryu.koffing@icbc.com', 'Staryu', 'Koffing', 'Management', 1);
INSERT INTO user VALUES (3424, 'VENUSAURH.907', 'hitmonlee.venusaur@icbc.com', 'Hitmonlee', 'Venusaur', 'Marketing', 1);
INSERT INTO user VALUES (3425, 'SLOWBROG.4450', 'growlithe.slowbro@icbc.com', 'Growlithe', 'Slowbro', 'Customer Service', 1);
INSERT INTO user VALUES (3426, 'AERODACTYLP.2470', 'pikachu.aerodactyl@icbc.com', 'Pikachu', 'Aerodactyl', 'Finance', 1);
INSERT INTO user VALUES (3427, 'EXEGGCUTES.4823', 'seaking.exeggcute@icbc.com', 'Seaking', 'Exeggcute', 'Finance', 1);
INSERT INTO user VALUES (3428, 'RHYDONC.2707', 'caterpie.rhydon@icbc.com', 'Caterpie', 'Rhydon', 'Marketing', 1);
INSERT INTO user VALUES (3429, 'MOLTRESK.2475', 'koffing.moltres@icbc.com', 'Koffing', 'Moltres', 'Marketing', 1);
INSERT INTO user VALUES (3430, 'GROWLITHEM.1647', 'marowak.growlithe@icbc.com', 'Marowak', 'Growlithe', 'Management', 1);
INSERT INTO user VALUES (3431, 'ALAKAZAMK.4943', 'krabby.alakazam@icbc.com', 'Krabby', 'Alakazam', 'Marketing', 1);
INSERT INTO user VALUES (3432, 'ZUBATG.1311', 'gyarados.zubat@icbc.com', 'Gyarados', 'Zubat', 'HR', 1);
INSERT INTO user VALUES (3433, 'SPEAROWP.4610', 'ponyta.spearow@icbc.com', 'Ponyta', 'Spearow', 'Management', 1);
INSERT INTO user VALUES (3434, 'MCEKANSC.3389', 'charmander.mcekans@icbc.com', 'Charmander', 'McEkans', 'IT', 1);
INSERT INTO user VALUES (3435, 'ELECTRODEN.882', 'nidoran.electrode@icbc.com', 'Nidoran', 'Electrode', 'Management', 1);
INSERT INTO user VALUES (3436, 'RAICHUD.2070', 'drowzee.raichu@icbc.com', 'Drowzee', 'Raichu', 'Customer Service', 1);
INSERT INTO user VALUES (3437, 'MACHOPD.1376', 'dewgong.machop@icbc.com', 'Dewgong', 'Machop', 'Management', 1);
INSERT INTO user VALUES (3438, 'CLEFABLES.903', 'starmie.clefable@icbc.com', 'Starmie', 'Clefable', 'Customer Service', 1);
INSERT INTO user VALUES (3439, 'MCNIDORANP.3194', 'poliwhirl.mcnidoran214@icbc.com', 'Poliwhirl', 'McNidoran', 'Marketing', 1);
INSERT INTO user VALUES (3440, 'IVYSAURS.4192', 'sandslash.ivysaur@icbc.com', 'Sandslash', 'Ivysaur', 'Marketing', 1);
INSERT INTO user VALUES (3441, 'TAUROSA.4984', 'articuno.tauros@icbc.com', 'Articuno', 'Tauros', 'Customer Service', 1);
INSERT INTO user VALUES (3442, 'BULBASAURS.2838', 'slowbro.bulbasaur215@icbc.com', 'Slowbro', 'Bulbasaur', 'Marketing', 1);
INSERT INTO user VALUES (3443, 'KRABBYD.2745', 'dewgong.krabby@icbc.com', 'Dewgong', 'Krabby', 'Marketing', 1);
INSERT INTO user VALUES (3444, 'PINSIRC.609', 'charmeleon.pinsir@icbc.com', 'Charmeleon', 'Pinsir', 'HR', 1);
INSERT INTO user VALUES (3445, 'ZUBATA.3292', 'alakazam.zubat@icbc.com', 'Alakazam', 'Zubat', 'Marketing', 1);
INSERT INTO user VALUES (3446, 'ARTICUNOD.3283', 'dodrio.articuno216@icbc.com', 'Dodrio', 'Articuno', 'HR', 1);
INSERT INTO user VALUES (3447, 'LICKITUNGE.717', 'electrode.lickitung@icbc.com', 'Electrode', 'Lickitung', 'Marketing', 1);
INSERT INTO user VALUES (3448, 'RATICATEP.176', 'paras.raticate@icbc.com', 'Paras', 'Raticate', 'IT', 1);
INSERT INTO user VALUES (3449, 'MCGOLEMP.4221', 'pinsir.mcgolem@icbc.com', 'Pinsir', 'McGolem', 'HR', 1);
INSERT INTO user VALUES (3450, 'GRAVELERV.537', 'voltorb.graveler@icbc.com', 'Voltorb', 'Graveler', 'Finance', 1);
INSERT INTO user VALUES (3451, 'MAGMARV.718', 'vileplume.magmar@icbc.com', 'Vileplume', 'Magmar', 'Marketing', 1);
INSERT INTO user VALUES (3452, 'BUTTERFREEM.4940', 'magneton.butterfree@icbc.com', 'Magneton', 'Butterfree', 'Management', 1);
INSERT INTO user VALUES (3453, 'CLEFABLEP.911', 'pikachu.clefable@icbc.com', 'Pikachu', 'Clefable', 'HR', 1);
INSERT INTO user VALUES (3454, 'RHYHORNE.2627', 'eevee.rhyhorn@icbc.com', 'Eevee', 'Rhyhorn', 'IT', 1);
INSERT INTO user VALUES (3455, 'GENGARD.1790', 'dratini.gengar@icbc.com', 'Dratini', 'Gengar', 'Marketing', 1);
INSERT INTO user VALUES (3456, 'VENOMOTHC.1640', 'cubone.venomoth@icbc.com', 'Cubone', 'Venomoth', 'HR', 1);
INSERT INTO user VALUES (3457, 'CHANSEYG.1949', 'growlithe.chansey217@icbc.com', 'Growlithe', 'Chansey', 'HR', 1);
INSERT INTO user VALUES (3458, 'MR. MIMEM.3627', 'magikarp.mr. mime@icbc.com', 'Magikarp', 'Mr. Mime', 'Customer Service', 1);
INSERT INTO user VALUES (3459, 'HAUNTERJ.4167', 'jynx.haunter@icbc.com', 'Jynx', 'Haunter', 'Customer Service', 1);
INSERT INTO user VALUES (3460, 'SLOWBROS.3219', 'sandslash.slowbro@icbc.com', 'Sandslash', 'Slowbro', 'IT', 1);
INSERT INTO user VALUES (3461, 'CLEFABLEK.4382', 'kangaskhan.clefable@icbc.com', 'Kangaskhan', 'Clefable', 'HR', 1);
INSERT INTO user VALUES (3462, 'GRIMERD.257', 'dugtrio.grimer218@icbc.com', 'Dugtrio', 'Grimer', 'Finance', 1);
INSERT INTO user VALUES (3463, 'DODRIOM.789', 'moltres.dodrio@icbc.com', 'Moltres', 'Dodrio', 'IT', 1);
INSERT INTO user VALUES (3464, 'CLOYSTERE.1314', 'exeggcute.cloyster@icbc.com', 'Exeggcute', 'Cloyster', 'IT', 1);
INSERT INTO user VALUES (3465, 'RAPIDASHB.2358', 'butterfree.rapidash@icbc.com', 'Butterfree', 'Rapidash', 'Marketing', 1);
INSERT INTO user VALUES (3466, 'MCEEVEEV.4737', 'venomoth.mceevee@icbc.com', 'Venomoth', 'McEevee', 'HR', 1);
INSERT INTO user VALUES (3467, 'SEELG.4277', 'goldeen.seel@icbc.com', 'Goldeen', 'Seel', 'Customer Service', 1);
INSERT INTO user VALUES (3468, 'PERSIANS.213', 'shellder.persian@icbc.com', 'Shellder', 'Persian', 'Marketing', 1);
INSERT INTO user VALUES (3469, 'KRABBYP.4213', 'poliwag.krabby@icbc.com', 'Poliwag', 'Krabby', 'HR', 1);
INSERT INTO user VALUES (3470, 'MACHOPG.4332', 'goldeen.machop@icbc.com', 'Goldeen', 'Machop', 'HR', 1);
INSERT INTO user VALUES (3471, 'ELECTABUZZW.589', 'wartortle.electabuzz@icbc.com', 'Wartortle', 'Electabuzz', 'HR', 1);
INSERT INTO user VALUES (3472, 'DIGLETTB.1687', 'blastoise.diglett@icbc.com', 'Blastoise', 'Diglett', 'Marketing', 1);
INSERT INTO user VALUES (3473, 'MCCLEFABLEH.2374', 'hitmonchan.mcclefable@icbc.com', 'Hitmonchan', 'McClefable', 'Customer Service', 1);
INSERT INTO user VALUES (3474, 'METAPODS.1362', 'sandshrew.metapod@icbc.com', 'Sandshrew', 'Metapod', 'Marketing', 1);
INSERT INTO user VALUES (3475, 'DODUOE.1307', 'exeggutor.doduo@icbc.com', 'Exeggutor', 'Doduo', 'Marketing', 1);
INSERT INTO user VALUES (3476, 'TANGELAK.1977', 'kingler.tangela@icbc.com', 'Kingler', 'Tangela', 'Management', 1);
INSERT INTO user VALUES (3477, 'MCODDISHG.2128', 'gloom.mcoddish@icbc.com', 'Gloom', 'McOddish', 'IT', 1);
INSERT INTO user VALUES (3478, 'STARMIEM.3031', 'machoke.starmie@icbc.com', 'Machoke', 'Starmie', 'Finance', 1);
INSERT INTO user VALUES (3479, 'CHARMANDERK.4717', 'kabutops.charmander@icbc.com', 'Kabutops', 'Charmander', 'Marketing', 1);
INSERT INTO user VALUES (3480, 'POLIWAGM.2075', 'moltres.poliwag@icbc.com', 'Moltres', 'Poliwag', 'Finance', 1);
INSERT INTO user VALUES (3481, 'MAROWAKV.340', 'venusaur.marowak@icbc.com', 'Venusaur', 'Marowak', 'Finance', 1);
INSERT INTO user VALUES (3482, 'BEEDRILLD.53', 'dodrio.beedrill@icbc.com', 'Dodrio', 'Beedrill', 'Customer Service', 1);
INSERT INTO user VALUES (3483, 'SEADRAD.2220', 'drowzee.seadra219@icbc.com', 'Drowzee', 'Seadra', 'HR', 1);
INSERT INTO user VALUES (3484, 'KABUTOR.762', 'rattata.kabuto@icbc.com', 'Rattata', 'Kabuto', 'HR', 1);
INSERT INTO user VALUES (3485, 'GOLEMG.2431', 'goldeen.golem220@icbc.com', 'Goldeen', 'Golem', 'HR', 1);
INSERT INTO user VALUES (3486, 'JOLTEONH.3079', 'hitmonlee.jolteon221@icbc.com', 'Hitmonlee', 'Jolteon', 'Customer Service', 1);
INSERT INTO user VALUES (3487, 'PSYDUCKT.1541', 'tentacool.psyduck@icbc.com', 'Tentacool', 'Psyduck', 'Marketing', 1);
INSERT INTO user VALUES (3488, 'ODDISHE.269', 'ekans.oddish@icbc.com', 'Ekans', 'Oddish', 'HR', 1);
INSERT INTO user VALUES (3489, 'KAKUNAV.683', 'victreebel.kakuna@icbc.com', 'Victreebel', 'Kakuna', 'Customer Service', 1);
INSERT INTO user VALUES (3490, 'BEEDRILLP.1443', 'poliwrath.beedrill@icbc.com', 'Poliwrath', 'Beedrill', 'Management', 1);
INSERT INTO user VALUES (3491, 'KABUTOPSH.4536', 'hypno.kabutops@icbc.com', 'Hypno', 'Kabutops', 'Management', 1);
INSERT INTO user VALUES (3492, 'JOLTEOND.2012', 'dragonite.jolteon@icbc.com', 'Dragonite', 'Jolteon', 'Marketing', 1);
INSERT INTO user VALUES (3493, 'POLIWHIRLO.4578', 'onix.poliwhirl@icbc.com', 'Onix', 'Poliwhirl', 'Customer Service', 1);
INSERT INTO user VALUES (3494, 'MCEXEGGUTORS.1207', 'seaking.mcexeggutor@icbc.com', 'Seaking', 'McExeggutor', 'Finance', 1);
INSERT INTO user VALUES (3495, 'MUKK.4166', 'kabutops.muk@icbc.com', 'Kabutops', 'Muk', 'IT', 1);
INSERT INTO user VALUES (3496, 'LICKITUNGM.3224', 'magneton.lickitung@icbc.com', 'Magneton', 'Lickitung', 'HR', 1);
INSERT INTO user VALUES (3497, 'TENTACOOLM.4663', 'muk.tentacool@icbc.com', 'Muk', 'Tentacool', 'Management', 1);
INSERT INTO user VALUES (3498, 'MAGIKARPM.3177', 'meowth.magikarp@icbc.com', 'Meowth', 'Magikarp', 'Marketing', 1);
INSERT INTO user VALUES (3499, 'GOLEMD.1687', 'dragonair.golem@icbc.com', 'Dragonair', 'Golem', 'Marketing', 1);
INSERT INTO user VALUES (3500, 'SQUIRTLET.1885', 'tentacruel.squirtle@icbc.com', 'Tentacruel', 'Squirtle', 'Marketing', 1);
INSERT INTO user VALUES (3501, 'VILEPLUMER.2287', 'raticate.vileplume@icbc.com', 'Raticate', 'Vileplume', 'Finance', 1);
INSERT INTO user VALUES (3502, 'DRAGONAIRS.3986', 'squirtle.dragonair@icbc.com', 'Squirtle', 'Dragonair', 'IT', 1);
INSERT INTO user VALUES (3503, 'DEWGONGS.4536', 'spearow.dewgong@icbc.com', 'Spearow', 'Dewgong', 'Customer Service', 1);
INSERT INTO user VALUES (3504, 'NIDORINOC.2023', 'charizard.nidorino@icbc.com', 'Charizard', 'Nidorino', 'Marketing', 1);
INSERT INTO user VALUES (3505, 'SNORLAXN.497', 'ninetales.snorlax@icbc.com', 'Ninetales', 'Snorlax', 'Management', 1);
INSERT INTO user VALUES (3506, 'NIDORINOM.1366', 'machoke.nidorino222@icbc.com', 'Machoke', 'Nidorino', 'Marketing', 1);
INSERT INTO user VALUES (3507, 'GROWLITHES.1190', 'seadra.growlithe@icbc.com', 'Seadra', 'Growlithe', 'Management', 1);
INSERT INTO user VALUES (3508, 'TANGELAB.1680', 'bulbasaur.tangela@icbc.com', 'Bulbasaur', 'Tangela', 'Customer Service', 1);
INSERT INTO user VALUES (3509, 'GENGARR.1116', 'rhyhorn.gengar@icbc.com', 'Rhyhorn', 'Gengar', 'HR', 1);
INSERT INTO user VALUES (3510, 'NIDORANA.4796', 'arbok.nidoran@icbc.com', 'Arbok', 'Nidoran', 'Finance', 1);
INSERT INTO user VALUES (3511, 'RAPIDASHM.2052', 'meowth.rapidash223@icbc.com', 'Meowth', 'Rapidash', 'IT', 1);
INSERT INTO user VALUES (3512, 'SEAKINGA.1933', 'arcanine.seaking@icbc.com', 'Arcanine', 'Seaking', 'Finance', 1);
INSERT INTO user VALUES (3513, 'GLOOMN.194', 'ninetales.gloom@icbc.com', 'Ninetales', 'Gloom', 'Management', 1);
INSERT INTO user VALUES (3514, 'MCNIDOQUEENJ.1933', 'jolteon.mcnidoqueen@icbc.com', 'Jolteon', 'McNidoqueen', 'HR', 1);
INSERT INTO user VALUES (3515, 'ODDISHG.971', 'gengar.oddish@icbc.com', 'Gengar', 'Oddish', 'IT', 1);
INSERT INTO user VALUES (3516, 'VILEPLUMED.1694', 'ditto.vileplume@icbc.com', 'Ditto', 'Vileplume', 'Customer Service', 1);
INSERT INTO user VALUES (3517, 'ALAKAZAMG.1093', 'golduck.alakazam@icbc.com', 'Golduck', 'Alakazam', 'HR', 1);
INSERT INTO user VALUES (3518, 'NIDORANA.4029', 'articuno.nidoran224@icbc.com', 'Articuno', 'Nidoran', 'Management', 1);
INSERT INTO user VALUES (3519, 'RATICATES.4959', 'spearow.raticate@icbc.com', 'Spearow', 'Raticate', 'HR', 1);
INSERT INTO user VALUES (3520, 'ODDISHA.3306', 'arcanine.oddish@icbc.com', 'Arcanine', 'Oddish', 'Management', 1);
INSERT INTO user VALUES (3521, 'HORSEAF.4280', 'flareon.horsea@icbc.com', 'Flareon', 'Horsea', 'HR', 1);
INSERT INTO user VALUES (3522, 'VILEPLUMES.3975', 'seel.vileplume@icbc.com', 'Seel', 'Vileplume', 'HR', 1);
INSERT INTO user VALUES (3523, 'MCPOLIWAGD.3929', 'dragonite.mcpoliwag@icbc.com', 'Dragonite', 'McPoliwag', 'Management', 1);
INSERT INTO user VALUES (3524, 'CLEFABLER.4159', 'rhydon.clefable@icbc.com', 'Rhydon', 'Clefable', 'HR', 1);
INSERT INTO user VALUES (3525, 'PSYDUCKC.1009', 'charizard.psyduck@icbc.com', 'Charizard', 'Psyduck', 'Marketing', 1);
INSERT INTO user VALUES (3526, 'SEELJ.4316', 'jigglypuff.seel@icbc.com', 'Jigglypuff', 'Seel', 'Management', 1);
INSERT INTO user VALUES (3527, 'POLIWAGE.4471', 'eevee.poliwag@icbc.com', 'Eevee', 'Poliwag', 'Management', 1);
INSERT INTO user VALUES (3528, 'CHARMELEONK.2150', 'kakuna.charmeleon225@icbc.com', 'Kakuna', 'Charmeleon', 'Finance', 1);
INSERT INTO user VALUES (3529, 'MCVENUSAURI.2594', 'ivysaur.mcvenusaur@icbc.com', 'Ivysaur', 'McVenusaur', 'Customer Service', 1);
INSERT INTO user VALUES (3530, 'PONYTAS.2515', 'staryu.ponyta@icbc.com', 'Staryu', 'Ponyta', 'Management', 1);
INSERT INTO user VALUES (3531, 'MEWK.238', 'kadabra.mew@icbc.com', 'Kadabra', 'Mew', 'HR', 1);
INSERT INTO user VALUES (3532, 'EEVEEP.3587', 'pidgey.eevee@icbc.com', 'Pidgey', 'Eevee', 'Management', 1);
INSERT INTO user VALUES (3533, 'JIGGLYPUFFH.4371', 'hitmonchan.jigglypuff@icbc.com', 'Hitmonchan', 'Jigglypuff', 'Management', 1);
INSERT INTO user VALUES (3534, 'AERODACTYLH.195', 'hitmonchan.aerodactyl226@icbc.com', 'Hitmonchan', 'Aerodactyl', 'IT', 1);
INSERT INTO user VALUES (3535, 'AERODACTYLI.3714', 'ivysaur.aerodactyl@icbc.com', 'Ivysaur', 'Aerodactyl', 'Finance', 1);
INSERT INTO user VALUES (3536, 'GASTLYV.666', 'victreebel.gastly@icbc.com', 'Victreebel', 'Gastly', 'HR', 1);
INSERT INTO user VALUES (3537, 'HITMONLEEH.4664', 'haunter.hitmonlee227@icbc.com', 'Haunter', 'Hitmonlee', 'IT', 1);
INSERT INTO user VALUES (3538, 'CHARIZARDC.1235', 'charmander.charizard@icbc.com', 'Charmander', 'Charizard', 'Finance', 1);
INSERT INTO user VALUES (3539, 'MUKM.4470', 'metapod.muk@icbc.com', 'Metapod', 'Muk', 'Finance', 1);
INSERT INTO user VALUES (3540, 'DRAGONAIRO.4453', 'oddish.dragonair@icbc.com', 'Oddish', 'Dragonair', 'IT', 1);
INSERT INTO user VALUES (3541, 'GROWLITHEB.846', 'beedrill.growlithe@icbc.com', 'Beedrill', 'Growlithe', 'Customer Service', 1);
INSERT INTO user VALUES (3542, 'SEADRAA.4557', 'aerodactyl.seadra@icbc.com', 'Aerodactyl', 'Seadra', 'IT', 1);
INSERT INTO user VALUES (3543, 'RAPIDASHS.2176', 'starmie.rapidash@icbc.com', 'Starmie', 'Rapidash', 'Marketing', 1);
INSERT INTO user VALUES (3544, 'MUKS.1381', 'sandshrew.muk@icbc.com', 'Sandshrew', 'Muk', 'Marketing', 1);
INSERT INTO user VALUES (3545, 'SCYTHERN.3376', 'nidorina.scyther@icbc.com', 'Nidorina', 'Scyther', 'IT', 1);
INSERT INTO user VALUES (3546, 'POLIWRATHD.3300', 'dratini.poliwrath@icbc.com', 'Dratini', 'Poliwrath', 'Marketing', 1);
INSERT INTO user VALUES (3547, 'BULBASAURV.3865', 'venomoth.bulbasaur@icbc.com', 'Venomoth', 'Bulbasaur', 'IT', 1);
INSERT INTO user VALUES (3548, 'GOLBATP.4523', 'psyduck.golbat@icbc.com', 'Psyduck', 'Golbat', 'Finance', 1);
INSERT INTO user VALUES (3549, 'RATTATAC.4014', 'charizard.rattata@icbc.com', 'Charizard', 'Rattata', 'Marketing', 1);
INSERT INTO user VALUES (3550, 'MCMAGIKARPM.3728', 'magneton.mcmagikarp@icbc.com', 'Magneton', 'McMagikarp', 'Management', 1);
INSERT INTO user VALUES (3551, 'IVYSAURB.76', 'bellsprout.ivysaur@icbc.com', 'Bellsprout', 'Ivysaur', 'IT', 1);
INSERT INTO user VALUES (3552, 'RAICHUD.1221', 'dewgong.raichu@icbc.com', 'Dewgong', 'Raichu', 'Management', 1);
INSERT INTO user VALUES (3553, 'KADABRAN.1285', 'nidoran.kadabra228@icbc.com', 'Nidoran', 'Kadabra', 'Management', 1);
INSERT INTO user VALUES (3554, 'OMANYTEE.747', 'exeggcute.omanyte@icbc.com', 'Exeggcute', 'Omanyte', 'Finance', 1);
INSERT INTO user VALUES (3555, 'FEAROWW.1949', 'weedle.fearow@icbc.com', 'Weedle', 'Fearow', 'IT', 1);
INSERT INTO user VALUES (3556, 'FARFETCHDP.4264', 'pidgeotto.farfetchd@icbc.com', 'Pidgeotto', 'Farfetchd', 'HR', 1);
INSERT INTO user VALUES (3557, 'KABUTOPSV.4042', 'vulpix.kabutops@icbc.com', 'Vulpix', 'Kabutops', 'Customer Service', 1);
INSERT INTO user VALUES (3558, 'GRIMERT.2647', 'tentacruel.grimer@icbc.com', 'Tentacruel', 'Grimer', 'Customer Service', 1);
INSERT INTO user VALUES (3559, 'FARFETCHDM.1544', 'mankey.farfetchd@icbc.com', 'Mankey', 'Farfetchd', 'IT', 1);
INSERT INTO user VALUES (3560, 'FLAREONM.865', 'moltres.flareon@icbc.com', 'Moltres', 'Flareon', 'Management', 1);
INSERT INTO user VALUES (3561, 'MCPORYGONL.3529', 'lickitung.mcporygon@icbc.com', 'Lickitung', 'McPorygon', 'Finance', 1);
INSERT INTO user VALUES (3562, 'MAGNETOND.3463', 'dewgong.magneton@icbc.com', 'Dewgong', 'Magneton', 'Customer Service', 1);
INSERT INTO user VALUES (3563, 'MAGIKARPE.3672', 'ekans.magikarp@icbc.com', 'Ekans', 'Magikarp', 'Finance', 1);
INSERT INTO user VALUES (3564, 'MEWTWOM.1595', 'mankey.mewtwo@icbc.com', 'Mankey', 'Mewtwo', 'Customer Service', 1);
INSERT INTO user VALUES (3565, 'FARFETCHDZ.454', 'zubat.farfetchd@icbc.com', 'Zubat', 'Farfetchd', 'Customer Service', 1);
INSERT INTO user VALUES (3566, 'MAGNETONZ.1676', 'zapdos.magneton@icbc.com', 'Zapdos', 'Magneton', 'IT', 1);
INSERT INTO user VALUES (3567, 'MCMEWV.558', 'vulpix.mcmew@icbc.com', 'Vulpix', 'McMew', 'HR', 1);
INSERT INTO user VALUES (3568, 'MOLTRESV.1224', 'venusaur.moltres229@icbc.com', 'Venusaur', 'Moltres', 'Management', 1);
INSERT INTO user VALUES (3569, 'BLASTOISER.2755', 'rhydon.blastoise@icbc.com', 'Rhydon', 'Blastoise', 'Customer Service', 1);
INSERT INTO user VALUES (3570, 'KANGASKHANH.3781', 'hypno.kangaskhan@icbc.com', 'Hypno', 'Kangaskhan', 'Marketing', 1);
INSERT INTO user VALUES (3571, 'HORSEAC.3974', 'charmeleon.horsea@icbc.com', 'Charmeleon', 'Horsea', 'Marketing', 1);
INSERT INTO user VALUES (3572, 'GYARADOSP.4629', 'poliwrath.gyarados@icbc.com', 'Poliwrath', 'Gyarados', 'Customer Service', 1);
INSERT INTO user VALUES (3573, 'RATICATEE.3600', 'ekans.raticate@icbc.com', 'Ekans', 'Raticate', 'Customer Service', 1);
INSERT INTO user VALUES (3574, 'DIGLETTP.4703', 'paras.diglett@icbc.com', 'Paras', 'Diglett', 'HR', 1);
INSERT INTO user VALUES (3575, 'SPEAROWG.1372', 'graveler.spearow230@icbc.com', 'Graveler', 'Spearow', 'Finance', 1);
INSERT INTO user VALUES (3576, 'PSYDUCKJ.4361', 'jynx.psyduck@icbc.com', 'Jynx', 'Psyduck', 'Finance', 1);
INSERT INTO user VALUES (3577, 'GASTLYD.4178', 'doduo.gastly@icbc.com', 'Doduo', 'Gastly', 'IT', 1);
INSERT INTO user VALUES (3578, 'CLOYSTERW.1781', 'wartortle.cloyster@icbc.com', 'Wartortle', 'Cloyster', 'Finance', 1);
INSERT INTO user VALUES (3579, 'GEODUDER.2480', 'rhydon.geodude@icbc.com', 'Rhydon', 'Geodude', 'IT', 1);
INSERT INTO user VALUES (3580, 'ABRAD.1787', 'diglett.abra@icbc.com', 'Diglett', 'Abra', 'Management', 1);
INSERT INTO user VALUES (3581, 'CLEFAIRYE.2503', 'ekans.clefairy@icbc.com', 'Ekans', 'Clefairy', 'Customer Service', 1);
INSERT INTO user VALUES (3582, 'SCYTHERA.859', 'arcanine.scyther231@icbc.com', 'Arcanine', 'Scyther', 'Marketing', 1);
INSERT INTO user VALUES (3583, 'LICKITUNGZ.4990', 'zubat.lickitung232@icbc.com', 'Zubat', 'Lickitung', 'Customer Service', 1);
INSERT INTO user VALUES (3584, 'NIDOKINGO.1415', 'oddish.nidoking@icbc.com', 'Oddish', 'Nidoking', 'Management', 1);
INSERT INTO user VALUES (3585, 'MCSEADRAD.4343', 'dewgong.mcseadra@icbc.com', 'Dewgong', 'McSeadra', 'Customer Service', 1);
INSERT INTO user VALUES (3586, 'JIGGLYPUFFW.2496', 'wigglytuff.jigglypuff233@icbc.com', 'Wigglytuff', 'Jigglypuff', 'Finance', 1);
INSERT INTO user VALUES (3587, 'NIDORANT.3361', 'tauros.nidoran@icbc.com', 'Tauros', 'Nidoran', 'Management', 1);
INSERT INTO user VALUES (3588, 'NINETALESM.4936', 'muk.ninetales@icbc.com', 'Muk', 'Ninetales', 'Customer Service', 1);
INSERT INTO user VALUES (3589, 'EXEGGCUTEC.4601', 'charizard.exeggcute@icbc.com', 'Charizard', 'Exeggcute', 'Management', 1);
INSERT INTO user VALUES (3590, 'METAPODM.2069', 'machoke.metapod@icbc.com', 'Machoke', 'Metapod', 'Marketing', 1);
INSERT INTO user VALUES (3591, 'GOLBATB.4763', 'bulbasaur.golbat@icbc.com', 'Bulbasaur', 'Golbat', 'Marketing', 1);
INSERT INTO user VALUES (3592, 'CLEFABLEO.2772', 'omastar.clefable@icbc.com', 'Omastar', 'Clefable', 'Management', 1);
INSERT INTO user VALUES (3593, 'MCGROWLITHEV.3172', 'venonat.mcgrowlithe@icbc.com', 'Venonat', 'McGrowlithe', 'Customer Service', 1);
INSERT INTO user VALUES (3594, 'ELECTABUZZK.4073', 'kadabra.electabuzz@icbc.com', 'Kadabra', 'Electabuzz', 'Customer Service', 1);
INSERT INTO user VALUES (3595, 'MEOWTHT.1775', 'tentacruel.meowth@icbc.com', 'Tentacruel', 'Meowth', 'Customer Service', 1);
INSERT INTO user VALUES (3596, 'MAROWAKG.1337', 'growlithe.marowak@icbc.com', 'Growlithe', 'Marowak', 'Customer Service', 1);
INSERT INTO user VALUES (3597, 'ALAKAZAMA.1232', 'alakazam.alakazam@icbc.com', 'Alakazam', 'Alakazam', 'HR', 1);
INSERT INTO user VALUES (3598, 'ONIXA.4700', 'abra.onix@icbc.com', 'Abra', 'Onix', 'Finance', 1);
INSERT INTO user VALUES (3599, 'HITMONLEES.3424', 'slowbro.hitmonlee@icbc.com', 'Slowbro', 'Hitmonlee', 'IT', 1);
INSERT INTO user VALUES (3600, 'PRIMEAPEP.3814', 'pidgeot.primeape@icbc.com', 'Pidgeot', 'Primeape', 'Management', 1);
INSERT INTO user VALUES (3601, 'SANDSHREWC.4690', 'charmander.sandshrew@icbc.com', 'Charmander', 'Sandshrew', 'Marketing', 1);
INSERT INTO user VALUES (3602, 'SHELLDERF.4264', 'flareon.shellder@icbc.com', 'Flareon', 'Shellder', 'Management', 1);
INSERT INTO user VALUES (3603, 'MEWS.2257', 'sandshrew.mew234@icbc.com', 'Sandshrew', 'Mew', 'Marketing', 1);
INSERT INTO user VALUES (3604, 'RAICHUG.3771', 'geodude.raichu@icbc.com', 'Geodude', 'Raichu', 'Management', 1);
INSERT INTO user VALUES (3605, 'BELLSPROUTV.1986', 'victreebel.bellsprout@icbc.com', 'Victreebel', 'Bellsprout', 'Management', 1);
INSERT INTO user VALUES (3606, 'HYPNOE.2438', 'eevee.hypno@icbc.com', 'Eevee', 'Hypno', 'Management', 1);
INSERT INTO user VALUES (3607, 'MEWE.4251', 'eevee.mew@icbc.com', 'Eevee', 'Mew', 'IT', 1);
INSERT INTO user VALUES (3608, 'PIDGEYD.289', 'diglett.pidgey235@icbc.com', 'Diglett', 'Pidgey', 'Marketing', 1);
INSERT INTO user VALUES (3609, 'MANKEYS.361', 'starmie.mankey@icbc.com', 'Starmie', 'Mankey', 'Marketing', 1);
INSERT INTO user VALUES (3610, 'FARFETCHDC.1705', 'cubone.farfetchd@icbc.com', 'Cubone', 'Farfetchd', 'Management', 1);
INSERT INTO user VALUES (3611, 'MCSQUIRTLES.1889', 'starmie.mcsquirtle@icbc.com', 'Starmie', 'McSquirtle', 'Customer Service', 1);
INSERT INTO user VALUES (3612, 'STARMIES.1332', 'sandshrew.starmie@icbc.com', 'Sandshrew', 'Starmie', 'IT', 1);
INSERT INTO user VALUES (3613, 'RAPIDASHP.2059', 'porygon.rapidash@icbc.com', 'Porygon', 'Rapidash', 'Finance', 1);
INSERT INTO user VALUES (3614, 'VULPIXP.3957', 'poliwhirl.vulpix@icbc.com', 'Poliwhirl', 'Vulpix', 'HR', 1);
INSERT INTO user VALUES (3615, 'GENGARB.4760', 'butterfree.gengar@icbc.com', 'Butterfree', 'Gengar', 'Customer Service', 1);
INSERT INTO user VALUES (3616, 'DITTOV.1188', 'voltorb.ditto236@icbc.com', 'Voltorb', 'Ditto', 'IT', 1);
INSERT INTO user VALUES (3617, 'HAUNTERR.685', 'rhyhorn.haunter@icbc.com', 'Rhyhorn', 'Haunter', 'Customer Service', 1);
INSERT INTO user VALUES (3618, 'MCPOLIWHIRLM.887', 'magnemite.mcpoliwhirl@icbc.com', 'Magnemite', 'McPoliwhirl', 'HR', 1);
INSERT INTO user VALUES (3619, 'EXEGGUTORS.2698', 'starmie.exeggutor@icbc.com', 'Starmie', 'Exeggutor', 'Management', 1);
INSERT INTO user VALUES (3620, 'MUKS.783', 'slowpoke.muk@icbc.com', 'Slowpoke', 'Muk', 'Customer Service', 1);
INSERT INTO user VALUES (3621, 'SLOWPOKES.979', 'spearow.slowpoke@icbc.com', 'Spearow', 'Slowpoke', 'Finance', 1);
INSERT INTO user VALUES (3622, 'DEWGONGN.2618', 'nidoking.dewgong@icbc.com', 'Nidoking', 'Dewgong', 'Finance', 1);
INSERT INTO user VALUES (3623, 'FLAREONK.2331', 'koffing.flareon@icbc.com', 'Koffing', 'Flareon', 'Management', 1);
INSERT INTO user VALUES (3624, 'FLAREONK.47', 'kabuto.flareon@icbc.com', 'Kabuto', 'Flareon', 'HR', 1);
INSERT INTO user VALUES (3625, 'SEELC.3909', 'caterpie.seel@icbc.com', 'Caterpie', 'Seel', 'HR', 1);
INSERT INTO user VALUES (3626, 'CLEFABLEB.974', 'bulbasaur.clefable@icbc.com', 'Bulbasaur', 'Clefable', 'IT', 1);
INSERT INTO user VALUES (3627, 'PIDGEOTS.660', 'sandslash.pidgeot@icbc.com', 'Sandslash', 'Pidgeot', 'Management', 1);
INSERT INTO user VALUES (3628, 'NIDOKINGN.2645', 'ninetales.nidoking237@icbc.com', 'Ninetales', 'Nidoking', 'IT', 1);
INSERT INTO user VALUES (3629, 'BUTTERFREED.4362', 'dratini.butterfree@icbc.com', 'Dratini', 'Butterfree', 'Finance', 1);
INSERT INTO user VALUES (3630, 'MANKEYA.4690', 'aerodactyl.mankey@icbc.com', 'Aerodactyl', 'Mankey', 'Marketing', 1);
INSERT INTO user VALUES (3631, 'JYNXM.18', 'meowth.jynx@icbc.com', 'Meowth', 'Jynx', 'Customer Service', 1);
INSERT INTO user VALUES (3632, 'BEEDRILLH.2844', 'hypno.beedrill@icbc.com', 'Hypno', 'Beedrill', 'Marketing', 1);
INSERT INTO user VALUES (3633, 'SPEAROWR.740', 'raticate.spearow@icbc.com', 'Raticate', 'Spearow', 'Marketing', 1);
INSERT INTO user VALUES (3634, 'METAPODS.4979', 'snorlax.metapod@icbc.com', 'Snorlax', 'Metapod', 'IT', 1);
INSERT INTO user VALUES (3635, 'MACHOPT.1725', 'tentacool.machop@icbc.com', 'Tentacool', 'Machop', 'IT', 1);
INSERT INTO user VALUES (3636, 'VOLTORBZ.458', 'zubat.voltorb@icbc.com', 'Zubat', 'Voltorb', 'Marketing', 1);
INSERT INTO user VALUES (3637, 'NIDORANC.605', 'cubone.nidoran@icbc.com', 'Cubone', 'Nidoran', 'IT', 1);
INSERT INTO user VALUES (3638, 'ELECTABUZZR.3258', 'raticate.electabuzz@icbc.com', 'Raticate', 'Electabuzz', 'IT', 1);
INSERT INTO user VALUES (3639, 'PIKACHUP.3264', 'ponyta.pikachu@icbc.com', 'Ponyta', 'Pikachu', 'Marketing', 1);
INSERT INTO user VALUES (3640, 'LICKITUNGM.1285', 'mew.lickitung@icbc.com', 'Mew', 'Lickitung', 'HR', 1);
INSERT INTO user VALUES (3641, 'GENGARC.4482', 'charmander.gengar@icbc.com', 'Charmander', 'Gengar', 'IT', 1);
INSERT INTO user VALUES (3642, 'BELLSPROUTC.2611', 'chansey.bellsprout@icbc.com', 'Chansey', 'Bellsprout', 'Finance', 1);
INSERT INTO user VALUES (3643, 'VOLTORBT.533', 'tentacool.voltorb@icbc.com', 'Tentacool', 'Voltorb', 'HR', 1);
INSERT INTO user VALUES (3644, 'RAICHUS.910', 'seadra.raichu238@icbc.com', 'Seadra', 'Raichu', 'Marketing', 1);
INSERT INTO user VALUES (3645, 'MAGMARS.4384', 'slowpoke.magmar@icbc.com', 'Slowpoke', 'Magmar', 'IT', 1);
INSERT INTO user VALUES (3646, 'RATTATAB.433', 'bulbasaur.rattata@icbc.com', 'Bulbasaur', 'Rattata', 'Marketing', 1);
INSERT INTO user VALUES (3647, 'MEOWTHB.1514', 'beedrill.meowth@icbc.com', 'Beedrill', 'Meowth', 'IT', 1);
INSERT INTO user VALUES (3648, 'DROWZEEP.204', 'paras.drowzee@icbc.com', 'Paras', 'Drowzee', 'IT', 1);
INSERT INTO user VALUES (3649, 'CUBONEP.99', 'primeape.cubone@icbc.com', 'Primeape', 'Cubone', 'IT', 1);
INSERT INTO user VALUES (3650, 'MUKP.3050', 'pikachu.muk239@icbc.com', 'Pikachu', 'Muk', 'HR', 1);
INSERT INTO user VALUES (3651, 'EEVEED.3278', 'dugtrio.eevee@icbc.com', 'Dugtrio', 'Eevee', 'Customer Service', 1);
INSERT INTO user VALUES (3652, 'GENGARV.4299', 'victreebel.gengar@icbc.com', 'Victreebel', 'Gengar', 'Finance', 1);
INSERT INTO user VALUES (3653, 'KINGLERP.141', 'pinsir.kingler@icbc.com', 'Pinsir', 'Kingler', 'HR', 1);
INSERT INTO user VALUES (3654, 'GLOOMF.4892', 'fearow.gloom240@icbc.com', 'Fearow', 'Gloom', 'Management', 1);
INSERT INTO user VALUES (3655, 'AERODACTYLN.1201', 'nidoran.aerodactyl241@icbc.com', 'Nidoran', 'Aerodactyl', 'Management', 1);
INSERT INTO user VALUES (3656, 'HYPNOD.731', 'dragonair.hypno@icbc.com', 'Dragonair', 'Hypno', 'HR', 1);
INSERT INTO user VALUES (3657, 'DODUOS.3437', 'spearow.doduo@icbc.com', 'Spearow', 'Doduo', 'Finance', 1);
INSERT INTO user VALUES (3658, 'MEWTWOA.2683', 'articuno.mewtwo@icbc.com', 'Articuno', 'Mewtwo', 'Marketing', 1);
INSERT INTO user VALUES (3659, 'DRAGONAIRW.4198', 'weedle.dragonair@icbc.com', 'Weedle', 'Dragonair', 'Management', 1);
INSERT INTO user VALUES (3660, 'HORSEAK.2724', 'koffing.horsea@icbc.com', 'Koffing', 'Horsea', 'Customer Service', 1);
INSERT INTO user VALUES (3661, 'VILEPLUMEG.1375', 'grimer.vileplume242@icbc.com', 'Grimer', 'Vileplume', 'HR', 1);
INSERT INTO user VALUES (3662, 'WARTORTLEA.3909', 'arbok.wartortle@icbc.com', 'Arbok', 'Wartortle', 'Finance', 1);
INSERT INTO user VALUES (3663, 'VENUSAURS.4478', 'slowbro.venusaur@icbc.com', 'Slowbro', 'Venusaur', 'Finance', 1);
INSERT INTO user VALUES (3664, 'PSYDUCKO.3941', 'oddish.psyduck@icbc.com', 'Oddish', 'Psyduck', 'Marketing', 1);
INSERT INTO user VALUES (3665, 'MCRHYHORNP.578', 'primeape.mcrhyhorn@icbc.com', 'Primeape', 'McRhyhorn', 'Customer Service', 1);
INSERT INTO user VALUES (3666, 'KAKUNAL.4808', 'lapras.kakuna@icbc.com', 'Lapras', 'Kakuna', 'Marketing', 1);
INSERT INTO user VALUES (3667, 'GROWLITHEA.838', 'articuno.growlithe243@icbc.com', 'Articuno', 'Growlithe', 'Management', 1);
INSERT INTO user VALUES (3668, 'DROWZEED.4801', 'dugtrio.drowzee@icbc.com', 'Dugtrio', 'Drowzee', 'Finance', 1);
INSERT INTO user VALUES (3669, 'VILEPLUMEC.596', 'charizard.vileplume@icbc.com', 'Charizard', 'Vileplume', 'IT', 1);
INSERT INTO user VALUES (3670, 'DIGLETTE.631', 'eevee.diglett@icbc.com', 'Eevee', 'Diglett', 'Finance', 1);
INSERT INTO user VALUES (3671, 'MCTENTACOOLC.2621', 'charmeleon.mctentacool@icbc.com', 'Charmeleon', 'McTentacool', 'Customer Service', 1);
INSERT INTO user VALUES (3672, 'RATICATEA.2413', 'articuno.raticate@icbc.com', 'Articuno', 'Raticate', 'Finance', 1);
INSERT INTO user VALUES (3673, 'MCNIDORINAC.4630', 'charizard.mcnidorina@icbc.com', 'Charizard', 'McNidorina', 'Finance', 1);
INSERT INTO user VALUES (3674, 'NIDORINOH.4283', 'haunter.nidorino@icbc.com', 'Haunter', 'Nidorino', 'Management', 1);
INSERT INTO user VALUES (3675, 'CHANSEYT.2818', 'tauros.chansey@icbc.com', 'Tauros', 'Chansey', 'Marketing', 1);
INSERT INTO user VALUES (3676, 'KABUTOPSE.734', 'eevee.kabutops@icbc.com', 'Eevee', 'Kabutops', 'Management', 1);
INSERT INTO user VALUES (3677, 'RAPIDASHK.2084', 'kabutops.rapidash@icbc.com', 'Kabutops', 'Rapidash', 'Customer Service', 1);
INSERT INTO user VALUES (3678, 'MAGNEMITEM.1226', 'mewtwo.magnemite@icbc.com', 'Mewtwo', 'Magnemite', 'Management', 1);
INSERT INTO user VALUES (3679, 'GOLDUCKG.490', 'gastly.golduck@icbc.com', 'Gastly', 'Golduck', 'Finance', 1);
INSERT INTO user VALUES (3680, 'GOLDEENK.1360', 'kangaskhan.goldeen@icbc.com', 'Kangaskhan', 'Goldeen', 'HR', 1);
INSERT INTO user VALUES (3681, 'STARYUS.837', 'sandshrew.staryu@icbc.com', 'Sandshrew', 'Staryu', 'HR', 1);
INSERT INTO user VALUES (3682, 'CLOYSTERG.3246', 'grimer.cloyster@icbc.com', 'Grimer', 'Cloyster', 'HR', 1);
INSERT INTO user VALUES (3683, 'MR. MIMEH.835', 'hitmonchan.mr. mime244@icbc.com', 'Hitmonchan', 'Mr. Mime', 'Customer Service', 1);
INSERT INTO user VALUES (3684, 'GRIMERG.4678', 'geodude.grimer@icbc.com', 'Geodude', 'Grimer', 'Finance', 1);
INSERT INTO user VALUES (3685, 'MCMOLTRESC.164', 'clefairy.mcmoltres@icbc.com', 'Clefairy', 'McMoltres', 'Finance', 1);
INSERT INTO user VALUES (3686, 'MANKEYJ.174', 'jynx.mankey@icbc.com', 'Jynx', 'Mankey', 'HR', 1);
INSERT INTO user VALUES (3687, 'MCTENTACRUELS.4797', 'sandslash.mctentacruel@icbc.com', 'Sandslash', 'McTentacruel', 'Marketing', 1);
INSERT INTO user VALUES (3688, 'ZUBATG.1874', 'gastly.zubat@icbc.com', 'Gastly', 'Zubat', 'HR', 1);
INSERT INTO user VALUES (3689, 'TENTACOOLA.1638', 'abra.tentacool@icbc.com', 'Abra', 'Tentacool', 'Finance', 1);
INSERT INTO user VALUES (3690, 'MCEXEGGUTORE.1209', 'electrode.mcexeggutor@icbc.com', 'Electrode', 'McExeggutor', 'Management', 1);
INSERT INTO user VALUES (3691, 'CATERPIES.2691', 'scyther.caterpie@icbc.com', 'Scyther', 'Caterpie', 'Customer Service', 1);
INSERT INTO user VALUES (3692, 'POLIWHIRLD.594', 'dratini.poliwhirl@icbc.com', 'Dratini', 'Poliwhirl', 'Customer Service', 1);
INSERT INTO user VALUES (3693, 'HYPNOM.3806', 'meowth.hypno@icbc.com', 'Meowth', 'Hypno', 'IT', 1);
INSERT INTO user VALUES (3694, 'RATTATAS.3313', 'sandslash.rattata@icbc.com', 'Sandslash', 'Rattata', 'Customer Service', 1);
INSERT INTO user VALUES (3695, 'RHYHORNM.609', 'magnemite.rhyhorn@icbc.com', 'Magnemite', 'Rhyhorn', 'Customer Service', 1);
INSERT INTO user VALUES (3696, 'MCMAGNEMITED.3753', 'drowzee.mcmagnemite@icbc.com', 'Drowzee', 'McMagnemite', 'Finance', 1);
INSERT INTO user VALUES (3697, 'HAUNTERT.4504', 'tangela.haunter@icbc.com', 'Tangela', 'Haunter', 'Management', 1);
INSERT INTO user VALUES (3698, 'FEAROWC.2411', 'cloyster.fearow@icbc.com', 'Cloyster', 'Fearow', 'Finance', 1);
INSERT INTO user VALUES (3699, 'RATTATAG.1876', 'golbat.rattata@icbc.com', 'Golbat', 'Rattata', 'Customer Service', 1);
INSERT INTO user VALUES (3700, 'GOLBATE.847', 'exeggutor.golbat@icbc.com', 'Exeggutor', 'Golbat', 'Management', 1);
INSERT INTO user VALUES (3701, 'CHARMANDERC.2320', 'clefairy.charmander@icbc.com', 'Clefairy', 'Charmander', 'IT', 1);
INSERT INTO user VALUES (3702, 'AERODACTYLO.2706', 'omanyte.aerodactyl@icbc.com', 'Omanyte', 'Aerodactyl', 'Marketing', 1);
INSERT INTO user VALUES (3703, 'MCPRIMEAPEO.4228', 'oddish.mcprimeape@icbc.com', 'Oddish', 'McPrimeape', 'Finance', 1);
INSERT INTO user VALUES (3704, 'PIDGEYT.1289', 'tauros.pidgey@icbc.com', 'Tauros', 'Pidgey', 'Management', 1);
INSERT INTO user VALUES (3705, 'KRABBYS.3797', 'slowpoke.krabby245@icbc.com', 'Slowpoke', 'Krabby', 'Finance', 1);
INSERT INTO user VALUES (3706, 'SEELC.176', 'cloyster.seel@icbc.com', 'Cloyster', 'Seel', 'Customer Service', 1);
INSERT INTO user VALUES (3707, 'FLAREONF.1177', 'flareon.flareon@icbc.com', 'Flareon', 'Flareon', 'HR', 1);
INSERT INTO user VALUES (3708, 'PERSIANS.1141', 'scyther.persian@icbc.com', 'Scyther', 'Persian', 'HR', 1);
INSERT INTO user VALUES (3709, 'SNORLAXP.3821', 'ponyta.snorlax@icbc.com', 'Ponyta', 'Snorlax', 'IT', 1);
INSERT INTO user VALUES (3710, 'NIDORINAV.4173', 'venonat.nidorina@icbc.com', 'Venonat', 'Nidorina', 'Customer Service', 1);
INSERT INTO user VALUES (3711, 'EXEGGUTORH.3190', 'haunter.exeggutor@icbc.com', 'Haunter', 'Exeggutor', 'Finance', 1);
INSERT INTO user VALUES (3712, 'PORYGONE.3845', 'exeggcute.porygon@icbc.com', 'Exeggcute', 'Porygon', 'Finance', 1);
INSERT INTO user VALUES (3713, 'STARYUC.483', 'caterpie.staryu@icbc.com', 'Caterpie', 'Staryu', 'HR', 1);
INSERT INTO user VALUES (3714, 'GASTLYP.2948', 'paras.gastly@icbc.com', 'Paras', 'Gastly', 'IT', 1);
INSERT INTO user VALUES (3715, 'SANDSLASHP.1450', 'pidgey.sandslash@icbc.com', 'Pidgey', 'Sandslash', 'Finance', 1);
INSERT INTO user VALUES (3716, 'PARASECTD.156', 'dragonair.parasect@icbc.com', 'Dragonair', 'Parasect', 'HR', 1);
INSERT INTO user VALUES (3717, 'MCRAICHUD.4782', 'dragonair.mcraichu@icbc.com', 'Dragonair', 'McRaichu', 'Finance', 1);
INSERT INTO user VALUES (3718, 'MAGMARS.2483', 'seadra.magmar@icbc.com', 'Seadra', 'Magmar', 'Finance', 1);
INSERT INTO user VALUES (3719, 'ABRAG.3050', 'grimer.abra@icbc.com', 'Grimer', 'Abra', 'Marketing', 1);
INSERT INTO user VALUES (3720, 'ARBOKS.444', 'seel.arbok@icbc.com', 'Seel', 'Arbok', 'Marketing', 1);
INSERT INTO user VALUES (3721, 'ODDISHM.1757', 'meowth.oddish@icbc.com', 'Meowth', 'Oddish', 'HR', 1);
INSERT INTO user VALUES (3722, 'DRAGONITEM.408', 'mr. mime.dragonite@icbc.com', 'Mr. Mime', 'Dragonite', 'Management', 1);
INSERT INTO user VALUES (3723, 'MAGIKARPH.3082', 'horsea.magikarp@icbc.com', 'Horsea', 'Magikarp', 'Management', 1);
INSERT INTO user VALUES (3724, 'KADABRAM.3933', 'moltres.kadabra@icbc.com', 'Moltres', 'Kadabra', 'IT', 1);
INSERT INTO user VALUES (3725, 'DRAGONAIRC.3858', 'charizard.dragonair@icbc.com', 'Charizard', 'Dragonair', 'Finance', 1);
INSERT INTO user VALUES (3726, 'MEOWTHG.4390', 'geodude.meowth@icbc.com', 'Geodude', 'Meowth', 'Customer Service', 1);
INSERT INTO user VALUES (3727, 'SNORLAXP.4879', 'porygon.snorlax246@icbc.com', 'Porygon', 'Snorlax', 'IT', 1);
INSERT INTO user VALUES (3728, 'LICKITUNGP.676', 'pinsir.lickitung@icbc.com', 'Pinsir', 'Lickitung', 'Customer Service', 1);
INSERT INTO user VALUES (3729, 'MCRAPIDASHV.3001', 'victreebel.mcrapidash@icbc.com', 'Victreebel', 'McRapidash', 'Finance', 1);
INSERT INTO user VALUES (3730, 'STARMIEC.4580', 'chansey.starmie@icbc.com', 'Chansey', 'Starmie', 'Customer Service', 1);
INSERT INTO user VALUES (3731, 'MCMEWTWOS.3923', 'seel.mcmewtwo@icbc.com', 'Seel', 'McMewtwo', 'Finance', 1);
INSERT INTO user VALUES (3732, 'EXEGGUTORR.2296', 'raichu.exeggutor@icbc.com', 'Raichu', 'Exeggutor', 'Marketing', 1);
INSERT INTO user VALUES (3733, 'STARMIEC.4469', 'cubone.starmie@icbc.com', 'Cubone', 'Starmie', 'Customer Service', 1);
INSERT INTO user VALUES (3734, 'PARASW.1826', 'weedle.paras@icbc.com', 'Weedle', 'Paras', 'Marketing', 1);
INSERT INTO user VALUES (3735, 'MAGIKARPW.4254', 'weedle.magikarp@icbc.com', 'Weedle', 'Magikarp', 'Management', 1);
INSERT INTO user VALUES (3736, 'CUBONEZ.590', 'zapdos.cubone@icbc.com', 'Zapdos', 'Cubone', 'HR', 1);
INSERT INTO user VALUES (3737, 'KABUTOPSR.4784', 'raichu.kabutops@icbc.com', 'Raichu', 'Kabutops', 'Finance', 1);
INSERT INTO user VALUES (3738, 'LAPRASG.2648', 'gastly.lapras@icbc.com', 'Gastly', 'Lapras', 'Customer Service', 1);
INSERT INTO user VALUES (3739, 'MCPOLIWHIRLP.441', 'ponyta.mcpoliwhirl@icbc.com', 'Ponyta', 'McPoliwhirl', 'IT', 1);
INSERT INTO user VALUES (3740, 'MAGMARN.4748', 'nidorino.magmar@icbc.com', 'Nidorino', 'Magmar', 'IT', 1);
INSERT INTO user VALUES (3741, 'WIGGLYTUFFS.2602', 'seaking.wigglytuff@icbc.com', 'Seaking', 'Wigglytuff', 'Finance', 1);
INSERT INTO user VALUES (3742, 'VAPOREONO.3941', 'oddish.vaporeon@icbc.com', 'Oddish', 'Vaporeon', 'Customer Service', 1);
INSERT INTO user VALUES (3743, 'MCDROWZEES.953', 'seel.mcdrowzee@icbc.com', 'Seel', 'McDrowzee', 'IT', 1);
INSERT INTO user VALUES (3744, 'PORYGONB.2394', 'butterfree.porygon@icbc.com', 'Butterfree', 'Porygon', 'IT', 1);
INSERT INTO user VALUES (3745, 'VENUSAURG.2591', 'grimer.venusaur247@icbc.com', 'Grimer', 'Venusaur', 'Marketing', 1);
INSERT INTO user VALUES (3746, 'FARFETCHDM.4055', 'machop.farfetchd248@icbc.com', 'Machop', 'Farfetchd', 'IT', 1);
INSERT INTO user VALUES (3747, 'CHANSEYS.2410', 'slowbro.chansey@icbc.com', 'Slowbro', 'Chansey', 'Management', 1);
INSERT INTO user VALUES (3748, 'ODDISHE.3115', 'exeggcute.oddish@icbc.com', 'Exeggcute', 'Oddish', 'Finance', 1);
INSERT INTO user VALUES (3749, 'FEAROWN.4312', 'nidoran.fearow@icbc.com', 'Nidoran', 'Fearow', 'Management', 1);
INSERT INTO user VALUES (3750, 'RAICHUG.1127', 'gloom.raichu@icbc.com', 'Gloom', 'Raichu', 'Marketing', 1);
INSERT INTO user VALUES (3751, 'VILEPLUMEG.1656', 'gengar.vileplume@icbc.com', 'Gengar', 'Vileplume', 'Customer Service', 1);
INSERT INTO user VALUES (3752, 'MOLTRESM.4326', 'metapod.moltres@icbc.com', 'Metapod', 'Moltres', 'Customer Service', 1);
INSERT INTO user VALUES (3753, 'SCYTHERG.1896', 'gengar.scyther@icbc.com', 'Gengar', 'Scyther', 'Marketing', 1);
INSERT INTO user VALUES (3754, 'ELECTRODEC.4171', 'charmander.electrode@icbc.com', 'Charmander', 'Electrode', 'HR', 1);
INSERT INTO user VALUES (3755, 'DIGLETTO.2227', 'oddish.diglett@icbc.com', 'Oddish', 'Diglett', 'Management', 1);
INSERT INTO user VALUES (3756, 'MCMEOWTHR.4506', 'rattata.mcmeowth@icbc.com', 'Rattata', 'McMeowth', 'IT', 1);
INSERT INTO user VALUES (3757, 'VENOMOTHV.2352', 'vaporeon.venomoth@icbc.com', 'Vaporeon', 'Venomoth', 'Customer Service', 1);
INSERT INTO user VALUES (3758, 'ELECTRODEZ.3606', 'zubat.electrode@icbc.com', 'Zubat', 'Electrode', 'Management', 1);
INSERT INTO user VALUES (3759, 'PIDGEYS.1741', 'seadra.pidgey@icbc.com', 'Seadra', 'Pidgey', 'Management', 1);
INSERT INTO user VALUES (3760, 'BUTTERFREEP.1584', 'primeape.butterfree@icbc.com', 'Primeape', 'Butterfree', 'Finance', 1);
INSERT INTO user VALUES (3761, 'NIDORINAG.1757', 'geodude.nidorina@icbc.com', 'Geodude', 'Nidorina', 'Customer Service', 1);
INSERT INTO user VALUES (3762, 'GRIMERV.899', 'venusaur.grimer@icbc.com', 'Venusaur', 'Grimer', 'Customer Service', 1);
INSERT INTO user VALUES (3763, 'MACHAMPV.1225', 'vulpix.machamp@icbc.com', 'Vulpix', 'Machamp', 'IT', 1);
INSERT INTO user VALUES (3764, 'MAGNETONP.3847', 'pinsir.magneton@icbc.com', 'Pinsir', 'Magneton', 'Marketing', 1);
INSERT INTO user VALUES (3765, 'TENTACRUELZ.1116', 'zapdos.tentacruel249@icbc.com', 'Zapdos', 'Tentacruel', 'Management', 1);
INSERT INTO user VALUES (3766, 'FEAROWR.3450', 'rhydon.fearow@icbc.com', 'Rhydon', 'Fearow', 'Marketing', 1);
INSERT INTO user VALUES (3767, 'DIGLETTO.948', 'omanyte.diglett@icbc.com', 'Omanyte', 'Diglett', 'HR', 1);
INSERT INTO user VALUES (3768, 'MOLTRESW.3955', 'wartortle.moltres250@icbc.com', 'Wartortle', 'Moltres', 'Management', 1);
INSERT INTO user VALUES (3769, 'SPEAROWV.2658', 'victreebel.spearow251@icbc.com', 'Victreebel', 'Spearow', 'IT', 1);
INSERT INTO user VALUES (3770, 'MCRATICATEZ.2601', 'zubat.mcraticate@icbc.com', 'Zubat', 'McRaticate', 'HR', 1);
INSERT INTO user VALUES (3771, 'DRATINIC.2299', 'charmeleon.dratini252@icbc.com', 'Charmeleon', 'Dratini', 'HR', 1);
INSERT INTO user VALUES (3772, 'WIGGLYTUFFK.3431', 'kabuto.wigglytuff@icbc.com', 'Kabuto', 'Wigglytuff', 'IT', 1);
INSERT INTO user VALUES (3773, 'DITTOS.4808', 'spearow.ditto@icbc.com', 'Spearow', 'Ditto', 'Management', 1);
INSERT INTO user VALUES (3774, 'KOFFINGN.2821', 'nidorina.koffing@icbc.com', 'Nidorina', 'Koffing', 'Finance', 1);
INSERT INTO user VALUES (3775, 'VENONATN.190', 'nidoran.venonat@icbc.com', 'Nidoran', 'Venonat', 'Finance', 1);
INSERT INTO user VALUES (3776, 'ZAPDOSD.726', 'doduo.zapdos@icbc.com', 'Doduo', 'Zapdos', 'Customer Service', 1);
INSERT INTO user VALUES (3777, 'MCTANGELAM.3487', 'muk.mctangela@icbc.com', 'Muk', 'McTangela', 'Customer Service', 1);
INSERT INTO user VALUES (3778, 'MCPIDGEOTN.2233', 'nidoran.mcpidgeot@icbc.com', 'Nidoran', 'McPidgeot', 'IT', 1);
INSERT INTO user VALUES (3779, 'PARASECTV.2111', 'vaporeon.parasect@icbc.com', 'Vaporeon', 'Parasect', 'HR', 1);
INSERT INTO user VALUES (3780, 'KRABBYN.2160', 'nidorina.krabby@icbc.com', 'Nidorina', 'Krabby', 'IT', 1);
INSERT INTO user VALUES (3781, 'MAGMARS.1096', 'starmie.magmar@icbc.com', 'Starmie', 'Magmar', 'Customer Service', 1);
INSERT INTO user VALUES (3782, 'NIDORINOF.3805', 'fearow.nidorino@icbc.com', 'Fearow', 'Nidorino', 'HR', 1);
INSERT INTO user VALUES (3783, 'EXEGGUTORG.2926', 'gastly.exeggutor253@icbc.com', 'Gastly', 'Exeggutor', 'HR', 1);
INSERT INTO user VALUES (3784, 'VILEPLUMEL.2289', 'lickitung.vileplume@icbc.com', 'Lickitung', 'Vileplume', 'IT', 1);
INSERT INTO user VALUES (3785, 'LICKITUNGA.2669', 'arbok.lickitung@icbc.com', 'Arbok', 'Lickitung', 'Marketing', 1);
INSERT INTO user VALUES (3786, 'PERSIAND.1426', 'dewgong.persian254@icbc.com', 'Dewgong', 'Persian', 'Marketing', 1);
INSERT INTO user VALUES (3787, 'MCPOLIWHIRLC.265', 'charizard.mcpoliwhirl@icbc.com', 'Charizard', 'McPoliwhirl', 'HR', 1);
INSERT INTO user VALUES (3788, 'ODDISHD.1241', 'dodrio.oddish@icbc.com', 'Dodrio', 'Oddish', 'HR', 1);
INSERT INTO user VALUES (3789, 'MEWTWOC.3421', 'cloyster.mewtwo@icbc.com', 'Cloyster', 'Mewtwo', 'HR', 1);
INSERT INTO user VALUES (3790, 'POLIWRATHE.24', 'electabuzz.poliwrath@icbc.com', 'Electabuzz', 'Poliwrath', 'HR', 1);
INSERT INTO user VALUES (3791, 'STARYUV.1699', 'vileplume.staryu255@icbc.com', 'Vileplume', 'Staryu', 'HR', 1);
INSERT INTO user VALUES (3792, 'NIDORINOR.3341', 'raichu.nidorino@icbc.com', 'Raichu', 'Nidorino', 'Management', 1);
INSERT INTO user VALUES (3793, 'VENONATR.1490', 'rapidash.venonat@icbc.com', 'Rapidash', 'Venonat', 'Marketing', 1);
INSERT INTO user VALUES (3794, 'NINETALESG.4052', 'golduck.ninetales@icbc.com', 'Golduck', 'Ninetales', 'Finance', 1);
INSERT INTO user VALUES (3795, 'GROWLITHEN.2852', 'nidorino.growlithe@icbc.com', 'Nidorino', 'Growlithe', 'Marketing', 1);
INSERT INTO user VALUES (3796, 'DIGLETTG.4609', 'gengar.diglett@icbc.com', 'Gengar', 'Diglett', 'HR', 1);
INSERT INTO user VALUES (3797, 'CHANSEYC.1180', 'charizard.chansey@icbc.com', 'Charizard', 'Chansey', 'Customer Service', 1);
INSERT INTO user VALUES (3798, 'DODRIOR.1087', 'raticate.dodrio@icbc.com', 'Raticate', 'Dodrio', 'HR', 1);
INSERT INTO user VALUES (3799, 'PRIMEAPEP.880', 'pidgeot.primeape256@icbc.com', 'Pidgeot', 'Primeape', 'Management', 1);
INSERT INTO user VALUES (3800, 'RATICATEN.3818', 'ninetales.raticate@icbc.com', 'Ninetales', 'Raticate', 'Finance', 1);
INSERT INTO user VALUES (3801, 'BUTTERFREEA.1587', 'aerodactyl.butterfree@icbc.com', 'Aerodactyl', 'Butterfree', 'IT', 1);
INSERT INTO user VALUES (3802, 'MAGNEMITED.2181', 'dragonair.magnemite@icbc.com', 'Dragonair', 'Magnemite', 'Marketing', 1);
INSERT INTO user VALUES (3803, 'HAUNTERI.4017', 'ivysaur.haunter@icbc.com', 'Ivysaur', 'Haunter', 'Customer Service', 1);
INSERT INTO user VALUES (3804, 'PIDGEYJ.4331', 'jigglypuff.pidgey@icbc.com', 'Jigglypuff', 'Pidgey', 'Customer Service', 1);
INSERT INTO user VALUES (3805, 'SLOWBROJ.2593', 'jynx.slowbro@icbc.com', 'Jynx', 'Slowbro', 'Customer Service', 1);
INSERT INTO user VALUES (3806, 'POLIWRATHG.3519', 'gastly.poliwrath@icbc.com', 'Gastly', 'Poliwrath', 'Marketing', 1);
INSERT INTO user VALUES (3807, 'ELECTRODEP.4937', 'poliwrath.electrode@icbc.com', 'Poliwrath', 'Electrode', 'Marketing', 1);
INSERT INTO user VALUES (3808, 'MUKS.2394', 'starmie.muk@icbc.com', 'Starmie', 'Muk', 'Customer Service', 1);
INSERT INTO user VALUES (3809, 'NIDORINOG.1102', 'graveler.nidorino257@icbc.com', 'Graveler', 'Nidorino', 'Finance', 1);
INSERT INTO user VALUES (3810, 'MEWTWOT.3359', 'tentacool.mewtwo@icbc.com', 'Tentacool', 'Mewtwo', 'Customer Service', 1);
INSERT INTO user VALUES (3811, 'DRATINIE.4734', 'electrode.dratini@icbc.com', 'Electrode', 'Dratini', 'IT', 1);
INSERT INTO user VALUES (3812, 'ZAPDOSK.3663', 'kabutops.zapdos258@icbc.com', 'Kabutops', 'Zapdos', 'Finance', 1);
INSERT INTO user VALUES (3813, 'SANDSLASHD.3504', 'diglett.sandslash@icbc.com', 'Diglett', 'Sandslash', 'Marketing', 1);
INSERT INTO user VALUES (3814, 'NIDOKINGG.2690', 'geodude.nidoking@icbc.com', 'Geodude', 'Nidoking', 'Customer Service', 1);
INSERT INTO user VALUES (3815, 'FLAREONM.1762', 'mewtwo.flareon@icbc.com', 'Mewtwo', 'Flareon', 'HR', 1);
INSERT INTO user VALUES (3816, 'KINGLERA.964', 'articuno.kingler@icbc.com', 'Articuno', 'Kingler', 'Marketing', 1);
INSERT INTO user VALUES (3817, 'DODUOD.2823', 'diglett.doduo@icbc.com', 'Diglett', 'Doduo', 'Management', 1);
INSERT INTO user VALUES (3818, 'GOLDEENM.2018', 'magneton.goldeen@icbc.com', 'Magneton', 'Goldeen', 'Finance', 1);
INSERT INTO user VALUES (3819, 'DEWGONGT.4487', 'tangela.dewgong@icbc.com', 'Tangela', 'Dewgong', 'Customer Service', 1);
INSERT INTO user VALUES (3820, 'AERODACTYLP.2844', 'pikachu.aerodactyl259@icbc.com', 'Pikachu', 'Aerodactyl', 'IT', 1);
INSERT INTO user VALUES (3821, 'DRATINIK.2668', 'kingler.dratini@icbc.com', 'Kingler', 'Dratini', 'Management', 1);
INSERT INTO user VALUES (3822, 'NIDOQUEENM.3096', 'mew.nidoqueen@icbc.com', 'Mew', 'Nidoqueen', 'Customer Service', 1);
INSERT INTO user VALUES (3823, 'CLOYSTERA.3458', 'alakazam.cloyster260@icbc.com', 'Alakazam', 'Cloyster', 'IT', 1);
INSERT INTO user VALUES (3824, 'PIKACHUA.1328', 'articuno.pikachu@icbc.com', 'Articuno', 'Pikachu', 'Management', 1);
INSERT INTO user VALUES (3825, 'VENOMOTHM.1753', 'mankey.venomoth@icbc.com', 'Mankey', 'Venomoth', 'HR', 1);
INSERT INTO user VALUES (3826, 'CHARMANDERO.4878', 'onix.charmander@icbc.com', 'Onix', 'Charmander', 'Customer Service', 1);
INSERT INTO user VALUES (3827, 'MOLTRESJ.1986', 'jolteon.moltres@icbc.com', 'Jolteon', 'Moltres', 'Management', 1);
INSERT INTO user VALUES (3828, 'ALAKAZAMV.3045', 'vulpix.alakazam261@icbc.com', 'Vulpix', 'Alakazam', 'IT', 1);
INSERT INTO user VALUES (3829, 'TENTACRUELO.3652', 'omastar.tentacruel@icbc.com', 'Omastar', 'Tentacruel', 'Finance', 1);
INSERT INTO user VALUES (3830, 'MCRAICHUN.4956', 'nidoking.mcraichu@icbc.com', 'Nidoking', 'McRaichu', 'IT', 1);
INSERT INTO user VALUES (3831, 'FEAROWS.4332', 'seaking.fearow@icbc.com', 'Seaking', 'Fearow', 'Marketing', 1);
INSERT INTO user VALUES (3832, 'SEADRAL.19', 'lickitung.seadra@icbc.com', 'Lickitung', 'Seadra', 'HR', 1);
INSERT INTO user VALUES (3833, 'KANGASKHANT.823', 'tentacool.kangaskhan@icbc.com', 'Tentacool', 'Kangaskhan', 'Customer Service', 1);
INSERT INTO user VALUES (3834, 'FARFETCHDP.2058', 'poliwhirl.farfetchd@icbc.com', 'Poliwhirl', 'Farfetchd', 'IT', 1);
INSERT INTO user VALUES (3835, 'MCDODRIOA.1260', 'arbok.mcdodrio@icbc.com', 'Arbok', 'McDodrio', 'Management', 1);
INSERT INTO user VALUES (3836, 'CHARMELEONT.701', 'tauros.charmeleon@icbc.com', 'Tauros', 'Charmeleon', 'Finance', 1);
INSERT INTO user VALUES (3837, 'VAPOREONK.3313', 'kakuna.vaporeon@icbc.com', 'Kakuna', 'Vaporeon', 'Customer Service', 1);
INSERT INTO user VALUES (3838, 'MEWTWOS.1423', 'seel.mewtwo@icbc.com', 'Seel', 'Mewtwo', 'Customer Service', 1);
INSERT INTO user VALUES (3839, 'GOLDEENK.4844', 'kadabra.goldeen@icbc.com', 'Kadabra', 'Goldeen', 'Marketing', 1);
INSERT INTO user VALUES (3840, 'NIDOKINGE.4767', 'exeggcute.nidoking@icbc.com', 'Exeggcute', 'Nidoking', 'Finance', 1);
INSERT INTO user VALUES (3841, 'DUGTRIOV.1812', 'vulpix.dugtrio@icbc.com', 'Vulpix', 'Dugtrio', 'IT', 1);
INSERT INTO user VALUES (3842, 'KOFFINGB.767', 'butterfree.koffing@icbc.com', 'Butterfree', 'Koffing', 'Customer Service', 1);
INSERT INTO user VALUES (3843, 'MUKR.1148', 'raticate.muk@icbc.com', 'Raticate', 'Muk', 'HR', 1);
INSERT INTO user VALUES (3844, 'KOFFINGJ.4035', 'jigglypuff.koffing@icbc.com', 'Jigglypuff', 'Koffing', 'Customer Service', 1);
INSERT INTO user VALUES (3845, 'HYPNON.2809', 'ninetales.hypno@icbc.com', 'Ninetales', 'Hypno', 'HR', 1);
INSERT INTO user VALUES (3846, 'MOLTRESG.1258', 'golduck.moltres@icbc.com', 'Golduck', 'Moltres', 'Finance', 1);
INSERT INTO user VALUES (3847, 'KADABRAE.817', 'electabuzz.kadabra@icbc.com', 'Electabuzz', 'Kadabra', 'Finance', 1);
INSERT INTO user VALUES (3848, 'GOLBATL.3242', 'lapras.golbat@icbc.com', 'Lapras', 'Golbat', 'Management', 1);
INSERT INTO user VALUES (3849, 'OMASTARD.15', 'dratini.omastar@icbc.com', 'Dratini', 'Omastar', 'Marketing', 1);
INSERT INTO user VALUES (3850, 'PERSIANP.3564', 'pidgeot.persian@icbc.com', 'Pidgeot', 'Persian', 'Management', 1);
INSERT INTO user VALUES (3851, 'WEEDLEM.80', 'mew.weedle@icbc.com', 'Mew', 'Weedle', 'Marketing', 1);
INSERT INTO user VALUES (3852, 'WEEDLEK.4357', 'kingler.weedle@icbc.com', 'Kingler', 'Weedle', 'Management', 1);
INSERT INTO user VALUES (3853, 'MCGOLEMR.1108', 'raticate.mcgolem@icbc.com', 'Raticate', 'McGolem', 'Finance', 1);
INSERT INTO user VALUES (3854, 'JYNXV.2933', 'venonat.jynx@icbc.com', 'Venonat', 'Jynx', 'Marketing', 1);
INSERT INTO user VALUES (3855, 'MR. MIMEG.3173', 'grimer.mr. mime@icbc.com', 'Grimer', 'Mr. Mime', 'Management', 1);
INSERT INTO user VALUES (3856, 'ABRAS.3518', 'seadra.abra@icbc.com', 'Seadra', 'Abra', 'Marketing', 1);
INSERT INTO user VALUES (3857, 'MCLICKITUNGG.2981', 'goldeen.mclickitung@icbc.com', 'Goldeen', 'McLickitung', 'Management', 1);
INSERT INTO user VALUES (3858, 'NIDORINAM.4623', 'moltres.nidorina@icbc.com', 'Moltres', 'Nidorina', 'Customer Service', 1);
INSERT INTO user VALUES (3859, 'NIDOKINGO.1038', 'omanyte.nidoking@icbc.com', 'Omanyte', 'Nidoking', 'Management', 1);
INSERT INTO user VALUES (3860, 'STARYUJ.3975', 'jolteon.staryu@icbc.com', 'Jolteon', 'Staryu', 'Management', 1);
INSERT INTO user VALUES (3861, 'GENGARS.4040', 'starmie.gengar@icbc.com', 'Starmie', 'Gengar', 'HR', 1);
INSERT INTO user VALUES (3862, 'GEODUDEV.1747', 'venonat.geodude@icbc.com', 'Venonat', 'Geodude', 'Finance', 1);
INSERT INTO user VALUES (3863, 'FARFETCHDF.549', 'flareon.farfetchd@icbc.com', 'Flareon', 'Farfetchd', 'HR', 1);
INSERT INTO user VALUES (3864, 'SANDSLASHC.937', 'charmander.sandslash@icbc.com', 'Charmander', 'Sandslash', 'IT', 1);
INSERT INTO user VALUES (3865, 'MEWTWOT.2051', 'tauros.mewtwo@icbc.com', 'Tauros', 'Mewtwo', 'IT', 1);
INSERT INTO user VALUES (3866, 'DIGLETTE.3805', 'ekans.diglett@icbc.com', 'Ekans', 'Diglett', 'Management', 1);
INSERT INTO user VALUES (3867, 'MR. MIMEM.3356', 'machop.mr. mime@icbc.com', 'Machop', 'Mr. Mime', 'HR', 1);
INSERT INTO user VALUES (3868, 'SANDSLASHP.4222', 'pidgey.sandslash262@icbc.com', 'Pidgey', 'Sandslash', 'Customer Service', 1);
INSERT INTO user VALUES (3869, 'PARASECTK.645', 'koffing.parasect@icbc.com', 'Koffing', 'Parasect', 'Customer Service', 1);
INSERT INTO user VALUES (3870, 'RATTATAH.4853', 'hypno.rattata@icbc.com', 'Hypno', 'Rattata', 'Management', 1);
INSERT INTO user VALUES (3871, 'MCKABUTOT.3428', 'tauros.mckabuto@icbc.com', 'Tauros', 'McKabuto', 'Finance', 1);
INSERT INTO user VALUES (3872, 'SANDSHREWV.108', 'venomoth.sandshrew@icbc.com', 'Venomoth', 'Sandshrew', 'Customer Service', 1);
INSERT INTO user VALUES (3873, 'MAGIKARPP.265', 'porygon.magikarp@icbc.com', 'Porygon', 'Magikarp', 'Finance', 1);
INSERT INTO user VALUES (3874, 'SQUIRTLEG.2600', 'golbat.squirtle263@icbc.com', 'Golbat', 'Squirtle', 'IT', 1);
INSERT INTO user VALUES (3875, 'CHANSEYD.124', 'ditto.chansey@icbc.com', 'Ditto', 'Chansey', 'IT', 1);
INSERT INTO user VALUES (3876, 'CUBONEB.1173', 'bulbasaur.cubone@icbc.com', 'Bulbasaur', 'Cubone', 'Management', 1);
INSERT INTO user VALUES (3877, 'MR. MIMES.3734', 'starmie.mr. mime264@icbc.com', 'Starmie', 'Mr. Mime', 'Customer Service', 1);
INSERT INTO user VALUES (3878, 'CHANSEYK.562', 'krabby.chansey@icbc.com', 'Krabby', 'Chansey', 'Finance', 1);
INSERT INTO user VALUES (3879, 'MCDUGTRIOT.3684', 'tentacool.mcdugtrio@icbc.com', 'Tentacool', 'McDugtrio', 'Finance', 1);
INSERT INTO user VALUES (3880, 'VENOMOTHK.3384', 'kingler.venomoth@icbc.com', 'Kingler', 'Venomoth', 'HR', 1);
INSERT INTO user VALUES (3881, 'PIKACHUE.1151', 'ekans.pikachu265@icbc.com', 'Ekans', 'Pikachu', 'Finance', 1);
INSERT INTO user VALUES (3882, 'MCGRIMERG.2011', 'gloom.mcgrimer@icbc.com', 'Gloom', 'McGrimer', 'HR', 1);
INSERT INTO user VALUES (3883, 'MACHOPM.528', 'magmar.machop@icbc.com', 'Magmar', 'Machop', 'Marketing', 1);
INSERT INTO user VALUES (3884, 'SANDSLASHL.1937', 'lickitung.sandslash@icbc.com', 'Lickitung', 'Sandslash', 'Finance', 1);
INSERT INTO user VALUES (3885, 'MACHOPP.1541', 'pikachu.machop266@icbc.com', 'Pikachu', 'Machop', 'IT', 1);
INSERT INTO user VALUES (3886, 'CLOYSTERG.4963', 'gengar.cloyster@icbc.com', 'Gengar', 'Cloyster', 'Finance', 1);
INSERT INTO user VALUES (3887, 'WEEZINGC.1686', 'charmeleon.weezing@icbc.com', 'Charmeleon', 'Weezing', 'Customer Service', 1);
INSERT INTO user VALUES (3888, 'SNORLAXM.4263', 'mew.snorlax@icbc.com', 'Mew', 'Snorlax', 'HR', 1);
INSERT INTO user VALUES (3889, 'CLOYSTERM.3458', 'magneton.cloyster@icbc.com', 'Magneton', 'Cloyster', 'HR', 1);
INSERT INTO user VALUES (3890, 'PARASECTP.771', 'parasect.parasect@icbc.com', 'Parasect', 'Parasect', 'Customer Service', 1);
INSERT INTO user VALUES (3891, 'HITMONLEED.4600', 'dewgong.hitmonlee@icbc.com', 'Dewgong', 'Hitmonlee', 'Finance', 1);
INSERT INTO user VALUES (3892, 'CLEFABLEN.2179', 'nidoran.clefable@icbc.com', 'Nidoran', 'Clefable', 'HR', 1);
INSERT INTO user VALUES (3893, 'TANGELAT.930', 'tangela.tangela@icbc.com', 'Tangela', 'Tangela', 'HR', 1);
INSERT INTO user VALUES (3894, 'KADABRAM.4537', 'muk.kadabra@icbc.com', 'Muk', 'Kadabra', 'IT', 1);
INSERT INTO user VALUES (3895, 'MAGNEMITES.4305', 'snorlax.magnemite@icbc.com', 'Snorlax', 'Magnemite', 'HR', 1);
INSERT INTO user VALUES (3896, 'GRIMERV.3545', 'voltorb.grimer@icbc.com', 'Voltorb', 'Grimer', 'Management', 1);
INSERT INTO user VALUES (3897, 'HYPNOR.2851', 'rhydon.hypno267@icbc.com', 'Rhydon', 'Hypno', 'Marketing', 1);
INSERT INTO user VALUES (3898, 'SANDSLASHS.4110', 'staryu.sandslash@icbc.com', 'Staryu', 'Sandslash', 'Customer Service', 1);
INSERT INTO user VALUES (3899, 'PINSIRK.3009', 'koffing.pinsir@icbc.com', 'Koffing', 'Pinsir', 'Marketing', 1);
INSERT INTO user VALUES (3900, 'ARBOKB.1614', 'bellsprout.arbok@icbc.com', 'Bellsprout', 'Arbok', 'Finance', 1);
INSERT INTO user VALUES (3901, 'ODDISHK.4750', 'kadabra.oddish@icbc.com', 'Kadabra', 'Oddish', 'IT', 1);
INSERT INTO user VALUES (3902, 'PINSIRR.12', 'rattata.pinsir@icbc.com', 'Rattata', 'Pinsir', 'Marketing', 1);
INSERT INTO user VALUES (3903, 'GENGARR.3308', 'raticate.gengar@icbc.com', 'Raticate', 'Gengar', 'Customer Service', 1);
INSERT INTO user VALUES (3904, 'KADABRAD.1335', 'ditto.kadabra@icbc.com', 'Ditto', 'Kadabra', 'Management', 1);
INSERT INTO user VALUES (3905, 'EXEGGUTORP.845', 'porygon.exeggutor@icbc.com', 'Porygon', 'Exeggutor', 'Management', 1);
INSERT INTO user VALUES (3906, 'MCCATERPIEH.2047', 'hitmonchan.mccaterpie@icbc.com', 'Hitmonchan', 'McCaterpie', 'Management', 1);
INSERT INTO user VALUES (3907, 'PSYDUCKS.3942', 'seadra.psyduck@icbc.com', 'Seadra', 'Psyduck', 'HR', 1);
INSERT INTO user VALUES (3908, 'ARTICUNOH.1222', 'hitmonchan.articuno@icbc.com', 'Hitmonchan', 'Articuno', 'Customer Service', 1);
INSERT INTO user VALUES (3909, 'EXEGGUTORS.1949', 'starmie.exeggutor268@icbc.com', 'Starmie', 'Exeggutor', 'Customer Service', 1);
INSERT INTO user VALUES (3910, 'KINGLERN.513', 'nidoran.kingler@icbc.com', 'Nidoran', 'Kingler', 'HR', 1);
INSERT INTO user VALUES (3911, 'PINSIRM.704', 'marowak.pinsir@icbc.com', 'Marowak', 'Pinsir', 'Finance', 1);
INSERT INTO user VALUES (3912, 'KABUTOPSG.3226', 'golbat.kabutops@icbc.com', 'Golbat', 'Kabutops', 'Marketing', 1);
INSERT INTO user VALUES (3913, 'RHYHORNF.3417', 'flareon.rhyhorn@icbc.com', 'Flareon', 'Rhyhorn', 'HR', 1);
INSERT INTO user VALUES (3914, 'GRIMERL.3287', 'lapras.grimer@icbc.com', 'Lapras', 'Grimer', 'Finance', 1);
INSERT INTO user VALUES (3915, 'NIDORANG.4144', 'grimer.nidoran@icbc.com', 'Grimer', 'Nidoran', 'Management', 1);
INSERT INTO user VALUES (3916, 'RHYDONR.923', 'rhydon.rhydon269@icbc.com', 'Rhydon', 'Rhydon', 'Finance', 1);
INSERT INTO user VALUES (3917, 'PINSIRP.4610', 'pikachu.pinsir@icbc.com', 'Pikachu', 'Pinsir', 'IT', 1);
INSERT INTO user VALUES (3918, 'OMANYTEA.4919', 'articuno.omanyte@icbc.com', 'Articuno', 'Omanyte', 'IT', 1);
INSERT INTO user VALUES (3919, 'STARYUR.1895', 'rhyhorn.staryu@icbc.com', 'Rhyhorn', 'Staryu', 'Management', 1);
INSERT INTO user VALUES (3920, 'GOLEMV.2055', 'venonat.golem@icbc.com', 'Venonat', 'Golem', 'Management', 1);
INSERT INTO user VALUES (3921, 'MCNIDOQUEENL.2122', 'lapras.mcnidoqueen@icbc.com', 'Lapras', 'McNidoqueen', 'Customer Service', 1);
INSERT INTO user VALUES (3922, 'GRAVELERM.1806', 'magneton.graveler@icbc.com', 'Magneton', 'Graveler', 'HR', 1);
INSERT INTO user VALUES (3923, 'DITTOP.3305', 'poliwrath.ditto@icbc.com', 'Poliwrath', 'Ditto', 'Customer Service', 1);
INSERT INTO user VALUES (3924, 'STARMIES.1262', 'scyther.starmie270@icbc.com', 'Scyther', 'Starmie', 'IT', 1);
INSERT INTO user VALUES (3925, 'HITMONCHANM.3267', 'machop.hitmonchan@icbc.com', 'Machop', 'Hitmonchan', 'Customer Service', 1);
INSERT INTO user VALUES (3926, 'POLIWHIRLM.3397', 'magnemite.poliwhirl@icbc.com', 'Magnemite', 'Poliwhirl', 'Management', 1);
INSERT INTO user VALUES (3927, 'RHYHORNM.4970', 'magikarp.rhyhorn@icbc.com', 'Magikarp', 'Rhyhorn', 'Customer Service', 1);
INSERT INTO user VALUES (3928, 'GOLDUCKN.4209', 'nidoran.golduck271@icbc.com', 'Nidoran', 'Golduck', 'Marketing', 1);
INSERT INTO user VALUES (3929, 'GRIMERS.226', 'scyther.grimer@icbc.com', 'Scyther', 'Grimer', 'IT', 1);
INSERT INTO user VALUES (3930, 'PONYTAC.2781', 'charmander.ponyta@icbc.com', 'Charmander', 'Ponyta', 'Customer Service', 1);
INSERT INTO user VALUES (3931, 'FLAREONB.2005', 'bellsprout.flareon272@icbc.com', 'Bellsprout', 'Flareon', 'Customer Service', 1);
INSERT INTO user VALUES (3932, 'ARBOKN.4087', 'nidoran.arbok@icbc.com', 'Nidoran', 'Arbok', 'Management', 1);
INSERT INTO user VALUES (3933, 'HORSEAW.3288', 'wigglytuff.horsea@icbc.com', 'Wigglytuff', 'Horsea', 'Marketing', 1);
INSERT INTO user VALUES (3934, 'IVYSAURB.4640', 'blastoise.ivysaur@icbc.com', 'Blastoise', 'Ivysaur', 'Customer Service', 1);
INSERT INTO user VALUES (3935, 'GLOOMO.961', 'omanyte.gloom@icbc.com', 'Omanyte', 'Gloom', 'Customer Service', 1);
INSERT INTO user VALUES (3936, 'VULPIXS.550', 'scyther.vulpix273@icbc.com', 'Scyther', 'Vulpix', 'Management', 1);
INSERT INTO user VALUES (3937, 'PSYDUCKR.2501', 'rhyhorn.psyduck@icbc.com', 'Rhyhorn', 'Psyduck', 'Customer Service', 1);
INSERT INTO user VALUES (3938, 'SEADRAK.148', 'kabutops.seadra@icbc.com', 'Kabutops', 'Seadra', 'IT', 1);
INSERT INTO user VALUES (3939, 'WEEZINGG.3248', 'gyarados.weezing@icbc.com', 'Gyarados', 'Weezing', 'HR', 1);
INSERT INTO user VALUES (3940, 'VILEPLUMEC.3862', 'clefairy.vileplume@icbc.com', 'Clefairy', 'Vileplume', 'HR', 1);
INSERT INTO user VALUES (3941, 'MEWTWOC.313', 'clefable.mewtwo@icbc.com', 'Clefable', 'Mewtwo', 'Marketing', 1);
INSERT INTO user VALUES (3942, 'ALAKAZAMS.1609', 'seaking.alakazam@icbc.com', 'Seaking', 'Alakazam', 'Finance', 1);
INSERT INTO user VALUES (3943, 'IVYSAURL.4925', 'lapras.ivysaur274@icbc.com', 'Lapras', 'Ivysaur', 'Marketing', 1);
INSERT INTO user VALUES (3944, 'MCABRAK.658', 'kabutops.mcabra@icbc.com', 'Kabutops', 'McAbra', 'Customer Service', 1);
INSERT INTO user VALUES (3945, 'HITMONLEES.927', 'starmie.hitmonlee@icbc.com', 'Starmie', 'Hitmonlee', 'Customer Service', 1);
INSERT INTO user VALUES (3946, 'VILEPLUMEE.758', 'exeggutor.vileplume275@icbc.com', 'Exeggutor', 'Vileplume', 'IT', 1);
INSERT INTO user VALUES (3947, 'JIGGLYPUFFZ.903', 'zubat.jigglypuff@icbc.com', 'Zubat', 'Jigglypuff', 'Finance', 1);
INSERT INTO user VALUES (3948, 'GENGARK.3187', 'koffing.gengar276@icbc.com', 'Koffing', 'Gengar', 'Marketing', 1);
INSERT INTO user VALUES (3949, 'VILEPLUMEZ.297', 'zubat.vileplume277@icbc.com', 'Zubat', 'Vileplume', 'Marketing', 1);
INSERT INTO user VALUES (3950, 'ARBOKP.3857', 'poliwag.arbok@icbc.com', 'Poliwag', 'Arbok', 'HR', 1);
INSERT INTO user VALUES (3951, 'KOFFINGT.431', 'tauros.koffing@icbc.com', 'Tauros', 'Koffing', 'HR', 1);
INSERT INTO user VALUES (3952, 'GOLDUCKV.4256', 'victreebel.golduck@icbc.com', 'Victreebel', 'Golduck', 'Finance', 1);
INSERT INTO user VALUES (3953, 'IVYSAURM.1164', 'magmar.ivysaur@icbc.com', 'Magmar', 'Ivysaur', 'Customer Service', 1);
INSERT INTO user VALUES (3954, 'FEAROWW.578', 'wartortle.fearow@icbc.com', 'Wartortle', 'Fearow', 'Finance', 1);
INSERT INTO user VALUES (3955, 'POLIWRATHP.1743', 'paras.poliwrath@icbc.com', 'Paras', 'Poliwrath', 'Finance', 1);
INSERT INTO user VALUES (3956, 'RAPIDASHC.4862', 'chansey.rapidash@icbc.com', 'Chansey', 'Rapidash', 'Finance', 1);
INSERT INTO user VALUES (3957, 'MAGMARO.1327', 'omastar.magmar@icbc.com', 'Omastar', 'Magmar', 'Finance', 1);
INSERT INTO user VALUES (3958, 'RATTATAS.3826', 'seaking.rattata@icbc.com', 'Seaking', 'Rattata', 'Finance', 1);
INSERT INTO user VALUES (3959, 'NIDORINAS.2541', 'staryu.nidorina@icbc.com', 'Staryu', 'Nidorina', 'IT', 1);
INSERT INTO user VALUES (3960, 'VOLTORBG.4130', 'goldeen.voltorb@icbc.com', 'Goldeen', 'Voltorb', 'Finance', 1);
INSERT INTO user VALUES (3961, 'MCONIXD.4723', 'dodrio.mconix@icbc.com', 'Dodrio', 'McOnix', 'Finance', 1);
INSERT INTO user VALUES (3962, 'RAPIDASHH.4516', 'haunter.rapidash@icbc.com', 'Haunter', 'Rapidash', 'IT', 1);
INSERT INTO user VALUES (3963, 'MEOWTHV.515', 'venonat.meowth@icbc.com', 'Venonat', 'Meowth', 'Management', 1);
INSERT INTO user VALUES (3964, 'CHANSEYB.3621', 'beedrill.chansey@icbc.com', 'Beedrill', 'Chansey', 'Finance', 1);
INSERT INTO user VALUES (3965, 'MCGASTLYN.1439', 'nidoran.mcgastly@icbc.com', 'Nidoran', 'McGastly', 'Finance', 1);
INSERT INTO user VALUES (3966, 'RHYDOND.243', 'diglett.rhydon@icbc.com', 'Diglett', 'Rhydon', 'Finance', 1);
INSERT INTO user VALUES (3967, 'STARYUR.4453', 'raticate.staryu278@icbc.com', 'Raticate', 'Staryu', 'HR', 1);
INSERT INTO user VALUES (3968, 'MCMAGNEMITEP.4156', 'primeape.mcmagnemite@icbc.com', 'Primeape', 'McMagnemite', 'HR', 1);
INSERT INTO user VALUES (3969, 'SLOWBROC.1545', 'cloyster.slowbro@icbc.com', 'Cloyster', 'Slowbro', 'HR', 1);
INSERT INTO user VALUES (3970, 'PRIMEAPEA.867', 'arbok.primeape@icbc.com', 'Arbok', 'Primeape', 'Customer Service', 1);
INSERT INTO user VALUES (3971, 'ALAKAZAMH.379', 'hypno.alakazam@icbc.com', 'Hypno', 'Alakazam', 'Marketing', 1);
INSERT INTO user VALUES (3972, 'MCALAKAZAMP.4953', 'porygon.mcalakazam@icbc.com', 'Porygon', 'McAlakazam', 'Finance', 1);
INSERT INTO user VALUES (3973, 'SANDSHREWE.4305', 'ekans.sandshrew@icbc.com', 'Ekans', 'Sandshrew', 'IT', 1);
INSERT INTO user VALUES (3974, 'MAGNETONM.166', 'magnemite.magneton@icbc.com', 'Magnemite', 'Magneton', 'Customer Service', 1);
INSERT INTO user VALUES (3975, 'NIDORINAV.3305', 'victreebel.nidorina@icbc.com', 'Victreebel', 'Nidorina', 'HR', 1);
INSERT INTO user VALUES (3976, 'GEODUDED.285', 'ditto.geodude@icbc.com', 'Ditto', 'Geodude', 'Marketing', 1);
INSERT INTO user VALUES (3977, 'NIDOKINGM.4013', 'machop.nidoking@icbc.com', 'Machop', 'Nidoking', 'Customer Service', 1);
INSERT INTO user VALUES (3978, 'ONIXC.3960', 'chansey.onix@icbc.com', 'Chansey', 'Onix', 'HR', 1);
INSERT INTO user VALUES (3979, 'MAGIKARPM.1733', 'magmar.magikarp@icbc.com', 'Magmar', 'Magikarp', 'Finance', 1);
INSERT INTO user VALUES (3980, 'MCTENTACRUELS.1084', 'starmie.mctentacruel@icbc.com', 'Starmie', 'McTentacruel', 'Finance', 1);
INSERT INTO user VALUES (3981, 'IVYSAURW.420', 'wartortle.ivysaur@icbc.com', 'Wartortle', 'Ivysaur', 'Marketing', 1);
INSERT INTO user VALUES (3982, 'CUBONED.3931', 'doduo.cubone@icbc.com', 'Doduo', 'Cubone', 'IT', 1);
INSERT INTO user VALUES (3983, 'CHARMANDERC.4051', 'charizard.charmander@icbc.com', 'Charizard', 'Charmander', 'Marketing', 1);
INSERT INTO user VALUES (3984, 'VICTREEBELM.2349', 'magnemite.victreebel@icbc.com', 'Magnemite', 'Victreebel', 'Marketing', 1);
INSERT INTO user VALUES (3985, 'MCDUGTRIOD.4522', 'diglett.mcdugtrio@icbc.com', 'Diglett', 'McDugtrio', 'IT', 1);
INSERT INTO user VALUES (3986, 'MCCATERPIEM.652', 'mr. mime.mccaterpie@icbc.com', 'Mr. Mime', 'McCaterpie', 'Finance', 1);
INSERT INTO user VALUES (3987, 'AERODACTYLD.325', 'dratini.aerodactyl@icbc.com', 'Dratini', 'Aerodactyl', 'IT', 1);
INSERT INTO user VALUES (3988, 'PIDGEOTTON.4008', 'nidoran.pidgeotto@icbc.com', 'Nidoran', 'Pidgeotto', 'Finance', 1);
INSERT INTO user VALUES (3989, 'RATICATEP.3564', 'pidgeotto.raticate@icbc.com', 'Pidgeotto', 'Raticate', 'Customer Service', 1);
INSERT INTO user VALUES (3990, 'DITTOG.4522', 'gastly.ditto@icbc.com', 'Gastly', 'Ditto', 'HR', 1);
INSERT INTO user VALUES (3991, 'GOLEMM.2893', 'magmar.golem@icbc.com', 'Magmar', 'Golem', 'IT', 1);
INSERT INTO user VALUES (3992, 'POLIWAGC.530', 'caterpie.poliwag@icbc.com', 'Caterpie', 'Poliwag', 'Customer Service', 1);
INSERT INTO user VALUES (3993, 'ARTICUNOA.4665', 'alakazam.articuno@icbc.com', 'Alakazam', 'Articuno', 'IT', 1);
INSERT INTO user VALUES (3994, 'MCNIDOQUEENB.1109', 'bulbasaur.mcnidoqueen@icbc.com', 'Bulbasaur', 'McNidoqueen', 'HR', 1);
INSERT INTO user VALUES (3995, 'GLOOMM.532', 'mewtwo.gloom@icbc.com', 'Mewtwo', 'Gloom', 'IT', 1);
INSERT INTO user VALUES (3996, 'MANKEYH.951', 'hypno.mankey@icbc.com', 'Hypno', 'Mankey', 'Management', 1);
INSERT INTO user VALUES (3997, 'DITTOH.3554', 'haunter.ditto@icbc.com', 'Haunter', 'Ditto', 'Marketing', 1);
INSERT INTO user VALUES (3998, 'MACHOPG.427', 'growlithe.machop@icbc.com', 'Growlithe', 'Machop', 'Marketing', 1);
INSERT INTO user VALUES (3999, 'MAGMARD.1205', 'dugtrio.magmar279@icbc.com', 'Dugtrio', 'Magmar', 'Finance', 1);
INSERT INTO user VALUES (4000, 'RAICHUS.3398', 'seadra.raichu280@icbc.com', 'Seadra', 'Raichu', 'Marketing', 1);
INSERT INTO user VALUES (4001, 'GRAVELERD.4663', 'ditto.graveler281@icbc.com', 'Ditto', 'Graveler', 'Customer Service', 1);
INSERT INTO user VALUES (4002, 'SEADRAM.3656', 'mewtwo.seadra@icbc.com', 'Mewtwo', 'Seadra', 'Customer Service', 1);
INSERT INTO user VALUES (4003, 'MAROWAKH.3894', 'hypno.marowak@icbc.com', 'Hypno', 'Marowak', 'Marketing', 1);
INSERT INTO user VALUES (4004, 'PERSIANR.3371', 'rattata.persian@icbc.com', 'Rattata', 'Persian', 'HR', 1);
INSERT INTO user VALUES (4005, 'SNORLAXP.3266', 'poliwhirl.snorlax@icbc.com', 'Poliwhirl', 'Snorlax', 'Customer Service', 1);
INSERT INTO user VALUES (4006, 'MAGIKARPK.1250', 'kingler.magikarp@icbc.com', 'Kingler', 'Magikarp', 'IT', 1);
INSERT INTO user VALUES (4007, 'MEWTWOG.1980', 'golduck.mewtwo@icbc.com', 'Golduck', 'Mewtwo', 'Management', 1);
INSERT INTO user VALUES (4008, 'METAPODM.2719', 'mankey.metapod@icbc.com', 'Mankey', 'Metapod', 'Finance', 1);
INSERT INTO user VALUES (4009, 'WEEZINGH.3261', 'hypno.weezing@icbc.com', 'Hypno', 'Weezing', 'HR', 1);
INSERT INTO user VALUES (4010, 'MACHOKEG.872', 'gastly.machoke@icbc.com', 'Gastly', 'Machoke', 'Finance', 1);
INSERT INTO user VALUES (4011, 'KADABRAE.4963', 'electrode.kadabra@icbc.com', 'Electrode', 'Kadabra', 'Customer Service', 1);
INSERT INTO user VALUES (4012, 'SNORLAXN.1413', 'nidoking.snorlax@icbc.com', 'Nidoking', 'Snorlax', 'IT', 1);
INSERT INTO user VALUES (4013, 'WARTORTLEN.2258', 'nidoking.wartortle@icbc.com', 'Nidoking', 'Wartortle', 'IT', 1);
INSERT INTO user VALUES (4014, 'MAROWAKK.3170', 'kingler.marowak@icbc.com', 'Kingler', 'Marowak', 'Customer Service', 1);
INSERT INTO user VALUES (4015, 'KAKUNAV.4125', 'vaporeon.kakuna@icbc.com', 'Vaporeon', 'Kakuna', 'IT', 1);
INSERT INTO user VALUES (4016, 'SHELLDERL.870', 'lapras.shellder@icbc.com', 'Lapras', 'Shellder', 'Customer Service', 1);
INSERT INTO user VALUES (4017, 'PORYGONR.3799', 'raichu.porygon@icbc.com', 'Raichu', 'Porygon', 'Marketing', 1);
INSERT INTO user VALUES (4018, 'VENOMOTHC.1834', 'charmeleon.venomoth@icbc.com', 'Charmeleon', 'Venomoth', 'Management', 1);
INSERT INTO user VALUES (4019, 'MCBEEDRILLO.1852', 'oddish.mcbeedrill282@icbc.com', 'Oddish', 'McBeedrill', 'Marketing', 1);
INSERT INTO user VALUES (4020, 'WEEDLEA.3203', 'arcanine.weedle@icbc.com', 'Arcanine', 'Weedle', 'IT', 1);
INSERT INTO user VALUES (4021, 'BUTTERFREEJ.2366', 'jynx.butterfree@icbc.com', 'Jynx', 'Butterfree', 'Management', 1);
INSERT INTO user VALUES (4022, 'GASTLYS.888', 'scyther.gastly@icbc.com', 'Scyther', 'Gastly', 'Customer Service', 1);
INSERT INTO user VALUES (4023, 'HAUNTERH.422', 'hitmonlee.haunter@icbc.com', 'Hitmonlee', 'Haunter', 'IT', 1);
INSERT INTO user VALUES (4024, 'HORSEAV.1825', 'vaporeon.horsea@icbc.com', 'Vaporeon', 'Horsea', 'HR', 1);
INSERT INTO user VALUES (4025, 'ARBOKZ.955', 'zubat.arbok@icbc.com', 'Zubat', 'Arbok', 'Finance', 1);
INSERT INTO user VALUES (4026, 'OMANYTES.1988', 'slowbro.omanyte@icbc.com', 'Slowbro', 'Omanyte', 'Customer Service', 1);
INSERT INTO user VALUES (4027, 'EEVEEP.4433', 'pidgeot.eevee@icbc.com', 'Pidgeot', 'Eevee', 'Finance', 1);
INSERT INTO user VALUES (4028, 'VILEPLUMES.2282', 'scyther.vileplume@icbc.com', 'Scyther', 'Vileplume', 'Finance', 1);
INSERT INTO user VALUES (4029, 'JIGGLYPUFFP.3776', 'poliwhirl.jigglypuff@icbc.com', 'Poliwhirl', 'Jigglypuff', 'Finance', 1);
INSERT INTO user VALUES (4030, 'JIGGLYPUFFS.643', 'squirtle.jigglypuff@icbc.com', 'Squirtle', 'Jigglypuff', 'Marketing', 1);
INSERT INTO user VALUES (4031, 'MCMAROWAKN.608', 'nidorina.mcmarowak@icbc.com', 'Nidorina', 'McMarowak', 'Management', 1);
INSERT INTO user VALUES (4032, 'PIDGEOTTOA.3765', 'alakazam.pidgeotto@icbc.com', 'Alakazam', 'Pidgeotto', 'Marketing', 1);
INSERT INTO user VALUES (4033, 'CHARIZARDF.2235', 'farfetchd.charizard@icbc.com', 'Farfetchd', 'Charizard', 'IT', 1);
INSERT INTO user VALUES (4034, 'VENONATO.936', 'onix.venonat@icbc.com', 'Onix', 'Venonat', 'HR', 1);
INSERT INTO user VALUES (4035, 'DITTOS.81', 'slowpoke.ditto@icbc.com', 'Slowpoke', 'Ditto', 'Marketing', 1);
INSERT INTO user VALUES (4036, 'TAUROSO.3832', 'omastar.tauros@icbc.com', 'Omastar', 'Tauros', 'Customer Service', 1);
INSERT INTO user VALUES (4037, 'PERSIANC.3312', 'caterpie.persian@icbc.com', 'Caterpie', 'Persian', 'Customer Service', 1);
INSERT INTO user VALUES (4038, 'SQUIRTLEJ.2712', 'jolteon.squirtle283@icbc.com', 'Jolteon', 'Squirtle', 'Finance', 1);
INSERT INTO user VALUES (4039, 'NIDORINAZ.3926', 'zubat.nidorina@icbc.com', 'Zubat', 'Nidorina', 'IT', 1);
INSERT INTO user VALUES (4040, 'FEAROWV.535', 'vileplume.fearow@icbc.com', 'Vileplume', 'Fearow', 'Management', 1);
INSERT INTO user VALUES (4041, 'ARBOKB.2777', 'bulbasaur.arbok284@icbc.com', 'Bulbasaur', 'Arbok', 'Finance', 1);
INSERT INTO user VALUES (4042, 'EXEGGCUTEP.1935', 'poliwhirl.exeggcute@icbc.com', 'Poliwhirl', 'Exeggcute', 'Management', 1);
INSERT INTO user VALUES (4043, 'ELECTRODEG.3811', 'goldeen.electrode@icbc.com', 'Goldeen', 'Electrode', 'HR', 1);
INSERT INTO user VALUES (4044, 'METAPODP.4313', 'pikachu.metapod285@icbc.com', 'Pikachu', 'Metapod', 'Marketing', 1);
INSERT INTO user VALUES (4045, 'MCVENUSAURB.3070', 'butterfree.mcvenusaur@icbc.com', 'Butterfree', 'McVenusaur', 'Management', 1);
INSERT INTO user VALUES (4046, 'GOLDUCKG.56', 'golduck.golduck@icbc.com', 'Golduck', 'Golduck', 'Finance', 1);
INSERT INTO user VALUES (4047, 'NIDORAND.2900', 'drowzee.nidoran@icbc.com', 'Drowzee', 'Nidoran', 'HR', 1);
INSERT INTO user VALUES (4048, 'MCSLOWBROD.4697', 'dugtrio.mcslowbro@icbc.com', 'Dugtrio', 'McSlowbro', 'IT', 1);
INSERT INTO user VALUES (4049, 'KANGASKHANF.2605', 'farfetchd.kangaskhan@icbc.com', 'Farfetchd', 'Kangaskhan', 'Customer Service', 1);
INSERT INTO user VALUES (4050, 'TAUROSG.900', 'goldeen.tauros286@icbc.com', 'Goldeen', 'Tauros', 'Finance', 1);
INSERT INTO user VALUES (4051, 'PARASZ.4472', 'zapdos.paras@icbc.com', 'Zapdos', 'Paras', 'IT', 1);
INSERT INTO user VALUES (4052, 'ARBOKD.118', 'doduo.arbok@icbc.com', 'Doduo', 'Arbok', 'Customer Service', 1);
INSERT INTO user VALUES (4053, 'GOLBATF.3791', 'farfetchd.golbat@icbc.com', 'Farfetchd', 'Golbat', 'Management', 1);
INSERT INTO user VALUES (4054, 'RHYHORND.3516', 'doduo.rhyhorn287@icbc.com', 'Doduo', 'Rhyhorn', 'Finance', 1);
INSERT INTO user VALUES (4055, 'NINETALESJ.1237', 'jynx.ninetales@icbc.com', 'Jynx', 'Ninetales', 'IT', 1);
INSERT INTO user VALUES (4056, 'POLIWRATHK.67', 'koffing.poliwrath288@icbc.com', 'Koffing', 'Poliwrath', 'Finance', 1);
INSERT INTO user VALUES (4057, 'GOLDEENA.4727', 'alakazam.goldeen@icbc.com', 'Alakazam', 'Goldeen', 'Finance', 1);
INSERT INTO user VALUES (4058, 'NIDORINAF.4943', 'fearow.nidorina@icbc.com', 'Fearow', 'Nidorina', 'HR', 1);
INSERT INTO user VALUES (4059, 'FARFETCHDH.582', 'hitmonchan.farfetchd289@icbc.com', 'Hitmonchan', 'Farfetchd', 'IT', 1);
INSERT INTO user VALUES (4060, 'ZAPDOSS.4785', 'sandshrew.zapdos@icbc.com', 'Sandshrew', 'Zapdos', 'Management', 1);
INSERT INTO user VALUES (4061, 'MCDODUOK.4613', 'kingler.mcdoduo@icbc.com', 'Kingler', 'McDoduo', 'Finance', 1);
INSERT INTO user VALUES (4062, 'MCDITTOP.2543', 'porygon.mcditto@icbc.com', 'Porygon', 'McDitto', 'Management', 1);
INSERT INTO user VALUES (4063, 'POLIWHIRLR.3328', 'rhyhorn.poliwhirl@icbc.com', 'Rhyhorn', 'Poliwhirl', 'HR', 1);
INSERT INTO user VALUES (4064, 'MEOWTHK.4887', 'kakuna.meowth@icbc.com', 'Kakuna', 'Meowth', 'Management', 1);
INSERT INTO user VALUES (4065, 'SQUIRTLED.1280', 'dugtrio.squirtle290@icbc.com', 'Dugtrio', 'Squirtle', 'Management', 1);
INSERT INTO user VALUES (4066, 'CHARMELEONS.3374', 'scyther.charmeleon@icbc.com', 'Scyther', 'Charmeleon', 'Marketing', 1);
INSERT INTO user VALUES (4067, 'JIGGLYPUFFK.3290', 'kabutops.jigglypuff@icbc.com', 'Kabutops', 'Jigglypuff', 'Management', 1);
INSERT INTO user VALUES (4068, 'GENGARP.621', 'porygon.gengar@icbc.com', 'Porygon', 'Gengar', 'Management', 1);
INSERT INTO user VALUES (4069, 'BEEDRILLP.1934', 'psyduck.beedrill291@icbc.com', 'Psyduck', 'Beedrill', 'Customer Service', 1);
INSERT INTO user VALUES (4070, 'KOFFINGN.1584', 'nidoqueen.koffing@icbc.com', 'Nidoqueen', 'Koffing', 'Management', 1);
INSERT INTO user VALUES (4071, 'MACHOPM.3508', 'magmar.machop292@icbc.com', 'Magmar', 'Machop', 'HR', 1);
INSERT INTO user VALUES (4072, 'GRIMERC.3338', 'clefable.grimer@icbc.com', 'Clefable', 'Grimer', 'HR', 1);
INSERT INTO user VALUES (4073, 'SLOWPOKEV.2667', 'vileplume.slowpoke@icbc.com', 'Vileplume', 'Slowpoke', 'Customer Service', 1);
INSERT INTO user VALUES (4074, 'MACHOKEE.2673', 'electabuzz.machoke@icbc.com', 'Electabuzz', 'Machoke', 'IT', 1);
INSERT INTO user VALUES (4075, 'MCBUTTERFREED.3246', 'dratini.mcbutterfree@icbc.com', 'Dratini', 'McButterfree', 'Finance', 1);
INSERT INTO user VALUES (4076, 'HITMONLEES.2383', 'staryu.hitmonlee293@icbc.com', 'Staryu', 'Hitmonlee', 'Customer Service', 1);
INSERT INTO user VALUES (4077, 'MACHAMPP.1168', 'poliwhirl.machamp@icbc.com', 'Poliwhirl', 'Machamp', 'Finance', 1);
INSERT INTO user VALUES (4078, 'ALAKAZAMC.1900', 'cubone.alakazam@icbc.com', 'Cubone', 'Alakazam', 'Finance', 1);
INSERT INTO user VALUES (4079, 'VICTREEBELG.2456', 'gastly.victreebel@icbc.com', 'Gastly', 'Victreebel', 'Finance', 1);
INSERT INTO user VALUES (4080, 'STARMIEE.1797', 'electabuzz.starmie@icbc.com', 'Electabuzz', 'Starmie', 'IT', 1);
INSERT INTO user VALUES (4081, 'BULBASAURC.1061', 'caterpie.bulbasaur@icbc.com', 'Caterpie', 'Bulbasaur', 'Management', 1);
INSERT INTO user VALUES (4082, 'KOFFINGR.3030', 'raticate.koffing@icbc.com', 'Raticate', 'Koffing', 'HR', 1);
INSERT INTO user VALUES (4083, 'VILEPLUMEV.1268', 'victreebel.vileplume@icbc.com', 'Victreebel', 'Vileplume', 'Customer Service', 1);
INSERT INTO user VALUES (4084, 'CATERPIES.4710', 'sandshrew.caterpie@icbc.com', 'Sandshrew', 'Caterpie', 'Marketing', 1);
INSERT INTO user VALUES (4085, 'GRAVELERH.2904', 'hitmonlee.graveler@icbc.com', 'Hitmonlee', 'Graveler', 'HR', 1);
INSERT INTO user VALUES (4086, 'MCKOFFINGN.3995', 'nidorino.mckoffing@icbc.com', 'Nidorino', 'McKoffing', 'HR', 1);
INSERT INTO user VALUES (4087, 'EEVEEB.268', 'butterfree.eevee@icbc.com', 'Butterfree', 'Eevee', 'Customer Service', 1);
INSERT INTO user VALUES (4088, 'ODDISHH.958', 'hypno.oddish@icbc.com', 'Hypno', 'Oddish', 'HR', 1);
INSERT INTO user VALUES (4089, 'MCMEWTWOW.4667', 'wartortle.mcmewtwo@icbc.com', 'Wartortle', 'McMewtwo', 'IT', 1);
INSERT INTO user VALUES (4090, 'GYARADOSE.2030', 'ekans.gyarados@icbc.com', 'Ekans', 'Gyarados', 'HR', 1);
INSERT INTO user VALUES (4091, 'MANKEYP.823', 'poliwag.mankey@icbc.com', 'Poliwag', 'Mankey', 'Management', 1);
INSERT INTO user VALUES (4092, 'CHANSEYP.4891', 'persian.chansey@icbc.com', 'Persian', 'Chansey', 'Marketing', 1);
INSERT INTO user VALUES (4093, 'JIGGLYPUFFW.3257', 'wigglytuff.jigglypuff294@icbc.com', 'Wigglytuff', 'Jigglypuff', 'IT', 1);
INSERT INTO user VALUES (4094, 'KABUTOPSP.4315', 'pidgeotto.kabutops@icbc.com', 'Pidgeotto', 'Kabutops', 'Finance', 1);
INSERT INTO user VALUES (4095, 'DIGLETTD.2658', 'dragonair.diglett@icbc.com', 'Dragonair', 'Diglett', 'HR', 1);
INSERT INTO user VALUES (4096, 'DUGTRIOP.1852', 'poliwhirl.dugtrio@icbc.com', 'Poliwhirl', 'Dugtrio', 'Marketing', 1);
INSERT INTO user VALUES (4097, 'PARASECTG.4929', 'gastly.parasect@icbc.com', 'Gastly', 'Parasect', 'Management', 1);
INSERT INTO user VALUES (4098, 'POLIWRATHG.3509', 'geodude.poliwrath@icbc.com', 'Geodude', 'Poliwrath', 'Marketing', 1);
INSERT INTO user VALUES (4099, 'MCGLOOMM.3154', 'machoke.mcgloom@icbc.com', 'Machoke', 'McGloom', 'HR', 1);
INSERT INTO user VALUES (4100, 'RAICHUC.3649', 'charmander.raichu@icbc.com', 'Charmander', 'Raichu', 'Customer Service', 1);
INSERT INTO user VALUES (4101, 'STARMIED.3761', 'dragonite.starmie@icbc.com', 'Dragonite', 'Starmie', 'Finance', 1);
INSERT INTO user VALUES (4102, 'DRATINIM.2182', 'machoke.dratini@icbc.com', 'Machoke', 'Dratini', 'Finance', 1);
INSERT INTO user VALUES (4103, 'WARTORTLEO.2286', 'omastar.wartortle@icbc.com', 'Omastar', 'Wartortle', 'Finance', 1);
INSERT INTO user VALUES (4104, 'PIDGEOTTOC.4752', 'charizard.pidgeotto@icbc.com', 'Charizard', 'Pidgeotto', 'HR', 1);
INSERT INTO user VALUES (4105, 'SCYTHERV.1219', 'vileplume.scyther@icbc.com', 'Vileplume', 'Scyther', 'IT', 1);
INSERT INTO user VALUES (4106, 'GRIMERC.3550', 'clefable.grimer295@icbc.com', 'Clefable', 'Grimer', 'IT', 1);
INSERT INTO user VALUES (4107, 'EKANSG.641', 'gyarados.ekans@icbc.com', 'Gyarados', 'Ekans', 'Management', 1);
INSERT INTO user VALUES (4108, 'CLEFAIRYD.1905', 'dewgong.clefairy@icbc.com', 'Dewgong', 'Clefairy', 'Customer Service', 1);
INSERT INTO user VALUES (4109, 'HORSEAE.4539', 'ekans.horsea@icbc.com', 'Ekans', 'Horsea', 'Customer Service', 1);
INSERT INTO user VALUES (4110, 'TENTACOOLG.2168', 'grimer.tentacool@icbc.com', 'Grimer', 'Tentacool', 'Customer Service', 1);
INSERT INTO user VALUES (4111, 'RHYDONF.2612', 'farfetchd.rhydon@icbc.com', 'Farfetchd', 'Rhydon', 'IT', 1);
INSERT INTO user VALUES (4112, 'MCVAPOREONG.4408', 'golem.mcvaporeon@icbc.com', 'Golem', 'McVaporeon', 'Finance', 1);
INSERT INTO user VALUES (4113, 'MUKZ.2519', 'zubat.muk@icbc.com', 'Zubat', 'Muk', 'Customer Service', 1);
INSERT INTO user VALUES (4114, 'GLOOMM.4931', 'mr. mime.gloom@icbc.com', 'Mr. Mime', 'Gloom', 'Marketing', 1);
INSERT INTO user VALUES (4115, 'ELECTABUZZR.3646', 'rapidash.electabuzz@icbc.com', 'Rapidash', 'Electabuzz', 'Marketing', 1);
INSERT INTO user VALUES (4116, 'GYARADOSD.103', 'dratini.gyarados@icbc.com', 'Dratini', 'Gyarados', 'IT', 1);
INSERT INTO user VALUES (4117, 'RAICHUE.462', 'exeggutor.raichu@icbc.com', 'Exeggutor', 'Raichu', 'Marketing', 1);
INSERT INTO user VALUES (4118, 'ARBOKP.3974', 'primeape.arbok@icbc.com', 'Primeape', 'Arbok', 'HR', 1);
INSERT INTO user VALUES (4119, 'MAGNETONB.802', 'butterfree.magneton@icbc.com', 'Butterfree', 'Magneton', 'IT', 1);
INSERT INTO user VALUES (4120, 'ZUBATS.4782', 'squirtle.zubat@icbc.com', 'Squirtle', 'Zubat', 'Finance', 1);
INSERT INTO user VALUES (4121, 'JIGGLYPUFFV.4965', 'venusaur.jigglypuff@icbc.com', 'Venusaur', 'Jigglypuff', 'Finance', 1);
INSERT INTO user VALUES (4122, 'EXEGGUTORM.840', 'machoke.exeggutor@icbc.com', 'Machoke', 'Exeggutor', 'Management', 1);
INSERT INTO user VALUES (4123, 'PSYDUCKG.3067', 'goldeen.psyduck296@icbc.com', 'Goldeen', 'Psyduck', 'Customer Service', 1);
INSERT INTO user VALUES (4124, 'WEEDLED.3750', 'dodrio.weedle@icbc.com', 'Dodrio', 'Weedle', 'HR', 1);
INSERT INTO user VALUES (4125, 'MAGNEMITEL.3807', 'lickitung.magnemite@icbc.com', 'Lickitung', 'Magnemite', 'Management', 1);
INSERT INTO user VALUES (4126, 'MAGNEMITEB.2152', 'beedrill.magnemite@icbc.com', 'Beedrill', 'Magnemite', 'Finance', 1);
INSERT INTO user VALUES (4127, 'KANGASKHANG.4314', 'golbat.kangaskhan@icbc.com', 'Golbat', 'Kangaskhan', 'IT', 1);
INSERT INTO user VALUES (4128, 'PERSIANN.1773', 'nidoran.persian@icbc.com', 'Nidoran', 'Persian', 'Marketing', 1);
INSERT INTO user VALUES (4129, 'TENTACRUELI.4978', 'ivysaur.tentacruel@icbc.com', 'Ivysaur', 'Tentacruel', 'IT', 1);
INSERT INTO user VALUES (4130, 'CLOYSTERD.2461', 'dragonite.cloyster@icbc.com', 'Dragonite', 'Cloyster', 'HR', 1);
INSERT INTO user VALUES (4131, 'RHYHORNB.4090', 'bellsprout.rhyhorn@icbc.com', 'Bellsprout', 'Rhyhorn', 'Marketing', 1);
INSERT INTO user VALUES (4132, 'PONYTAD.1', 'dragonite.ponyta@icbc.com', 'Dragonite', 'Ponyta', 'IT', 1);
INSERT INTO user VALUES (4133, 'SANDSHREWJ.119', 'jolteon.sandshrew@icbc.com', 'Jolteon', 'Sandshrew', 'Customer Service', 1);
INSERT INTO user VALUES (4134, 'SHELLDERG.2195', 'growlithe.shellder297@icbc.com', 'Growlithe', 'Shellder', 'Finance', 1);
INSERT INTO user VALUES (4135, 'HORSEAM.1086', 'magneton.horsea@icbc.com', 'Magneton', 'Horsea', 'Marketing', 1);
INSERT INTO user VALUES (4136, 'BUTTERFREED.4277', 'dugtrio.butterfree@icbc.com', 'Dugtrio', 'Butterfree', 'Finance', 1);
INSERT INTO user VALUES (4137, 'SANDSLASHS.2624', 'seadra.sandslash@icbc.com', 'Seadra', 'Sandslash', 'HR', 1);
INSERT INTO user VALUES (4138, 'KOFFINGG.1984', 'gengar.koffing@icbc.com', 'Gengar', 'Koffing', 'Customer Service', 1);
INSERT INTO user VALUES (4139, 'RAPIDASHM.4258', 'moltres.rapidash@icbc.com', 'Moltres', 'Rapidash', 'Customer Service', 1);
INSERT INTO user VALUES (4140, 'RHYHORNM.418', 'mr. mime.rhyhorn@icbc.com', 'Mr. Mime', 'Rhyhorn', 'Marketing', 1);
INSERT INTO user VALUES (4141, 'STARYUN.3332', 'ninetales.staryu@icbc.com', 'Ninetales', 'Staryu', 'Management', 1);
INSERT INTO user VALUES (4142, 'OMASTARK.4724', 'kabutops.omastar@icbc.com', 'Kabutops', 'Omastar', 'IT', 1);
INSERT INTO user VALUES (4143, 'CATERPIEG.3434', 'golduck.caterpie@icbc.com', 'Golduck', 'Caterpie', 'Customer Service', 1);
INSERT INTO user VALUES (4144, 'DROWZEEP.54', 'pidgeot.drowzee@icbc.com', 'Pidgeot', 'Drowzee', 'IT', 1);
INSERT INTO user VALUES (4145, 'NIDORINOO.4001', 'omastar.nidorino@icbc.com', 'Omastar', 'Nidorino', 'HR', 1);
INSERT INTO user VALUES (4146, 'CUBONEV.330', 'vaporeon.cubone298@icbc.com', 'Vaporeon', 'Cubone', 'Finance', 1);
INSERT INTO user VALUES (4147, 'SANDSLASHP.2899', 'persian.sandslash@icbc.com', 'Persian', 'Sandslash', 'HR', 1);
INSERT INTO user VALUES (4148, 'NIDOQUEENG.2170', 'graveler.nidoqueen@icbc.com', 'Graveler', 'Nidoqueen', 'Finance', 1);
INSERT INTO user VALUES (4149, 'SHELLDERP.4428', 'psyduck.shellder@icbc.com', 'Psyduck', 'Shellder', 'Customer Service', 1);
INSERT INTO user VALUES (4150, 'CUBONEA.4449', 'articuno.cubone@icbc.com', 'Articuno', 'Cubone', 'IT', 1);
INSERT INTO user VALUES (4151, 'MEOWTHD.2785', 'dodrio.meowth299@icbc.com', 'Dodrio', 'Meowth', 'Marketing', 1);
INSERT INTO user VALUES (4152, 'MCMOLTRESS.1360', 'spearow.mcmoltres@icbc.com', 'Spearow', 'McMoltres', 'IT', 1);
INSERT INTO user VALUES (4153, 'JOLTEONN.97', 'nidoking.jolteon@icbc.com', 'Nidoking', 'Jolteon', 'HR', 1);
INSERT INTO user VALUES (4154, 'CLEFAIRYS.4923', 'shellder.clefairy@icbc.com', 'Shellder', 'Clefairy', 'Management', 1);
INSERT INTO user VALUES (4155, 'MCCLOYSTERS.3485', 'slowbro.mccloyster@icbc.com', 'Slowbro', 'McCloyster', 'HR', 1);
INSERT INTO user VALUES (4156, 'KINGLERS.2441', 'staryu.kingler@icbc.com', 'Staryu', 'Kingler', 'IT', 1);
INSERT INTO user VALUES (4157, 'CLEFAIRYA.3656', 'alakazam.clefairy@icbc.com', 'Alakazam', 'Clefairy', 'Management', 1);
INSERT INTO user VALUES (4158, 'MACHOPA.1759', 'articuno.machop@icbc.com', 'Articuno', 'Machop', 'Marketing', 1);
INSERT INTO user VALUES (4159, 'MCLAPRASG.4167', 'golduck.mclapras@icbc.com', 'Golduck', 'McLapras', 'Finance', 1);
INSERT INTO user VALUES (4160, 'NINETALESC.2432', 'chansey.ninetales300@icbc.com', 'Chansey', 'Ninetales', 'IT', 1);
INSERT INTO user VALUES (4161, 'MCGOLBATM.1383', 'metapod.mcgolbat@icbc.com', 'Metapod', 'McGolbat', 'Marketing', 1);
INSERT INTO user VALUES (4162, 'HAUNTERM.3654', 'mankey.haunter@icbc.com', 'Mankey', 'Haunter', 'Finance', 1);
INSERT INTO user VALUES (4163, 'DITTOM.4358', 'magmar.ditto@icbc.com', 'Magmar', 'Ditto', 'Customer Service', 1);
INSERT INTO user VALUES (4164, 'KAKUNAA.2602', 'arbok.kakuna@icbc.com', 'Arbok', 'Kakuna', 'HR', 1);
INSERT INTO user VALUES (4165, 'METAPODV.3423', 'venomoth.metapod@icbc.com', 'Venomoth', 'Metapod', 'HR', 1);
INSERT INTO user VALUES (4166, 'SPEAROWN.788', 'nidorino.spearow@icbc.com', 'Nidorino', 'Spearow', 'IT', 1);
INSERT INTO user VALUES (4167, 'CHARMANDERN.2942', 'nidoking.charmander@icbc.com', 'Nidoking', 'Charmander', 'IT', 1);
INSERT INTO user VALUES (4168, 'ALAKAZAMD.4946', 'drowzee.alakazam@icbc.com', 'Drowzee', 'Alakazam', 'Customer Service', 1);
INSERT INTO user VALUES (4169, 'SCYTHERB.3935', 'beedrill.scyther@icbc.com', 'Beedrill', 'Scyther', 'IT', 1);
INSERT INTO user VALUES (4170, 'RHYHORNT.776', 'tauros.rhyhorn@icbc.com', 'Tauros', 'Rhyhorn', 'Finance', 1);
INSERT INTO user VALUES (4171, 'MCMAGMARR.2068', 'raichu.mcmagmar@icbc.com', 'Raichu', 'McMagmar', 'Marketing', 1);
INSERT INTO user VALUES (4172, 'CHARIZARDE.4372', 'exeggutor.charizard@icbc.com', 'Exeggutor', 'Charizard', 'Management', 1);
INSERT INTO user VALUES (4173, 'FARFETCHDP.3297', 'ponyta.farfetchd@icbc.com', 'Ponyta', 'Farfetchd', 'HR', 1);
INSERT INTO user VALUES (4174, 'FARFETCHDJ.2665', 'jolteon.farfetchd301@icbc.com', 'Jolteon', 'Farfetchd', 'Marketing', 1);
INSERT INTO user VALUES (4175, 'NIDORANE.55', 'electabuzz.nidoran@icbc.com', 'Electabuzz', 'Nidoran', 'Management', 1);
INSERT INTO user VALUES (4176, 'TENTACRUELK.1406', 'kakuna.tentacruel@icbc.com', 'Kakuna', 'Tentacruel', 'Marketing', 1);
INSERT INTO user VALUES (4177, 'MCGOLEME.1557', 'electabuzz.mcgolem@icbc.com', 'Electabuzz', 'McGolem', 'Management', 1);
INSERT INTO user VALUES (4178, 'TENTACRUELS.1860', 'spearow.tentacruel@icbc.com', 'Spearow', 'Tentacruel', 'Finance', 1);
INSERT INTO user VALUES (4179, 'GOLDUCKS.4043', 'seadra.golduck@icbc.com', 'Seadra', 'Golduck', 'Management', 1);
INSERT INTO user VALUES (4180, 'ARBOKD.1460', 'diglett.arbok@icbc.com', 'Diglett', 'Arbok', 'Management', 1);
INSERT INTO user VALUES (4181, 'BULBASAURS.3488', 'slowbro.bulbasaur302@icbc.com', 'Slowbro', 'Bulbasaur', 'Marketing', 1);
INSERT INTO user VALUES (4182, 'DROWZEEG.3968', 'gloom.drowzee@icbc.com', 'Gloom', 'Drowzee', 'Customer Service', 1);
INSERT INTO user VALUES (4183, 'GOLDEENM.3587', 'magnemite.goldeen@icbc.com', 'Magnemite', 'Goldeen', 'Marketing', 1);
INSERT INTO user VALUES (4184, 'TAUROSG.3855', 'grimer.tauros@icbc.com', 'Grimer', 'Tauros', 'Marketing', 1);
INSERT INTO user VALUES (4185, 'HAUNTERM.3593', 'moltres.haunter@icbc.com', 'Moltres', 'Haunter', 'Management', 1);
INSERT INTO user VALUES (4186, 'GLOOMS.1123', 'slowpoke.gloom@icbc.com', 'Slowpoke', 'Gloom', 'Marketing', 1);
INSERT INTO user VALUES (4187, 'BELLSPROUTK.2761', 'kabuto.bellsprout@icbc.com', 'Kabuto', 'Bellsprout', 'Management', 1);
INSERT INTO user VALUES (4188, 'CHARIZARDM.975', 'mew.charizard@icbc.com', 'Mew', 'Charizard', 'Customer Service', 1);
INSERT INTO user VALUES (4189, 'CHANSEYE.4626', 'eevee.chansey@icbc.com', 'Eevee', 'Chansey', 'Customer Service', 1);
INSERT INTO user VALUES (4190, 'NIDOQUEENT.122', 'tentacool.nidoqueen@icbc.com', 'Tentacool', 'Nidoqueen', 'Management', 1);
INSERT INTO user VALUES (4191, 'PARASECTG.2894', 'grimer.parasect@icbc.com', 'Grimer', 'Parasect', 'Marketing', 1);
INSERT INTO user VALUES (4192, 'SANDSLASHD.4011', 'diglett.sandslash303@icbc.com', 'Diglett', 'Sandslash', 'IT', 1);
INSERT INTO user VALUES (4193, 'HITMONCHANS.296', 'seaking.hitmonchan@icbc.com', 'Seaking', 'Hitmonchan', 'Finance', 1);
INSERT INTO user VALUES (4194, 'VENONATE.2189', 'eevee.venonat@icbc.com', 'Eevee', 'Venonat', 'Marketing', 1);
INSERT INTO user VALUES (4195, 'MCVOLTORBD.558', 'dratini.mcvoltorb@icbc.com', 'Dratini', 'McVoltorb', 'Marketing', 1);
INSERT INTO user VALUES (4196, 'METAPODK.4417', 'kakuna.metapod@icbc.com', 'Kakuna', 'Metapod', 'Customer Service', 1);
INSERT INTO user VALUES (4197, 'PARASC.4941', 'chansey.paras@icbc.com', 'Chansey', 'Paras', 'IT', 1);
INSERT INTO user VALUES (4198, 'ARBOKR.638', 'rapidash.arbok@icbc.com', 'Rapidash', 'Arbok', 'Management', 1);
INSERT INTO user VALUES (4199, 'MAGIKARPM.2794', 'mr. mime.magikarp@icbc.com', 'Mr. Mime', 'Magikarp', 'Finance', 1);
INSERT INTO user VALUES (4200, 'MCAERODACTYLW.653', 'wartortle.mcaerodactyl@icbc.com', 'Wartortle', 'McAerodactyl', 'IT', 1);
INSERT INTO user VALUES (4201, 'GOLEMR.84', 'rhyhorn.golem@icbc.com', 'Rhyhorn', 'Golem', 'Customer Service', 1);
INSERT INTO user VALUES (4202, 'MCVILEPLUMEH.843', 'hitmonlee.mcvileplume@icbc.com', 'Hitmonlee', 'McVileplume', 'Customer Service', 1);
INSERT INTO user VALUES (4203, 'EKANSM.2855', 'magmar.ekans@icbc.com', 'Magmar', 'Ekans', 'IT', 1);
INSERT INTO user VALUES (4204, 'GLOOMM.776', 'mankey.gloom@icbc.com', 'Mankey', 'Gloom', 'Marketing', 1);
INSERT INTO user VALUES (4205, 'SEADRAT.3034', 'tangela.seadra@icbc.com', 'Tangela', 'Seadra', 'Management', 1);
INSERT INTO user VALUES (4206, 'RATTATAW.4160', 'weepinbell.rattata@icbc.com', 'Weepinbell', 'Rattata', 'Finance', 1);
INSERT INTO user VALUES (4207, 'CUBONEH.2601', 'hitmonlee.cubone@icbc.com', 'Hitmonlee', 'Cubone', 'Customer Service', 1);
INSERT INTO user VALUES (4208, 'DRATINID.736', 'dewgong.dratini304@icbc.com', 'Dewgong', 'Dratini', 'Management', 1);
INSERT INTO user VALUES (4209, 'CATERPIEM.758', 'magnemite.caterpie305@icbc.com', 'Magnemite', 'Caterpie', 'Finance', 1);
INSERT INTO user VALUES (4210, 'MEWF.616', 'farfetchd.mew@icbc.com', 'Farfetchd', 'Mew', 'HR', 1);
INSERT INTO user VALUES (4211, 'OMASTARP.2280', 'ponyta.omastar@icbc.com', 'Ponyta', 'Omastar', 'IT', 1);
INSERT INTO user VALUES (4212, 'EKANSE.1530', 'electrode.ekans306@icbc.com', 'Electrode', 'Ekans', 'IT', 1);
INSERT INTO user VALUES (4213, 'GROWLITHEW.494', 'weepinbell.growlithe@icbc.com', 'Weepinbell', 'Growlithe', 'Customer Service', 1);
INSERT INTO user VALUES (4214, 'MCVILEPLUMES.3169', 'staryu.mcvileplume@icbc.com', 'Staryu', 'McVileplume', 'Marketing', 1);
INSERT INTO user VALUES (4215, 'EXEGGCUTEM.290', 'magneton.exeggcute@icbc.com', 'Magneton', 'Exeggcute', 'Customer Service', 1);
INSERT INTO user VALUES (4216, 'ONIXN.2844', 'nidorino.onix@icbc.com', 'Nidorino', 'Onix', 'Marketing', 1);
INSERT INTO user VALUES (4217, 'HORSEAJ.4558', 'jynx.horsea@icbc.com', 'Jynx', 'Horsea', 'IT', 1);
INSERT INTO user VALUES (4218, 'MCJYNXW.3733', 'weepinbell.mcjynx@icbc.com', 'Weepinbell', 'McJynx', 'HR', 1);
INSERT INTO user VALUES (4219, 'GRAVELERG.1527', 'goldeen.graveler@icbc.com', 'Goldeen', 'Graveler', 'IT', 1);
INSERT INTO user VALUES (4220, 'NIDORANW.3308', 'wigglytuff.nidoran@icbc.com', 'Wigglytuff', 'Nidoran', 'Management', 1);
INSERT INTO user VALUES (4221, 'PRIMEAPEH.1411', 'hypno.primeape@icbc.com', 'Hypno', 'Primeape', 'IT', 1);
INSERT INTO user VALUES (4222, 'HORSEAH.4882', 'hypno.horsea@icbc.com', 'Hypno', 'Horsea', 'IT', 1);
INSERT INTO user VALUES (4223, 'BELLSPROUTG.1915', 'geodude.bellsprout@icbc.com', 'Geodude', 'Bellsprout', 'Finance', 1);
INSERT INTO user VALUES (4224, 'SCYTHERM.2730', 'machop.scyther@icbc.com', 'Machop', 'Scyther', 'Management', 1);
INSERT INTO user VALUES (4225, 'DODUOD.1222', 'dragonair.doduo307@icbc.com', 'Dragonair', 'Doduo', 'Marketing', 1);
INSERT INTO user VALUES (4226, 'VAPOREONB.3864', 'butterfree.vaporeon@icbc.com', 'Butterfree', 'Vaporeon', 'IT', 1);
INSERT INTO user VALUES (4227, 'GEODUDEP.1636', 'ponyta.geodude308@icbc.com', 'Ponyta', 'Geodude', 'Management', 1);
INSERT INTO user VALUES (4228, 'PARASG.1984', 'goldeen.paras@icbc.com', 'Goldeen', 'Paras', 'IT', 1);
INSERT INTO user VALUES (4229, 'PIKACHUP.126', 'parasect.pikachu@icbc.com', 'Parasect', 'Pikachu', 'Management', 1);
INSERT INTO user VALUES (4230, 'PINSIRI.3878', 'ivysaur.pinsir@icbc.com', 'Ivysaur', 'Pinsir', 'Marketing', 1);
INSERT INTO user VALUES (4231, 'SEELE.1435', 'ekans.seel@icbc.com', 'Ekans', 'Seel', 'Finance', 1);
INSERT INTO user VALUES (4232, 'ZUBATS.146', 'scyther.zubat@icbc.com', 'Scyther', 'Zubat', 'IT', 1);
INSERT INTO user VALUES (4233, 'KOFFINGP.3827', 'parasect.koffing309@icbc.com', 'Parasect', 'Koffing', 'IT', 1);
INSERT INTO user VALUES (4234, 'MCMACHOKEB.4241', 'blastoise.mcmachoke@icbc.com', 'Blastoise', 'McMachoke', 'HR', 1);
INSERT INTO user VALUES (4235, 'BUTTERFREED.518', 'dragonite.butterfree@icbc.com', 'Dragonite', 'Butterfree', 'Marketing', 1);
INSERT INTO user VALUES (4236, 'NIDORANH.3653', 'hypno.nidoran@icbc.com', 'Hypno', 'Nidoran', 'Customer Service', 1);
INSERT INTO user VALUES (4237, 'FLAREONT.3812', 'tentacool.flareon@icbc.com', 'Tentacool', 'Flareon', 'Customer Service', 1);
INSERT INTO user VALUES (4238, 'BUTTERFREER.1101', 'rhydon.butterfree@icbc.com', 'Rhydon', 'Butterfree', 'Marketing', 1);
INSERT INTO user VALUES (4239, 'MCKRABBYC.295', 'clefairy.mckrabby@icbc.com', 'Clefairy', 'McKrabby', 'Customer Service', 1);
INSERT INTO user VALUES (4240, 'VENOMOTHF.4831', 'farfetchd.venomoth@icbc.com', 'Farfetchd', 'Venomoth', 'Marketing', 1);
INSERT INTO user VALUES (4241, 'STARMIET.1619', 'tangela.starmie@icbc.com', 'Tangela', 'Starmie', 'IT', 1);
INSERT INTO user VALUES (4242, 'HAUNTERE.1696', 'electabuzz.haunter@icbc.com', 'Electabuzz', 'Haunter', 'Marketing', 1);
INSERT INTO user VALUES (4243, 'NIDORANS.514', 'seadra.nidoran@icbc.com', 'Seadra', 'Nidoran', 'Marketing', 1);
INSERT INTO user VALUES (4244, 'NIDORINOD.1223', 'ditto.nidorino@icbc.com', 'Ditto', 'Nidorino', 'HR', 1);
INSERT INTO user VALUES (4245, 'MEWM.3141', 'mewtwo.mew@icbc.com', 'Mewtwo', 'Mew', 'IT', 1);
INSERT INTO user VALUES (4246, 'SPEAROWG.1680', 'grimer.spearow310@icbc.com', 'Grimer', 'Spearow', 'Customer Service', 1);
INSERT INTO user VALUES (4247, 'MOLTRESD.482', 'drowzee.moltres@icbc.com', 'Drowzee', 'Moltres', 'Management', 1);
INSERT INTO user VALUES (4248, 'MUKG.3717', 'goldeen.muk@icbc.com', 'Goldeen', 'Muk', 'Finance', 1);
INSERT INTO user VALUES (4249, 'PIDGEYE.1046', 'eevee.pidgey@icbc.com', 'Eevee', 'Pidgey', 'IT', 1);
INSERT INTO user VALUES (4250, 'MR. MIMEA.4965', 'alakazam.mr. mime@icbc.com', 'Alakazam', 'Mr. Mime', 'Marketing', 1);
INSERT INTO user VALUES (4251, 'MAGNEMITES.1518', 'seel.magnemite@icbc.com', 'Seel', 'Magnemite', 'Customer Service', 1);
INSERT INTO user VALUES (4252, 'GROWLITHEN.2245', 'nidoking.growlithe@icbc.com', 'Nidoking', 'Growlithe', 'HR', 1);
INSERT INTO user VALUES (4253, 'HAUNTERB.1204', 'bulbasaur.haunter@icbc.com', 'Bulbasaur', 'Haunter', 'Finance', 1);
INSERT INTO user VALUES (4254, 'STARMIED.4369', 'ditto.starmie@icbc.com', 'Ditto', 'Starmie', 'Management', 1);
INSERT INTO user VALUES (4255, 'DODUOK.2397', 'kabuto.doduo@icbc.com', 'Kabuto', 'Doduo', 'Marketing', 1);
INSERT INTO user VALUES (4256, 'MOLTRESM.2512', 'magmar.moltres@icbc.com', 'Magmar', 'Moltres', 'Finance', 1);
INSERT INTO user VALUES (4257, 'EXEGGUTORP.709', 'pinsir.exeggutor@icbc.com', 'Pinsir', 'Exeggutor', 'Management', 1);
INSERT INTO user VALUES (4258, 'POLIWRATHN.560', 'ninetales.poliwrath311@icbc.com', 'Ninetales', 'Poliwrath', 'HR', 1);
INSERT INTO user VALUES (4259, 'MCJIGGLYPUFFG.2951', 'gastly.mcjigglypuff@icbc.com', 'Gastly', 'McJigglypuff', 'IT', 1);
INSERT INTO user VALUES (4260, 'CHARMANDERO.4977', 'onix.charmander312@icbc.com', 'Onix', 'Charmander', 'Marketing', 1);
INSERT INTO user VALUES (4261, 'MR. MIMEA.1432', 'abra.mr. mime@icbc.com', 'Abra', 'Mr. Mime', 'Customer Service', 1);
INSERT INTO user VALUES (4262, 'KRABBYT.840', 'tentacool.krabby@icbc.com', 'Tentacool', 'Krabby', 'Finance', 1);
INSERT INTO user VALUES (4263, 'OMASTARK.1624', 'kingler.omastar@icbc.com', 'Kingler', 'Omastar', 'Finance', 1);
INSERT INTO user VALUES (4264, 'GOLEMR.4177', 'raticate.golem@icbc.com', 'Raticate', 'Golem', 'HR', 1);
INSERT INTO user VALUES (4265, 'DUGTRIOE.541', 'electabuzz.dugtrio@icbc.com', 'Electabuzz', 'Dugtrio', 'Management', 1);
INSERT INTO user VALUES (4266, 'HAUNTERE.3212', 'exeggcute.haunter313@icbc.com', 'Exeggcute', 'Haunter', 'HR', 1);
INSERT INTO user VALUES (4267, 'NIDOKINGF.1534', 'flareon.nidoking@icbc.com', 'Flareon', 'Nidoking', 'HR', 1);
INSERT INTO user VALUES (4268, 'SLOWBROS.862', 'seel.slowbro314@icbc.com', 'Seel', 'Slowbro', 'Finance', 1);
INSERT INTO user VALUES (4269, 'JIGGLYPUFFC.2971', 'charmander.jigglypuff@icbc.com', 'Charmander', 'Jigglypuff', 'Management', 1);
INSERT INTO user VALUES (4270, 'RHYDONM.2382', 'machamp.rhydon@icbc.com', 'Machamp', 'Rhydon', 'Customer Service', 1);
INSERT INTO user VALUES (4271, 'RAICHUL.3257', 'lickitung.raichu@icbc.com', 'Lickitung', 'Raichu', 'Marketing', 1);
INSERT INTO user VALUES (4272, 'NIDORANG.833', 'gyarados.nidoran@icbc.com', 'Gyarados', 'Nidoran', 'IT', 1);
INSERT INTO user VALUES (4273, 'MAGIKARPS.2512', 'slowbro.magikarp@icbc.com', 'Slowbro', 'Magikarp', 'Customer Service', 1);
INSERT INTO user VALUES (4274, 'GASTLYM.3804', 'muk.gastly@icbc.com', 'Muk', 'Gastly', 'Finance', 1);
INSERT INTO user VALUES (4275, 'ZUBATM.4379', 'muk.zubat@icbc.com', 'Muk', 'Zubat', 'HR', 1);
INSERT INTO user VALUES (4276, 'MCHITMONCHANK.2963', 'kabutops.mchitmonchan@icbc.com', 'Kabutops', 'McHitmonchan', 'Customer Service', 1);
INSERT INTO user VALUES (4277, 'GASTLYW.2548', 'weepinbell.gastly@icbc.com', 'Weepinbell', 'Gastly', 'Marketing', 1);
INSERT INTO user VALUES (4278, 'GLOOMD.984', 'dewgong.gloom@icbc.com', 'Dewgong', 'Gloom', 'IT', 1);
INSERT INTO user VALUES (4279, 'KINGLERV.800', 'venonat.kingler@icbc.com', 'Venonat', 'Kingler', 'Management', 1);
INSERT INTO user VALUES (4280, 'VAPOREONM.4817', 'metapod.vaporeon@icbc.com', 'Metapod', 'Vaporeon', 'HR', 1);
INSERT INTO user VALUES (4281, 'BELLSPROUTG.1947', 'golem.bellsprout@icbc.com', 'Golem', 'Bellsprout', 'Customer Service', 1);
INSERT INTO user VALUES (4282, 'EEVEEF.2162', 'flareon.eevee@icbc.com', 'Flareon', 'Eevee', 'HR', 1);
INSERT INTO user VALUES (4283, 'POLIWAGA.1963', 'alakazam.poliwag@icbc.com', 'Alakazam', 'Poliwag', 'Finance', 1);
INSERT INTO user VALUES (4284, 'CHARIZARDM.4707', 'mewtwo.charizard@icbc.com', 'Mewtwo', 'Charizard', 'Customer Service', 1);
INSERT INTO user VALUES (4285, 'ALAKAZAME.794', 'eevee.alakazam@icbc.com', 'Eevee', 'Alakazam', 'Finance', 1);
INSERT INTO user VALUES (4286, 'MCIVYSAURG.942', 'grimer.mcivysaur@icbc.com', 'Grimer', 'McIvysaur', 'Management', 1);
INSERT INTO user VALUES (4287, 'NIDORINOS.1063', 'sandshrew.nidorino@icbc.com', 'Sandshrew', 'Nidorino', 'HR', 1);
INSERT INTO user VALUES (4288, 'MEWH.2940', 'horsea.mew315@icbc.com', 'Horsea', 'Mew', 'IT', 1);
INSERT INTO user VALUES (4289, 'WARTORTLEA.2914', 'articuno.wartortle@icbc.com', 'Articuno', 'Wartortle', 'HR', 1);
INSERT INTO user VALUES (4290, 'VENUSAURD.4787', 'dewgong.venusaur@icbc.com', 'Dewgong', 'Venusaur', 'Customer Service', 1);
INSERT INTO user VALUES (4291, 'PORYGOND.1112', 'dodrio.porygon@icbc.com', 'Dodrio', 'Porygon', 'Finance', 1);
INSERT INTO user VALUES (4292, 'MAGNEMITEE.825', 'exeggutor.magnemite@icbc.com', 'Exeggutor', 'Magnemite', 'Customer Service', 1);
INSERT INTO user VALUES (4293, 'SANDSHREWE.3355', 'electabuzz.sandshrew@icbc.com', 'Electabuzz', 'Sandshrew', 'HR', 1);
INSERT INTO user VALUES (4294, 'GOLBATH.2065', 'horsea.golbat@icbc.com', 'Horsea', 'Golbat', 'Finance', 1);
INSERT INTO user VALUES (4295, 'SCYTHERZ.2290', 'zubat.scyther@icbc.com', 'Zubat', 'Scyther', 'IT', 1);
INSERT INTO user VALUES (4296, 'KINGLERN.1880', 'nidoran.kingler316@icbc.com', 'Nidoran', 'Kingler', 'HR', 1);
INSERT INTO user VALUES (4297, 'TAUROSV.4063', 'victreebel.tauros@icbc.com', 'Victreebel', 'Tauros', 'Marketing', 1);
INSERT INTO user VALUES (4298, 'MAGIKARPH.3549', 'hitmonlee.magikarp@icbc.com', 'Hitmonlee', 'Magikarp', 'HR', 1);
INSERT INTO user VALUES (4299, 'POLIWHIRLP.2103', 'paras.poliwhirl@icbc.com', 'Paras', 'Poliwhirl', 'HR', 1);
INSERT INTO user VALUES (4300, 'KAKUNAA.3143', 'abra.kakuna@icbc.com', 'Abra', 'Kakuna', 'Customer Service', 1);
INSERT INTO user VALUES (4301, 'RHYHORNJ.3619', 'jynx.rhyhorn@icbc.com', 'Jynx', 'Rhyhorn', 'Management', 1);
INSERT INTO user VALUES (4302, 'ZUBATN.3715', 'nidorino.zubat@icbc.com', 'Nidorino', 'Zubat', 'Marketing', 1);
INSERT INTO user VALUES (4303, 'MAROWAKN.4434', 'nidorina.marowak@icbc.com', 'Nidorina', 'Marowak', 'HR', 1);
INSERT INTO user VALUES (4304, 'KINGLERD.4542', 'dodrio.kingler@icbc.com', 'Dodrio', 'Kingler', 'Finance', 1);
INSERT INTO user VALUES (4305, 'PIKACHUL.4184', 'lapras.pikachu@icbc.com', 'Lapras', 'Pikachu', 'HR', 1);
INSERT INTO user VALUES (4306, 'MACHAMPE.2165', 'ekans.machamp@icbc.com', 'Ekans', 'Machamp', 'HR', 1);
INSERT INTO user VALUES (4307, 'BLASTOISEN.3219', 'nidoking.blastoise317@icbc.com', 'Nidoking', 'Blastoise', 'Management', 1);
INSERT INTO user VALUES (4308, 'TANGELAW.1864', 'weedle.tangela@icbc.com', 'Weedle', 'Tangela', 'Customer Service', 1);
INSERT INTO user VALUES (4309, 'ARBOKP.2603', 'parasect.arbok@icbc.com', 'Parasect', 'Arbok', 'Management', 1);
INSERT INTO user VALUES (4310, 'POLIWHIRLS.3408', 'sandslash.poliwhirl@icbc.com', 'Sandslash', 'Poliwhirl', 'Marketing', 1);
INSERT INTO user VALUES (4311, 'KRABBYS.4523', 'slowbro.krabby@icbc.com', 'Slowbro', 'Krabby', 'IT', 1);
INSERT INTO user VALUES (4312, 'PARASECTC.3916', 'clefable.parasect@icbc.com', 'Clefable', 'Parasect', 'HR', 1);
INSERT INTO user VALUES (4313, 'SANDSLASHS.3585', 'slowpoke.sandslash@icbc.com', 'Slowpoke', 'Sandslash', 'Finance', 1);
INSERT INTO user VALUES (4314, 'GROWLITHEE.64', 'ekans.growlithe@icbc.com', 'Ekans', 'Growlithe', 'Management', 1);
INSERT INTO user VALUES (4315, 'MCVOLTORBH.3484', 'hitmonlee.mcvoltorb@icbc.com', 'Hitmonlee', 'McVoltorb', 'Customer Service', 1);
INSERT INTO user VALUES (4316, 'SLOWPOKEM.4851', 'meowth.slowpoke318@icbc.com', 'Meowth', 'Slowpoke', 'Management', 1);
INSERT INTO user VALUES (4317, 'VICTREEBELV.4491', 'venomoth.victreebel@icbc.com', 'Venomoth', 'Victreebel', 'Management', 1);
INSERT INTO user VALUES (4318, 'PIKACHUD.2612', 'drowzee.pikachu@icbc.com', 'Drowzee', 'Pikachu', 'Management', 1);
INSERT INTO user VALUES (4319, 'RHYDONC.1388', 'charmander.rhydon@icbc.com', 'Charmander', 'Rhydon', 'Marketing', 1);
INSERT INTO user VALUES (4320, 'ARBOKD.3964', 'ditto.arbok@icbc.com', 'Ditto', 'Arbok', 'Finance', 1);
INSERT INTO user VALUES (4321, 'CHANSEYN.3754', 'nidoking.chansey@icbc.com', 'Nidoking', 'Chansey', 'Marketing', 1);
INSERT INTO user VALUES (4322, 'MAGIKARPO.944', 'oddish.magikarp@icbc.com', 'Oddish', 'Magikarp', 'Marketing', 1);
INSERT INTO user VALUES (4323, 'MCGOLEMM.2299', 'mew.mcgolem@icbc.com', 'Mew', 'McGolem', 'Management', 1);
INSERT INTO user VALUES (4324, 'PRIMEAPED.442', 'dugtrio.primeape@icbc.com', 'Dugtrio', 'Primeape', 'Customer Service', 1);
INSERT INTO user VALUES (4325, 'MCOMASTARL.2675', 'lickitung.mcomastar@icbc.com', 'Lickitung', 'McOmastar', 'IT', 1);
INSERT INTO user VALUES (4326, 'STARYUM.1767', 'mewtwo.staryu@icbc.com', 'Mewtwo', 'Staryu', 'HR', 1);
INSERT INTO user VALUES (4327, 'MACHOPP.4416', 'poliwag.machop@icbc.com', 'Poliwag', 'Machop', 'IT', 1);
INSERT INTO user VALUES (4328, 'HORSEAK.3017', 'kadabra.horsea@icbc.com', 'Kadabra', 'Horsea', 'Finance', 1);
INSERT INTO user VALUES (4329, 'DRAGONAIRG.232', 'gastly.dragonair@icbc.com', 'Gastly', 'Dragonair', 'HR', 1);
INSERT INTO user VALUES (4330, 'OMANYTEP.394', 'pikachu.omanyte@icbc.com', 'Pikachu', 'Omanyte', 'Finance', 1);
INSERT INTO user VALUES (4331, 'SLOWBROM.1208', 'muk.slowbro@icbc.com', 'Muk', 'Slowbro', 'Finance', 1);
INSERT INTO user VALUES (4332, 'PINSIRE.751', 'electrode.pinsir@icbc.com', 'Electrode', 'Pinsir', 'Customer Service', 1);
INSERT INTO user VALUES (4333, 'HITMONCHANV.2628', 'venomoth.hitmonchan@icbc.com', 'Venomoth', 'Hitmonchan', 'Customer Service', 1);
INSERT INTO user VALUES (4334, 'POLIWAGE.1617', 'ekans.poliwag@icbc.com', 'Ekans', 'Poliwag', 'IT', 1);
INSERT INTO user VALUES (4335, 'MCPOLIWAGL.3232', 'lapras.mcpoliwag@icbc.com', 'Lapras', 'McPoliwag', 'Finance', 1);
INSERT INTO user VALUES (4336, 'CHARMELEONW.2237', 'wigglytuff.charmeleon319@icbc.com', 'Wigglytuff', 'Charmeleon', 'HR', 1);
INSERT INTO user VALUES (4337, 'KABUTOPSP.1784', 'poliwhirl.kabutops@icbc.com', 'Poliwhirl', 'Kabutops', 'IT', 1);
INSERT INTO user VALUES (4338, 'MCKABUTOB.1940', 'butterfree.mckabuto@icbc.com', 'Butterfree', 'McKabuto', 'IT', 1);
INSERT INTO user VALUES (4339, 'CLOYSTERD.3908', 'ditto.cloyster@icbc.com', 'Ditto', 'Cloyster', 'HR', 1);
INSERT INTO user VALUES (4340, 'SLOWPOKEW.3350', 'weepinbell.slowpoke@icbc.com', 'Weepinbell', 'Slowpoke', 'Management', 1);
INSERT INTO user VALUES (4341, 'PINSIRD.4016', 'dodrio.pinsir@icbc.com', 'Dodrio', 'Pinsir', 'Customer Service', 1);
INSERT INTO user VALUES (4342, 'GOLDUCKC.3923', 'clefable.golduck@icbc.com', 'Clefable', 'Golduck', 'Finance', 1);
INSERT INTO user VALUES (4343, 'NIDOQUEENS.4290', 'seel.nidoqueen@icbc.com', 'Seel', 'Nidoqueen', 'IT', 1);
INSERT INTO user VALUES (4344, 'MAGNEMITED.3382', 'diglett.magnemite@icbc.com', 'Diglett', 'Magnemite', 'Customer Service', 1);
INSERT INTO user VALUES (4345, 'NIDORANP.4048', 'pidgeotto.nidoran320@icbc.com', 'Pidgeotto', 'Nidoran', 'IT', 1);
INSERT INTO user VALUES (4346, 'BEEDRILLB.4949', 'butterfree.beedrill321@icbc.com', 'Butterfree', 'Beedrill', 'Marketing', 1);
INSERT INTO user VALUES (4347, 'MACHOKEV.4546', 'venomoth.machoke@icbc.com', 'Venomoth', 'Machoke', 'Customer Service', 1);
INSERT INTO user VALUES (4348, 'HITMONLEEM.4086', 'magikarp.hitmonlee@icbc.com', 'Magikarp', 'Hitmonlee', 'Finance', 1);
INSERT INTO user VALUES (4349, 'ARTICUNOS.285', 'shellder.articuno@icbc.com', 'Shellder', 'Articuno', 'Customer Service', 1);
INSERT INTO user VALUES (4350, 'POLIWHIRLH.3098', 'hitmonchan.poliwhirl@icbc.com', 'Hitmonchan', 'Poliwhirl', 'Customer Service', 1);
INSERT INTO user VALUES (4351, 'VENUSAURP.2998', 'ponyta.venusaur@icbc.com', 'Ponyta', 'Venusaur', 'IT', 1);
INSERT INTO user VALUES (4352, 'PARASP.380', 'paras.paras@icbc.com', 'Paras', 'Paras', 'IT', 1);
INSERT INTO user VALUES (4353, 'TANGELAM.1582', 'mankey.tangela322@icbc.com', 'Mankey', 'Tangela', 'IT', 1);
INSERT INTO user VALUES (4354, 'PERSIANR.2737', 'raichu.persian@icbc.com', 'Raichu', 'Persian', 'HR', 1);
INSERT INTO user VALUES (4355, 'MCDITTOP.1556', 'psyduck.mcditto@icbc.com', 'Psyduck', 'McDitto', 'Management', 1);
INSERT INTO user VALUES (4356, 'EKANSD.4820', 'dugtrio.ekans@icbc.com', 'Dugtrio', 'Ekans', 'IT', 1);
INSERT INTO user VALUES (4357, 'MUKD.3834', 'dratini.muk323@icbc.com', 'Dratini', 'Muk', 'IT', 1);
INSERT INTO user VALUES (4358, 'AERODACTYLH.3386', 'hitmonlee.aerodactyl324@icbc.com', 'Hitmonlee', 'Aerodactyl', 'IT', 1);
INSERT INTO user VALUES (4359, 'LAPRASS.350', 'staryu.lapras325@icbc.com', 'Staryu', 'Lapras', 'IT', 1);
INSERT INTO user VALUES (4360, 'MEWTWOG.4504', 'grimer.mewtwo@icbc.com', 'Grimer', 'Mewtwo', 'Finance', 1);
INSERT INTO user VALUES (4361, 'ELECTABUZZR.2232', 'raticate.electabuzz326@icbc.com', 'Raticate', 'Electabuzz', 'HR', 1);
INSERT INTO user VALUES (4362, 'KAKUNAW.2951', 'weepinbell.kakuna@icbc.com', 'Weepinbell', 'Kakuna', 'IT', 1);
INSERT INTO user VALUES (4363, 'GYARADOSP.152', 'paras.gyarados@icbc.com', 'Paras', 'Gyarados', 'Finance', 1);
INSERT INTO user VALUES (4364, 'LICKITUNGJ.1473', 'jigglypuff.lickitung@icbc.com', 'Jigglypuff', 'Lickitung', 'Management', 1);
INSERT INTO user VALUES (4365, 'SNORLAXM.4771', 'mankey.snorlax327@icbc.com', 'Mankey', 'Snorlax', 'Customer Service', 1);
INSERT INTO user VALUES (4366, 'NINETALESV.202', 'venusaur.ninetales@icbc.com', 'Venusaur', 'Ninetales', 'HR', 1);
INSERT INTO user VALUES (4367, 'CLEFABLEF.2644', 'flareon.clefable@icbc.com', 'Flareon', 'Clefable', 'Management', 1);
INSERT INTO user VALUES (4368, 'EKANSP.3295', 'persian.ekans@icbc.com', 'Persian', 'Ekans', 'Marketing', 1);
INSERT INTO user VALUES (4369, 'MAROWAKT.4791', 'tentacruel.marowak@icbc.com', 'Tentacruel', 'Marowak', 'HR', 1);
INSERT INTO user VALUES (4370, 'MR. MIMEW.885', 'weezing.mr. mime@icbc.com', 'Weezing', 'Mr. Mime', 'Marketing', 1);
INSERT INTO user VALUES (4371, 'NINETALESK.1393', 'kadabra.ninetales@icbc.com', 'Kadabra', 'Ninetales', 'Finance', 1);
INSERT INTO user VALUES (4372, 'BLASTOISEP.4035', 'pidgeot.blastoise@icbc.com', 'Pidgeot', 'Blastoise', 'IT', 1);
INSERT INTO user VALUES (4373, 'EKANSN.4021', 'nidorino.ekans@icbc.com', 'Nidorino', 'Ekans', 'Finance', 1);
INSERT INTO user VALUES (4374, 'MCOMANYTED.127', 'doduo.mcomanyte@icbc.com', 'Doduo', 'McOmanyte', 'Customer Service', 1);
INSERT INTO user VALUES (4375, 'NINETALESK.2877', 'kadabra.ninetales328@icbc.com', 'Kadabra', 'Ninetales', 'HR', 1);
INSERT INTO user VALUES (4376, 'MR. MIMEM.1804', 'magmar.mr. mime329@icbc.com', 'Magmar', 'Mr. Mime', 'Management', 1);
INSERT INTO user VALUES (4377, 'AERODACTYLP.3234', 'poliwhirl.aerodactyl@icbc.com', 'Poliwhirl', 'Aerodactyl', 'Management', 1);
INSERT INTO user VALUES (4378, 'NIDORINOT.2810', 'tentacool.nidorino@icbc.com', 'Tentacool', 'Nidorino', 'HR', 1);
INSERT INTO user VALUES (4379, 'KRABBYV.4617', 'voltorb.krabby@icbc.com', 'Voltorb', 'Krabby', 'Customer Service', 1);
INSERT INTO user VALUES (4380, 'MANKEYS.4014', 'squirtle.mankey@icbc.com', 'Squirtle', 'Mankey', 'Customer Service', 1);
INSERT INTO user VALUES (4381, 'PIDGEOTTOW.3537', 'wigglytuff.pidgeotto@icbc.com', 'Wigglytuff', 'Pidgeotto', 'Finance', 1);
INSERT INTO user VALUES (4382, 'HAUNTERW.2597', 'weezing.haunter@icbc.com', 'Weezing', 'Haunter', 'IT', 1);
INSERT INTO user VALUES (4383, 'VAPOREONS.2545', 'shellder.vaporeon@icbc.com', 'Shellder', 'Vaporeon', 'IT', 1);
INSERT INTO user VALUES (4384, 'BULBASAURW.902', 'weezing.bulbasaur@icbc.com', 'Weezing', 'Bulbasaur', 'Marketing', 1);
INSERT INTO user VALUES (4385, 'ZAPDOSD.3851', 'dugtrio.zapdos@icbc.com', 'Dugtrio', 'Zapdos', 'IT', 1);
INSERT INTO user VALUES (4386, 'MCRHYHORNG.2432', 'geodude.mcrhyhorn@icbc.com', 'Geodude', 'McRhyhorn', 'IT', 1);
INSERT INTO user VALUES (4387, 'EXEGGCUTEB.2505', 'butterfree.exeggcute@icbc.com', 'Butterfree', 'Exeggcute', 'Management', 1);
INSERT INTO user VALUES (4388, 'POLIWAGD.3553', 'dodrio.poliwag@icbc.com', 'Dodrio', 'Poliwag', 'Customer Service', 1);
INSERT INTO user VALUES (4389, 'PIDGEOTTOS.4725', 'squirtle.pidgeotto@icbc.com', 'Squirtle', 'Pidgeotto', 'HR', 1);
INSERT INTO user VALUES (4390, 'NIDORANC.1080', 'clefairy.nidoran@icbc.com', 'Clefairy', 'Nidoran', 'Marketing', 1);
INSERT INTO user VALUES (4391, 'GENGARS.2647', 'starmie.gengar330@icbc.com', 'Starmie', 'Gengar', 'Marketing', 1);
INSERT INTO user VALUES (4392, 'STARYUK.2637', 'kangaskhan.staryu@icbc.com', 'Kangaskhan', 'Staryu', 'Management', 1);
INSERT INTO user VALUES (4393, 'GASTLYO.4009', 'omanyte.gastly@icbc.com', 'Omanyte', 'Gastly', 'Finance', 1);
INSERT INTO user VALUES (4394, 'MUKC.1513', 'caterpie.muk@icbc.com', 'Caterpie', 'Muk', 'IT', 1);
INSERT INTO user VALUES (4395, 'WEEDLEN.4356', 'nidorino.weedle@icbc.com', 'Nidorino', 'Weedle', 'HR', 1);
INSERT INTO user VALUES (4396, 'HORSEAM.4543', 'mr. mime.horsea@icbc.com', 'Mr. Mime', 'Horsea', 'Finance', 1);
INSERT INTO user VALUES (4397, 'CHARIZARDG.3455', 'golduck.charizard@icbc.com', 'Golduck', 'Charizard', 'Marketing', 1);
INSERT INTO user VALUES (4398, 'NIDORANR.1927', 'raichu.nidoran@icbc.com', 'Raichu', 'Nidoran', 'Finance', 1);
INSERT INTO user VALUES (4399, 'MCODDISHW.719', 'weedle.mcoddish@icbc.com', 'Weedle', 'McOddish', 'Management', 1);
INSERT INTO user VALUES (4400, 'MCPIDGEOTTOC.882', 'cubone.mcpidgeotto@icbc.com', 'Cubone', 'McPidgeotto', 'Marketing', 1);
INSERT INTO user VALUES (4401, 'PIKACHUG.2037', 'geodude.pikachu@icbc.com', 'Geodude', 'Pikachu', 'Marketing', 1);
INSERT INTO user VALUES (4402, 'ZAPDOSG.1836', 'gyarados.zapdos@icbc.com', 'Gyarados', 'Zapdos', 'Marketing', 1);
INSERT INTO user VALUES (4403, 'ARBOKW.1229', 'weezing.arbok@icbc.com', 'Weezing', 'Arbok', 'Customer Service', 1);
INSERT INTO user VALUES (4404, 'TANGELAS.323', 'snorlax.tangela@icbc.com', 'Snorlax', 'Tangela', 'Finance', 1);
INSERT INTO user VALUES (4405, 'PIDGEOTTOP.378', 'pinsir.pidgeotto@icbc.com', 'Pinsir', 'Pidgeotto', 'HR', 1);
INSERT INTO user VALUES (4406, 'RHYDONG.1806', 'golbat.rhydon@icbc.com', 'Golbat', 'Rhydon', 'Customer Service', 1);
INSERT INTO user VALUES (4407, 'DITTOA.879', 'abra.ditto@icbc.com', 'Abra', 'Ditto', 'HR', 1);
INSERT INTO user VALUES (4408, 'MCRHYHORNG.2944', 'graveler.mcrhyhorn331@icbc.com', 'Graveler', 'McRhyhorn', 'Finance', 1);
INSERT INTO user VALUES (4409, 'ABRAP.2122', 'pikachu.abra@icbc.com', 'Pikachu', 'Abra', 'Marketing', 1);
INSERT INTO user VALUES (4410, 'PARASR.3329', 'raticate.paras@icbc.com', 'Raticate', 'Paras', 'Marketing', 1);
INSERT INTO user VALUES (4411, 'MEWG.1639', 'goldeen.mew@icbc.com', 'Goldeen', 'Mew', 'Finance', 1);
INSERT INTO user VALUES (4412, 'PERSIANG.276', 'goldeen.persian@icbc.com', 'Goldeen', 'Persian', 'IT', 1);
INSERT INTO user VALUES (4413, 'ALAKAZAMT.3591', 'tentacruel.alakazam@icbc.com', 'Tentacruel', 'Alakazam', 'IT', 1);
INSERT INTO user VALUES (4414, 'PIKACHUH.3038', 'hitmonlee.pikachu@icbc.com', 'Hitmonlee', 'Pikachu', 'Management', 1);
INSERT INTO user VALUES (4415, 'KANGASKHANE.4880', 'electabuzz.kangaskhan332@icbc.com', 'Electabuzz', 'Kangaskhan', 'HR', 1);
INSERT INTO user VALUES (4416, 'KRABBYT.2725', 'tauros.krabby@icbc.com', 'Tauros', 'Krabby', 'Finance', 1);
INSERT INTO user VALUES (4417, 'NIDORANE.971', 'exeggutor.nidoran333@icbc.com', 'Exeggutor', 'Nidoran', 'Customer Service', 1);
INSERT INTO user VALUES (4418, 'SQUIRTLEG.1949', 'golem.squirtle@icbc.com', 'Golem', 'Squirtle', 'Finance', 1);
INSERT INTO user VALUES (4419, 'FLAREONJ.4193', 'jigglypuff.flareon@icbc.com', 'Jigglypuff', 'Flareon', 'Customer Service', 1);
INSERT INTO user VALUES (4420, 'CHARMANDERG.4058', 'geodude.charmander@icbc.com', 'Geodude', 'Charmander', 'Finance', 1);
INSERT INTO user VALUES (4421, 'NIDORANE.4903', 'electrode.nidoran@icbc.com', 'Electrode', 'Nidoran', 'Management', 1);
INSERT INTO user VALUES (4422, 'MAGNEMITEM.4662', 'magikarp.magnemite@icbc.com', 'Magikarp', 'Magnemite', 'Customer Service', 1);
INSERT INTO user VALUES (4423, 'PERSIANK.3181', 'kabutops.persian@icbc.com', 'Kabutops', 'Persian', 'Finance', 1);
INSERT INTO user VALUES (4424, 'VENOMOTHS.2713', 'snorlax.venomoth@icbc.com', 'Snorlax', 'Venomoth', 'Customer Service', 1);
INSERT INTO user VALUES (4425, 'ARTICUNOA.1015', 'aerodactyl.articuno@icbc.com', 'Aerodactyl', 'Articuno', 'IT', 1);
INSERT INTO user VALUES (4426, 'POLIWRATHA.3707', 'arcanine.poliwrath@icbc.com', 'Arcanine', 'Poliwrath', 'Marketing', 1);
INSERT INTO user VALUES (4427, 'GOLEMP.1190', 'poliwag.golem@icbc.com', 'Poliwag', 'Golem', 'IT', 1);
INSERT INTO user VALUES (4428, 'VOLTORBK.1760', 'kingler.voltorb@icbc.com', 'Kingler', 'Voltorb', 'Management', 1);
INSERT INTO user VALUES (4429, 'WEEZINGD.2405', 'doduo.weezing@icbc.com', 'Doduo', 'Weezing', 'Finance', 1);
INSERT INTO user VALUES (4430, 'ARTICUNOC.1031', 'clefable.articuno334@icbc.com', 'Clefable', 'Articuno', 'Marketing', 1);
INSERT INTO user VALUES (4431, 'ARCANINEP.790', 'parasect.arcanine@icbc.com', 'Parasect', 'Arcanine', 'Customer Service', 1);
INSERT INTO user VALUES (4432, 'MUKC.1332', 'caterpie.muk335@icbc.com', 'Caterpie', 'Muk', 'Management', 1);
INSERT INTO user VALUES (4433, 'DIGLETTO.4026', 'omanyte.diglett336@icbc.com', 'Omanyte', 'Diglett', 'Finance', 1);
INSERT INTO user VALUES (4434, 'HAUNTERN.2328', 'nidoran.haunter@icbc.com', 'Nidoran', 'Haunter', 'HR', 1);
INSERT INTO user VALUES (4435, 'WIGGLYTUFFM.3887', 'magikarp.wigglytuff@icbc.com', 'Magikarp', 'Wigglytuff', 'Finance', 1);
INSERT INTO user VALUES (4436, 'SPEAROWC.191', 'cloyster.spearow@icbc.com', 'Cloyster', 'Spearow', 'Management', 1);
INSERT INTO user VALUES (4437, 'MEOWTHV.9', 'venomoth.meowth@icbc.com', 'Venomoth', 'Meowth', 'HR', 1);
INSERT INTO user VALUES (4438, 'KADABRAW.2863', 'wigglytuff.kadabra@icbc.com', 'Wigglytuff', 'Kadabra', 'Finance', 1);
INSERT INTO user VALUES (4439, 'GENGART.4081', 'tentacruel.gengar@icbc.com', 'Tentacruel', 'Gengar', 'IT', 1);
INSERT INTO user VALUES (4440, 'ZUBATB.4441', 'bellsprout.zubat@icbc.com', 'Bellsprout', 'Zubat', 'IT', 1);
INSERT INTO user VALUES (4441, 'EXEGGCUTES.3192', 'shellder.exeggcute@icbc.com', 'Shellder', 'Exeggcute', 'Management', 1);
INSERT INTO user VALUES (4442, 'VICTREEBELS.3602', 'seaking.victreebel@icbc.com', 'Seaking', 'Victreebel', 'Customer Service', 1);
INSERT INTO user VALUES (4443, 'EXEGGCUTES.981', 'seaking.exeggcute337@icbc.com', 'Seaking', 'Exeggcute', 'HR', 1);
INSERT INTO user VALUES (4444, 'MCGRIMERR.1721', 'rattata.mcgrimer@icbc.com', 'Rattata', 'McGrimer', 'Customer Service', 1);
INSERT INTO user VALUES (4445, 'EKANSM.841', 'marowak.ekans338@icbc.com', 'Marowak', 'Ekans', 'IT', 1);
INSERT INTO user VALUES (4446, 'CHARIZARDE.215', 'exeggutor.charizard339@icbc.com', 'Exeggutor', 'Charizard', 'Customer Service', 1);
INSERT INTO user VALUES (4447, 'GEODUDEP.1945', 'persian.geodude@icbc.com', 'Persian', 'Geodude', 'Marketing', 1);
INSERT INTO user VALUES (4448, 'DRAGONITEP.4350', 'poliwhirl.dragonite@icbc.com', 'Poliwhirl', 'Dragonite', 'Management', 1);
INSERT INTO user VALUES (4449, 'POLIWAGP.1500', 'pidgeotto.poliwag@icbc.com', 'Pidgeotto', 'Poliwag', 'Management', 1);
INSERT INTO user VALUES (4450, 'MACHOPC.4698', 'clefairy.machop@icbc.com', 'Clefairy', 'Machop', 'Management', 1);
INSERT INTO user VALUES (4451, 'SEAKINGM.435', 'magnemite.seaking@icbc.com', 'Magnemite', 'Seaking', 'Customer Service', 1);
INSERT INTO user VALUES (4452, 'VOLTORBM.219', 'muk.voltorb@icbc.com', 'Muk', 'Voltorb', 'HR', 1);
INSERT INTO user VALUES (4453, 'TENTACRUELG.4448', 'gyarados.tentacruel@icbc.com', 'Gyarados', 'Tentacruel', 'Customer Service', 1);
INSERT INTO user VALUES (4454, 'MACHAMPW.4878', 'wartortle.machamp@icbc.com', 'Wartortle', 'Machamp', 'HR', 1);
INSERT INTO user VALUES (4455, 'VULPIXA.1753', 'arbok.vulpix@icbc.com', 'Arbok', 'Vulpix', 'IT', 1);
INSERT INTO user VALUES (4456, 'MCPOLIWRATHR.3649', 'raticate.mcpoliwrath@icbc.com', 'Raticate', 'McPoliwrath', 'IT', 1);
INSERT INTO user VALUES (4457, 'PIDGEYV.508', 'venonat.pidgey@icbc.com', 'Venonat', 'Pidgey', 'Customer Service', 1);
INSERT INTO user VALUES (4458, 'OMANYTEP.1280', 'persian.omanyte@icbc.com', 'Persian', 'Omanyte', 'Finance', 1);
INSERT INTO user VALUES (4459, 'FEAROWP.508', 'pikachu.fearow@icbc.com', 'Pikachu', 'Fearow', 'Management', 1);
INSERT INTO user VALUES (4460, 'IVYSAURC.366', 'clefable.ivysaur@icbc.com', 'Clefable', 'Ivysaur', 'Customer Service', 1);
INSERT INTO user VALUES (4461, 'HORSEAJ.3646', 'jolteon.horsea@icbc.com', 'Jolteon', 'Horsea', 'Marketing', 1);
INSERT INTO user VALUES (4462, 'MCTENTACRUELC.2986', 'cubone.mctentacruel@icbc.com', 'Cubone', 'McTentacruel', 'Finance', 1);
INSERT INTO user VALUES (4463, 'ONIXH.3844', 'hypno.onix340@icbc.com', 'Hypno', 'Onix', 'Customer Service', 1);
INSERT INTO user VALUES (4464, 'WEEPINBELLS.4795', 'spearow.weepinbell@icbc.com', 'Spearow', 'Weepinbell', 'Finance', 1);
INSERT INTO user VALUES (4465, 'RHYDONA.559', 'articuno.rhydon@icbc.com', 'Articuno', 'Rhydon', 'IT', 1);
INSERT INTO user VALUES (4466, 'HYPNOK.2367', 'kakuna.hypno@icbc.com', 'Kakuna', 'Hypno', 'Finance', 1);
INSERT INTO user VALUES (4467, 'EEVEET.2025', 'tentacruel.eevee@icbc.com', 'Tentacruel', 'Eevee', 'HR', 1);
INSERT INTO user VALUES (4468, 'SHELLDERA.4599', 'arbok.shellder341@icbc.com', 'Arbok', 'Shellder', 'Management', 1);
INSERT INTO user VALUES (4469, 'WEEZINGB.3850', 'butterfree.weezing342@icbc.com', 'Butterfree', 'Weezing', 'IT', 1);
INSERT INTO user VALUES (4470, 'EKANSG.1713', 'goldeen.ekans@icbc.com', 'Goldeen', 'Ekans', 'Marketing', 1);
INSERT INTO user VALUES (4471, 'VENOMOTHP.4915', 'pidgey.venomoth@icbc.com', 'Pidgey', 'Venomoth', 'Finance', 1);
INSERT INTO user VALUES (4472, 'POLIWRATHM.4785', 'machop.poliwrath@icbc.com', 'Machop', 'Poliwrath', 'Marketing', 1);
INSERT INTO user VALUES (4473, 'GRIMERD.398', 'dewgong.grimer@icbc.com', 'Dewgong', 'Grimer', 'Marketing', 1);
INSERT INTO user VALUES (4474, 'PONYTAP.1537', 'ponyta.ponyta@icbc.com', 'Ponyta', 'Ponyta', 'Marketing', 1);
INSERT INTO user VALUES (4475, 'CHARMELEONG.3657', 'gloom.charmeleon@icbc.com', 'Gloom', 'Charmeleon', 'HR', 1);
INSERT INTO user VALUES (4476, 'BEEDRILLD.3533', 'dodrio.beedrill343@icbc.com', 'Dodrio', 'Beedrill', 'Marketing', 1);
INSERT INTO user VALUES (4477, 'SEELH.4034', 'hitmonchan.seel344@icbc.com', 'Hitmonchan', 'Seel', 'HR', 1);
INSERT INTO user VALUES (4478, 'PRIMEAPED.1491', 'drowzee.primeape@icbc.com', 'Drowzee', 'Primeape', 'Management', 1);
INSERT INTO user VALUES (4479, 'MCVILEPLUMEN.2461', 'nidoran.mcvileplume@icbc.com', 'Nidoran', 'McVileplume', 'Customer Service', 1);
INSERT INTO user VALUES (4480, 'EEVEEN.2021', 'nidoran.eevee@icbc.com', 'Nidoran', 'Eevee', 'Marketing', 1);
INSERT INTO user VALUES (4481, 'CUBONEZ.689', 'zubat.cubone@icbc.com', 'Zubat', 'Cubone', 'IT', 1);
INSERT INTO user VALUES (4482, 'BEEDRILLD.2658', 'dragonair.beedrill@icbc.com', 'Dragonair', 'Beedrill', 'Customer Service', 1);
INSERT INTO user VALUES (4483, 'FARFETCHDV.3550', 'victreebel.farfetchd@icbc.com', 'Victreebel', 'Farfetchd', 'IT', 1);
INSERT INTO user VALUES (4484, 'MCSLOWPOKEG.3705', 'gastly.mcslowpoke@icbc.com', 'Gastly', 'McSlowpoke', 'Finance', 1);
INSERT INTO user VALUES (4485, 'HYPNOM.2763', 'mewtwo.hypno345@icbc.com', 'Mewtwo', 'Hypno', 'IT', 1);
INSERT INTO user VALUES (4486, 'RATICATES.4361', 'sandslash.raticate@icbc.com', 'Sandslash', 'Raticate', 'Customer Service', 1);
INSERT INTO user VALUES (4487, 'TAUROSK.1967', 'koffing.tauros@icbc.com', 'Koffing', 'Tauros', 'Management', 1);
INSERT INTO user VALUES (4488, 'LAPRASR.643', 'rattata.lapras346@icbc.com', 'Rattata', 'Lapras', 'Customer Service', 1);
INSERT INTO user VALUES (4489, 'CLEFAIRYV.3438', 'vaporeon.clefairy347@icbc.com', 'Vaporeon', 'Clefairy', 'HR', 1);
INSERT INTO user VALUES (4490, 'MACHOPM.4849', 'magneton.machop@icbc.com', 'Magneton', 'Machop', 'Management', 1);
INSERT INTO user VALUES (4491, 'SCYTHERC.1359', 'caterpie.scyther@icbc.com', 'Caterpie', 'Scyther', 'Customer Service', 1);
INSERT INTO user VALUES (4492, 'SCYTHERP.1903', 'paras.scyther@icbc.com', 'Paras', 'Scyther', 'Finance', 1);
INSERT INTO user VALUES (4493, 'DITTOS.430', 'shellder.ditto@icbc.com', 'Shellder', 'Ditto', 'HR', 1);
INSERT INTO user VALUES (4494, 'ARCANINEV.56', 'vileplume.arcanine@icbc.com', 'Vileplume', 'Arcanine', 'Finance', 1);
INSERT INTO user VALUES (4495, 'SQUIRTLEM.538', 'muk.squirtle@icbc.com', 'Muk', 'Squirtle', 'Customer Service', 1);
INSERT INTO user VALUES (4496, 'DUGTRIOM.4220', 'mewtwo.dugtrio@icbc.com', 'Mewtwo', 'Dugtrio', 'Finance', 1);
INSERT INTO user VALUES (4497, 'MAGIKARPM.3134', 'moltres.magikarp@icbc.com', 'Moltres', 'Magikarp', 'Management', 1);
INSERT INTO user VALUES (4498, 'MCKABUTOE.3238', 'exeggutor.mckabuto@icbc.com', 'Exeggutor', 'McKabuto', 'HR', 1);
INSERT INTO user VALUES (4499, 'BEEDRILLS.2508', 'slowpoke.beedrill@icbc.com', 'Slowpoke', 'Beedrill', 'Management', 1);
INSERT INTO user VALUES (4500, 'GRAVELERC.4218', 'caterpie.graveler@icbc.com', 'Caterpie', 'Graveler', 'HR', 1);
INSERT INTO user VALUES (4501, 'PONYTAM.1966', 'muk.ponyta@icbc.com', 'Muk', 'Ponyta', 'Management', 1);
INSERT INTO user VALUES (4502, 'POLIWRATHK.3919', 'krabby.poliwrath@icbc.com', 'Krabby', 'Poliwrath', 'Marketing', 1);
INSERT INTO user VALUES (4503, 'FEAROWE.611', 'exeggutor.fearow@icbc.com', 'Exeggutor', 'Fearow', 'Customer Service', 1);
INSERT INTO user VALUES (4504, 'SEELD.3246', 'dratini.seel@icbc.com', 'Dratini', 'Seel', 'Marketing', 1);
INSERT INTO user VALUES (4505, 'SEELD.114', 'dragonair.seel@icbc.com', 'Dragonair', 'Seel', 'Customer Service', 1);
INSERT INTO user VALUES (4506, 'DROWZEEV.2159', 'venusaur.drowzee@icbc.com', 'Venusaur', 'Drowzee', 'HR', 1);
INSERT INTO user VALUES (4507, 'MANKEYS.2847', 'sandslash.mankey@icbc.com', 'Sandslash', 'Mankey', 'Finance', 1);
INSERT INTO user VALUES (4508, 'CHARIZARDP.302', 'pikachu.charizard@icbc.com', 'Pikachu', 'Charizard', 'HR', 1);
INSERT INTO user VALUES (4509, 'HYPNOG.317', 'gloom.hypno@icbc.com', 'Gloom', 'Hypno', 'Management', 1);
INSERT INTO user VALUES (4510, 'SHELLDERC.2585', 'charmander.shellder@icbc.com', 'Charmander', 'Shellder', 'Finance', 1);
INSERT INTO user VALUES (4511, 'SLOWBROM.2473', 'mr. mime.slowbro@icbc.com', 'Mr. Mime', 'Slowbro', 'Management', 1);
INSERT INTO user VALUES (4512, 'KINGLERW.1464', 'weezing.kingler@icbc.com', 'Weezing', 'Kingler', 'HR', 1);
INSERT INTO user VALUES (4513, 'MCSEADRAP.3326', 'ponyta.mcseadra@icbc.com', 'Ponyta', 'McSeadra', 'IT', 1);
INSERT INTO user VALUES (4514, 'ELECTABUZZP.820', 'pidgeot.electabuzz@icbc.com', 'Pidgeot', 'Electabuzz', 'Finance', 1);
INSERT INTO user VALUES (4515, 'MCODDISHP.2734', 'poliwrath.mcoddish@icbc.com', 'Poliwrath', 'McOddish', 'Customer Service', 1);
INSERT INTO user VALUES (4516, 'SPEAROWM.4469', 'magneton.spearow@icbc.com', 'Magneton', 'Spearow', 'Marketing', 1);
INSERT INTO user VALUES (4517, 'STARYUO.1318', 'omastar.staryu@icbc.com', 'Omastar', 'Staryu', 'IT', 1);
INSERT INTO user VALUES (4518, 'ZUBATH.304', 'hitmonchan.zubat@icbc.com', 'Hitmonchan', 'Zubat', 'Customer Service', 1);
INSERT INTO user VALUES (4519, 'VILEPLUMES.2474', 'seaking.vileplume@icbc.com', 'Seaking', 'Vileplume', 'Management', 1);
INSERT INTO user VALUES (4520, 'CHARMELEONR.3223', 'rhyhorn.charmeleon@icbc.com', 'Rhyhorn', 'Charmeleon', 'Management', 1);
INSERT INTO user VALUES (4521, 'PIKACHUV.2948', 'vileplume.pikachu@icbc.com', 'Vileplume', 'Pikachu', 'Management', 1);
INSERT INTO user VALUES (4522, 'NIDOQUEENS.4341', 'starmie.nidoqueen@icbc.com', 'Starmie', 'Nidoqueen', 'HR', 1);
INSERT INTO user VALUES (4523, 'MCARBOKP.2210', 'parasect.mcarbok@icbc.com', 'Parasect', 'McArbok', 'Management', 1);
INSERT INTO user VALUES (4524, 'GLOOMG.3246', 'gastly.gloom@icbc.com', 'Gastly', 'Gloom', 'Management', 1);
INSERT INTO user VALUES (4525, 'NIDOQUEENB.849', 'bellsprout.nidoqueen@icbc.com', 'Bellsprout', 'Nidoqueen', 'Customer Service', 1);
INSERT INTO user VALUES (4526, 'PIKACHUA.3334', 'abra.pikachu@icbc.com', 'Abra', 'Pikachu', 'HR', 1);
INSERT INTO user VALUES (4527, 'STARMIEN.4092', 'ninetales.starmie@icbc.com', 'Ninetales', 'Starmie', 'HR', 1);
INSERT INTO user VALUES (4528, 'DODUOS.1131', 'slowbro.doduo348@icbc.com', 'Slowbro', 'Doduo', 'IT', 1);
INSERT INTO user VALUES (4529, 'KABUTOPSG.1448', 'gastly.kabutops@icbc.com', 'Gastly', 'Kabutops', 'Management', 1);
INSERT INTO user VALUES (4530, 'VENONATM.3445', 'machop.venonat@icbc.com', 'Machop', 'Venonat', 'HR', 1);
INSERT INTO user VALUES (4531, 'SLOWBROP.2437', 'pidgey.slowbro@icbc.com', 'Pidgey', 'Slowbro', 'Marketing', 1);
INSERT INTO user VALUES (4532, 'TAUROSP.296', 'pikachu.tauros@icbc.com', 'Pikachu', 'Tauros', 'Management', 1);
INSERT INTO user VALUES (4533, 'MEWTWOO.698', 'omanyte.mewtwo349@icbc.com', 'Omanyte', 'Mewtwo', 'Finance', 1);
INSERT INTO user VALUES (4534, 'RAPIDASHL.594', 'lapras.rapidash@icbc.com', 'Lapras', 'Rapidash', 'IT', 1);
INSERT INTO user VALUES (4535, 'RHYDONW.4048', 'weedle.rhydon@icbc.com', 'Weedle', 'Rhydon', 'Customer Service', 1);
INSERT INTO user VALUES (4536, 'ALAKAZAME.2337', 'eevee.alakazam350@icbc.com', 'Eevee', 'Alakazam', 'Management', 1);
INSERT INTO user VALUES (4537, 'DRATINIP.4228', 'porygon.dratini@icbc.com', 'Porygon', 'Dratini', 'IT', 1);
INSERT INTO user VALUES (4538, 'JYNXR.1406', 'rhydon.jynx@icbc.com', 'Rhydon', 'Jynx', 'HR', 1);
INSERT INTO user VALUES (4539, 'MCKADABRAS.102', 'slowbro.mckadabra@icbc.com', 'Slowbro', 'McKadabra', 'Finance', 1);
INSERT INTO user VALUES (4540, 'PARASR.18', 'rapidash.paras351@icbc.com', 'Rapidash', 'Paras', 'HR', 1);
INSERT INTO user VALUES (4541, 'BUTTERFREEP.2727', 'poliwrath.butterfree@icbc.com', 'Poliwrath', 'Butterfree', 'Customer Service', 1);
INSERT INTO user VALUES (4542, 'RATICATED.4611', 'dratini.raticate@icbc.com', 'Dratini', 'Raticate', 'IT', 1);
INSERT INTO user VALUES (4543, 'DODUOE.1425', 'ekans.doduo@icbc.com', 'Ekans', 'Doduo', 'Marketing', 1);
INSERT INTO user VALUES (4544, 'MEWK.2107', 'kangaskhan.mew@icbc.com', 'Kangaskhan', 'Mew', 'IT', 1);
INSERT INTO user VALUES (4545, 'EKANSK.2187', 'krabby.ekans@icbc.com', 'Krabby', 'Ekans', 'Management', 1);
INSERT INTO user VALUES (4546, 'DUGTRIOK.1600', 'kakuna.dugtrio@icbc.com', 'Kakuna', 'Dugtrio', 'IT', 1);
INSERT INTO user VALUES (4547, 'NIDORANR.2351', 'raichu.nidoran352@icbc.com', 'Raichu', 'Nidoran', 'Customer Service', 1);
INSERT INTO user VALUES (4548, 'GENGARH.960', 'haunter.gengar@icbc.com', 'Haunter', 'Gengar', 'Marketing', 1);
INSERT INTO user VALUES (4549, 'MAGIKARPG.1876', 'graveler.magikarp@icbc.com', 'Graveler', 'Magikarp', 'Management', 1);
INSERT INTO user VALUES (4550, 'MCCHANSEYK.3583', 'krabby.mcchansey@icbc.com', 'Krabby', 'McChansey', 'Marketing', 1);
INSERT INTO user VALUES (4551, 'GENGART.3556', 'tangela.gengar@icbc.com', 'Tangela', 'Gengar', 'Customer Service', 1);
INSERT INTO user VALUES (4552, 'VICTREEBELM.1621', 'magikarp.victreebel@icbc.com', 'Magikarp', 'Victreebel', 'Marketing', 1);
INSERT INTO user VALUES (4553, 'MUKK.2416', 'kabuto.muk@icbc.com', 'Kabuto', 'Muk', 'IT', 1);
INSERT INTO user VALUES (4554, 'PONYTAR.2101', 'rattata.ponyta@icbc.com', 'Rattata', 'Ponyta', 'Finance', 1);
INSERT INTO user VALUES (4555, 'GROWLITHEW.4167', 'weedle.growlithe@icbc.com', 'Weedle', 'Growlithe', 'Finance', 1);
INSERT INTO user VALUES (4556, 'PORYGONC.341', 'chansey.porygon@icbc.com', 'Chansey', 'Porygon', 'Finance', 1);
INSERT INTO user VALUES (4557, 'ELECTRODER.2525', 'rapidash.electrode353@icbc.com', 'Rapidash', 'Electrode', 'IT', 1);
INSERT INTO user VALUES (4558, 'TENTACRUELN.1837', 'nidoran.tentacruel@icbc.com', 'Nidoran', 'Tentacruel', 'Customer Service', 1);
INSERT INTO user VALUES (4559, 'SEELV.880', 'victreebel.seel@icbc.com', 'Victreebel', 'Seel', 'Marketing', 1);
INSERT INTO user VALUES (4560, 'PIDGEYP.3009', 'pidgeot.pidgey@icbc.com', 'Pidgeot', 'Pidgey', 'IT', 1);
INSERT INTO user VALUES (4561, 'ARBOKD.2406', 'dugtrio.arbok@icbc.com', 'Dugtrio', 'Arbok', 'Management', 1);
INSERT INTO user VALUES (4562, 'BEEDRILLM.4127', 'machamp.beedrill@icbc.com', 'Machamp', 'Beedrill', 'Management', 1);
INSERT INTO user VALUES (4563, 'MCMACHOKEC.656', 'charmeleon.mcmachoke@icbc.com', 'Charmeleon', 'McMachoke', 'IT', 1);
INSERT INTO user VALUES (4564, 'DROWZEEP.4930', 'ponyta.drowzee@icbc.com', 'Ponyta', 'Drowzee', 'Management', 1);
INSERT INTO user VALUES (4565, 'KRABBYB.3224', 'bulbasaur.krabby@icbc.com', 'Bulbasaur', 'Krabby', 'Finance', 1);
INSERT INTO user VALUES (4566, 'POLIWRATHC.1650', 'clefairy.poliwrath@icbc.com', 'Clefairy', 'Poliwrath', 'HR', 1);
INSERT INTO user VALUES (4567, 'PIDGEOTV.3303', 'venomoth.pidgeot@icbc.com', 'Venomoth', 'Pidgeot', 'Customer Service', 1);
INSERT INTO user VALUES (4568, 'MEWTWOP.4077', 'parasect.mewtwo@icbc.com', 'Parasect', 'Mewtwo', 'HR', 1);
INSERT INTO user VALUES (4569, 'CLEFAIRYL.1793', 'lickitung.clefairy354@icbc.com', 'Lickitung', 'Clefairy', 'IT', 1);
INSERT INTO user VALUES (4570, 'TAUROSD.4555', 'dewgong.tauros355@icbc.com', 'Dewgong', 'Tauros', 'Customer Service', 1);
INSERT INTO user VALUES (4571, 'MAGNEMITES.715', 'spearow.magnemite@icbc.com', 'Spearow', 'Magnemite', 'Customer Service', 1);
INSERT INTO user VALUES (4572, 'MCDRAGONAIRD.3065', 'dragonite.mcdragonair@icbc.com', 'Dragonite', 'McDragonair', 'Customer Service', 1);
INSERT INTO user VALUES (4573, 'GASTLYA.4721', 'arbok.gastly@icbc.com', 'Arbok', 'Gastly', 'Management', 1);
INSERT INTO user VALUES (4574, 'OMANYTEO.981', 'omanyte.omanyte@icbc.com', 'Omanyte', 'Omanyte', 'Marketing', 1);
INSERT INTO user VALUES (4575, 'DRATINIL.3994', 'lickitung.dratini@icbc.com', 'Lickitung', 'Dratini', 'Marketing', 1);
INSERT INTO user VALUES (4576, 'PIDGEYC.4103', 'cloyster.pidgey@icbc.com', 'Cloyster', 'Pidgey', 'Management', 1);
INSERT INTO user VALUES (4577, 'KANGASKHANK.3880', 'kingler.kangaskhan@icbc.com', 'Kingler', 'Kangaskhan', 'Marketing', 1);
INSERT INTO user VALUES (4578, 'MCTANGELAS.3111', 'seel.mctangela@icbc.com', 'Seel', 'McTangela', 'Finance', 1);
INSERT INTO user VALUES (4579, 'PIDGEOTM.3483', 'marowak.pidgeot356@icbc.com', 'Marowak', 'Pidgeot', 'Finance', 1);
INSERT INTO user VALUES (4580, 'SLOWPOKED.2854', 'diglett.slowpoke@icbc.com', 'Diglett', 'Slowpoke', 'Finance', 1);
INSERT INTO user VALUES (4581, 'PRIMEAPEM.270', 'mewtwo.primeape@icbc.com', 'Mewtwo', 'Primeape', 'HR', 1);
INSERT INTO user VALUES (4582, 'GENGARK.2192', 'krabby.gengar@icbc.com', 'Krabby', 'Gengar', 'Marketing', 1);
INSERT INTO user VALUES (4583, 'SCYTHERM.2181', 'mankey.scyther@icbc.com', 'Mankey', 'Scyther', 'Finance', 1);
INSERT INTO user VALUES (4584, 'ELECTRODES.808', 'staryu.electrode@icbc.com', 'Staryu', 'Electrode', 'Management', 1);
INSERT INTO user VALUES (4585, 'GOLBATV.2480', 'venonat.golbat@icbc.com', 'Venonat', 'Golbat', 'Customer Service', 1);
INSERT INTO user VALUES (4586, 'WIGGLYTUFFM.2036', 'marowak.wigglytuff@icbc.com', 'Marowak', 'Wigglytuff', 'Marketing', 1);
INSERT INTO user VALUES (4587, 'ELECTRODEM.1085', 'magmar.electrode@icbc.com', 'Magmar', 'Electrode', 'Marketing', 1);
INSERT INTO user VALUES (4588, 'TENTACRUELG.1540', 'growlithe.tentacruel@icbc.com', 'Growlithe', 'Tentacruel', 'Management', 1);
INSERT INTO user VALUES (4589, 'MAROWAKD.1809', 'dodrio.marowak357@icbc.com', 'Dodrio', 'Marowak', 'Management', 1);
INSERT INTO user VALUES (4590, 'VILEPLUMET.4717', 'tentacruel.vileplume@icbc.com', 'Tentacruel', 'Vileplume', 'IT', 1);
INSERT INTO user VALUES (4591, 'SEELM.309', 'magnemite.seel@icbc.com', 'Magnemite', 'Seel', 'HR', 1);
INSERT INTO user VALUES (4592, 'DITTOE.3927', 'electrode.ditto@icbc.com', 'Electrode', 'Ditto', 'Management', 1);
INSERT INTO user VALUES (4593, 'CLOYSTERP.360', 'paras.cloyster@icbc.com', 'Paras', 'Cloyster', 'Management', 1);
INSERT INTO user VALUES (4594, 'RHYHORNP.480', 'parasect.rhyhorn@icbc.com', 'Parasect', 'Rhyhorn', 'Marketing', 1);
INSERT INTO user VALUES (4595, 'PINSIRM.2881', 'meowth.pinsir@icbc.com', 'Meowth', 'Pinsir', 'HR', 1);
INSERT INTO user VALUES (4596, 'MCCUBONEG.3958', 'growlithe.mccubone@icbc.com', 'Growlithe', 'McCubone', 'HR', 1);
INSERT INTO user VALUES (4597, 'HITMONLEEA.3634', 'abra.hitmonlee@icbc.com', 'Abra', 'Hitmonlee', 'Management', 1);
INSERT INTO user VALUES (4598, 'MCZUBATD.1556', 'dodrio.mczubat@icbc.com', 'Dodrio', 'McZubat', 'Marketing', 1);
INSERT INTO user VALUES (4599, 'KINGLERK.2597', 'kadabra.kingler@icbc.com', 'Kadabra', 'Kingler', 'Management', 1);
INSERT INTO user VALUES (4600, 'HAUNTERE.3750', 'exeggutor.haunter@icbc.com', 'Exeggutor', 'Haunter', 'IT', 1);
INSERT INTO user VALUES (4601, 'PIDGEYP.63', 'poliwhirl.pidgey@icbc.com', 'Poliwhirl', 'Pidgey', 'Finance', 1);
INSERT INTO user VALUES (4602, 'EKANSG.1179', 'golduck.ekans@icbc.com', 'Golduck', 'Ekans', 'Customer Service', 1);
INSERT INTO user VALUES (4603, 'MCPORYGONM.4035', 'muk.mcporygon@icbc.com', 'Muk', 'McPorygon', 'HR', 1);
INSERT INTO user VALUES (4604, 'SNORLAXS.2536', 'sandshrew.snorlax@icbc.com', 'Sandshrew', 'Snorlax', 'IT', 1);
INSERT INTO user VALUES (4605, 'MAGIKARPS.1258', 'slowbro.magikarp358@icbc.com', 'Slowbro', 'Magikarp', 'IT', 1);
INSERT INTO user VALUES (4606, 'MANKEYG.1406', 'geodude.mankey@icbc.com', 'Geodude', 'Mankey', 'Marketing', 1);
INSERT INTO user VALUES (4607, 'CHARIZARDN.1397', 'nidoran.charizard@icbc.com', 'Nidoran', 'Charizard', 'HR', 1);
INSERT INTO user VALUES (4608, 'ZUBATS.1212', 'seaking.zubat@icbc.com', 'Seaking', 'Zubat', 'Management', 1);
INSERT INTO user VALUES (4609, 'MCAERODACTYLS.2815', 'spearow.mcaerodactyl@icbc.com', 'Spearow', 'McAerodactyl', 'Finance', 1);
INSERT INTO user VALUES (4610, 'KABUTOM.4052', 'magikarp.kabuto@icbc.com', 'Magikarp', 'Kabuto', 'HR', 1);
INSERT INTO user VALUES (4611, 'SLOWBROK.505', 'koffing.slowbro@icbc.com', 'Koffing', 'Slowbro', 'Finance', 1);
INSERT INTO user VALUES (4612, 'DRAGONAIRP.391', 'parasect.dragonair@icbc.com', 'Parasect', 'Dragonair', 'Management', 1);
INSERT INTO user VALUES (4613, 'DROWZEEH.4926', 'hitmonchan.drowzee@icbc.com', 'Hitmonchan', 'Drowzee', 'IT', 1);
INSERT INTO user VALUES (4614, 'GRIMERC.1215', 'clefable.grimer359@icbc.com', 'Clefable', 'Grimer', 'Marketing', 1);
INSERT INTO user VALUES (4615, 'NIDOKINGM.2391', 'muk.nidoking@icbc.com', 'Muk', 'Nidoking', 'Finance', 1);
INSERT INTO user VALUES (4616, 'RATTATAM.3685', 'mr. mime.rattata@icbc.com', 'Mr. Mime', 'Rattata', 'HR', 1);
INSERT INTO user VALUES (4617, 'MEOWTHM.743', 'mr. mime.meowth@icbc.com', 'Mr. Mime', 'Meowth', 'IT', 1);
INSERT INTO user VALUES (4618, 'BLASTOISER.1615', 'rhydon.blastoise360@icbc.com', 'Rhydon', 'Blastoise', 'HR', 1);
INSERT INTO user VALUES (4619, 'GROWLITHEE.4358', 'electrode.growlithe@icbc.com', 'Electrode', 'Growlithe', 'HR', 1);
INSERT INTO user VALUES (4620, 'POLIWHIRLR.258', 'raichu.poliwhirl@icbc.com', 'Raichu', 'Poliwhirl', 'HR', 1);
INSERT INTO user VALUES (4621, 'RAICHUA.4678', 'abra.raichu@icbc.com', 'Abra', 'Raichu', 'IT', 1);
INSERT INTO user VALUES (4622, 'MCPIDGEOTTOB.4602', 'blastoise.mcpidgeotto@icbc.com', 'Blastoise', 'McPidgeotto', 'Management', 1);
INSERT INTO user VALUES (4623, 'MCGOLBATM.2549', 'machamp.mcgolbat@icbc.com', 'Machamp', 'McGolbat', 'Customer Service', 1);
INSERT INTO user VALUES (4624, 'MCBUTTERFREEP.4693', 'pidgeot.mcbutterfree@icbc.com', 'Pidgeot', 'McButterfree', 'Marketing', 1);
INSERT INTO user VALUES (4625, 'DROWZEEG.176', 'gengar.drowzee@icbc.com', 'Gengar', 'Drowzee', 'Finance', 1);
INSERT INTO user VALUES (4626, 'KANGASKHANE.2296', 'eevee.kangaskhan@icbc.com', 'Eevee', 'Kangaskhan', 'Customer Service', 1);
INSERT INTO user VALUES (4627, 'HAUNTERD.2700', 'doduo.haunter@icbc.com', 'Doduo', 'Haunter', 'Finance', 1);
INSERT INTO user VALUES (4628, 'CLOYSTERO.4657', 'omanyte.cloyster@icbc.com', 'Omanyte', 'Cloyster', 'HR', 1);
INSERT INTO user VALUES (4629, 'PRIMEAPEP.751', 'pikachu.primeape@icbc.com', 'Pikachu', 'Primeape', 'Finance', 1);
INSERT INTO user VALUES (4630, 'CHARIZARDM.777', 'mr. mime.charizard361@icbc.com', 'Mr. Mime', 'Charizard', 'HR', 1);
INSERT INTO user VALUES (4631, 'LAPRASS.2586', 'snorlax.lapras@icbc.com', 'Snorlax', 'Lapras', 'Customer Service', 1);
INSERT INTO user VALUES (4632, 'VENONATK.741', 'kingler.venonat@icbc.com', 'Kingler', 'Venonat', 'Customer Service', 1);
INSERT INTO user VALUES (4633, 'MCKINGLERN.2474', 'ninetales.mckingler@icbc.com', 'Ninetales', 'McKingler', 'HR', 1);
INSERT INTO user VALUES (4634, 'ARTICUNOO.3415', 'omastar.articuno@icbc.com', 'Omastar', 'Articuno', 'Marketing', 1);
INSERT INTO user VALUES (4635, 'MAROWAKW.3297', 'weedle.marowak@icbc.com', 'Weedle', 'Marowak', 'HR', 1);
INSERT INTO user VALUES (4636, 'BELLSPROUTN.1066', 'nidoqueen.bellsprout@icbc.com', 'Nidoqueen', 'Bellsprout', 'Marketing', 1);
INSERT INTO user VALUES (4637, 'VENUSAURM.635', 'magikarp.venusaur@icbc.com', 'Magikarp', 'Venusaur', 'Finance', 1);
INSERT INTO user VALUES (4638, 'DIGLETTK.3788', 'kakuna.diglett@icbc.com', 'Kakuna', 'Diglett', 'HR', 1);
INSERT INTO user VALUES (4639, 'GENGARM.1498', 'meowth.gengar@icbc.com', 'Meowth', 'Gengar', 'Management', 1);
INSERT INTO user VALUES (4640, 'OMANYTEP.1211', 'pikachu.omanyte362@icbc.com', 'Pikachu', 'Omanyte', 'IT', 1);
INSERT INTO user VALUES (4641, 'MAROWAKO.318', 'onix.marowak@icbc.com', 'Onix', 'Marowak', 'IT', 1);
INSERT INTO user VALUES (4642, 'ZUBATP.1913', 'parasect.zubat@icbc.com', 'Parasect', 'Zubat', 'Management', 1);
INSERT INTO user VALUES (4643, 'SNORLAXM.408', 'machop.snorlax@icbc.com', 'Machop', 'Snorlax', 'Management', 1);
INSERT INTO user VALUES (4644, 'PINSIRA.941', 'alakazam.pinsir@icbc.com', 'Alakazam', 'Pinsir', 'Finance', 1);
INSERT INTO user VALUES (4645, 'EXEGGCUTEW.4961', 'weedle.exeggcute363@icbc.com', 'Weedle', 'Exeggcute', 'IT', 1);
INSERT INTO user VALUES (4646, 'MAGIKARPE.1211', 'electabuzz.magikarp@icbc.com', 'Electabuzz', 'Magikarp', 'Management', 1);
INSERT INTO user VALUES (4647, 'MUKS.941', 'seadra.muk@icbc.com', 'Seadra', 'Muk', 'HR', 1);
INSERT INTO user VALUES (4648, 'CLEFAIRYK.2662', 'kabutops.clefairy@icbc.com', 'Kabutops', 'Clefairy', 'HR', 1);
INSERT INTO user VALUES (4649, 'MCRATTATAS.3980', 'seel.mcrattata@icbc.com', 'Seel', 'McRattata', 'HR', 1);
INSERT INTO user VALUES (4650, 'PARASECTM.3906', 'machamp.parasect@icbc.com', 'Machamp', 'Parasect', 'Marketing', 1);
INSERT INTO user VALUES (4651, 'GENGARW.1321', 'weepinbell.gengar@icbc.com', 'Weepinbell', 'Gengar', 'Marketing', 1);
INSERT INTO user VALUES (4652, 'PIDGEOTTOD.3748', 'ditto.pidgeotto@icbc.com', 'Ditto', 'Pidgeotto', 'Customer Service', 1);
INSERT INTO user VALUES (4653, 'OMASTARP.2886', 'paras.omastar@icbc.com', 'Paras', 'Omastar', 'Finance', 1);
INSERT INTO user VALUES (4654, 'VOLTORBP.4873', 'ponyta.voltorb@icbc.com', 'Ponyta', 'Voltorb', 'HR', 1);
INSERT INTO user VALUES (4655, 'MCPERSIANP.1222', 'pidgey.mcpersian@icbc.com', 'Pidgey', 'McPersian', 'HR', 1);
INSERT INTO user VALUES (4656, 'KADABRAA.2558', 'articuno.kadabra@icbc.com', 'Articuno', 'Kadabra', 'HR', 1);
INSERT INTO user VALUES (4657, 'KINGLERD.4656', 'dragonair.kingler@icbc.com', 'Dragonair', 'Kingler', 'Management', 1);
INSERT INTO user VALUES (4658, 'MAGMARM.1518', 'machamp.magmar364@icbc.com', 'Machamp', 'Magmar', 'HR', 1);
INSERT INTO user VALUES (4659, 'VENONATN.458', 'nidorina.venonat@icbc.com', 'Nidorina', 'Venonat', 'Customer Service', 1);
INSERT INTO user VALUES (4660, 'SANDSLASHG.2319', 'gyarados.sandslash@icbc.com', 'Gyarados', 'Sandslash', 'Finance', 1);
INSERT INTO user VALUES (4661, 'VOLTORBA.2128', 'articuno.voltorb@icbc.com', 'Articuno', 'Voltorb', 'Management', 1);
INSERT INTO user VALUES (4662, 'ARTICUNOP.1139', 'primeape.articuno@icbc.com', 'Primeape', 'Articuno', 'Finance', 1);
INSERT INTO user VALUES (4663, 'EXEGGCUTEF.1538', 'farfetchd.exeggcute@icbc.com', 'Farfetchd', 'Exeggcute', 'Marketing', 1);
INSERT INTO user VALUES (4664, 'DIGLETTM.2470', 'machop.diglett@icbc.com', 'Machop', 'Diglett', 'Finance', 1);
INSERT INTO user VALUES (4665, 'SQUIRTLEW.329', 'wartortle.squirtle365@icbc.com', 'Wartortle', 'Squirtle', 'Marketing', 1);
INSERT INTO user VALUES (4666, 'MCGOLEMV.3515', 'venomoth.mcgolem@icbc.com', 'Venomoth', 'McGolem', 'Customer Service', 1);
INSERT INTO user VALUES (4667, 'MCKOFFINGM.1454', 'metapod.mckoffing@icbc.com', 'Metapod', 'McKoffing', 'Management', 1);
INSERT INTO user VALUES (4668, 'CATERPIEG.407', 'gengar.caterpie366@icbc.com', 'Gengar', 'Caterpie', 'Marketing', 1);
INSERT INTO user VALUES (4669, 'BELLSPROUTT.3847', 'tauros.bellsprout@icbc.com', 'Tauros', 'Bellsprout', 'Finance', 1);
INSERT INTO user VALUES (4670, 'NIDOQUEENN.2804', 'nidoran.nidoqueen@icbc.com', 'Nidoran', 'Nidoqueen', 'Management', 1);
INSERT INTO user VALUES (4671, 'WEEDLEP.1976', 'psyduck.weedle367@icbc.com', 'Psyduck', 'Weedle', 'Customer Service', 1);
INSERT INTO user VALUES (4672, 'HORSEAC.4446', 'cubone.horsea@icbc.com', 'Cubone', 'Horsea', 'IT', 1);
INSERT INTO user VALUES (4673, 'KABUTOPSM.4033', 'mankey.kabutops@icbc.com', 'Mankey', 'Kabutops', 'HR', 1);
INSERT INTO user VALUES (4674, 'SEADRAE.483', 'ekans.seadra@icbc.com', 'Ekans', 'Seadra', 'Marketing', 1);
INSERT INTO user VALUES (4675, 'MEWD.3450', 'dodrio.mew@icbc.com', 'Dodrio', 'Mew', 'Customer Service', 1);
INSERT INTO user VALUES (4676, 'PIDGEOTTOK.604', 'krabby.pidgeotto@icbc.com', 'Krabby', 'Pidgeotto', 'Marketing', 1);
INSERT INTO user VALUES (4677, 'VICTREEBELA.3542', 'articuno.victreebel@icbc.com', 'Articuno', 'Victreebel', 'Finance', 1);
INSERT INTO user VALUES (4678, 'MAGMARW.2102', 'wartortle.magmar@icbc.com', 'Wartortle', 'Magmar', 'Marketing', 1);
INSERT INTO user VALUES (4679, 'FLAREONR.187', 'rhyhorn.flareon@icbc.com', 'Rhyhorn', 'Flareon', 'HR', 1);
INSERT INTO user VALUES (4680, 'TENTACRUELS.3054', 'spearow.tentacruel368@icbc.com', 'Spearow', 'Tentacruel', 'Customer Service', 1);
INSERT INTO user VALUES (4681, 'GOLDUCKN.1955', 'nidorina.golduck@icbc.com', 'Nidorina', 'Golduck', 'HR', 1);
INSERT INTO user VALUES (4682, 'EEVEER.2205', 'rapidash.eevee369@icbc.com', 'Rapidash', 'Eevee', 'Finance', 1);
INSERT INTO user VALUES (4683, 'RATICATED.4424', 'dragonair.raticate@icbc.com', 'Dragonair', 'Raticate', 'Marketing', 1);
INSERT INTO user VALUES (4684, 'KABUTOPSB.4716', 'butterfree.kabutops@icbc.com', 'Butterfree', 'Kabutops', 'Management', 1);
INSERT INTO user VALUES (4685, 'CHARMANDERE.1057', 'eevee.charmander@icbc.com', 'Eevee', 'Charmander', 'HR', 1);
INSERT INTO user VALUES (4686, 'DITTOM.2991', 'meowth.ditto370@icbc.com', 'Meowth', 'Ditto', 'IT', 1);
INSERT INTO user VALUES (4687, 'NIDORINAH.1447', 'horsea.nidorina@icbc.com', 'Horsea', 'Nidorina', 'Management', 1);
INSERT INTO user VALUES (4688, 'DROWZEEG.3120', 'gloom.drowzee371@icbc.com', 'Gloom', 'Drowzee', 'HR', 1);
INSERT INTO user VALUES (4689, 'PERSIANM.1887', 'mankey.persian@icbc.com', 'Mankey', 'Persian', 'Management', 1);
INSERT INTO user VALUES (4690, 'TENTACRUELT.26', 'tauros.tentacruel@icbc.com', 'Tauros', 'Tentacruel', 'Customer Service', 1);
INSERT INTO user VALUES (4691, 'GROWLITHEP.2542', 'psyduck.growlithe@icbc.com', 'Psyduck', 'Growlithe', 'Customer Service', 1);
INSERT INTO user VALUES (4692, 'STARMIEP.1747', 'primeape.starmie372@icbc.com', 'Primeape', 'Starmie', 'Marketing', 1);
INSERT INTO user VALUES (4693, 'MCJIGGLYPUFFG.18', 'growlithe.mcjigglypuff@icbc.com', 'Growlithe', 'McJigglypuff', 'Finance', 1);
INSERT INTO user VALUES (4694, 'BULBASAURT.3012', 'tentacool.bulbasaur@icbc.com', 'Tentacool', 'Bulbasaur', 'Marketing', 1);
INSERT INTO user VALUES (4695, 'GOLBATK.3624', 'krabby.golbat@icbc.com', 'Krabby', 'Golbat', 'Customer Service', 1);
INSERT INTO user VALUES (4696, 'WEEPINBELLS.110', 'shellder.weepinbell@icbc.com', 'Shellder', 'Weepinbell', 'HR', 1);
INSERT INTO user VALUES (4697, 'METAPODK.1714', 'kabuto.metapod373@icbc.com', 'Kabuto', 'Metapod', 'Marketing', 1);
INSERT INTO user VALUES (4698, 'SLOWBROS.3127', 'starmie.slowbro@icbc.com', 'Starmie', 'Slowbro', 'Management', 1);
INSERT INTO user VALUES (4699, 'LICKITUNGH.567', 'hypno.lickitung@icbc.com', 'Hypno', 'Lickitung', 'Management', 1);
INSERT INTO user VALUES (4700, 'MAROWAKP.3993', 'pinsir.marowak@icbc.com', 'Pinsir', 'Marowak', 'HR', 1);
INSERT INTO user VALUES (4701, 'VILEPLUMEG.1538', 'geodude.vileplume@icbc.com', 'Geodude', 'Vileplume', 'Management', 1);
INSERT INTO user VALUES (4702, 'LICKITUNGB.4487', 'blastoise.lickitung@icbc.com', 'Blastoise', 'Lickitung', 'IT', 1);
INSERT INTO user VALUES (4703, 'GENGARA.1367', 'arbok.gengar374@icbc.com', 'Arbok', 'Gengar', 'HR', 1);
INSERT INTO user VALUES (4704, 'MCTENTACRUELZ.2905', 'zapdos.mctentacruel@icbc.com', 'Zapdos', 'McTentacruel', 'Finance', 1);
INSERT INTO user VALUES (4705, 'STARMIEC.2201', 'caterpie.starmie@icbc.com', 'Caterpie', 'Starmie', 'Management', 1);
INSERT INTO user VALUES (4706, 'TAUROSN.170', 'ninetales.tauros375@icbc.com', 'Ninetales', 'Tauros', 'Management', 1);
INSERT INTO user VALUES (4707, 'VENUSAURG.1030', 'grimer.venusaur376@icbc.com', 'Grimer', 'Venusaur', 'Finance', 1);
INSERT INTO user VALUES (4708, 'MCWIGGLYTUFFH.241', 'horsea.mcwigglytuff@icbc.com', 'Horsea', 'McWigglytuff', 'HR', 1);
INSERT INTO user VALUES (4709, 'GOLDUCKC.4256', 'charmander.golduck@icbc.com', 'Charmander', 'Golduck', 'Customer Service', 1);
INSERT INTO user VALUES (4710, 'MCPIDGEYV.3498', 'venonat.mcpidgey@icbc.com', 'Venonat', 'McPidgey', 'IT', 1);
INSERT INTO user VALUES (4711, 'NINETALESS.3383', 'sandslash.ninetales@icbc.com', 'Sandslash', 'Ninetales', 'Marketing', 1);
INSERT INTO user VALUES (4712, 'GASTLYP.913', 'primeape.gastly@icbc.com', 'Primeape', 'Gastly', 'Finance', 1);
INSERT INTO user VALUES (4713, 'JIGGLYPUFFB.3195', 'blastoise.jigglypuff@icbc.com', 'Blastoise', 'Jigglypuff', 'Customer Service', 1);
INSERT INTO user VALUES (4714, 'MAGNEMITEO.2560', 'omastar.magnemite@icbc.com', 'Omastar', 'Magnemite', 'Finance', 1);
INSERT INTO user VALUES (4715, 'SEELE.3576', 'eevee.seel@icbc.com', 'Eevee', 'Seel', 'Management', 1);
INSERT INTO user VALUES (4716, 'PIDGEOTTOC.2970', 'clefairy.pidgeotto@icbc.com', 'Clefairy', 'Pidgeotto', 'Management', 1);
INSERT INTO user VALUES (4717, 'SANDSLASHA.1506', 'abra.sandslash@icbc.com', 'Abra', 'Sandslash', 'IT', 1);
INSERT INTO user VALUES (4718, 'SHELLDERK.3286', 'kabuto.shellder@icbc.com', 'Kabuto', 'Shellder', 'Finance', 1);
INSERT INTO user VALUES (4719, 'ARTICUNOG.320', 'grimer.articuno@icbc.com', 'Grimer', 'Articuno', 'Marketing', 1);
INSERT INTO user VALUES (4720, 'MCBUTTERFREEM.13', 'marowak.mcbutterfree@icbc.com', 'Marowak', 'McButterfree', 'Finance', 1);
INSERT INTO user VALUES (4721, 'MCVAPOREONN.1171', 'ninetales.mcvaporeon@icbc.com', 'Ninetales', 'McVaporeon', 'Customer Service', 1);
INSERT INTO user VALUES (4722, 'CATERPIEO.2247', 'omastar.caterpie@icbc.com', 'Omastar', 'Caterpie', 'Customer Service', 1);
INSERT INTO user VALUES (4723, 'MCPORYGONR.1357', 'rhydon.mcporygon@icbc.com', 'Rhydon', 'McPorygon', 'Marketing', 1);
INSERT INTO user VALUES (4724, 'MCGOLDEENP.4674', 'paras.mcgoldeen@icbc.com', 'Paras', 'McGoldeen', 'Marketing', 1);
INSERT INTO user VALUES (4725, 'NIDORANK.339', 'kadabra.nidoran@icbc.com', 'Kadabra', 'Nidoran', 'Customer Service', 1);
INSERT INTO user VALUES (4726, 'CHANSEYD.4895', 'dugtrio.chansey@icbc.com', 'Dugtrio', 'Chansey', 'Customer Service', 1);
INSERT INTO user VALUES (4727, 'WEEZINGD.639', 'doduo.weezing377@icbc.com', 'Doduo', 'Weezing', 'Management', 1);
INSERT INTO user VALUES (4728, 'VICTREEBELW.3778', 'wartortle.victreebel@icbc.com', 'Wartortle', 'Victreebel', 'HR', 1);
INSERT INTO user VALUES (4729, 'CUBONEP.1079', 'poliwhirl.cubone@icbc.com', 'Poliwhirl', 'Cubone', 'Management', 1);
INSERT INTO user VALUES (4730, 'SLOWPOKEM.576', 'magmar.slowpoke378@icbc.com', 'Magmar', 'Slowpoke', 'Management', 1);
INSERT INTO user VALUES (4731, 'PIDGEOTTOC.787', 'clefairy.pidgeotto379@icbc.com', 'Clefairy', 'Pidgeotto', 'Customer Service', 1);
INSERT INTO user VALUES (4732, 'MR. MIMES.849', 'slowpoke.mr. mime@icbc.com', 'Slowpoke', 'Mr. Mime', 'Marketing', 1);
INSERT INTO user VALUES (4733, 'ARBOKD.4919', 'dragonair.arbok380@icbc.com', 'Dragonair', 'Arbok', 'IT', 1);
INSERT INTO user VALUES (4734, 'SANDSLASHK.2016', 'kakuna.sandslash@icbc.com', 'Kakuna', 'Sandslash', 'Customer Service', 1);
INSERT INTO user VALUES (4735, 'WEEPINBELLV.1335', 'venusaur.weepinbell@icbc.com', 'Venusaur', 'Weepinbell', 'HR', 1);
INSERT INTO user VALUES (4736, 'ZUBATC.3018', 'cloyster.zubat@icbc.com', 'Cloyster', 'Zubat', 'HR', 1);
INSERT INTO user VALUES (4737, 'PARASG.2564', 'golduck.paras@icbc.com', 'Golduck', 'Paras', 'IT', 1);
INSERT INTO user VALUES (4738, 'STARYUT.17', 'tentacruel.staryu@icbc.com', 'Tentacruel', 'Staryu', 'HR', 1);
INSERT INTO user VALUES (4739, 'MCMAROWAKV.3191', 'vaporeon.mcmarowak@icbc.com', 'Vaporeon', 'McMarowak', 'IT', 1);
INSERT INTO user VALUES (4740, 'MEOWTHG.1771', 'geodude.meowth381@icbc.com', 'Geodude', 'Meowth', 'HR', 1);
INSERT INTO user VALUES (4741, 'DITTOC.4843', 'charmander.ditto@icbc.com', 'Charmander', 'Ditto', 'Marketing', 1);
INSERT INTO user VALUES (4742, 'RHYHORNM.932', 'muk.rhyhorn@icbc.com', 'Muk', 'Rhyhorn', 'HR', 1);
INSERT INTO user VALUES (4743, 'RHYDONS.4582', 'shellder.rhydon@icbc.com', 'Shellder', 'Rhydon', 'IT', 1);
INSERT INTO user VALUES (4744, 'PSYDUCKM.361', 'muk.psyduck@icbc.com', 'Muk', 'Psyduck', 'Management', 1);
INSERT INTO user VALUES (4745, 'CHARMANDERP.1405', 'poliwrath.charmander@icbc.com', 'Poliwrath', 'Charmander', 'Finance', 1);
INSERT INTO user VALUES (4746, 'VENOMOTHD.1584', 'ditto.venomoth@icbc.com', 'Ditto', 'Venomoth', 'HR', 1);
INSERT INTO user VALUES (4747, 'RATICATEM.723', 'mewtwo.raticate@icbc.com', 'Mewtwo', 'Raticate', 'IT', 1);
INSERT INTO user VALUES (4748, 'PSYDUCKV.30', 'venomoth.psyduck@icbc.com', 'Venomoth', 'Psyduck', 'HR', 1);
INSERT INTO user VALUES (4749, 'WEEZINGB.668', 'bellsprout.weezing@icbc.com', 'Bellsprout', 'Weezing', 'IT', 1);
INSERT INTO user VALUES (4750, 'LAPRASW.3373', 'wartortle.lapras@icbc.com', 'Wartortle', 'Lapras', 'Marketing', 1);
INSERT INTO user VALUES (4751, 'VENUSAURG.3250', 'golbat.venusaur@icbc.com', 'Golbat', 'Venusaur', 'Customer Service', 1);
INSERT INTO user VALUES (4752, 'SCYTHERC.2236', 'cubone.scyther@icbc.com', 'Cubone', 'Scyther', 'Management', 1);
INSERT INTO user VALUES (4753, 'VILEPLUMEN.2402', 'nidorina.vileplume382@icbc.com', 'Nidorina', 'Vileplume', 'IT', 1);
INSERT INTO user VALUES (4754, 'SEADRAP.2247', 'porygon.seadra@icbc.com', 'Porygon', 'Seadra', 'Finance', 1);
INSERT INTO user VALUES (4755, 'EEVEEC.2615', 'clefairy.eevee@icbc.com', 'Clefairy', 'Eevee', 'Finance', 1);
INSERT INTO user VALUES (4756, 'GOLDEENP.4085', 'primeape.goldeen@icbc.com', 'Primeape', 'Goldeen', 'HR', 1);
INSERT INTO user VALUES (4757, 'RHYHORNN.102', 'nidoran.rhyhorn@icbc.com', 'Nidoran', 'Rhyhorn', 'Marketing', 1);
INSERT INTO user VALUES (4758, 'DRAGONAIRP.2361', 'pikachu.dragonair@icbc.com', 'Pikachu', 'Dragonair', 'Management', 1);
INSERT INTO user VALUES (4759, 'MAGNEMITEM.221', 'meowth.magnemite@icbc.com', 'Meowth', 'Magnemite', 'IT', 1);
INSERT INTO user VALUES (4760, 'CUBONEP.4260', 'primeape.cubone383@icbc.com', 'Primeape', 'Cubone', 'Marketing', 1);
INSERT INTO user VALUES (4761, 'MCMACHAMPL.1457', 'lickitung.mcmachamp@icbc.com', 'Lickitung', 'McMachamp', 'IT', 1);
INSERT INTO user VALUES (4762, 'GEODUDEP.2171', 'ponyta.geodude384@icbc.com', 'Ponyta', 'Geodude', 'HR', 1);
INSERT INTO user VALUES (4763, 'VENUSAURZ.4500', 'zapdos.venusaur@icbc.com', 'Zapdos', 'Venusaur', 'Finance', 1);
INSERT INTO user VALUES (4764, 'MACHAMPP.2743', 'poliwag.machamp@icbc.com', 'Poliwag', 'Machamp', 'Marketing', 1);
INSERT INTO user VALUES (4765, 'HITMONCHANG.2633', 'golem.hitmonchan@icbc.com', 'Golem', 'Hitmonchan', 'Customer Service', 1);
INSERT INTO user VALUES (4766, 'MCMACHOPL.2512', 'lapras.mcmachop@icbc.com', 'Lapras', 'McMachop', 'Management', 1);
INSERT INTO user VALUES (4767, 'TAUROSE.36', 'eevee.tauros@icbc.com', 'Eevee', 'Tauros', 'Customer Service', 1);
INSERT INTO user VALUES (4768, 'WARTORTLEC.1879', 'chansey.wartortle@icbc.com', 'Chansey', 'Wartortle', 'HR', 1);
INSERT INTO user VALUES (4769, 'SCYTHERP.4249', 'persian.scyther@icbc.com', 'Persian', 'Scyther', 'Management', 1);
INSERT INTO user VALUES (4770, 'GYARADOSC.1773', 'clefable.gyarados@icbc.com', 'Clefable', 'Gyarados', 'Finance', 1);
INSERT INTO user VALUES (4771, 'NIDORANR.505', 'rhydon.nidoran@icbc.com', 'Rhydon', 'Nidoran', 'Customer Service', 1);
INSERT INTO user VALUES (4772, 'DODRIOT.4672', 'tentacool.dodrio@icbc.com', 'Tentacool', 'Dodrio', 'Finance', 1);
INSERT INTO user VALUES (4773, 'RHYHORNV.3695', 'vileplume.rhyhorn@icbc.com', 'Vileplume', 'Rhyhorn', 'IT', 1);
INSERT INTO user VALUES (4774, 'LICKITUNGB.4062', 'bulbasaur.lickitung@icbc.com', 'Bulbasaur', 'Lickitung', 'HR', 1);
INSERT INTO user VALUES (4775, 'SNORLAXR.3810', 'rhyhorn.snorlax@icbc.com', 'Rhyhorn', 'Snorlax', 'IT', 1);
INSERT INTO user VALUES (4776, 'TAUROSA.1211', 'articuno.tauros385@icbc.com', 'Articuno', 'Tauros', 'Marketing', 1);
INSERT INTO user VALUES (4777, 'MCSQUIRTLEJ.3472', 'jolteon.mcsquirtle386@icbc.com', 'Jolteon', 'McSquirtle', 'Management', 1);
INSERT INTO user VALUES (4778, 'SCYTHERJ.3446', 'jolteon.scyther@icbc.com', 'Jolteon', 'Scyther', 'HR', 1);
INSERT INTO user VALUES (4779, 'ARCANINEK.4853', 'kadabra.arcanine@icbc.com', 'Kadabra', 'Arcanine', 'Management', 1);
INSERT INTO user VALUES (4780, 'ODDISHN.3726', 'nidoran.oddish387@icbc.com', 'Nidoran', 'Oddish', 'HR', 1);
INSERT INTO user VALUES (4781, 'ELECTRODEW.4337', 'weepinbell.electrode@icbc.com', 'Weepinbell', 'Electrode', 'Marketing', 1);
INSERT INTO user VALUES (4782, 'PORYGONA.1153', 'alakazam.porygon@icbc.com', 'Alakazam', 'Porygon', 'Management', 1);
INSERT INTO user VALUES (4783, 'GLOOMM.1951', 'mankey.gloom388@icbc.com', 'Mankey', 'Gloom', 'Finance', 1);
INSERT INTO user VALUES (4784, 'HORSEAN.3499', 'nidoqueen.horsea@icbc.com', 'Nidoqueen', 'Horsea', 'Marketing', 1);
INSERT INTO user VALUES (4785, 'DODRION.2881', 'ninetales.dodrio@icbc.com', 'Ninetales', 'Dodrio', 'Finance', 1);
INSERT INTO user VALUES (4786, 'MACHAMPS.1970', 'seadra.machamp@icbc.com', 'Seadra', 'Machamp', 'Customer Service', 1);
INSERT INTO user VALUES (4787, 'KINGLERS.3423', 'starmie.kingler@icbc.com', 'Starmie', 'Kingler', 'Finance', 1);
INSERT INTO user VALUES (4788, 'NIDORINOP.3556', 'pinsir.nidorino@icbc.com', 'Pinsir', 'Nidorino', 'IT', 1);
INSERT INTO user VALUES (4789, 'PARASECTO.731', 'oddish.parasect@icbc.com', 'Oddish', 'Parasect', 'Customer Service', 1);
INSERT INTO user VALUES (4790, 'VICTREEBELD.1766', 'dewgong.victreebel@icbc.com', 'Dewgong', 'Victreebel', 'Finance', 1);
INSERT INTO user VALUES (4791, 'SHELLDERN.1149', 'nidoran.shellder@icbc.com', 'Nidoran', 'Shellder', 'HR', 1);
INSERT INTO user VALUES (4792, 'GEODUDEV.4658', 'venusaur.geodude@icbc.com', 'Venusaur', 'Geodude', 'Customer Service', 1);
INSERT INTO user VALUES (4793, 'FARFETCHDP.4392', 'paras.farfetchd@icbc.com', 'Paras', 'Farfetchd', 'Marketing', 1);
INSERT INTO user VALUES (4794, 'MACHAMPS.11', 'starmie.machamp389@icbc.com', 'Starmie', 'Machamp', 'Finance', 1);
INSERT INTO user VALUES (4795, 'WARTORTLEP.4382', 'pidgey.wartortle@icbc.com', 'Pidgey', 'Wartortle', 'Customer Service', 1);
INSERT INTO user VALUES (4796, 'TENTACRUELB.4562', 'bulbasaur.tentacruel390@icbc.com', 'Bulbasaur', 'Tentacruel', 'IT', 1);
INSERT INTO user VALUES (4797, 'TANGELAN.4560', 'nidoqueen.tangela@icbc.com', 'Nidoqueen', 'Tangela', 'IT', 1);
INSERT INTO user VALUES (4798, 'DUGTRIOS.3974', 'starmie.dugtrio@icbc.com', 'Starmie', 'Dugtrio', 'IT', 1);
INSERT INTO user VALUES (4799, 'CATERPIEG.3796', 'golduck.caterpie391@icbc.com', 'Golduck', 'Caterpie', 'Marketing', 1);
INSERT INTO user VALUES (4800, 'NIDOKINGM.3388', 'mew.nidoking@icbc.com', 'Mew', 'Nidoking', 'Finance', 1);
INSERT INTO user VALUES (4801, 'KRABBYE.4644', 'electrode.krabby@icbc.com', 'Electrode', 'Krabby', 'Management', 1);
INSERT INTO user VALUES (4802, 'GYARADOSN.366', 'ninetales.gyarados@icbc.com', 'Ninetales', 'Gyarados', 'Customer Service', 1);
INSERT INTO user VALUES (4803, 'CATERPIEF.1393', 'flareon.caterpie@icbc.com', 'Flareon', 'Caterpie', 'Finance', 1);
INSERT INTO user VALUES (4804, 'EXEGGCUTEM.3194', 'machamp.exeggcute@icbc.com', 'Machamp', 'Exeggcute', 'IT', 1);
INSERT INTO user VALUES (4805, 'DRATINIB.481', 'butterfree.dratini@icbc.com', 'Butterfree', 'Dratini', 'Management', 1);
INSERT INTO user VALUES (4806, 'POLIWAGG.1964', 'geodude.poliwag@icbc.com', 'Geodude', 'Poliwag', 'HR', 1);
INSERT INTO user VALUES (4807, 'PINSIRC.3263', 'charmander.pinsir@icbc.com', 'Charmander', 'Pinsir', 'Management', 1);
INSERT INTO user VALUES (4808, 'KINGLERJ.2372', 'jolteon.kingler@icbc.com', 'Jolteon', 'Kingler', 'Marketing', 1);
INSERT INTO user VALUES (4809, 'ODDISHD.4628', 'ditto.oddish@icbc.com', 'Ditto', 'Oddish', 'IT', 1);
INSERT INTO user VALUES (4810, 'MCMAGIKARPS.4122', 'seel.mcmagikarp@icbc.com', 'Seel', 'McMagikarp', 'IT', 1);
INSERT INTO user VALUES (4811, 'OMASTARC.3990', 'cubone.omastar@icbc.com', 'Cubone', 'Omastar', 'Finance', 1);
INSERT INTO user VALUES (4812, 'ARBOKR.1571', 'raticate.arbok@icbc.com', 'Raticate', 'Arbok', 'Management', 1);
INSERT INTO user VALUES (4813, 'MCDITTOR.3651', 'rapidash.mcditto@icbc.com', 'Rapidash', 'McDitto', 'Finance', 1);
INSERT INTO user VALUES (4814, 'NINETALESF.3690', 'fearow.ninetales@icbc.com', 'Fearow', 'Ninetales', 'HR', 1);
INSERT INTO user VALUES (4815, 'BEEDRILLD.4130', 'dodrio.beedrill392@icbc.com', 'Dodrio', 'Beedrill', 'Management', 1);
INSERT INTO user VALUES (4816, 'OMASTARN.3436', 'ninetales.omastar@icbc.com', 'Ninetales', 'Omastar', 'Finance', 1);
INSERT INTO user VALUES (4817, 'SEADRAS.242', 'spearow.seadra@icbc.com', 'Spearow', 'Seadra', 'Finance', 1);
INSERT INTO user VALUES (4818, 'MEWP.4594', 'poliwhirl.mew@icbc.com', 'Poliwhirl', 'Mew', 'HR', 1);
INSERT INTO user VALUES (4819, 'DRATINIP.3919', 'paras.dratini@icbc.com', 'Paras', 'Dratini', 'Marketing', 1);
INSERT INTO user VALUES (4820, 'MCNIDORANK.648', 'kakuna.mcnidoran@icbc.com', 'Kakuna', 'McNidoran', 'IT', 1);
INSERT INTO user VALUES (4821, 'DRAGONAIRT.2430', 'tauros.dragonair@icbc.com', 'Tauros', 'Dragonair', 'IT', 1);
INSERT INTO user VALUES (4822, 'CHARIZARDM.244', 'magmar.charizard@icbc.com', 'Magmar', 'Charizard', 'Management', 1);
INSERT INTO user VALUES (4823, 'DROWZEEP.2178', 'psyduck.drowzee@icbc.com', 'Psyduck', 'Drowzee', 'Finance', 1);
INSERT INTO user VALUES (4824, 'KRABBYW.1061', 'weedle.krabby393@icbc.com', 'Weedle', 'Krabby', 'Management', 1);
INSERT INTO user VALUES (4825, 'PONYTAA.2588', 'arcanine.ponyta@icbc.com', 'Arcanine', 'Ponyta', 'IT', 1);
INSERT INTO user VALUES (4826, 'POLIWHIRLB.229', 'bulbasaur.poliwhirl@icbc.com', 'Bulbasaur', 'Poliwhirl', 'Management', 1);
INSERT INTO user VALUES (4827, 'VENONATW.2045', 'wartortle.venonat@icbc.com', 'Wartortle', 'Venonat', 'Marketing', 1);
INSERT INTO user VALUES (4828, 'SANDSHREWN.2542', 'ninetales.sandshrew394@icbc.com', 'Ninetales', 'Sandshrew', 'Finance', 1);
INSERT INTO user VALUES (4829, 'SHELLDERP.4533', 'poliwag.shellder395@icbc.com', 'Poliwag', 'Shellder', 'Customer Service', 1);
INSERT INTO user VALUES (4830, 'SNORLAXJ.1236', 'jolteon.snorlax@icbc.com', 'Jolteon', 'Snorlax', 'IT', 1);
INSERT INTO user VALUES (4831, 'JOLTEONE.4564', 'eevee.jolteon396@icbc.com', 'Eevee', 'Jolteon', 'Customer Service', 1);
INSERT INTO user VALUES (4832, 'CHARIZARDE.959', 'exeggutor.charizard397@icbc.com', 'Exeggutor', 'Charizard', 'HR', 1);
INSERT INTO user VALUES (4833, 'PONYTAM.3522', 'magneton.ponyta@icbc.com', 'Magneton', 'Ponyta', 'Marketing', 1);
INSERT INTO user VALUES (4834, 'NIDORANM.414', 'muk.nidoran@icbc.com', 'Muk', 'Nidoran', 'Marketing', 1);
INSERT INTO user VALUES (4835, 'BLASTOISES.4264', 'slowbro.blastoise@icbc.com', 'Slowbro', 'Blastoise', 'Marketing', 1);
INSERT INTO user VALUES (4836, 'DODUOT.117', 'tangela.doduo@icbc.com', 'Tangela', 'Doduo', 'Management', 1);
INSERT INTO user VALUES (4837, 'CHARMELEONP.1700', 'poliwhirl.charmeleon@icbc.com', 'Poliwhirl', 'Charmeleon', 'IT', 1);
INSERT INTO user VALUES (4838, 'TENTACRUELO.4280', 'omanyte.tentacruel@icbc.com', 'Omanyte', 'Tentacruel', 'Finance', 1);
INSERT INTO user VALUES (4839, 'GENGARB.1576', 'bulbasaur.gengar@icbc.com', 'Bulbasaur', 'Gengar', 'Customer Service', 1);
INSERT INTO user VALUES (4840, 'GRAVELERM.2110', 'magnemite.graveler@icbc.com', 'Magnemite', 'Graveler', 'IT', 1);
INSERT INTO user VALUES (4841, 'VULPIXP.4623', 'poliwrath.vulpix@icbc.com', 'Poliwrath', 'Vulpix', 'IT', 1);
INSERT INTO user VALUES (4842, 'SQUIRTLEG.2316', 'goldeen.squirtle@icbc.com', 'Goldeen', 'Squirtle', 'Marketing', 1);
INSERT INTO user VALUES (4843, 'MACHOPP.4781', 'porygon.machop398@icbc.com', 'Porygon', 'Machop', 'HR', 1);
INSERT INTO user VALUES (4844, 'CHANSEYM.3275', 'metapod.chansey@icbc.com', 'Metapod', 'Chansey', 'Finance', 1);
INSERT INTO user VALUES (4845, 'MEWTWOM.1099', 'mankey.mewtwo399@icbc.com', 'Mankey', 'Mewtwo', 'Finance', 1);
INSERT INTO user VALUES (4846, 'SLOWBROD.4626', 'dewgong.slowbro@icbc.com', 'Dewgong', 'Slowbro', 'Management', 1);
INSERT INTO user VALUES (4847, 'ELECTRODEP.2037', 'pidgey.electrode@icbc.com', 'Pidgey', 'Electrode', 'Finance', 1);
INSERT INTO user VALUES (4848, 'DUGTRIOW.2874', 'wigglytuff.dugtrio@icbc.com', 'Wigglytuff', 'Dugtrio', 'IT', 1);
INSERT INTO user VALUES (4849, 'HITMONLEEG.1466', 'grimer.hitmonlee@icbc.com', 'Grimer', 'Hitmonlee', 'Customer Service', 1);
INSERT INTO user VALUES (4850, 'GROWLITHEV.2657', 'voltorb.growlithe400@icbc.com', 'Voltorb', 'Growlithe', 'HR', 1);
INSERT INTO user VALUES (4851, 'MCMEWW.2919', 'wartortle.mcmew@icbc.com', 'Wartortle', 'McMew', 'Finance', 1);
INSERT INTO user VALUES (4852, 'STARYUK.2500', 'kakuna.staryu@icbc.com', 'Kakuna', 'Staryu', 'HR', 1);
INSERT INTO user VALUES (4853, 'ARTICUNOC.1210', 'cloyster.articuno@icbc.com', 'Cloyster', 'Articuno', 'Customer Service', 1);
INSERT INTO user VALUES (4854, 'STARYUR.4948', 'raticate.staryu401@icbc.com', 'Raticate', 'Staryu', 'HR', 1);
INSERT INTO user VALUES (4855, 'MEWW.1135', 'weezing.mew@icbc.com', 'Weezing', 'Mew', 'Finance', 1);
INSERT INTO user VALUES (4856, 'MCSTARMIEE.2524', 'electabuzz.mcstarmie@icbc.com', 'Electabuzz', 'McStarmie', 'HR', 1);
INSERT INTO user VALUES (4857, 'KABUTOG.358', 'gyarados.kabuto@icbc.com', 'Gyarados', 'Kabuto', 'Management', 1);
INSERT INTO user VALUES (4858, 'CATERPIES.1173', 'seel.caterpie@icbc.com', 'Seel', 'Caterpie', 'Marketing', 1);
INSERT INTO user VALUES (4859, 'ARBOKG.2005', 'growlithe.arbok@icbc.com', 'Growlithe', 'Arbok', 'Marketing', 1);
INSERT INTO user VALUES (4860, 'MANKEYE.4264', 'exeggutor.mankey@icbc.com', 'Exeggutor', 'Mankey', 'Marketing', 1);
INSERT INTO user VALUES (4861, 'NIDORANS.269', 'starmie.nidoran@icbc.com', 'Starmie', 'Nidoran', 'Customer Service', 1);
INSERT INTO user VALUES (4862, 'SLOWPOKEN.633', 'nidoran.slowpoke@icbc.com', 'Nidoran', 'Slowpoke', 'IT', 1);
INSERT INTO user VALUES (4863, 'DITTOS.3099', 'seaking.ditto402@icbc.com', 'Seaking', 'Ditto', 'Management', 1);
INSERT INTO user VALUES (4864, 'ELECTABUZZV.1583', 'venonat.electabuzz@icbc.com', 'Venonat', 'Electabuzz', 'Marketing', 1);
INSERT INTO user VALUES (4865, 'KOFFINGN.1409', 'nidorino.koffing@icbc.com', 'Nidorino', 'Koffing', 'IT', 1);
INSERT INTO user VALUES (4866, 'MAGIKARPP.1897', 'paras.magikarp@icbc.com', 'Paras', 'Magikarp', 'Management', 1);
INSERT INTO user VALUES (4867, 'SLOWBROS.832', 'shellder.slowbro@icbc.com', 'Shellder', 'Slowbro', 'Marketing', 1);
INSERT INTO user VALUES (4868, 'MCPINSIRR.4684', 'rhyhorn.mcpinsir@icbc.com', 'Rhyhorn', 'McPinsir', 'Management', 1);
INSERT INTO user VALUES (4869, 'WARTORTLED.2852', 'diglett.wartortle@icbc.com', 'Diglett', 'Wartortle', 'Marketing', 1);
INSERT INTO user VALUES (4870, 'RHYDONS.3070', 'slowbro.rhydon@icbc.com', 'Slowbro', 'Rhydon', 'Management', 1);
INSERT INTO user VALUES (4871, 'MCONIXG.3505', 'gloom.mconix@icbc.com', 'Gloom', 'McOnix', 'Finance', 1);
INSERT INTO user VALUES (4872, 'FEAROWD.526', 'dratini.fearow@icbc.com', 'Dratini', 'Fearow', 'IT', 1);
INSERT INTO user VALUES (4873, 'SEELK.4710', 'kadabra.seel@icbc.com', 'Kadabra', 'Seel', 'IT', 1);
INSERT INTO user VALUES (4874, 'SLOWBROR.2355', 'raticate.slowbro@icbc.com', 'Raticate', 'Slowbro', 'Finance', 1);
INSERT INTO user VALUES (4875, 'MCTAUROSP.1802', 'pikachu.mctauros@icbc.com', 'Pikachu', 'McTauros', 'HR', 1);
INSERT INTO user VALUES (4876, 'MANKEYL.2419', 'lickitung.mankey@icbc.com', 'Lickitung', 'Mankey', 'Customer Service', 1);
INSERT INTO user VALUES (4877, 'MCPINSIRB.1788', 'butterfree.mcpinsir@icbc.com', 'Butterfree', 'McPinsir', 'Finance', 1);
INSERT INTO user VALUES (4878, 'MACHAMPG.4212', 'gengar.machamp@icbc.com', 'Gengar', 'Machamp', 'IT', 1);
INSERT INTO user VALUES (4879, 'BEEDRILLG.2807', 'golem.beedrill@icbc.com', 'Golem', 'Beedrill', 'Customer Service', 1);
INSERT INTO user VALUES (4880, 'ZAPDOSS.3069', 'scyther.zapdos@icbc.com', 'Scyther', 'Zapdos', 'HR', 1);
INSERT INTO user VALUES (4881, 'HYPNOB.4255', 'bellsprout.hypno@icbc.com', 'Bellsprout', 'Hypno', 'Management', 1);
INSERT INTO user VALUES (4882, 'MAGIKARPN.3211', 'ninetales.magikarp@icbc.com', 'Ninetales', 'Magikarp', 'Marketing', 1);
INSERT INTO user VALUES (4883, 'MCWEEDLEM.6', 'meowth.mcweedle@icbc.com', 'Meowth', 'McWeedle', 'Customer Service', 1);
INSERT INTO user VALUES (4884, 'METAPODC.3299', 'charmander.metapod@icbc.com', 'Charmander', 'Metapod', 'HR', 1);
INSERT INTO user VALUES (4885, 'RAPIDASHT.865', 'tentacool.rapidash@icbc.com', 'Tentacool', 'Rapidash', 'IT', 1);
INSERT INTO user VALUES (4886, 'MCFLAREONA.3595', 'alakazam.mcflareon@icbc.com', 'Alakazam', 'McFlareon', 'Finance', 1);
INSERT INTO user VALUES (4887, 'STARMIEG.4188', 'golduck.starmie@icbc.com', 'Golduck', 'Starmie', 'Finance', 1);
INSERT INTO user VALUES (4888, 'KABUTOJ.2493', 'jolteon.kabuto@icbc.com', 'Jolteon', 'Kabuto', 'Customer Service', 1);
INSERT INTO user VALUES (4889, 'CHARIZARDL.1999', 'lickitung.charizard403@icbc.com', 'Lickitung', 'Charizard', 'IT', 1);
INSERT INTO user VALUES (4890, 'DIGLETTD.2733', 'ditto.diglett@icbc.com', 'Ditto', 'Diglett', 'HR', 1);
INSERT INTO user VALUES (4891, 'ZAPDOSS.3073', 'sandslash.zapdos@icbc.com', 'Sandslash', 'Zapdos', 'Marketing', 1);
INSERT INTO user VALUES (4892, 'POLIWAGV.1120', 'vaporeon.poliwag404@icbc.com', 'Vaporeon', 'Poliwag', 'IT', 1);
INSERT INTO user VALUES (4893, 'MAGMARM.2935', 'magikarp.magmar@icbc.com', 'Magikarp', 'Magmar', 'HR', 1);
INSERT INTO user VALUES (4894, 'KOFFINGF.4952', 'flareon.koffing@icbc.com', 'Flareon', 'Koffing', 'Management', 1);
INSERT INTO user VALUES (4895, 'PIDGEOTTOS.1371', 'slowpoke.pidgeotto405@icbc.com', 'Slowpoke', 'Pidgeotto', 'HR', 1);
INSERT INTO user VALUES (4896, 'VENOMOTHF.372', 'farfetchd.venomoth406@icbc.com', 'Farfetchd', 'Venomoth', 'Finance', 1);
INSERT INTO user VALUES (4897, 'PONYTAP.1270', 'paras.ponyta407@icbc.com', 'Paras', 'Ponyta', 'Management', 1);
INSERT INTO user VALUES (4898, 'STARMIEH.3136', 'hypno.starmie408@icbc.com', 'Hypno', 'Starmie', 'Customer Service', 1);
INSERT INTO user VALUES (4899, 'TENTACRUELD.1008', 'doduo.tentacruel@icbc.com', 'Doduo', 'Tentacruel', 'Customer Service', 1);
INSERT INTO user VALUES (4900, 'KABUTOPSC.2632', 'cubone.kabutops@icbc.com', 'Cubone', 'Kabutops', 'Customer Service', 1);
INSERT INTO user VALUES (4901, 'GLOOMV.4047', 'venusaur.gloom@icbc.com', 'Venusaur', 'Gloom', 'Customer Service', 1);
INSERT INTO user VALUES (4902, 'PIDGEOTR.2918', 'rattata.pidgeot@icbc.com', 'Rattata', 'Pidgeot', 'Marketing', 1);
INSERT INTO user VALUES (4903, 'PORYGONC.3295', 'charmander.porygon@icbc.com', 'Charmander', 'Porygon', 'Management', 1);
INSERT INTO user VALUES (4904, 'SLOWBROM.3476', 'mankey.slowbro@icbc.com', 'Mankey', 'Slowbro', 'Management', 1);
INSERT INTO user VALUES (4905, 'SNORLAXM.813', 'magmar.snorlax@icbc.com', 'Magmar', 'Snorlax', 'Customer Service', 1);
INSERT INTO user VALUES (4906, 'PARASM.670', 'meowth.paras@icbc.com', 'Meowth', 'Paras', 'HR', 1);
INSERT INTO user VALUES (4907, 'DRAGONAIRM.1126', 'magikarp.dragonair@icbc.com', 'Magikarp', 'Dragonair', 'Marketing', 1);
INSERT INTO user VALUES (4908, 'SNORLAXT.1339', 'tauros.snorlax@icbc.com', 'Tauros', 'Snorlax', 'IT', 1);
INSERT INTO user VALUES (4909, 'PARASECTS.2916', 'sandshrew.parasect@icbc.com', 'Sandshrew', 'Parasect', 'Marketing', 1);
INSERT INTO user VALUES (4910, 'VENONATC.1903', 'clefable.venonat@icbc.com', 'Clefable', 'Venonat', 'Finance', 1);
INSERT INTO user VALUES (4911, 'GRAVELERP.844', 'pidgey.graveler@icbc.com', 'Pidgey', 'Graveler', 'Management', 1);
INSERT INTO user VALUES (4912, 'MCSQUIRTLED.959', 'dewgong.mcsquirtle@icbc.com', 'Dewgong', 'McSquirtle', 'Marketing', 1);
INSERT INTO user VALUES (4913, 'PSYDUCKE.1422', 'exeggcute.psyduck@icbc.com', 'Exeggcute', 'Psyduck', 'HR', 1);
INSERT INTO user VALUES (4914, 'PRIMEAPED.1097', 'doduo.primeape@icbc.com', 'Doduo', 'Primeape', 'Marketing', 1);
INSERT INTO user VALUES (4915, 'WEEZINGA.2562', 'abra.weezing@icbc.com', 'Abra', 'Weezing', 'HR', 1);
INSERT INTO user VALUES (4916, 'DITTOV.4965', 'vileplume.ditto@icbc.com', 'Vileplume', 'Ditto', 'HR', 1);
INSERT INTO user VALUES (4917, 'VENONATG.1418', 'golbat.venonat@icbc.com', 'Golbat', 'Venonat', 'HR', 1);
INSERT INTO user VALUES (4918, 'MANKEYA.4787', 'arcanine.mankey@icbc.com', 'Arcanine', 'Mankey', 'HR', 1);
INSERT INTO user VALUES (4919, 'PARASECTP.1567', 'psyduck.parasect@icbc.com', 'Psyduck', 'Parasect', 'Customer Service', 1);
INSERT INTO user VALUES (4920, 'MACHOPC.244', 'cubone.machop@icbc.com', 'Cubone', 'Machop', 'Management', 1);
INSERT INTO user VALUES (4921, 'HYPNOD.747', 'dugtrio.hypno@icbc.com', 'Dugtrio', 'Hypno', 'Management', 1);
INSERT INTO user VALUES (4922, 'BEEDRILLV.4086', 'venomoth.beedrill@icbc.com', 'Venomoth', 'Beedrill', 'Management', 1);
INSERT INTO user VALUES (4923, 'HITMONCHANG.3590', 'gastly.hitmonchan@icbc.com', 'Gastly', 'Hitmonchan', 'Management', 1);
INSERT INTO user VALUES (4924, 'CLEFABLEC.1691', 'clefairy.clefable@icbc.com', 'Clefairy', 'Clefable', 'Finance', 1);
INSERT INTO user VALUES (4925, 'ZUBATN.4127', 'nidoking.zubat@icbc.com', 'Nidoking', 'Zubat', 'IT', 1);
INSERT INTO user VALUES (4926, 'MEOWTHM.4212', 'mankey.meowth@icbc.com', 'Mankey', 'Meowth', 'Finance', 1);
INSERT INTO user VALUES (4927, 'ODDISHV.1090', 'venomoth.oddish@icbc.com', 'Venomoth', 'Oddish', 'Finance', 1);
INSERT INTO user VALUES (4928, 'SANDSLASHG.313', 'geodude.sandslash@icbc.com', 'Geodude', 'Sandslash', 'Finance', 1);
INSERT INTO user VALUES (4929, 'RHYHORNC.4715', 'clefairy.rhyhorn@icbc.com', 'Clefairy', 'Rhyhorn', 'IT', 1);
INSERT INTO user VALUES (4930, 'PIDGEOTTOG.4127', 'gloom.pidgeotto@icbc.com', 'Gloom', 'Pidgeotto', 'Marketing', 1);
INSERT INTO user VALUES (4931, 'TANGELAS.2387', 'spearow.tangela@icbc.com', 'Spearow', 'Tangela', 'HR', 1);
INSERT INTO user VALUES (4932, 'MAGNEMITEN.496', 'ninetales.magnemite@icbc.com', 'Ninetales', 'Magnemite', 'Management', 1);
INSERT INTO user VALUES (4933, 'MCMOLTRESD.1182', 'diglett.mcmoltres@icbc.com', 'Diglett', 'McMoltres', 'Customer Service', 1);
INSERT INTO user VALUES (4934, 'HITMONCHANM.984', 'marowak.hitmonchan@icbc.com', 'Marowak', 'Hitmonchan', 'Marketing', 1);
INSERT INTO user VALUES (4935, 'ARCANINEW.2234', 'weepinbell.arcanine@icbc.com', 'Weepinbell', 'Arcanine', 'Customer Service', 1);
INSERT INTO user VALUES (4936, 'ARBOKD.2240', 'diglett.arbok409@icbc.com', 'Diglett', 'Arbok', 'Customer Service', 1);
INSERT INTO user VALUES (4937, 'MCGOLDUCKM.1660', 'magneton.mcgolduck@icbc.com', 'Magneton', 'McGolduck', 'Marketing', 1);
INSERT INTO user VALUES (4938, 'WARTORTLES.737', 'staryu.wartortle410@icbc.com', 'Staryu', 'Wartortle', 'HR', 1);
INSERT INTO user VALUES (4939, 'KRABBYP.2300', 'pidgeotto.krabby@icbc.com', 'Pidgeotto', 'Krabby', 'Finance', 1);
INSERT INTO user VALUES (4940, 'POLIWRATHP.4497', 'parasect.poliwrath@icbc.com', 'Parasect', 'Poliwrath', 'Marketing', 1);
INSERT INTO user VALUES (4941, 'RHYHORNA.3163', 'aerodactyl.rhyhorn@icbc.com', 'Aerodactyl', 'Rhyhorn', 'Management', 1);
INSERT INTO user VALUES (4942, 'NIDORINOK.4295', 'kingler.nidorino411@icbc.com', 'Kingler', 'Nidorino', 'Management', 1);
INSERT INTO user VALUES (4943, 'HITMONLEEB.4384', 'bellsprout.hitmonlee@icbc.com', 'Bellsprout', 'Hitmonlee', 'Marketing', 1);
INSERT INTO user VALUES (4944, 'PIDGEOTTOM.317', 'metapod.pidgeotto@icbc.com', 'Metapod', 'Pidgeotto', 'Finance', 1);
INSERT INTO user VALUES (4945, 'GROWLITHED.1943', 'diglett.growlithe@icbc.com', 'Diglett', 'Growlithe', 'IT', 1);
INSERT INTO user VALUES (4946, 'MCMAGIKARPJ.1360', 'jigglypuff.mcmagikarp@icbc.com', 'Jigglypuff', 'McMagikarp', 'Marketing', 1);
INSERT INTO user VALUES (4947, 'JYNXO.1146', 'omanyte.jynx@icbc.com', 'Omanyte', 'Jynx', 'Marketing', 1);
INSERT INTO user VALUES (4948, 'PERSIANH.1920', 'haunter.persian412@icbc.com', 'Haunter', 'Persian', 'IT', 1);
INSERT INTO user VALUES (4949, 'MAGIKARPS.3633', 'slowpoke.magikarp@icbc.com', 'Slowpoke', 'Magikarp', 'HR', 1);
INSERT INTO user VALUES (4950, 'MCCHARMANDERW.2465', 'weezing.mccharmander@icbc.com', 'Weezing', 'McCharmander', 'Customer Service', 1);
INSERT INTO user VALUES (4951, 'CHARMANDERH.3960', 'hitmonlee.charmander@icbc.com', 'Hitmonlee', 'Charmander', 'Management', 1);
INSERT INTO user VALUES (4952, 'GOLBATM.897', 'mewtwo.golbat@icbc.com', 'Mewtwo', 'Golbat', 'Management', 1);
INSERT INTO user VALUES (4953, 'MCGOLDEENV.4286', 'venusaur.mcgoldeen@icbc.com', 'Venusaur', 'McGoldeen', 'Finance', 1);
INSERT INTO user VALUES (4954, 'HITMONCHANM.4556', 'mewtwo.hitmonchan@icbc.com', 'Mewtwo', 'Hitmonchan', 'IT', 1);
INSERT INTO user VALUES (4955, 'EXEGGUTORP.4752', 'persian.exeggutor413@icbc.com', 'Persian', 'Exeggutor', 'Management', 1);
INSERT INTO user VALUES (4956, 'CUBONEZ.2569', 'zubat.cubone414@icbc.com', 'Zubat', 'Cubone', 'Customer Service', 1);
INSERT INTO user VALUES (4957, 'MCHAUNTERP.19', 'paras.mchaunter@icbc.com', 'Paras', 'McHaunter', 'Customer Service', 1);
INSERT INTO user VALUES (4958, 'STARYUG.1339', 'gyarados.staryu@icbc.com', 'Gyarados', 'Staryu', 'Management', 1);
INSERT INTO user VALUES (4959, 'PARASECTM.490', 'machamp.parasect415@icbc.com', 'Machamp', 'Parasect', 'Customer Service', 1);
INSERT INTO user VALUES (4960, 'NIDORAND.448', 'dratini.nidoran416@icbc.com', 'Dratini', 'Nidoran', 'HR', 1);
INSERT INTO user VALUES (4961, 'VAPOREONA.328', 'articuno.vaporeon@icbc.com', 'Articuno', 'Vaporeon', 'HR', 1);
INSERT INTO user VALUES (4962, 'GEODUDEI.4573', 'ivysaur.geodude@icbc.com', 'Ivysaur', 'Geodude', 'Finance', 1);
INSERT INTO user VALUES (4963, 'TAUROSZ.1380', 'zapdos.tauros@icbc.com', 'Zapdos', 'Tauros', 'IT', 1);
INSERT INTO user VALUES (4964, 'RATTATAR.1592', 'rhydon.rattata@icbc.com', 'Rhydon', 'Rattata', 'Management', 1);
INSERT INTO user VALUES (4965, 'KADABRAD.3160', 'dodrio.kadabra@icbc.com', 'Dodrio', 'Kadabra', 'Customer Service', 1);
INSERT INTO user VALUES (4966, 'RHYDONO.2295', 'omanyte.rhydon@icbc.com', 'Omanyte', 'Rhydon', 'HR', 1);
INSERT INTO user VALUES (4967, 'AERODACTYLH.1108', 'horsea.aerodactyl417@icbc.com', 'Horsea', 'Aerodactyl', 'IT', 1);
INSERT INTO user VALUES (4968, 'HORSEAP.3264', 'paras.horsea@icbc.com', 'Paras', 'Horsea', 'IT', 1);
INSERT INTO user VALUES (4969, 'CLEFAIRYW.2933', 'weezing.clefairy@icbc.com', 'Weezing', 'Clefairy', 'Marketing', 1);
INSERT INTO user VALUES (4970, 'SEAKINGM.3416', 'meowth.seaking@icbc.com', 'Meowth', 'Seaking', 'Management', 1);
INSERT INTO user VALUES (4971, 'DODRIOG.1160', 'gengar.dodrio@icbc.com', 'Gengar', 'Dodrio', 'HR', 1);
INSERT INTO user VALUES (4972, 'BEEDRILLK.3821', 'kabuto.beedrill@icbc.com', 'Kabuto', 'Beedrill', 'Management', 1);
INSERT INTO user VALUES (4973, 'GOLBATO.1503', 'onix.golbat@icbc.com', 'Onix', 'Golbat', 'Management', 1);
INSERT INTO user VALUES (4974, 'MCMOLTRESL.416', 'lapras.mcmoltres@icbc.com', 'Lapras', 'McMoltres', 'HR', 1);
INSERT INTO user VALUES (4975, 'SQUIRTLEM.2422', 'moltres.squirtle@icbc.com', 'Moltres', 'Squirtle', 'Finance', 1);
INSERT INTO user VALUES (4976, 'VOLTORBM.1289', 'magikarp.voltorb@icbc.com', 'Magikarp', 'Voltorb', 'HR', 1);
INSERT INTO user VALUES (4977, 'NIDORINOR.3577', 'rhydon.nidorino418@icbc.com', 'Rhydon', 'Nidorino', 'Management', 1);
INSERT INTO user VALUES (4978, 'MCSEAKINGG.3970', 'golbat.mcseaking@icbc.com', 'Golbat', 'McSeaking', 'Customer Service', 1);
INSERT INTO user VALUES (4979, 'MEOWTHP.4673', 'paras.meowth@icbc.com', 'Paras', 'Meowth', 'Finance', 1);
INSERT INTO user VALUES (4980, 'WARTORTLEC.4168', 'cubone.wartortle@icbc.com', 'Cubone', 'Wartortle', 'Customer Service', 1);
INSERT INTO user VALUES (4981, 'STARMIEE.3520', 'electabuzz.starmie419@icbc.com', 'Electabuzz', 'Starmie', 'Marketing', 1);
INSERT INTO user VALUES (4982, 'TANGELAN.1569', 'nidoqueen.tangela420@icbc.com', 'Nidoqueen', 'Tangela', 'Finance', 1);
INSERT INTO user VALUES (4983, 'FARFETCHDR.1912', 'raticate.farfetchd421@icbc.com', 'Raticate', 'Farfetchd', 'Management', 1);
INSERT INTO user VALUES (4984, 'FARFETCHDS.4139', 'sandslash.farfetchd@icbc.com', 'Sandslash', 'Farfetchd', 'Customer Service', 1);
INSERT INTO user VALUES (4985, 'ARBOKG.572', 'growlithe.arbok422@icbc.com', 'Growlithe', 'Arbok', 'IT', 1);
INSERT INTO user VALUES (4986, 'DODUOR.2067', 'raichu.doduo423@icbc.com', 'Raichu', 'Doduo', 'Finance', 1);
INSERT INTO user VALUES (4987, 'HITMONCHANH.526', 'hitmonchan.hitmonchan@icbc.com', 'Hitmonchan', 'Hitmonchan', 'Management', 1);
INSERT INTO user VALUES (4988, 'CHARIZARDE.305', 'ekans.charizard@icbc.com', 'Ekans', 'Charizard', 'Management', 1);
INSERT INTO user VALUES (4989, 'KOFFINGD.4347', 'dewgong.koffing@icbc.com', 'Dewgong', 'Koffing', 'Marketing', 1);
INSERT INTO user VALUES (4990, 'NIDOQUEENP.2605', 'pidgeot.nidoqueen@icbc.com', 'Pidgeot', 'Nidoqueen', 'Customer Service', 1);
INSERT INTO user VALUES (4991, 'POLIWAGZ.1512', 'zubat.poliwag@icbc.com', 'Zubat', 'Poliwag', 'IT', 1);
INSERT INTO user VALUES (4992, 'MACHOPM.3601', 'machoke.machop@icbc.com', 'Machoke', 'Machop', 'Customer Service', 1);
INSERT INTO user VALUES (4993, 'ZUBATN.4957', 'nidoran.zubat@icbc.com', 'Nidoran', 'Zubat', 'Marketing', 1);
INSERT INTO user VALUES (4994, 'PIDGEYC.3216', 'clefairy.pidgey@icbc.com', 'Clefairy', 'Pidgey', 'IT', 1);
INSERT INTO user VALUES (4995, 'ONIXG.1083', 'goldeen.onix@icbc.com', 'Goldeen', 'Onix', 'Management', 1);
INSERT INTO user VALUES (4996, 'MCEKANSS.2120', 'sandslash.mcekans@icbc.com', 'Sandslash', 'McEkans', 'HR', 1);
INSERT INTO user VALUES (4997, 'PARASC.4078', 'chansey.paras424@icbc.com', 'Chansey', 'Paras', 'Marketing', 1);
INSERT INTO user VALUES (4998, 'MCVAPOREOND.4469', 'diglett.mcvaporeon@icbc.com', 'Diglett', 'McVaporeon', 'HR', 1);
INSERT INTO user VALUES (4999, 'VENONATT.4365', 'tentacool.venonat@icbc.com', 'Tentacool', 'Venonat', 'Finance', 1);
INSERT INTO user VALUES (5000, 'STARMIEP.4129', 'pidgeot.starmie@icbc.com', 'Pidgeot', 'Starmie', 'HR', 1);


-- Floors and Workspaces
INSERT INTO floor VALUES (1, 1, 'Vancouver Building 1', 'Vancouver', '1', NULL);
INSERT INTO workspace VALUES ('1V1-001', '1V1-001', 1, 1);
INSERT INTO workspacefeature VALUES ('1V1-001', 1);
INSERT INTO workspace VALUES ('1V1-002', '1V1-002', 2, 1);
INSERT INTO workspacefeature VALUES ('1V1-002', 1);
INSERT INTO workspacefeature VALUES ('1V1-002', 2);
INSERT INTO workspace VALUES ('1V1-003', '1V1-003', 3, 1);
INSERT INTO workspacefeature VALUES ('1V1-003', 1);
INSERT INTO workspacefeature VALUES ('1V1-003', 3);
INSERT INTO workspace VALUES ('1V1-004', '1V1-004', 4, 1);
INSERT INTO workspacefeature VALUES ('1V1-004', 1);
INSERT INTO workspacefeature VALUES ('1V1-004', 2);
INSERT INTO workspace VALUES ('1V1-005', '1V1-005', 5, 1);
INSERT INTO workspacefeature VALUES ('1V1-005', 1);
INSERT INTO workspace VALUES ('1V1-006', '1V1-006', 6, 1);
INSERT INTO workspacefeature VALUES ('1V1-006', 1);
INSERT INTO workspacefeature VALUES ('1V1-006', 2);
INSERT INTO workspacefeature VALUES ('1V1-006', 3);
INSERT INTO workspace VALUES ('1V1-007', '1V1-007', 7, 1);
INSERT INTO workspacefeature VALUES ('1V1-007', 1);
INSERT INTO workspace VALUES ('1V1-008', '1V1-008', 8, 1);
INSERT INTO workspacefeature VALUES ('1V1-008', 1);
INSERT INTO workspacefeature VALUES ('1V1-008', 2);
INSERT INTO workspace VALUES ('1V1-009', '1V1-009', 9, 1);
INSERT INTO workspacefeature VALUES ('1V1-009', 1);
INSERT INTO workspacefeature VALUES ('1V1-009', 3);
INSERT INTO workspace VALUES ('1V1-010', '1V1-010', 10, 1);
INSERT INTO workspace VALUES ('1V1-011', '1V1-011', 11, 1);
INSERT INTO workspacefeature VALUES ('1V1-011', 1);
INSERT INTO workspace VALUES ('1V1-012', '1V1-012', 12, 1);
INSERT INTO workspacefeature VALUES ('1V1-012', 1);
INSERT INTO workspacefeature VALUES ('1V1-012', 2);
INSERT INTO workspacefeature VALUES ('1V1-012', 3);
INSERT INTO workspace VALUES ('1V1-013', '1V1-013', 13, 1);
INSERT INTO workspacefeature VALUES ('1V1-013', 1);
INSERT INTO workspace VALUES ('1V1-014', '1V1-014', 14, 1);
INSERT INTO workspacefeature VALUES ('1V1-014', 1);
INSERT INTO workspacefeature VALUES ('1V1-014', 2);
INSERT INTO workspace VALUES ('1V1-015', '1V1-015', 15, 1);
INSERT INTO workspacefeature VALUES ('1V1-015', 1);
INSERT INTO workspacefeature VALUES ('1V1-015', 3);
INSERT INTO workspace VALUES ('1V1-016', '1V1-016', 16, 1);
INSERT INTO workspacefeature VALUES ('1V1-016', 1);
INSERT INTO workspacefeature VALUES ('1V1-016', 2);
INSERT INTO workspace VALUES ('1V1-017', '1V1-017', 17, 1);
INSERT INTO workspacefeature VALUES ('1V1-017', 1);
INSERT INTO workspace VALUES ('1V1-018', '1V1-018', 18, 1);
INSERT INTO workspacefeature VALUES ('1V1-018', 1);
INSERT INTO workspacefeature VALUES ('1V1-018', 2);
INSERT INTO workspacefeature VALUES ('1V1-018', 3);
INSERT INTO workspace VALUES ('1V1-019', '1V1-019', 19, 1);
INSERT INTO workspacefeature VALUES ('1V1-019', 1);
INSERT INTO workspace VALUES ('1V1-020', '1V1-020', 20, 1);
INSERT INTO workspace VALUES ('1V1-021', '1V1-021', 21, 1);
INSERT INTO workspacefeature VALUES ('1V1-021', 1);
INSERT INTO workspacefeature VALUES ('1V1-021', 3);
INSERT INTO workspace VALUES ('1V1-022', '1V1-022', 22, 1);
INSERT INTO workspacefeature VALUES ('1V1-022', 1);
INSERT INTO workspacefeature VALUES ('1V1-022', 2);
INSERT INTO workspace VALUES ('1V1-023', '1V1-023', 23, 1);
INSERT INTO workspacefeature VALUES ('1V1-023', 1);
INSERT INTO workspace VALUES ('1V1-024', '1V1-024', 24, 1);
INSERT INTO workspacefeature VALUES ('1V1-024', 1);
INSERT INTO workspacefeature VALUES ('1V1-024', 2);
INSERT INTO workspacefeature VALUES ('1V1-024', 3);
INSERT INTO workspace VALUES ('1V1-025', '1V1-025', 25, 1);
INSERT INTO workspacefeature VALUES ('1V1-025', 1);
INSERT INTO workspace VALUES ('1V1-026', '1V1-026', 26, 1);
INSERT INTO workspacefeature VALUES ('1V1-026', 1);
INSERT INTO workspacefeature VALUES ('1V1-026', 2);
INSERT INTO workspace VALUES ('1V1-027', '1V1-027', 27, 1);
INSERT INTO workspacefeature VALUES ('1V1-027', 1);
INSERT INTO workspacefeature VALUES ('1V1-027', 3);
INSERT INTO workspace VALUES ('1V1-028', '1V1-028', 28, 1);
INSERT INTO workspacefeature VALUES ('1V1-028', 1);
INSERT INTO workspacefeature VALUES ('1V1-028', 2);
INSERT INTO workspace VALUES ('1V1-029', '1V1-029', 29, 1);
INSERT INTO workspacefeature VALUES ('1V1-029', 1);
INSERT INTO workspace VALUES ('1V1-030', '1V1-030', 30, 1);
INSERT INTO workspace VALUES ('1V1-031', '1V1-031', 31, 1);
INSERT INTO workspacefeature VALUES ('1V1-031', 1);
INSERT INTO workspace VALUES ('1V1-032', '1V1-032', 32, 1);
INSERT INTO workspacefeature VALUES ('1V1-032', 1);
INSERT INTO workspacefeature VALUES ('1V1-032', 2);
INSERT INTO workspace VALUES ('1V1-033', '1V1-033', 33, 1);
INSERT INTO workspacefeature VALUES ('1V1-033', 1);
INSERT INTO workspacefeature VALUES ('1V1-033', 3);
INSERT INTO workspace VALUES ('1V1-034', '1V1-034', 34, 1);
INSERT INTO workspacefeature VALUES ('1V1-034', 1);
INSERT INTO workspacefeature VALUES ('1V1-034', 2);
INSERT INTO workspace VALUES ('1V1-035', '1V1-035', 35, 1);
INSERT INTO workspacefeature VALUES ('1V1-035', 1);
INSERT INTO workspace VALUES ('1V1-036', '1V1-036', 36, 1);
INSERT INTO workspacefeature VALUES ('1V1-036', 1);
INSERT INTO workspacefeature VALUES ('1V1-036', 2);
INSERT INTO workspacefeature VALUES ('1V1-036', 3);
INSERT INTO workspace VALUES ('1V1-037', '1V1-037', 37, 1);
INSERT INTO workspacefeature VALUES ('1V1-037', 1);
INSERT INTO workspace VALUES ('1V1-038', '1V1-038', 38, 1);
INSERT INTO workspacefeature VALUES ('1V1-038', 1);
INSERT INTO workspacefeature VALUES ('1V1-038', 2);
INSERT INTO workspace VALUES ('1V1-039', '1V1-039', 39, 1);
INSERT INTO workspacefeature VALUES ('1V1-039', 1);
INSERT INTO workspacefeature VALUES ('1V1-039', 3);
INSERT INTO workspace VALUES ('1V1-040', '1V1-040', 40, 1);
INSERT INTO workspace VALUES ('1V1-041', '1V1-041', 41, 1);
INSERT INTO workspacefeature VALUES ('1V1-041', 1);
INSERT INTO workspace VALUES ('1V1-042', '1V1-042', 42, 1);
INSERT INTO workspacefeature VALUES ('1V1-042', 1);
INSERT INTO workspacefeature VALUES ('1V1-042', 2);
INSERT INTO workspacefeature VALUES ('1V1-042', 3);
INSERT INTO workspace VALUES ('1V1-043', '1V1-043', 43, 1);
INSERT INTO workspacefeature VALUES ('1V1-043', 1);
INSERT INTO workspace VALUES ('1V1-044', '1V1-044', 44, 1);
INSERT INTO workspacefeature VALUES ('1V1-044', 1);
INSERT INTO workspacefeature VALUES ('1V1-044', 2);
INSERT INTO workspace VALUES ('1V1-045', '1V1-045', 45, 1);
INSERT INTO workspacefeature VALUES ('1V1-045', 1);
INSERT INTO workspacefeature VALUES ('1V1-045', 3);
INSERT INTO workspace VALUES ('1V1-046', '1V1-046', 46, 1);
INSERT INTO workspacefeature VALUES ('1V1-046', 1);
INSERT INTO workspacefeature VALUES ('1V1-046', 2);
INSERT INTO workspace VALUES ('1V1-047', '1V1-047', 47, 1);
INSERT INTO workspacefeature VALUES ('1V1-047', 1);
INSERT INTO workspace VALUES ('1V1-048', '1V1-048', 48, 1);
INSERT INTO workspacefeature VALUES ('1V1-048', 1);
INSERT INTO workspacefeature VALUES ('1V1-048', 2);
INSERT INTO workspacefeature VALUES ('1V1-048', 3);
INSERT INTO workspace VALUES ('1V1-049', '1V1-049', 49, 1);
INSERT INTO workspacefeature VALUES ('1V1-049', 1);
INSERT INTO workspace VALUES ('1V1-050', '1V1-050', 50, 1);
INSERT INTO workspace VALUES ('1V1-051', '1V1-051', 51, 1);
INSERT INTO workspacefeature VALUES ('1V1-051', 1);
INSERT INTO workspacefeature VALUES ('1V1-051', 3);
INSERT INTO workspace VALUES ('1V1-052', '1V1-052', 52, 1);
INSERT INTO workspacefeature VALUES ('1V1-052', 1);
INSERT INTO workspacefeature VALUES ('1V1-052', 2);
INSERT INTO workspace VALUES ('1V1-053', '1V1-053', 53, 1);
INSERT INTO workspacefeature VALUES ('1V1-053', 1);
INSERT INTO workspace VALUES ('1V1-054', '1V1-054', 54, 1);
INSERT INTO workspacefeature VALUES ('1V1-054', 1);
INSERT INTO workspacefeature VALUES ('1V1-054', 2);
INSERT INTO workspacefeature VALUES ('1V1-054', 3);
INSERT INTO workspace VALUES ('1V1-055', '1V1-055', 55, 1);
INSERT INTO workspacefeature VALUES ('1V1-055', 1);
INSERT INTO workspace VALUES ('1V1-056', '1V1-056', 56, 1);
INSERT INTO workspacefeature VALUES ('1V1-056', 1);
INSERT INTO workspacefeature VALUES ('1V1-056', 2);
INSERT INTO workspace VALUES ('1V1-057', '1V1-057', 57, 1);
INSERT INTO workspacefeature VALUES ('1V1-057', 1);
INSERT INTO workspacefeature VALUES ('1V1-057', 3);
INSERT INTO workspace VALUES ('1V1-058', '1V1-058', 58, 1);
INSERT INTO workspacefeature VALUES ('1V1-058', 1);
INSERT INTO workspacefeature VALUES ('1V1-058', 2);
INSERT INTO workspace VALUES ('1V1-059', '1V1-059', 59, 1);
INSERT INTO workspacefeature VALUES ('1V1-059', 1);
INSERT INTO workspace VALUES ('1V1-060', '1V1-060', 60, 1);
INSERT INTO workspace VALUES ('1V1-061', '1V1-061', 61, 1);
INSERT INTO workspacefeature VALUES ('1V1-061', 1);
INSERT INTO workspace VALUES ('1V1-062', '1V1-062', 62, 1);
INSERT INTO workspacefeature VALUES ('1V1-062', 1);
INSERT INTO workspacefeature VALUES ('1V1-062', 2);
INSERT INTO workspace VALUES ('1V1-063', '1V1-063', 63, 1);
INSERT INTO workspacefeature VALUES ('1V1-063', 1);
INSERT INTO workspacefeature VALUES ('1V1-063', 3);
INSERT INTO workspace VALUES ('1V1-064', '1V1-064', 64, 1);
INSERT INTO workspacefeature VALUES ('1V1-064', 1);
INSERT INTO workspacefeature VALUES ('1V1-064', 2);
INSERT INTO workspace VALUES ('1V1-065', '1V1-065', 65, 1);
INSERT INTO workspacefeature VALUES ('1V1-065', 1);
INSERT INTO workspace VALUES ('1V1-066', '1V1-066', 66, 1);
INSERT INTO workspacefeature VALUES ('1V1-066', 1);
INSERT INTO workspacefeature VALUES ('1V1-066', 2);
INSERT INTO workspacefeature VALUES ('1V1-066', 3);
INSERT INTO workspace VALUES ('1V1-067', '1V1-067', 67, 1);
INSERT INTO workspacefeature VALUES ('1V1-067', 1);
INSERT INTO workspace VALUES ('1V1-068', '1V1-068', 68, 1);
INSERT INTO workspacefeature VALUES ('1V1-068', 1);
INSERT INTO workspacefeature VALUES ('1V1-068', 2);
INSERT INTO workspace VALUES ('1V1-069', '1V1-069', 69, 1);
INSERT INTO workspacefeature VALUES ('1V1-069', 1);
INSERT INTO workspacefeature VALUES ('1V1-069', 3);
INSERT INTO workspace VALUES ('1V1-070', '1V1-070', 70, 1);
INSERT INTO workspace VALUES ('1V1-071', '1V1-071', 71, 1);
INSERT INTO workspacefeature VALUES ('1V1-071', 1);
INSERT INTO workspace VALUES ('1V1-072', '1V1-072', 72, 1);
INSERT INTO workspacefeature VALUES ('1V1-072', 1);
INSERT INTO workspacefeature VALUES ('1V1-072', 2);
INSERT INTO workspacefeature VALUES ('1V1-072', 3);
INSERT INTO workspace VALUES ('1V1-073', '1V1-073', 73, 1);
INSERT INTO workspacefeature VALUES ('1V1-073', 1);
INSERT INTO workspace VALUES ('1V1-074', '1V1-074', 74, 1);
INSERT INTO workspacefeature VALUES ('1V1-074', 1);
INSERT INTO workspacefeature VALUES ('1V1-074', 2);
INSERT INTO workspace VALUES ('1V1-075', '1V1-075', 75, 1);
INSERT INTO workspacefeature VALUES ('1V1-075', 1);
INSERT INTO workspacefeature VALUES ('1V1-075', 3);
INSERT INTO workspace VALUES ('1V1-076', '1V1-076', 76, 1);
INSERT INTO workspacefeature VALUES ('1V1-076', 1);
INSERT INTO workspacefeature VALUES ('1V1-076', 2);
INSERT INTO workspace VALUES ('1V1-077', '1V1-077', 77, 1);
INSERT INTO workspacefeature VALUES ('1V1-077', 1);
INSERT INTO workspace VALUES ('1V1-078', '1V1-078', 78, 1);
INSERT INTO workspacefeature VALUES ('1V1-078', 1);
INSERT INTO workspacefeature VALUES ('1V1-078', 2);
INSERT INTO workspacefeature VALUES ('1V1-078', 3);
INSERT INTO workspace VALUES ('1V1-079', '1V1-079', 79, 1);
INSERT INTO workspacefeature VALUES ('1V1-079', 1);
INSERT INTO workspace VALUES ('1V1-080', '1V1-080', 80, 1);
INSERT INTO workspace VALUES ('1V1-081', '1V1-081', 81, 1);
INSERT INTO workspacefeature VALUES ('1V1-081', 1);
INSERT INTO workspacefeature VALUES ('1V1-081', 3);
INSERT INTO workspace VALUES ('1V1-082', '1V1-082', 82, 1);
INSERT INTO workspacefeature VALUES ('1V1-082', 1);
INSERT INTO workspacefeature VALUES ('1V1-082', 2);
INSERT INTO workspace VALUES ('1V1-083', '1V1-083', 83, 1);
INSERT INTO workspacefeature VALUES ('1V1-083', 1);
INSERT INTO workspace VALUES ('1V1-084', '1V1-084', 84, 1);
INSERT INTO workspacefeature VALUES ('1V1-084', 1);
INSERT INTO workspacefeature VALUES ('1V1-084', 2);
INSERT INTO workspacefeature VALUES ('1V1-084', 3);
INSERT INTO workspace VALUES ('1V1-085', '1V1-085', 85, 1);
INSERT INTO workspacefeature VALUES ('1V1-085', 1);
INSERT INTO workspace VALUES ('1V1-086', '1V1-086', 86, 1);
INSERT INTO workspacefeature VALUES ('1V1-086', 1);
INSERT INTO workspacefeature VALUES ('1V1-086', 2);
INSERT INTO workspace VALUES ('1V1-087', '1V1-087', 87, 1);
INSERT INTO workspacefeature VALUES ('1V1-087', 1);
INSERT INTO workspacefeature VALUES ('1V1-087', 3);
INSERT INTO workspace VALUES ('1V1-088', '1V1-088', 88, 1);
INSERT INTO workspacefeature VALUES ('1V1-088', 1);
INSERT INTO workspacefeature VALUES ('1V1-088', 2);
INSERT INTO workspace VALUES ('1V1-089', '1V1-089', 89, 1);
INSERT INTO workspacefeature VALUES ('1V1-089', 1);
INSERT INTO workspace VALUES ('1V1-090', '1V1-090', 90, 1);
INSERT INTO workspace VALUES ('1V1-091', '1V1-091', 91, 1);
INSERT INTO workspacefeature VALUES ('1V1-091', 1);
INSERT INTO workspace VALUES ('1V1-092', '1V1-092', 92, 1);
INSERT INTO workspacefeature VALUES ('1V1-092', 1);
INSERT INTO workspacefeature VALUES ('1V1-092', 2);
INSERT INTO workspace VALUES ('1V1-093', '1V1-093', 93, 1);
INSERT INTO workspacefeature VALUES ('1V1-093', 1);
INSERT INTO workspacefeature VALUES ('1V1-093', 3);
INSERT INTO workspace VALUES ('1V1-094', '1V1-094', 94, 1);
INSERT INTO workspacefeature VALUES ('1V1-094', 1);
INSERT INTO workspacefeature VALUES ('1V1-094', 2);
INSERT INTO workspace VALUES ('1V1-095', '1V1-095', 95, 1);
INSERT INTO workspacefeature VALUES ('1V1-095', 1);
INSERT INTO workspace VALUES ('1V1-096', '1V1-096', 96, 1);
INSERT INTO workspacefeature VALUES ('1V1-096', 1);
INSERT INTO workspacefeature VALUES ('1V1-096', 2);
INSERT INTO workspacefeature VALUES ('1V1-096', 3);
INSERT INTO workspace VALUES ('1V1-097', '1V1-097', 97, 1);
INSERT INTO workspacefeature VALUES ('1V1-097', 1);
INSERT INTO workspace VALUES ('1V1-098', '1V1-098', 98, 1);
INSERT INTO workspacefeature VALUES ('1V1-098', 1);
INSERT INTO workspacefeature VALUES ('1V1-098', 2);
INSERT INTO workspace VALUES ('1V1-099', '1V1-099', 99, 1);
INSERT INTO workspacefeature VALUES ('1V1-099', 1);
INSERT INTO workspacefeature VALUES ('1V1-099', 3);
INSERT INTO workspace VALUES ('1V1-100', '1V1-100', 100, 1);
INSERT INTO floor VALUES (2, 2, 'Vancouver Building 1', 'Vancouver', '1', NULL);
INSERT INTO workspace VALUES ('1V2-001', '1V2-001', 101, 2);
INSERT INTO workspacefeature VALUES ('1V2-001', 1);
INSERT INTO workspace VALUES ('1V2-002', '1V2-002', 102, 2);
INSERT INTO workspacefeature VALUES ('1V2-002', 1);
INSERT INTO workspacefeature VALUES ('1V2-002', 2);
INSERT INTO workspace VALUES ('1V2-003', '1V2-003', 103, 2);
INSERT INTO workspacefeature VALUES ('1V2-003', 1);
INSERT INTO workspacefeature VALUES ('1V2-003', 3);
INSERT INTO workspace VALUES ('1V2-004', '1V2-004', 104, 2);
INSERT INTO workspacefeature VALUES ('1V2-004', 1);
INSERT INTO workspacefeature VALUES ('1V2-004', 2);
INSERT INTO workspace VALUES ('1V2-005', '1V2-005', 105, 2);
INSERT INTO workspacefeature VALUES ('1V2-005', 1);
INSERT INTO workspace VALUES ('1V2-006', '1V2-006', 106, 2);
INSERT INTO workspacefeature VALUES ('1V2-006', 1);
INSERT INTO workspacefeature VALUES ('1V2-006', 2);
INSERT INTO workspacefeature VALUES ('1V2-006', 3);
INSERT INTO workspace VALUES ('1V2-007', '1V2-007', 107, 2);
INSERT INTO workspacefeature VALUES ('1V2-007', 1);
INSERT INTO workspace VALUES ('1V2-008', '1V2-008', 108, 2);
INSERT INTO workspacefeature VALUES ('1V2-008', 1);
INSERT INTO workspacefeature VALUES ('1V2-008', 2);
INSERT INTO workspace VALUES ('1V2-009', '1V2-009', 109, 2);
INSERT INTO workspacefeature VALUES ('1V2-009', 1);
INSERT INTO workspacefeature VALUES ('1V2-009', 3);
INSERT INTO workspace VALUES ('1V2-010', '1V2-010', 110, 2);
INSERT INTO workspace VALUES ('1V2-011', '1V2-011', 111, 2);
INSERT INTO workspacefeature VALUES ('1V2-011', 1);
INSERT INTO workspace VALUES ('1V2-012', '1V2-012', 112, 2);
INSERT INTO workspacefeature VALUES ('1V2-012', 1);
INSERT INTO workspacefeature VALUES ('1V2-012', 2);
INSERT INTO workspacefeature VALUES ('1V2-012', 3);
INSERT INTO workspace VALUES ('1V2-013', '1V2-013', 113, 2);
INSERT INTO workspacefeature VALUES ('1V2-013', 1);
INSERT INTO workspace VALUES ('1V2-014', '1V2-014', 114, 2);
INSERT INTO workspacefeature VALUES ('1V2-014', 1);
INSERT INTO workspacefeature VALUES ('1V2-014', 2);
INSERT INTO workspace VALUES ('1V2-015', '1V2-015', 115, 2);
INSERT INTO workspacefeature VALUES ('1V2-015', 1);
INSERT INTO workspacefeature VALUES ('1V2-015', 3);
INSERT INTO workspace VALUES ('1V2-016', '1V2-016', 116, 2);
INSERT INTO workspacefeature VALUES ('1V2-016', 1);
INSERT INTO workspacefeature VALUES ('1V2-016', 2);
INSERT INTO workspace VALUES ('1V2-017', '1V2-017', 117, 2);
INSERT INTO workspacefeature VALUES ('1V2-017', 1);
INSERT INTO workspace VALUES ('1V2-018', '1V2-018', 118, 2);
INSERT INTO workspacefeature VALUES ('1V2-018', 1);
INSERT INTO workspacefeature VALUES ('1V2-018', 2);
INSERT INTO workspacefeature VALUES ('1V2-018', 3);
INSERT INTO workspace VALUES ('1V2-019', '1V2-019', 119, 2);
INSERT INTO workspacefeature VALUES ('1V2-019', 1);
INSERT INTO workspace VALUES ('1V2-020', '1V2-020', 120, 2);
INSERT INTO workspace VALUES ('1V2-021', '1V2-021', 121, 2);
INSERT INTO workspacefeature VALUES ('1V2-021', 1);
INSERT INTO workspacefeature VALUES ('1V2-021', 3);
INSERT INTO workspace VALUES ('1V2-022', '1V2-022', 122, 2);
INSERT INTO workspacefeature VALUES ('1V2-022', 1);
INSERT INTO workspacefeature VALUES ('1V2-022', 2);
INSERT INTO workspace VALUES ('1V2-023', '1V2-023', 123, 2);
INSERT INTO workspacefeature VALUES ('1V2-023', 1);
INSERT INTO workspace VALUES ('1V2-024', '1V2-024', 124, 2);
INSERT INTO workspacefeature VALUES ('1V2-024', 1);
INSERT INTO workspacefeature VALUES ('1V2-024', 2);
INSERT INTO workspacefeature VALUES ('1V2-024', 3);
INSERT INTO workspace VALUES ('1V2-025', '1V2-025', 125, 2);
INSERT INTO workspacefeature VALUES ('1V2-025', 1);
INSERT INTO workspace VALUES ('1V2-026', '1V2-026', 126, 2);
INSERT INTO workspacefeature VALUES ('1V2-026', 1);
INSERT INTO workspacefeature VALUES ('1V2-026', 2);
INSERT INTO workspace VALUES ('1V2-027', '1V2-027', 127, 2);
INSERT INTO workspacefeature VALUES ('1V2-027', 1);
INSERT INTO workspacefeature VALUES ('1V2-027', 3);
INSERT INTO workspace VALUES ('1V2-028', '1V2-028', 128, 2);
INSERT INTO workspacefeature VALUES ('1V2-028', 1);
INSERT INTO workspacefeature VALUES ('1V2-028', 2);
INSERT INTO workspace VALUES ('1V2-029', '1V2-029', 129, 2);
INSERT INTO workspacefeature VALUES ('1V2-029', 1);
INSERT INTO workspace VALUES ('1V2-030', '1V2-030', 130, 2);
INSERT INTO workspace VALUES ('1V2-031', '1V2-031', 131, 2);
INSERT INTO workspacefeature VALUES ('1V2-031', 1);
INSERT INTO workspace VALUES ('1V2-032', '1V2-032', 132, 2);
INSERT INTO workspacefeature VALUES ('1V2-032', 1);
INSERT INTO workspacefeature VALUES ('1V2-032', 2);
INSERT INTO workspace VALUES ('1V2-033', '1V2-033', 133, 2);
INSERT INTO workspacefeature VALUES ('1V2-033', 1);
INSERT INTO workspacefeature VALUES ('1V2-033', 3);
INSERT INTO workspace VALUES ('1V2-034', '1V2-034', 134, 2);
INSERT INTO workspacefeature VALUES ('1V2-034', 1);
INSERT INTO workspacefeature VALUES ('1V2-034', 2);
INSERT INTO workspace VALUES ('1V2-035', '1V2-035', 135, 2);
INSERT INTO workspacefeature VALUES ('1V2-035', 1);
INSERT INTO workspace VALUES ('1V2-036', '1V2-036', 136, 2);
INSERT INTO workspacefeature VALUES ('1V2-036', 1);
INSERT INTO workspacefeature VALUES ('1V2-036', 2);
INSERT INTO workspacefeature VALUES ('1V2-036', 3);
INSERT INTO workspace VALUES ('1V2-037', '1V2-037', 137, 2);
INSERT INTO workspacefeature VALUES ('1V2-037', 1);
INSERT INTO workspace VALUES ('1V2-038', '1V2-038', 138, 2);
INSERT INTO workspacefeature VALUES ('1V2-038', 1);
INSERT INTO workspacefeature VALUES ('1V2-038', 2);
INSERT INTO workspace VALUES ('1V2-039', '1V2-039', 139, 2);
INSERT INTO workspacefeature VALUES ('1V2-039', 1);
INSERT INTO workspacefeature VALUES ('1V2-039', 3);
INSERT INTO workspace VALUES ('1V2-040', '1V2-040', 140, 2);
INSERT INTO workspace VALUES ('1V2-041', '1V2-041', 141, 2);
INSERT INTO workspacefeature VALUES ('1V2-041', 1);
INSERT INTO workspace VALUES ('1V2-042', '1V2-042', 142, 2);
INSERT INTO workspacefeature VALUES ('1V2-042', 1);
INSERT INTO workspacefeature VALUES ('1V2-042', 2);
INSERT INTO workspacefeature VALUES ('1V2-042', 3);
INSERT INTO workspace VALUES ('1V2-043', '1V2-043', 143, 2);
INSERT INTO workspacefeature VALUES ('1V2-043', 1);
INSERT INTO workspace VALUES ('1V2-044', '1V2-044', 144, 2);
INSERT INTO workspacefeature VALUES ('1V2-044', 1);
INSERT INTO workspacefeature VALUES ('1V2-044', 2);
INSERT INTO workspace VALUES ('1V2-045', '1V2-045', 145, 2);
INSERT INTO workspacefeature VALUES ('1V2-045', 1);
INSERT INTO workspacefeature VALUES ('1V2-045', 3);
INSERT INTO workspace VALUES ('1V2-046', '1V2-046', 146, 2);
INSERT INTO workspacefeature VALUES ('1V2-046', 1);
INSERT INTO workspacefeature VALUES ('1V2-046', 2);
INSERT INTO workspace VALUES ('1V2-047', '1V2-047', 147, 2);
INSERT INTO workspacefeature VALUES ('1V2-047', 1);
INSERT INTO workspace VALUES ('1V2-048', '1V2-048', 148, 2);
INSERT INTO workspacefeature VALUES ('1V2-048', 1);
INSERT INTO workspacefeature VALUES ('1V2-048', 2);
INSERT INTO workspacefeature VALUES ('1V2-048', 3);
INSERT INTO workspace VALUES ('1V2-049', '1V2-049', 149, 2);
INSERT INTO workspacefeature VALUES ('1V2-049', 1);
INSERT INTO workspace VALUES ('1V2-050', '1V2-050', 150, 2);
INSERT INTO workspace VALUES ('1V2-051', '1V2-051', 151, 2);
INSERT INTO workspacefeature VALUES ('1V2-051', 1);
INSERT INTO workspacefeature VALUES ('1V2-051', 3);
INSERT INTO workspace VALUES ('1V2-052', '1V2-052', 152, 2);
INSERT INTO workspacefeature VALUES ('1V2-052', 1);
INSERT INTO workspacefeature VALUES ('1V2-052', 2);
INSERT INTO workspace VALUES ('1V2-053', '1V2-053', 153, 2);
INSERT INTO workspacefeature VALUES ('1V2-053', 1);
INSERT INTO workspace VALUES ('1V2-054', '1V2-054', 154, 2);
INSERT INTO workspacefeature VALUES ('1V2-054', 1);
INSERT INTO workspacefeature VALUES ('1V2-054', 2);
INSERT INTO workspacefeature VALUES ('1V2-054', 3);
INSERT INTO workspace VALUES ('1V2-055', '1V2-055', 155, 2);
INSERT INTO workspacefeature VALUES ('1V2-055', 1);
INSERT INTO workspace VALUES ('1V2-056', '1V2-056', 156, 2);
INSERT INTO workspacefeature VALUES ('1V2-056', 1);
INSERT INTO workspacefeature VALUES ('1V2-056', 2);
INSERT INTO workspace VALUES ('1V2-057', '1V2-057', 157, 2);
INSERT INTO workspacefeature VALUES ('1V2-057', 1);
INSERT INTO workspacefeature VALUES ('1V2-057', 3);
INSERT INTO workspace VALUES ('1V2-058', '1V2-058', 158, 2);
INSERT INTO workspacefeature VALUES ('1V2-058', 1);
INSERT INTO workspacefeature VALUES ('1V2-058', 2);
INSERT INTO workspace VALUES ('1V2-059', '1V2-059', 159, 2);
INSERT INTO workspacefeature VALUES ('1V2-059', 1);
INSERT INTO workspace VALUES ('1V2-060', '1V2-060', 160, 2);
INSERT INTO workspace VALUES ('1V2-061', '1V2-061', 161, 2);
INSERT INTO workspacefeature VALUES ('1V2-061', 1);
INSERT INTO workspace VALUES ('1V2-062', '1V2-062', 162, 2);
INSERT INTO workspacefeature VALUES ('1V2-062', 1);
INSERT INTO workspacefeature VALUES ('1V2-062', 2);
INSERT INTO workspace VALUES ('1V2-063', '1V2-063', 163, 2);
INSERT INTO workspacefeature VALUES ('1V2-063', 1);
INSERT INTO workspacefeature VALUES ('1V2-063', 3);
INSERT INTO workspace VALUES ('1V2-064', '1V2-064', 164, 2);
INSERT INTO workspacefeature VALUES ('1V2-064', 1);
INSERT INTO workspacefeature VALUES ('1V2-064', 2);
INSERT INTO workspace VALUES ('1V2-065', '1V2-065', 165, 2);
INSERT INTO workspacefeature VALUES ('1V2-065', 1);
INSERT INTO workspace VALUES ('1V2-066', '1V2-066', 166, 2);
INSERT INTO workspacefeature VALUES ('1V2-066', 1);
INSERT INTO workspacefeature VALUES ('1V2-066', 2);
INSERT INTO workspacefeature VALUES ('1V2-066', 3);
INSERT INTO workspace VALUES ('1V2-067', '1V2-067', 167, 2);
INSERT INTO workspacefeature VALUES ('1V2-067', 1);
INSERT INTO workspace VALUES ('1V2-068', '1V2-068', 168, 2);
INSERT INTO workspacefeature VALUES ('1V2-068', 1);
INSERT INTO workspacefeature VALUES ('1V2-068', 2);
INSERT INTO workspace VALUES ('1V2-069', '1V2-069', 169, 2);
INSERT INTO workspacefeature VALUES ('1V2-069', 1);
INSERT INTO workspacefeature VALUES ('1V2-069', 3);
INSERT INTO workspace VALUES ('1V2-070', '1V2-070', 170, 2);
INSERT INTO workspace VALUES ('1V2-071', '1V2-071', 171, 2);
INSERT INTO workspacefeature VALUES ('1V2-071', 1);
INSERT INTO workspace VALUES ('1V2-072', '1V2-072', 172, 2);
INSERT INTO workspacefeature VALUES ('1V2-072', 1);
INSERT INTO workspacefeature VALUES ('1V2-072', 2);
INSERT INTO workspacefeature VALUES ('1V2-072', 3);
INSERT INTO workspace VALUES ('1V2-073', '1V2-073', 173, 2);
INSERT INTO workspacefeature VALUES ('1V2-073', 1);
INSERT INTO workspace VALUES ('1V2-074', '1V2-074', 174, 2);
INSERT INTO workspacefeature VALUES ('1V2-074', 1);
INSERT INTO workspacefeature VALUES ('1V2-074', 2);
INSERT INTO workspace VALUES ('1V2-075', '1V2-075', 175, 2);
INSERT INTO workspacefeature VALUES ('1V2-075', 1);
INSERT INTO workspacefeature VALUES ('1V2-075', 3);
INSERT INTO workspace VALUES ('1V2-076', '1V2-076', 176, 2);
INSERT INTO workspacefeature VALUES ('1V2-076', 1);
INSERT INTO workspacefeature VALUES ('1V2-076', 2);
INSERT INTO workspace VALUES ('1V2-077', '1V2-077', 177, 2);
INSERT INTO workspacefeature VALUES ('1V2-077', 1);
INSERT INTO workspace VALUES ('1V2-078', '1V2-078', 178, 2);
INSERT INTO workspacefeature VALUES ('1V2-078', 1);
INSERT INTO workspacefeature VALUES ('1V2-078', 2);
INSERT INTO workspacefeature VALUES ('1V2-078', 3);
INSERT INTO workspace VALUES ('1V2-079', '1V2-079', 179, 2);
INSERT INTO workspacefeature VALUES ('1V2-079', 1);
INSERT INTO workspace VALUES ('1V2-080', '1V2-080', 180, 2);
INSERT INTO workspace VALUES ('1V2-081', '1V2-081', 181, 2);
INSERT INTO workspacefeature VALUES ('1V2-081', 1);
INSERT INTO workspacefeature VALUES ('1V2-081', 3);
INSERT INTO workspace VALUES ('1V2-082', '1V2-082', 182, 2);
INSERT INTO workspacefeature VALUES ('1V2-082', 1);
INSERT INTO workspacefeature VALUES ('1V2-082', 2);
INSERT INTO workspace VALUES ('1V2-083', '1V2-083', 183, 2);
INSERT INTO workspacefeature VALUES ('1V2-083', 1);
INSERT INTO workspace VALUES ('1V2-084', '1V2-084', 184, 2);
INSERT INTO workspacefeature VALUES ('1V2-084', 1);
INSERT INTO workspacefeature VALUES ('1V2-084', 2);
INSERT INTO workspacefeature VALUES ('1V2-084', 3);
INSERT INTO workspace VALUES ('1V2-085', '1V2-085', 185, 2);
INSERT INTO workspacefeature VALUES ('1V2-085', 1);
INSERT INTO workspace VALUES ('1V2-086', '1V2-086', 186, 2);
INSERT INTO workspacefeature VALUES ('1V2-086', 1);
INSERT INTO workspacefeature VALUES ('1V2-086', 2);
INSERT INTO workspace VALUES ('1V2-087', '1V2-087', 187, 2);
INSERT INTO workspacefeature VALUES ('1V2-087', 1);
INSERT INTO workspacefeature VALUES ('1V2-087', 3);
INSERT INTO workspace VALUES ('1V2-088', '1V2-088', 188, 2);
INSERT INTO workspacefeature VALUES ('1V2-088', 1);
INSERT INTO workspacefeature VALUES ('1V2-088', 2);
INSERT INTO workspace VALUES ('1V2-089', '1V2-089', 189, 2);
INSERT INTO workspacefeature VALUES ('1V2-089', 1);
INSERT INTO workspace VALUES ('1V2-090', '1V2-090', 190, 2);
INSERT INTO workspace VALUES ('1V2-091', '1V2-091', 191, 2);
INSERT INTO workspacefeature VALUES ('1V2-091', 1);
INSERT INTO workspace VALUES ('1V2-092', '1V2-092', 192, 2);
INSERT INTO workspacefeature VALUES ('1V2-092', 1);
INSERT INTO workspacefeature VALUES ('1V2-092', 2);
INSERT INTO workspace VALUES ('1V2-093', '1V2-093', 193, 2);
INSERT INTO workspacefeature VALUES ('1V2-093', 1);
INSERT INTO workspacefeature VALUES ('1V2-093', 3);
INSERT INTO workspace VALUES ('1V2-094', '1V2-094', 194, 2);
INSERT INTO workspacefeature VALUES ('1V2-094', 1);
INSERT INTO workspacefeature VALUES ('1V2-094', 2);
INSERT INTO workspace VALUES ('1V2-095', '1V2-095', 195, 2);
INSERT INTO workspacefeature VALUES ('1V2-095', 1);
INSERT INTO workspace VALUES ('1V2-096', '1V2-096', 196, 2);
INSERT INTO workspacefeature VALUES ('1V2-096', 1);
INSERT INTO workspacefeature VALUES ('1V2-096', 2);
INSERT INTO workspacefeature VALUES ('1V2-096', 3);
INSERT INTO workspace VALUES ('1V2-097', '1V2-097', 197, 2);
INSERT INTO workspacefeature VALUES ('1V2-097', 1);
INSERT INTO workspace VALUES ('1V2-098', '1V2-098', 198, 2);
INSERT INTO workspacefeature VALUES ('1V2-098', 1);
INSERT INTO workspacefeature VALUES ('1V2-098', 2);
INSERT INTO workspace VALUES ('1V2-099', '1V2-099', 199, 2);
INSERT INTO workspacefeature VALUES ('1V2-099', 1);
INSERT INTO workspacefeature VALUES ('1V2-099', 3);
INSERT INTO workspace VALUES ('1V2-100', '1V2-100', 200, 2);
INSERT INTO floor VALUES (3, 3, 'Vancouver Building 1', 'Vancouver', '1', NULL);
INSERT INTO workspace VALUES ('1V3-001', '1V3-001', 201, 3);
INSERT INTO workspacefeature VALUES ('1V3-001', 1);
INSERT INTO workspace VALUES ('1V3-002', '1V3-002', 202, 3);
INSERT INTO workspacefeature VALUES ('1V3-002', 1);
INSERT INTO workspacefeature VALUES ('1V3-002', 2);
INSERT INTO workspace VALUES ('1V3-003', '1V3-003', 203, 3);
INSERT INTO workspacefeature VALUES ('1V3-003', 1);
INSERT INTO workspacefeature VALUES ('1V3-003', 3);
INSERT INTO workspace VALUES ('1V3-004', '1V3-004', 204, 3);
INSERT INTO workspacefeature VALUES ('1V3-004', 1);
INSERT INTO workspacefeature VALUES ('1V3-004', 2);
INSERT INTO workspace VALUES ('1V3-005', '1V3-005', 205, 3);
INSERT INTO workspacefeature VALUES ('1V3-005', 1);
INSERT INTO workspace VALUES ('1V3-006', '1V3-006', 206, 3);
INSERT INTO workspacefeature VALUES ('1V3-006', 1);
INSERT INTO workspacefeature VALUES ('1V3-006', 2);
INSERT INTO workspacefeature VALUES ('1V3-006', 3);
INSERT INTO workspace VALUES ('1V3-007', '1V3-007', 207, 3);
INSERT INTO workspacefeature VALUES ('1V3-007', 1);
INSERT INTO workspace VALUES ('1V3-008', '1V3-008', 208, 3);
INSERT INTO workspacefeature VALUES ('1V3-008', 1);
INSERT INTO workspacefeature VALUES ('1V3-008', 2);
INSERT INTO workspace VALUES ('1V3-009', '1V3-009', 209, 3);
INSERT INTO workspacefeature VALUES ('1V3-009', 1);
INSERT INTO workspacefeature VALUES ('1V3-009', 3);
INSERT INTO workspace VALUES ('1V3-010', '1V3-010', 210, 3);
INSERT INTO workspace VALUES ('1V3-011', '1V3-011', 211, 3);
INSERT INTO workspacefeature VALUES ('1V3-011', 1);
INSERT INTO workspace VALUES ('1V3-012', '1V3-012', 212, 3);
INSERT INTO workspacefeature VALUES ('1V3-012', 1);
INSERT INTO workspacefeature VALUES ('1V3-012', 2);
INSERT INTO workspacefeature VALUES ('1V3-012', 3);
INSERT INTO workspace VALUES ('1V3-013', '1V3-013', 213, 3);
INSERT INTO workspacefeature VALUES ('1V3-013', 1);
INSERT INTO workspace VALUES ('1V3-014', '1V3-014', 214, 3);
INSERT INTO workspacefeature VALUES ('1V3-014', 1);
INSERT INTO workspacefeature VALUES ('1V3-014', 2);
INSERT INTO workspace VALUES ('1V3-015', '1V3-015', 215, 3);
INSERT INTO workspacefeature VALUES ('1V3-015', 1);
INSERT INTO workspacefeature VALUES ('1V3-015', 3);
INSERT INTO workspace VALUES ('1V3-016', '1V3-016', 216, 3);
INSERT INTO workspacefeature VALUES ('1V3-016', 1);
INSERT INTO workspacefeature VALUES ('1V3-016', 2);
INSERT INTO workspace VALUES ('1V3-017', '1V3-017', 217, 3);
INSERT INTO workspacefeature VALUES ('1V3-017', 1);
INSERT INTO workspace VALUES ('1V3-018', '1V3-018', 218, 3);
INSERT INTO workspacefeature VALUES ('1V3-018', 1);
INSERT INTO workspacefeature VALUES ('1V3-018', 2);
INSERT INTO workspacefeature VALUES ('1V3-018', 3);
INSERT INTO workspace VALUES ('1V3-019', '1V3-019', 219, 3);
INSERT INTO workspacefeature VALUES ('1V3-019', 1);
INSERT INTO workspace VALUES ('1V3-020', '1V3-020', 220, 3);
INSERT INTO workspace VALUES ('1V3-021', '1V3-021', 221, 3);
INSERT INTO workspacefeature VALUES ('1V3-021', 1);
INSERT INTO workspacefeature VALUES ('1V3-021', 3);
INSERT INTO workspace VALUES ('1V3-022', '1V3-022', 222, 3);
INSERT INTO workspacefeature VALUES ('1V3-022', 1);
INSERT INTO workspacefeature VALUES ('1V3-022', 2);
INSERT INTO workspace VALUES ('1V3-023', '1V3-023', 223, 3);
INSERT INTO workspacefeature VALUES ('1V3-023', 1);
INSERT INTO workspace VALUES ('1V3-024', '1V3-024', 224, 3);
INSERT INTO workspacefeature VALUES ('1V3-024', 1);
INSERT INTO workspacefeature VALUES ('1V3-024', 2);
INSERT INTO workspacefeature VALUES ('1V3-024', 3);
INSERT INTO workspace VALUES ('1V3-025', '1V3-025', 225, 3);
INSERT INTO workspacefeature VALUES ('1V3-025', 1);
INSERT INTO workspace VALUES ('1V3-026', '1V3-026', 226, 3);
INSERT INTO workspacefeature VALUES ('1V3-026', 1);
INSERT INTO workspacefeature VALUES ('1V3-026', 2);
INSERT INTO workspace VALUES ('1V3-027', '1V3-027', 227, 3);
INSERT INTO workspacefeature VALUES ('1V3-027', 1);
INSERT INTO workspacefeature VALUES ('1V3-027', 3);
INSERT INTO workspace VALUES ('1V3-028', '1V3-028', 228, 3);
INSERT INTO workspacefeature VALUES ('1V3-028', 1);
INSERT INTO workspacefeature VALUES ('1V3-028', 2);
INSERT INTO workspace VALUES ('1V3-029', '1V3-029', 229, 3);
INSERT INTO workspacefeature VALUES ('1V3-029', 1);
INSERT INTO workspace VALUES ('1V3-030', '1V3-030', 230, 3);
INSERT INTO workspace VALUES ('1V3-031', '1V3-031', 231, 3);
INSERT INTO workspacefeature VALUES ('1V3-031', 1);
INSERT INTO workspace VALUES ('1V3-032', '1V3-032', 232, 3);
INSERT INTO workspacefeature VALUES ('1V3-032', 1);
INSERT INTO workspacefeature VALUES ('1V3-032', 2);
INSERT INTO workspace VALUES ('1V3-033', '1V3-033', 233, 3);
INSERT INTO workspacefeature VALUES ('1V3-033', 1);
INSERT INTO workspacefeature VALUES ('1V3-033', 3);
INSERT INTO workspace VALUES ('1V3-034', '1V3-034', 234, 3);
INSERT INTO workspacefeature VALUES ('1V3-034', 1);
INSERT INTO workspacefeature VALUES ('1V3-034', 2);
INSERT INTO workspace VALUES ('1V3-035', '1V3-035', 235, 3);
INSERT INTO workspacefeature VALUES ('1V3-035', 1);
INSERT INTO workspace VALUES ('1V3-036', '1V3-036', 236, 3);
INSERT INTO workspacefeature VALUES ('1V3-036', 1);
INSERT INTO workspacefeature VALUES ('1V3-036', 2);
INSERT INTO workspacefeature VALUES ('1V3-036', 3);
INSERT INTO workspace VALUES ('1V3-037', '1V3-037', 237, 3);
INSERT INTO workspacefeature VALUES ('1V3-037', 1);
INSERT INTO workspace VALUES ('1V3-038', '1V3-038', 238, 3);
INSERT INTO workspacefeature VALUES ('1V3-038', 1);
INSERT INTO workspacefeature VALUES ('1V3-038', 2);
INSERT INTO workspace VALUES ('1V3-039', '1V3-039', 239, 3);
INSERT INTO workspacefeature VALUES ('1V3-039', 1);
INSERT INTO workspacefeature VALUES ('1V3-039', 3);
INSERT INTO workspace VALUES ('1V3-040', '1V3-040', 240, 3);
INSERT INTO workspace VALUES ('1V3-041', '1V3-041', 241, 3);
INSERT INTO workspacefeature VALUES ('1V3-041', 1);
INSERT INTO workspace VALUES ('1V3-042', '1V3-042', 242, 3);
INSERT INTO workspacefeature VALUES ('1V3-042', 1);
INSERT INTO workspacefeature VALUES ('1V3-042', 2);
INSERT INTO workspacefeature VALUES ('1V3-042', 3);
INSERT INTO workspace VALUES ('1V3-043', '1V3-043', 243, 3);
INSERT INTO workspacefeature VALUES ('1V3-043', 1);
INSERT INTO workspace VALUES ('1V3-044', '1V3-044', 244, 3);
INSERT INTO workspacefeature VALUES ('1V3-044', 1);
INSERT INTO workspacefeature VALUES ('1V3-044', 2);
INSERT INTO workspace VALUES ('1V3-045', '1V3-045', 245, 3);
INSERT INTO workspacefeature VALUES ('1V3-045', 1);
INSERT INTO workspacefeature VALUES ('1V3-045', 3);
INSERT INTO workspace VALUES ('1V3-046', '1V3-046', 246, 3);
INSERT INTO workspacefeature VALUES ('1V3-046', 1);
INSERT INTO workspacefeature VALUES ('1V3-046', 2);
INSERT INTO workspace VALUES ('1V3-047', '1V3-047', 247, 3);
INSERT INTO workspacefeature VALUES ('1V3-047', 1);
INSERT INTO workspace VALUES ('1V3-048', '1V3-048', 248, 3);
INSERT INTO workspacefeature VALUES ('1V3-048', 1);
INSERT INTO workspacefeature VALUES ('1V3-048', 2);
INSERT INTO workspacefeature VALUES ('1V3-048', 3);
INSERT INTO workspace VALUES ('1V3-049', '1V3-049', 249, 3);
INSERT INTO workspacefeature VALUES ('1V3-049', 1);
INSERT INTO workspace VALUES ('1V3-050', '1V3-050', 250, 3);
INSERT INTO workspace VALUES ('1V3-051', '1V3-051', 251, 3);
INSERT INTO workspacefeature VALUES ('1V3-051', 1);
INSERT INTO workspacefeature VALUES ('1V3-051', 3);
INSERT INTO workspace VALUES ('1V3-052', '1V3-052', 252, 3);
INSERT INTO workspacefeature VALUES ('1V3-052', 1);
INSERT INTO workspacefeature VALUES ('1V3-052', 2);
INSERT INTO workspace VALUES ('1V3-053', '1V3-053', 253, 3);
INSERT INTO workspacefeature VALUES ('1V3-053', 1);
INSERT INTO workspace VALUES ('1V3-054', '1V3-054', 254, 3);
INSERT INTO workspacefeature VALUES ('1V3-054', 1);
INSERT INTO workspacefeature VALUES ('1V3-054', 2);
INSERT INTO workspacefeature VALUES ('1V3-054', 3);
INSERT INTO workspace VALUES ('1V3-055', '1V3-055', 255, 3);
INSERT INTO workspacefeature VALUES ('1V3-055', 1);
INSERT INTO workspace VALUES ('1V3-056', '1V3-056', 256, 3);
INSERT INTO workspacefeature VALUES ('1V3-056', 1);
INSERT INTO workspacefeature VALUES ('1V3-056', 2);
INSERT INTO workspace VALUES ('1V3-057', '1V3-057', 257, 3);
INSERT INTO workspacefeature VALUES ('1V3-057', 1);
INSERT INTO workspacefeature VALUES ('1V3-057', 3);
INSERT INTO workspace VALUES ('1V3-058', '1V3-058', 258, 3);
INSERT INTO workspacefeature VALUES ('1V3-058', 1);
INSERT INTO workspacefeature VALUES ('1V3-058', 2);
INSERT INTO workspace VALUES ('1V3-059', '1V3-059', 259, 3);
INSERT INTO workspacefeature VALUES ('1V3-059', 1);
INSERT INTO workspace VALUES ('1V3-060', '1V3-060', 260, 3);
INSERT INTO workspace VALUES ('1V3-061', '1V3-061', 261, 3);
INSERT INTO workspacefeature VALUES ('1V3-061', 1);
INSERT INTO workspace VALUES ('1V3-062', '1V3-062', 262, 3);
INSERT INTO workspacefeature VALUES ('1V3-062', 1);
INSERT INTO workspacefeature VALUES ('1V3-062', 2);
INSERT INTO workspace VALUES ('1V3-063', '1V3-063', 263, 3);
INSERT INTO workspacefeature VALUES ('1V3-063', 1);
INSERT INTO workspacefeature VALUES ('1V3-063', 3);
INSERT INTO workspace VALUES ('1V3-064', '1V3-064', 264, 3);
INSERT INTO workspacefeature VALUES ('1V3-064', 1);
INSERT INTO workspacefeature VALUES ('1V3-064', 2);
INSERT INTO workspace VALUES ('1V3-065', '1V3-065', 265, 3);
INSERT INTO workspacefeature VALUES ('1V3-065', 1);
INSERT INTO workspace VALUES ('1V3-066', '1V3-066', 266, 3);
INSERT INTO workspacefeature VALUES ('1V3-066', 1);
INSERT INTO workspacefeature VALUES ('1V3-066', 2);
INSERT INTO workspacefeature VALUES ('1V3-066', 3);
INSERT INTO workspace VALUES ('1V3-067', '1V3-067', 267, 3);
INSERT INTO workspacefeature VALUES ('1V3-067', 1);
INSERT INTO workspace VALUES ('1V3-068', '1V3-068', 268, 3);
INSERT INTO workspacefeature VALUES ('1V3-068', 1);
INSERT INTO workspacefeature VALUES ('1V3-068', 2);
INSERT INTO workspace VALUES ('1V3-069', '1V3-069', 269, 3);
INSERT INTO workspacefeature VALUES ('1V3-069', 1);
INSERT INTO workspacefeature VALUES ('1V3-069', 3);
INSERT INTO workspace VALUES ('1V3-070', '1V3-070', 270, 3);
INSERT INTO workspace VALUES ('1V3-071', '1V3-071', 271, 3);
INSERT INTO workspacefeature VALUES ('1V3-071', 1);
INSERT INTO workspace VALUES ('1V3-072', '1V3-072', 272, 3);
INSERT INTO workspacefeature VALUES ('1V3-072', 1);
INSERT INTO workspacefeature VALUES ('1V3-072', 2);
INSERT INTO workspacefeature VALUES ('1V3-072', 3);
INSERT INTO workspace VALUES ('1V3-073', '1V3-073', 273, 3);
INSERT INTO workspacefeature VALUES ('1V3-073', 1);
INSERT INTO workspace VALUES ('1V3-074', '1V3-074', 274, 3);
INSERT INTO workspacefeature VALUES ('1V3-074', 1);
INSERT INTO workspacefeature VALUES ('1V3-074', 2);
INSERT INTO workspace VALUES ('1V3-075', '1V3-075', 275, 3);
INSERT INTO workspacefeature VALUES ('1V3-075', 1);
INSERT INTO workspacefeature VALUES ('1V3-075', 3);
INSERT INTO workspace VALUES ('1V3-076', '1V3-076', 276, 3);
INSERT INTO workspacefeature VALUES ('1V3-076', 1);
INSERT INTO workspacefeature VALUES ('1V3-076', 2);
INSERT INTO workspace VALUES ('1V3-077', '1V3-077', 277, 3);
INSERT INTO workspacefeature VALUES ('1V3-077', 1);
INSERT INTO workspace VALUES ('1V3-078', '1V3-078', 278, 3);
INSERT INTO workspacefeature VALUES ('1V3-078', 1);
INSERT INTO workspacefeature VALUES ('1V3-078', 2);
INSERT INTO workspacefeature VALUES ('1V3-078', 3);
INSERT INTO workspace VALUES ('1V3-079', '1V3-079', 279, 3);
INSERT INTO workspacefeature VALUES ('1V3-079', 1);
INSERT INTO workspace VALUES ('1V3-080', '1V3-080', 280, 3);
INSERT INTO workspace VALUES ('1V3-081', '1V3-081', 281, 3);
INSERT INTO workspacefeature VALUES ('1V3-081', 1);
INSERT INTO workspacefeature VALUES ('1V3-081', 3);
INSERT INTO workspace VALUES ('1V3-082', '1V3-082', 282, 3);
INSERT INTO workspacefeature VALUES ('1V3-082', 1);
INSERT INTO workspacefeature VALUES ('1V3-082', 2);
INSERT INTO workspace VALUES ('1V3-083', '1V3-083', 283, 3);
INSERT INTO workspacefeature VALUES ('1V3-083', 1);
INSERT INTO workspace VALUES ('1V3-084', '1V3-084', 284, 3);
INSERT INTO workspacefeature VALUES ('1V3-084', 1);
INSERT INTO workspacefeature VALUES ('1V3-084', 2);
INSERT INTO workspacefeature VALUES ('1V3-084', 3);
INSERT INTO workspace VALUES ('1V3-085', '1V3-085', 285, 3);
INSERT INTO workspacefeature VALUES ('1V3-085', 1);
INSERT INTO workspace VALUES ('1V3-086', '1V3-086', 286, 3);
INSERT INTO workspacefeature VALUES ('1V3-086', 1);
INSERT INTO workspacefeature VALUES ('1V3-086', 2);
INSERT INTO workspace VALUES ('1V3-087', '1V3-087', 287, 3);
INSERT INTO workspacefeature VALUES ('1V3-087', 1);
INSERT INTO workspacefeature VALUES ('1V3-087', 3);
INSERT INTO workspace VALUES ('1V3-088', '1V3-088', 288, 3);
INSERT INTO workspacefeature VALUES ('1V3-088', 1);
INSERT INTO workspacefeature VALUES ('1V3-088', 2);
INSERT INTO workspace VALUES ('1V3-089', '1V3-089', 289, 3);
INSERT INTO workspacefeature VALUES ('1V3-089', 1);
INSERT INTO workspace VALUES ('1V3-090', '1V3-090', 290, 3);
INSERT INTO workspace VALUES ('1V3-091', '1V3-091', 291, 3);
INSERT INTO workspacefeature VALUES ('1V3-091', 1);
INSERT INTO workspace VALUES ('1V3-092', '1V3-092', 292, 3);
INSERT INTO workspacefeature VALUES ('1V3-092', 1);
INSERT INTO workspacefeature VALUES ('1V3-092', 2);
INSERT INTO workspace VALUES ('1V3-093', '1V3-093', 293, 3);
INSERT INTO workspacefeature VALUES ('1V3-093', 1);
INSERT INTO workspacefeature VALUES ('1V3-093', 3);
INSERT INTO workspace VALUES ('1V3-094', '1V3-094', 294, 3);
INSERT INTO workspacefeature VALUES ('1V3-094', 1);
INSERT INTO workspacefeature VALUES ('1V3-094', 2);
INSERT INTO workspace VALUES ('1V3-095', '1V3-095', 295, 3);
INSERT INTO workspacefeature VALUES ('1V3-095', 1);
INSERT INTO workspace VALUES ('1V3-096', '1V3-096', 296, 3);
INSERT INTO workspacefeature VALUES ('1V3-096', 1);
INSERT INTO workspacefeature VALUES ('1V3-096', 2);
INSERT INTO workspacefeature VALUES ('1V3-096', 3);
INSERT INTO workspace VALUES ('1V3-097', '1V3-097', 297, 3);
INSERT INTO workspacefeature VALUES ('1V3-097', 1);
INSERT INTO workspace VALUES ('1V3-098', '1V3-098', 298, 3);
INSERT INTO workspacefeature VALUES ('1V3-098', 1);
INSERT INTO workspacefeature VALUES ('1V3-098', 2);
INSERT INTO workspace VALUES ('1V3-099', '1V3-099', 299, 3);
INSERT INTO workspacefeature VALUES ('1V3-099', 1);
INSERT INTO workspacefeature VALUES ('1V3-099', 3);
INSERT INTO workspace VALUES ('1V3-100', '1V3-100', 300, 3);
INSERT INTO floor VALUES (4, 4, 'Vancouver Building 1', 'Vancouver', '1', NULL);
INSERT INTO workspace VALUES ('1V4-001', '1V4-001', 301, 4);
INSERT INTO workspacefeature VALUES ('1V4-001', 1);
INSERT INTO workspace VALUES ('1V4-002', '1V4-002', 302, 4);
INSERT INTO workspacefeature VALUES ('1V4-002', 1);
INSERT INTO workspacefeature VALUES ('1V4-002', 2);
INSERT INTO workspace VALUES ('1V4-003', '1V4-003', 303, 4);
INSERT INTO workspacefeature VALUES ('1V4-003', 1);
INSERT INTO workspacefeature VALUES ('1V4-003', 3);
INSERT INTO workspace VALUES ('1V4-004', '1V4-004', 304, 4);
INSERT INTO workspacefeature VALUES ('1V4-004', 1);
INSERT INTO workspacefeature VALUES ('1V4-004', 2);
INSERT INTO workspace VALUES ('1V4-005', '1V4-005', 305, 4);
INSERT INTO workspacefeature VALUES ('1V4-005', 1);
INSERT INTO workspace VALUES ('1V4-006', '1V4-006', 306, 4);
INSERT INTO workspacefeature VALUES ('1V4-006', 1);
INSERT INTO workspacefeature VALUES ('1V4-006', 2);
INSERT INTO workspacefeature VALUES ('1V4-006', 3);
INSERT INTO workspace VALUES ('1V4-007', '1V4-007', 307, 4);
INSERT INTO workspacefeature VALUES ('1V4-007', 1);
INSERT INTO workspace VALUES ('1V4-008', '1V4-008', 308, 4);
INSERT INTO workspacefeature VALUES ('1V4-008', 1);
INSERT INTO workspacefeature VALUES ('1V4-008', 2);
INSERT INTO workspace VALUES ('1V4-009', '1V4-009', 309, 4);
INSERT INTO workspacefeature VALUES ('1V4-009', 1);
INSERT INTO workspacefeature VALUES ('1V4-009', 3);
INSERT INTO workspace VALUES ('1V4-010', '1V4-010', 310, 4);
INSERT INTO workspace VALUES ('1V4-011', '1V4-011', 311, 4);
INSERT INTO workspacefeature VALUES ('1V4-011', 1);
INSERT INTO workspace VALUES ('1V4-012', '1V4-012', 312, 4);
INSERT INTO workspacefeature VALUES ('1V4-012', 1);
INSERT INTO workspacefeature VALUES ('1V4-012', 2);
INSERT INTO workspacefeature VALUES ('1V4-012', 3);
INSERT INTO workspace VALUES ('1V4-013', '1V4-013', 313, 4);
INSERT INTO workspacefeature VALUES ('1V4-013', 1);
INSERT INTO workspace VALUES ('1V4-014', '1V4-014', 314, 4);
INSERT INTO workspacefeature VALUES ('1V4-014', 1);
INSERT INTO workspacefeature VALUES ('1V4-014', 2);
INSERT INTO workspace VALUES ('1V4-015', '1V4-015', 315, 4);
INSERT INTO workspacefeature VALUES ('1V4-015', 1);
INSERT INTO workspacefeature VALUES ('1V4-015', 3);
INSERT INTO workspace VALUES ('1V4-016', '1V4-016', 316, 4);
INSERT INTO workspacefeature VALUES ('1V4-016', 1);
INSERT INTO workspacefeature VALUES ('1V4-016', 2);
INSERT INTO workspace VALUES ('1V4-017', '1V4-017', 317, 4);
INSERT INTO workspacefeature VALUES ('1V4-017', 1);
INSERT INTO workspace VALUES ('1V4-018', '1V4-018', 318, 4);
INSERT INTO workspacefeature VALUES ('1V4-018', 1);
INSERT INTO workspacefeature VALUES ('1V4-018', 2);
INSERT INTO workspacefeature VALUES ('1V4-018', 3);
INSERT INTO workspace VALUES ('1V4-019', '1V4-019', 319, 4);
INSERT INTO workspacefeature VALUES ('1V4-019', 1);
INSERT INTO workspace VALUES ('1V4-020', '1V4-020', 320, 4);
INSERT INTO workspace VALUES ('1V4-021', '1V4-021', 321, 4);
INSERT INTO workspacefeature VALUES ('1V4-021', 1);
INSERT INTO workspacefeature VALUES ('1V4-021', 3);
INSERT INTO workspace VALUES ('1V4-022', '1V4-022', 322, 4);
INSERT INTO workspacefeature VALUES ('1V4-022', 1);
INSERT INTO workspacefeature VALUES ('1V4-022', 2);
INSERT INTO workspace VALUES ('1V4-023', '1V4-023', 323, 4);
INSERT INTO workspacefeature VALUES ('1V4-023', 1);
INSERT INTO workspace VALUES ('1V4-024', '1V4-024', 324, 4);
INSERT INTO workspacefeature VALUES ('1V4-024', 1);
INSERT INTO workspacefeature VALUES ('1V4-024', 2);
INSERT INTO workspacefeature VALUES ('1V4-024', 3);
INSERT INTO workspace VALUES ('1V4-025', '1V4-025', 325, 4);
INSERT INTO workspacefeature VALUES ('1V4-025', 1);
INSERT INTO workspace VALUES ('1V4-026', '1V4-026', 326, 4);
INSERT INTO workspacefeature VALUES ('1V4-026', 1);
INSERT INTO workspacefeature VALUES ('1V4-026', 2);
INSERT INTO workspace VALUES ('1V4-027', '1V4-027', 327, 4);
INSERT INTO workspacefeature VALUES ('1V4-027', 1);
INSERT INTO workspacefeature VALUES ('1V4-027', 3);
INSERT INTO workspace VALUES ('1V4-028', '1V4-028', 328, 4);
INSERT INTO workspacefeature VALUES ('1V4-028', 1);
INSERT INTO workspacefeature VALUES ('1V4-028', 2);
INSERT INTO workspace VALUES ('1V4-029', '1V4-029', 329, 4);
INSERT INTO workspacefeature VALUES ('1V4-029', 1);
INSERT INTO workspace VALUES ('1V4-030', '1V4-030', 330, 4);
INSERT INTO workspace VALUES ('1V4-031', '1V4-031', 331, 4);
INSERT INTO workspacefeature VALUES ('1V4-031', 1);
INSERT INTO workspace VALUES ('1V4-032', '1V4-032', 332, 4);
INSERT INTO workspacefeature VALUES ('1V4-032', 1);
INSERT INTO workspacefeature VALUES ('1V4-032', 2);
INSERT INTO workspace VALUES ('1V4-033', '1V4-033', 333, 4);
INSERT INTO workspacefeature VALUES ('1V4-033', 1);
INSERT INTO workspacefeature VALUES ('1V4-033', 3);
INSERT INTO workspace VALUES ('1V4-034', '1V4-034', 334, 4);
INSERT INTO workspacefeature VALUES ('1V4-034', 1);
INSERT INTO workspacefeature VALUES ('1V4-034', 2);
INSERT INTO workspace VALUES ('1V4-035', '1V4-035', 335, 4);
INSERT INTO workspacefeature VALUES ('1V4-035', 1);
INSERT INTO workspace VALUES ('1V4-036', '1V4-036', 336, 4);
INSERT INTO workspacefeature VALUES ('1V4-036', 1);
INSERT INTO workspacefeature VALUES ('1V4-036', 2);
INSERT INTO workspacefeature VALUES ('1V4-036', 3);
INSERT INTO workspace VALUES ('1V4-037', '1V4-037', 337, 4);
INSERT INTO workspacefeature VALUES ('1V4-037', 1);
INSERT INTO workspace VALUES ('1V4-038', '1V4-038', 338, 4);
INSERT INTO workspacefeature VALUES ('1V4-038', 1);
INSERT INTO workspacefeature VALUES ('1V4-038', 2);
INSERT INTO workspace VALUES ('1V4-039', '1V4-039', 339, 4);
INSERT INTO workspacefeature VALUES ('1V4-039', 1);
INSERT INTO workspacefeature VALUES ('1V4-039', 3);
INSERT INTO workspace VALUES ('1V4-040', '1V4-040', 340, 4);
INSERT INTO workspace VALUES ('1V4-041', '1V4-041', 341, 4);
INSERT INTO workspacefeature VALUES ('1V4-041', 1);
INSERT INTO workspace VALUES ('1V4-042', '1V4-042', 342, 4);
INSERT INTO workspacefeature VALUES ('1V4-042', 1);
INSERT INTO workspacefeature VALUES ('1V4-042', 2);
INSERT INTO workspacefeature VALUES ('1V4-042', 3);
INSERT INTO workspace VALUES ('1V4-043', '1V4-043', 343, 4);
INSERT INTO workspacefeature VALUES ('1V4-043', 1);
INSERT INTO workspace VALUES ('1V4-044', '1V4-044', 344, 4);
INSERT INTO workspacefeature VALUES ('1V4-044', 1);
INSERT INTO workspacefeature VALUES ('1V4-044', 2);
INSERT INTO workspace VALUES ('1V4-045', '1V4-045', 345, 4);
INSERT INTO workspacefeature VALUES ('1V4-045', 1);
INSERT INTO workspacefeature VALUES ('1V4-045', 3);
INSERT INTO workspace VALUES ('1V4-046', '1V4-046', 346, 4);
INSERT INTO workspacefeature VALUES ('1V4-046', 1);
INSERT INTO workspacefeature VALUES ('1V4-046', 2);
INSERT INTO workspace VALUES ('1V4-047', '1V4-047', 347, 4);
INSERT INTO workspacefeature VALUES ('1V4-047', 1);
INSERT INTO workspace VALUES ('1V4-048', '1V4-048', 348, 4);
INSERT INTO workspacefeature VALUES ('1V4-048', 1);
INSERT INTO workspacefeature VALUES ('1V4-048', 2);
INSERT INTO workspacefeature VALUES ('1V4-048', 3);
INSERT INTO workspace VALUES ('1V4-049', '1V4-049', 349, 4);
INSERT INTO workspacefeature VALUES ('1V4-049', 1);
INSERT INTO workspace VALUES ('1V4-050', '1V4-050', 350, 4);
INSERT INTO workspace VALUES ('1V4-051', '1V4-051', 351, 4);
INSERT INTO workspacefeature VALUES ('1V4-051', 1);
INSERT INTO workspacefeature VALUES ('1V4-051', 3);
INSERT INTO workspace VALUES ('1V4-052', '1V4-052', 352, 4);
INSERT INTO workspacefeature VALUES ('1V4-052', 1);
INSERT INTO workspacefeature VALUES ('1V4-052', 2);
INSERT INTO workspace VALUES ('1V4-053', '1V4-053', 353, 4);
INSERT INTO workspacefeature VALUES ('1V4-053', 1);
INSERT INTO workspace VALUES ('1V4-054', '1V4-054', 354, 4);
INSERT INTO workspacefeature VALUES ('1V4-054', 1);
INSERT INTO workspacefeature VALUES ('1V4-054', 2);
INSERT INTO workspacefeature VALUES ('1V4-054', 3);
INSERT INTO workspace VALUES ('1V4-055', '1V4-055', 355, 4);
INSERT INTO workspacefeature VALUES ('1V4-055', 1);
INSERT INTO workspace VALUES ('1V4-056', '1V4-056', 356, 4);
INSERT INTO workspacefeature VALUES ('1V4-056', 1);
INSERT INTO workspacefeature VALUES ('1V4-056', 2);
INSERT INTO workspace VALUES ('1V4-057', '1V4-057', 357, 4);
INSERT INTO workspacefeature VALUES ('1V4-057', 1);
INSERT INTO workspacefeature VALUES ('1V4-057', 3);
INSERT INTO workspace VALUES ('1V4-058', '1V4-058', 358, 4);
INSERT INTO workspacefeature VALUES ('1V4-058', 1);
INSERT INTO workspacefeature VALUES ('1V4-058', 2);
INSERT INTO workspace VALUES ('1V4-059', '1V4-059', 359, 4);
INSERT INTO workspacefeature VALUES ('1V4-059', 1);
INSERT INTO workspace VALUES ('1V4-060', '1V4-060', 360, 4);
INSERT INTO workspace VALUES ('1V4-061', '1V4-061', 361, 4);
INSERT INTO workspacefeature VALUES ('1V4-061', 1);
INSERT INTO workspace VALUES ('1V4-062', '1V4-062', 362, 4);
INSERT INTO workspacefeature VALUES ('1V4-062', 1);
INSERT INTO workspacefeature VALUES ('1V4-062', 2);
INSERT INTO workspace VALUES ('1V4-063', '1V4-063', 363, 4);
INSERT INTO workspacefeature VALUES ('1V4-063', 1);
INSERT INTO workspacefeature VALUES ('1V4-063', 3);
INSERT INTO workspace VALUES ('1V4-064', '1V4-064', 364, 4);
INSERT INTO workspacefeature VALUES ('1V4-064', 1);
INSERT INTO workspacefeature VALUES ('1V4-064', 2);
INSERT INTO workspace VALUES ('1V4-065', '1V4-065', 365, 4);
INSERT INTO workspacefeature VALUES ('1V4-065', 1);
INSERT INTO workspace VALUES ('1V4-066', '1V4-066', 366, 4);
INSERT INTO workspacefeature VALUES ('1V4-066', 1);
INSERT INTO workspacefeature VALUES ('1V4-066', 2);
INSERT INTO workspacefeature VALUES ('1V4-066', 3);
INSERT INTO workspace VALUES ('1V4-067', '1V4-067', 367, 4);
INSERT INTO workspacefeature VALUES ('1V4-067', 1);
INSERT INTO workspace VALUES ('1V4-068', '1V4-068', 368, 4);
INSERT INTO workspacefeature VALUES ('1V4-068', 1);
INSERT INTO workspacefeature VALUES ('1V4-068', 2);
INSERT INTO workspace VALUES ('1V4-069', '1V4-069', 369, 4);
INSERT INTO workspacefeature VALUES ('1V4-069', 1);
INSERT INTO workspacefeature VALUES ('1V4-069', 3);
INSERT INTO workspace VALUES ('1V4-070', '1V4-070', 370, 4);
INSERT INTO workspace VALUES ('1V4-071', '1V4-071', 371, 4);
INSERT INTO workspacefeature VALUES ('1V4-071', 1);
INSERT INTO workspace VALUES ('1V4-072', '1V4-072', 372, 4);
INSERT INTO workspacefeature VALUES ('1V4-072', 1);
INSERT INTO workspacefeature VALUES ('1V4-072', 2);
INSERT INTO workspacefeature VALUES ('1V4-072', 3);
INSERT INTO workspace VALUES ('1V4-073', '1V4-073', 373, 4);
INSERT INTO workspacefeature VALUES ('1V4-073', 1);
INSERT INTO workspace VALUES ('1V4-074', '1V4-074', 374, 4);
INSERT INTO workspacefeature VALUES ('1V4-074', 1);
INSERT INTO workspacefeature VALUES ('1V4-074', 2);
INSERT INTO workspace VALUES ('1V4-075', '1V4-075', 375, 4);
INSERT INTO workspacefeature VALUES ('1V4-075', 1);
INSERT INTO workspacefeature VALUES ('1V4-075', 3);
INSERT INTO workspace VALUES ('1V4-076', '1V4-076', 376, 4);
INSERT INTO workspacefeature VALUES ('1V4-076', 1);
INSERT INTO workspacefeature VALUES ('1V4-076', 2);
INSERT INTO workspace VALUES ('1V4-077', '1V4-077', 377, 4);
INSERT INTO workspacefeature VALUES ('1V4-077', 1);
INSERT INTO workspace VALUES ('1V4-078', '1V4-078', 378, 4);
INSERT INTO workspacefeature VALUES ('1V4-078', 1);
INSERT INTO workspacefeature VALUES ('1V4-078', 2);
INSERT INTO workspacefeature VALUES ('1V4-078', 3);
INSERT INTO workspace VALUES ('1V4-079', '1V4-079', 379, 4);
INSERT INTO workspacefeature VALUES ('1V4-079', 1);
INSERT INTO workspace VALUES ('1V4-080', '1V4-080', 380, 4);
INSERT INTO workspace VALUES ('1V4-081', '1V4-081', 381, 4);
INSERT INTO workspacefeature VALUES ('1V4-081', 1);
INSERT INTO workspacefeature VALUES ('1V4-081', 3);
INSERT INTO workspace VALUES ('1V4-082', '1V4-082', 382, 4);
INSERT INTO workspacefeature VALUES ('1V4-082', 1);
INSERT INTO workspacefeature VALUES ('1V4-082', 2);
INSERT INTO workspace VALUES ('1V4-083', '1V4-083', 383, 4);
INSERT INTO workspacefeature VALUES ('1V4-083', 1);
INSERT INTO workspace VALUES ('1V4-084', '1V4-084', 384, 4);
INSERT INTO workspacefeature VALUES ('1V4-084', 1);
INSERT INTO workspacefeature VALUES ('1V4-084', 2);
INSERT INTO workspacefeature VALUES ('1V4-084', 3);
INSERT INTO workspace VALUES ('1V4-085', '1V4-085', 385, 4);
INSERT INTO workspacefeature VALUES ('1V4-085', 1);
INSERT INTO workspace VALUES ('1V4-086', '1V4-086', 386, 4);
INSERT INTO workspacefeature VALUES ('1V4-086', 1);
INSERT INTO workspacefeature VALUES ('1V4-086', 2);
INSERT INTO workspace VALUES ('1V4-087', '1V4-087', 387, 4);
INSERT INTO workspacefeature VALUES ('1V4-087', 1);
INSERT INTO workspacefeature VALUES ('1V4-087', 3);
INSERT INTO workspace VALUES ('1V4-088', '1V4-088', 388, 4);
INSERT INTO workspacefeature VALUES ('1V4-088', 1);
INSERT INTO workspacefeature VALUES ('1V4-088', 2);
INSERT INTO workspace VALUES ('1V4-089', '1V4-089', 389, 4);
INSERT INTO workspacefeature VALUES ('1V4-089', 1);
INSERT INTO workspace VALUES ('1V4-090', '1V4-090', 390, 4);
INSERT INTO workspace VALUES ('1V4-091', '1V4-091', 391, 4);
INSERT INTO workspacefeature VALUES ('1V4-091', 1);
INSERT INTO workspace VALUES ('1V4-092', '1V4-092', 392, 4);
INSERT INTO workspacefeature VALUES ('1V4-092', 1);
INSERT INTO workspacefeature VALUES ('1V4-092', 2);
INSERT INTO workspace VALUES ('1V4-093', '1V4-093', 393, 4);
INSERT INTO workspacefeature VALUES ('1V4-093', 1);
INSERT INTO workspacefeature VALUES ('1V4-093', 3);
INSERT INTO workspace VALUES ('1V4-094', '1V4-094', 394, 4);
INSERT INTO workspacefeature VALUES ('1V4-094', 1);
INSERT INTO workspacefeature VALUES ('1V4-094', 2);
INSERT INTO workspace VALUES ('1V4-095', '1V4-095', 395, 4);
INSERT INTO workspacefeature VALUES ('1V4-095', 1);
INSERT INTO workspace VALUES ('1V4-096', '1V4-096', 396, 4);
INSERT INTO workspacefeature VALUES ('1V4-096', 1);
INSERT INTO workspacefeature VALUES ('1V4-096', 2);
INSERT INTO workspacefeature VALUES ('1V4-096', 3);
INSERT INTO workspace VALUES ('1V4-097', '1V4-097', 397, 4);
INSERT INTO workspacefeature VALUES ('1V4-097', 1);
INSERT INTO workspace VALUES ('1V4-098', '1V4-098', 398, 4);
INSERT INTO workspacefeature VALUES ('1V4-098', 1);
INSERT INTO workspacefeature VALUES ('1V4-098', 2);
INSERT INTO workspace VALUES ('1V4-099', '1V4-099', 399, 4);
INSERT INTO workspacefeature VALUES ('1V4-099', 1);
INSERT INTO workspacefeature VALUES ('1V4-099', 3);
INSERT INTO workspace VALUES ('1V4-100', '1V4-100', 400, 4);
INSERT INTO floor VALUES (5, 5, 'Vancouver Building 1', 'Vancouver', '1', NULL);
INSERT INTO workspace VALUES ('1V5-001', '1V5-001', 401, 5);
INSERT INTO workspacefeature VALUES ('1V5-001', 1);
INSERT INTO workspace VALUES ('1V5-002', '1V5-002', 402, 5);
INSERT INTO workspacefeature VALUES ('1V5-002', 1);
INSERT INTO workspacefeature VALUES ('1V5-002', 2);
INSERT INTO workspace VALUES ('1V5-003', '1V5-003', 403, 5);
INSERT INTO workspacefeature VALUES ('1V5-003', 1);
INSERT INTO workspacefeature VALUES ('1V5-003', 3);
INSERT INTO workspace VALUES ('1V5-004', '1V5-004', 404, 5);
INSERT INTO workspacefeature VALUES ('1V5-004', 1);
INSERT INTO workspacefeature VALUES ('1V5-004', 2);
INSERT INTO workspace VALUES ('1V5-005', '1V5-005', 405, 5);
INSERT INTO workspacefeature VALUES ('1V5-005', 1);
INSERT INTO workspace VALUES ('1V5-006', '1V5-006', 406, 5);
INSERT INTO workspacefeature VALUES ('1V5-006', 1);
INSERT INTO workspacefeature VALUES ('1V5-006', 2);
INSERT INTO workspacefeature VALUES ('1V5-006', 3);
INSERT INTO workspace VALUES ('1V5-007', '1V5-007', 407, 5);
INSERT INTO workspacefeature VALUES ('1V5-007', 1);
INSERT INTO workspace VALUES ('1V5-008', '1V5-008', 408, 5);
INSERT INTO workspacefeature VALUES ('1V5-008', 1);
INSERT INTO workspacefeature VALUES ('1V5-008', 2);
INSERT INTO workspace VALUES ('1V5-009', '1V5-009', 409, 5);
INSERT INTO workspacefeature VALUES ('1V5-009', 1);
INSERT INTO workspacefeature VALUES ('1V5-009', 3);
INSERT INTO workspace VALUES ('1V5-010', '1V5-010', 410, 5);
INSERT INTO workspace VALUES ('1V5-011', '1V5-011', 411, 5);
INSERT INTO workspacefeature VALUES ('1V5-011', 1);
INSERT INTO workspace VALUES ('1V5-012', '1V5-012', 412, 5);
INSERT INTO workspacefeature VALUES ('1V5-012', 1);
INSERT INTO workspacefeature VALUES ('1V5-012', 2);
INSERT INTO workspacefeature VALUES ('1V5-012', 3);
INSERT INTO workspace VALUES ('1V5-013', '1V5-013', 413, 5);
INSERT INTO workspacefeature VALUES ('1V5-013', 1);
INSERT INTO workspace VALUES ('1V5-014', '1V5-014', 414, 5);
INSERT INTO workspacefeature VALUES ('1V5-014', 1);
INSERT INTO workspacefeature VALUES ('1V5-014', 2);
INSERT INTO workspace VALUES ('1V5-015', '1V5-015', 415, 5);
INSERT INTO workspacefeature VALUES ('1V5-015', 1);
INSERT INTO workspacefeature VALUES ('1V5-015', 3);
INSERT INTO workspace VALUES ('1V5-016', '1V5-016', 416, 5);
INSERT INTO workspacefeature VALUES ('1V5-016', 1);
INSERT INTO workspacefeature VALUES ('1V5-016', 2);
INSERT INTO workspace VALUES ('1V5-017', '1V5-017', 417, 5);
INSERT INTO workspacefeature VALUES ('1V5-017', 1);
INSERT INTO workspace VALUES ('1V5-018', '1V5-018', 418, 5);
INSERT INTO workspacefeature VALUES ('1V5-018', 1);
INSERT INTO workspacefeature VALUES ('1V5-018', 2);
INSERT INTO workspacefeature VALUES ('1V5-018', 3);
INSERT INTO workspace VALUES ('1V5-019', '1V5-019', 419, 5);
INSERT INTO workspacefeature VALUES ('1V5-019', 1);
INSERT INTO workspace VALUES ('1V5-020', '1V5-020', 420, 5);
INSERT INTO workspace VALUES ('1V5-021', '1V5-021', 421, 5);
INSERT INTO workspacefeature VALUES ('1V5-021', 1);
INSERT INTO workspacefeature VALUES ('1V5-021', 3);
INSERT INTO workspace VALUES ('1V5-022', '1V5-022', 422, 5);
INSERT INTO workspacefeature VALUES ('1V5-022', 1);
INSERT INTO workspacefeature VALUES ('1V5-022', 2);
INSERT INTO workspace VALUES ('1V5-023', '1V5-023', 423, 5);
INSERT INTO workspacefeature VALUES ('1V5-023', 1);
INSERT INTO workspace VALUES ('1V5-024', '1V5-024', 424, 5);
INSERT INTO workspacefeature VALUES ('1V5-024', 1);
INSERT INTO workspacefeature VALUES ('1V5-024', 2);
INSERT INTO workspacefeature VALUES ('1V5-024', 3);
INSERT INTO workspace VALUES ('1V5-025', '1V5-025', 425, 5);
INSERT INTO workspacefeature VALUES ('1V5-025', 1);
INSERT INTO workspace VALUES ('1V5-026', '1V5-026', 426, 5);
INSERT INTO workspacefeature VALUES ('1V5-026', 1);
INSERT INTO workspacefeature VALUES ('1V5-026', 2);
INSERT INTO workspace VALUES ('1V5-027', '1V5-027', 427, 5);
INSERT INTO workspacefeature VALUES ('1V5-027', 1);
INSERT INTO workspacefeature VALUES ('1V5-027', 3);
INSERT INTO workspace VALUES ('1V5-028', '1V5-028', 428, 5);
INSERT INTO workspacefeature VALUES ('1V5-028', 1);
INSERT INTO workspacefeature VALUES ('1V5-028', 2);
INSERT INTO workspace VALUES ('1V5-029', '1V5-029', 429, 5);
INSERT INTO workspacefeature VALUES ('1V5-029', 1);
INSERT INTO workspace VALUES ('1V5-030', '1V5-030', 430, 5);
INSERT INTO workspace VALUES ('1V5-031', '1V5-031', 431, 5);
INSERT INTO workspacefeature VALUES ('1V5-031', 1);
INSERT INTO workspace VALUES ('1V5-032', '1V5-032', 432, 5);
INSERT INTO workspacefeature VALUES ('1V5-032', 1);
INSERT INTO workspacefeature VALUES ('1V5-032', 2);
INSERT INTO workspace VALUES ('1V5-033', '1V5-033', 433, 5);
INSERT INTO workspacefeature VALUES ('1V5-033', 1);
INSERT INTO workspacefeature VALUES ('1V5-033', 3);
INSERT INTO workspace VALUES ('1V5-034', '1V5-034', 434, 5);
INSERT INTO workspacefeature VALUES ('1V5-034', 1);
INSERT INTO workspacefeature VALUES ('1V5-034', 2);
INSERT INTO workspace VALUES ('1V5-035', '1V5-035', 435, 5);
INSERT INTO workspacefeature VALUES ('1V5-035', 1);
INSERT INTO workspace VALUES ('1V5-036', '1V5-036', 436, 5);
INSERT INTO workspacefeature VALUES ('1V5-036', 1);
INSERT INTO workspacefeature VALUES ('1V5-036', 2);
INSERT INTO workspacefeature VALUES ('1V5-036', 3);
INSERT INTO workspace VALUES ('1V5-037', '1V5-037', 437, 5);
INSERT INTO workspacefeature VALUES ('1V5-037', 1);
INSERT INTO workspace VALUES ('1V5-038', '1V5-038', 438, 5);
INSERT INTO workspacefeature VALUES ('1V5-038', 1);
INSERT INTO workspacefeature VALUES ('1V5-038', 2);
INSERT INTO workspace VALUES ('1V5-039', '1V5-039', 439, 5);
INSERT INTO workspacefeature VALUES ('1V5-039', 1);
INSERT INTO workspacefeature VALUES ('1V5-039', 3);
INSERT INTO workspace VALUES ('1V5-040', '1V5-040', 440, 5);
INSERT INTO workspace VALUES ('1V5-041', '1V5-041', 441, 5);
INSERT INTO workspacefeature VALUES ('1V5-041', 1);
INSERT INTO workspace VALUES ('1V5-042', '1V5-042', 442, 5);
INSERT INTO workspacefeature VALUES ('1V5-042', 1);
INSERT INTO workspacefeature VALUES ('1V5-042', 2);
INSERT INTO workspacefeature VALUES ('1V5-042', 3);
INSERT INTO workspace VALUES ('1V5-043', '1V5-043', 443, 5);
INSERT INTO workspacefeature VALUES ('1V5-043', 1);
INSERT INTO workspace VALUES ('1V5-044', '1V5-044', 444, 5);
INSERT INTO workspacefeature VALUES ('1V5-044', 1);
INSERT INTO workspacefeature VALUES ('1V5-044', 2);
INSERT INTO workspace VALUES ('1V5-045', '1V5-045', 445, 5);
INSERT INTO workspacefeature VALUES ('1V5-045', 1);
INSERT INTO workspacefeature VALUES ('1V5-045', 3);
INSERT INTO workspace VALUES ('1V5-046', '1V5-046', 446, 5);
INSERT INTO workspacefeature VALUES ('1V5-046', 1);
INSERT INTO workspacefeature VALUES ('1V5-046', 2);
INSERT INTO workspace VALUES ('1V5-047', '1V5-047', 447, 5);
INSERT INTO workspacefeature VALUES ('1V5-047', 1);
INSERT INTO workspace VALUES ('1V5-048', '1V5-048', 448, 5);
INSERT INTO workspacefeature VALUES ('1V5-048', 1);
INSERT INTO workspacefeature VALUES ('1V5-048', 2);
INSERT INTO workspacefeature VALUES ('1V5-048', 3);
INSERT INTO workspace VALUES ('1V5-049', '1V5-049', 449, 5);
INSERT INTO workspacefeature VALUES ('1V5-049', 1);
INSERT INTO workspace VALUES ('1V5-050', '1V5-050', 450, 5);
INSERT INTO workspace VALUES ('1V5-051', '1V5-051', 451, 5);
INSERT INTO workspacefeature VALUES ('1V5-051', 1);
INSERT INTO workspacefeature VALUES ('1V5-051', 3);
INSERT INTO workspace VALUES ('1V5-052', '1V5-052', 452, 5);
INSERT INTO workspacefeature VALUES ('1V5-052', 1);
INSERT INTO workspacefeature VALUES ('1V5-052', 2);
INSERT INTO workspace VALUES ('1V5-053', '1V5-053', 453, 5);
INSERT INTO workspacefeature VALUES ('1V5-053', 1);
INSERT INTO workspace VALUES ('1V5-054', '1V5-054', 454, 5);
INSERT INTO workspacefeature VALUES ('1V5-054', 1);
INSERT INTO workspacefeature VALUES ('1V5-054', 2);
INSERT INTO workspacefeature VALUES ('1V5-054', 3);
INSERT INTO workspace VALUES ('1V5-055', '1V5-055', 455, 5);
INSERT INTO workspacefeature VALUES ('1V5-055', 1);
INSERT INTO workspace VALUES ('1V5-056', '1V5-056', 456, 5);
INSERT INTO workspacefeature VALUES ('1V5-056', 1);
INSERT INTO workspacefeature VALUES ('1V5-056', 2);
INSERT INTO workspace VALUES ('1V5-057', '1V5-057', 457, 5);
INSERT INTO workspacefeature VALUES ('1V5-057', 1);
INSERT INTO workspacefeature VALUES ('1V5-057', 3);
INSERT INTO workspace VALUES ('1V5-058', '1V5-058', 458, 5);
INSERT INTO workspacefeature VALUES ('1V5-058', 1);
INSERT INTO workspacefeature VALUES ('1V5-058', 2);
INSERT INTO workspace VALUES ('1V5-059', '1V5-059', 459, 5);
INSERT INTO workspacefeature VALUES ('1V5-059', 1);
INSERT INTO workspace VALUES ('1V5-060', '1V5-060', 460, 5);
INSERT INTO workspace VALUES ('1V5-061', '1V5-061', 461, 5);
INSERT INTO workspacefeature VALUES ('1V5-061', 1);
INSERT INTO workspace VALUES ('1V5-062', '1V5-062', 462, 5);
INSERT INTO workspacefeature VALUES ('1V5-062', 1);
INSERT INTO workspacefeature VALUES ('1V5-062', 2);
INSERT INTO workspace VALUES ('1V5-063', '1V5-063', 463, 5);
INSERT INTO workspacefeature VALUES ('1V5-063', 1);
INSERT INTO workspacefeature VALUES ('1V5-063', 3);
INSERT INTO workspace VALUES ('1V5-064', '1V5-064', 464, 5);
INSERT INTO workspacefeature VALUES ('1V5-064', 1);
INSERT INTO workspacefeature VALUES ('1V5-064', 2);
INSERT INTO workspace VALUES ('1V5-065', '1V5-065', 465, 5);
INSERT INTO workspacefeature VALUES ('1V5-065', 1);
INSERT INTO workspace VALUES ('1V5-066', '1V5-066', 466, 5);
INSERT INTO workspacefeature VALUES ('1V5-066', 1);
INSERT INTO workspacefeature VALUES ('1V5-066', 2);
INSERT INTO workspacefeature VALUES ('1V5-066', 3);
INSERT INTO workspace VALUES ('1V5-067', '1V5-067', 467, 5);
INSERT INTO workspacefeature VALUES ('1V5-067', 1);
INSERT INTO workspace VALUES ('1V5-068', '1V5-068', 468, 5);
INSERT INTO workspacefeature VALUES ('1V5-068', 1);
INSERT INTO workspacefeature VALUES ('1V5-068', 2);
INSERT INTO workspace VALUES ('1V5-069', '1V5-069', 469, 5);
INSERT INTO workspacefeature VALUES ('1V5-069', 1);
INSERT INTO workspacefeature VALUES ('1V5-069', 3);
INSERT INTO workspace VALUES ('1V5-070', '1V5-070', 470, 5);
INSERT INTO workspace VALUES ('1V5-071', '1V5-071', 471, 5);
INSERT INTO workspacefeature VALUES ('1V5-071', 1);
INSERT INTO workspace VALUES ('1V5-072', '1V5-072', 472, 5);
INSERT INTO workspacefeature VALUES ('1V5-072', 1);
INSERT INTO workspacefeature VALUES ('1V5-072', 2);
INSERT INTO workspacefeature VALUES ('1V5-072', 3);
INSERT INTO workspace VALUES ('1V5-073', '1V5-073', 473, 5);
INSERT INTO workspacefeature VALUES ('1V5-073', 1);
INSERT INTO workspace VALUES ('1V5-074', '1V5-074', 474, 5);
INSERT INTO workspacefeature VALUES ('1V5-074', 1);
INSERT INTO workspacefeature VALUES ('1V5-074', 2);
INSERT INTO workspace VALUES ('1V5-075', '1V5-075', 475, 5);
INSERT INTO workspacefeature VALUES ('1V5-075', 1);
INSERT INTO workspacefeature VALUES ('1V5-075', 3);
INSERT INTO workspace VALUES ('1V5-076', '1V5-076', 476, 5);
INSERT INTO workspacefeature VALUES ('1V5-076', 1);
INSERT INTO workspacefeature VALUES ('1V5-076', 2);
INSERT INTO workspace VALUES ('1V5-077', '1V5-077', 477, 5);
INSERT INTO workspacefeature VALUES ('1V5-077', 1);
INSERT INTO workspace VALUES ('1V5-078', '1V5-078', 478, 5);
INSERT INTO workspacefeature VALUES ('1V5-078', 1);
INSERT INTO workspacefeature VALUES ('1V5-078', 2);
INSERT INTO workspacefeature VALUES ('1V5-078', 3);
INSERT INTO workspace VALUES ('1V5-079', '1V5-079', 479, 5);
INSERT INTO workspacefeature VALUES ('1V5-079', 1);
INSERT INTO workspace VALUES ('1V5-080', '1V5-080', 480, 5);
INSERT INTO workspace VALUES ('1V5-081', '1V5-081', 481, 5);
INSERT INTO workspacefeature VALUES ('1V5-081', 1);
INSERT INTO workspacefeature VALUES ('1V5-081', 3);
INSERT INTO workspace VALUES ('1V5-082', '1V5-082', 482, 5);
INSERT INTO workspacefeature VALUES ('1V5-082', 1);
INSERT INTO workspacefeature VALUES ('1V5-082', 2);
INSERT INTO workspace VALUES ('1V5-083', '1V5-083', 483, 5);
INSERT INTO workspacefeature VALUES ('1V5-083', 1);
INSERT INTO workspace VALUES ('1V5-084', '1V5-084', 484, 5);
INSERT INTO workspacefeature VALUES ('1V5-084', 1);
INSERT INTO workspacefeature VALUES ('1V5-084', 2);
INSERT INTO workspacefeature VALUES ('1V5-084', 3);
INSERT INTO workspace VALUES ('1V5-085', '1V5-085', 485, 5);
INSERT INTO workspacefeature VALUES ('1V5-085', 1);
INSERT INTO workspace VALUES ('1V5-086', '1V5-086', 486, 5);
INSERT INTO workspacefeature VALUES ('1V5-086', 1);
INSERT INTO workspacefeature VALUES ('1V5-086', 2);
INSERT INTO workspace VALUES ('1V5-087', '1V5-087', 487, 5);
INSERT INTO workspacefeature VALUES ('1V5-087', 1);
INSERT INTO workspacefeature VALUES ('1V5-087', 3);
INSERT INTO workspace VALUES ('1V5-088', '1V5-088', 488, 5);
INSERT INTO workspacefeature VALUES ('1V5-088', 1);
INSERT INTO workspacefeature VALUES ('1V5-088', 2);
INSERT INTO workspace VALUES ('1V5-089', '1V5-089', 489, 5);
INSERT INTO workspacefeature VALUES ('1V5-089', 1);
INSERT INTO workspace VALUES ('1V5-090', '1V5-090', 490, 5);
INSERT INTO workspace VALUES ('1V5-091', '1V5-091', 491, 5);
INSERT INTO workspacefeature VALUES ('1V5-091', 1);
INSERT INTO workspace VALUES ('1V5-092', '1V5-092', 492, 5);
INSERT INTO workspacefeature VALUES ('1V5-092', 1);
INSERT INTO workspacefeature VALUES ('1V5-092', 2);
INSERT INTO workspace VALUES ('1V5-093', '1V5-093', 493, 5);
INSERT INTO workspacefeature VALUES ('1V5-093', 1);
INSERT INTO workspacefeature VALUES ('1V5-093', 3);
INSERT INTO workspace VALUES ('1V5-094', '1V5-094', 494, 5);
INSERT INTO workspacefeature VALUES ('1V5-094', 1);
INSERT INTO workspacefeature VALUES ('1V5-094', 2);
INSERT INTO workspace VALUES ('1V5-095', '1V5-095', 495, 5);
INSERT INTO workspacefeature VALUES ('1V5-095', 1);
INSERT INTO workspace VALUES ('1V5-096', '1V5-096', 496, 5);
INSERT INTO workspacefeature VALUES ('1V5-096', 1);
INSERT INTO workspacefeature VALUES ('1V5-096', 2);
INSERT INTO workspacefeature VALUES ('1V5-096', 3);
INSERT INTO workspace VALUES ('1V5-097', '1V5-097', 497, 5);
INSERT INTO workspacefeature VALUES ('1V5-097', 1);
INSERT INTO workspace VALUES ('1V5-098', '1V5-098', 498, 5);
INSERT INTO workspacefeature VALUES ('1V5-098', 1);
INSERT INTO workspacefeature VALUES ('1V5-098', 2);
INSERT INTO workspace VALUES ('1V5-099', '1V5-099', 499, 5);
INSERT INTO workspacefeature VALUES ('1V5-099', 1);
INSERT INTO workspacefeature VALUES ('1V5-099', 3);
INSERT INTO workspace VALUES ('1V5-100', '1V5-100', 500, 5);
INSERT INTO floor VALUES (6, 1, 'Vancouver Building 2', 'Vancouver', '2', NULL);
INSERT INTO workspace VALUES ('2V1-001', '2V1-001', 501, 6);
INSERT INTO workspacefeature VALUES ('2V1-001', 1);
INSERT INTO workspace VALUES ('2V1-002', '2V1-002', 502, 6);
INSERT INTO workspacefeature VALUES ('2V1-002', 1);
INSERT INTO workspacefeature VALUES ('2V1-002', 2);
INSERT INTO workspace VALUES ('2V1-003', '2V1-003', 503, 6);
INSERT INTO workspacefeature VALUES ('2V1-003', 1);
INSERT INTO workspacefeature VALUES ('2V1-003', 3);
INSERT INTO workspace VALUES ('2V1-004', '2V1-004', 504, 6);
INSERT INTO workspacefeature VALUES ('2V1-004', 1);
INSERT INTO workspacefeature VALUES ('2V1-004', 2);
INSERT INTO workspace VALUES ('2V1-005', '2V1-005', 505, 6);
INSERT INTO workspacefeature VALUES ('2V1-005', 1);
INSERT INTO workspace VALUES ('2V1-006', '2V1-006', 506, 6);
INSERT INTO workspacefeature VALUES ('2V1-006', 1);
INSERT INTO workspacefeature VALUES ('2V1-006', 2);
INSERT INTO workspacefeature VALUES ('2V1-006', 3);
INSERT INTO workspace VALUES ('2V1-007', '2V1-007', 507, 6);
INSERT INTO workspacefeature VALUES ('2V1-007', 1);
INSERT INTO workspace VALUES ('2V1-008', '2V1-008', 508, 6);
INSERT INTO workspacefeature VALUES ('2V1-008', 1);
INSERT INTO workspacefeature VALUES ('2V1-008', 2);
INSERT INTO workspace VALUES ('2V1-009', '2V1-009', 509, 6);
INSERT INTO workspacefeature VALUES ('2V1-009', 1);
INSERT INTO workspacefeature VALUES ('2V1-009', 3);
INSERT INTO workspace VALUES ('2V1-010', '2V1-010', 510, 6);
INSERT INTO workspace VALUES ('2V1-011', '2V1-011', 511, 6);
INSERT INTO workspacefeature VALUES ('2V1-011', 1);
INSERT INTO workspace VALUES ('2V1-012', '2V1-012', 512, 6);
INSERT INTO workspacefeature VALUES ('2V1-012', 1);
INSERT INTO workspacefeature VALUES ('2V1-012', 2);
INSERT INTO workspacefeature VALUES ('2V1-012', 3);
INSERT INTO workspace VALUES ('2V1-013', '2V1-013', 513, 6);
INSERT INTO workspacefeature VALUES ('2V1-013', 1);
INSERT INTO workspace VALUES ('2V1-014', '2V1-014', 514, 6);
INSERT INTO workspacefeature VALUES ('2V1-014', 1);
INSERT INTO workspacefeature VALUES ('2V1-014', 2);
INSERT INTO workspace VALUES ('2V1-015', '2V1-015', 515, 6);
INSERT INTO workspacefeature VALUES ('2V1-015', 1);
INSERT INTO workspacefeature VALUES ('2V1-015', 3);
INSERT INTO workspace VALUES ('2V1-016', '2V1-016', 516, 6);
INSERT INTO workspacefeature VALUES ('2V1-016', 1);
INSERT INTO workspacefeature VALUES ('2V1-016', 2);
INSERT INTO workspace VALUES ('2V1-017', '2V1-017', 517, 6);
INSERT INTO workspacefeature VALUES ('2V1-017', 1);
INSERT INTO workspace VALUES ('2V1-018', '2V1-018', 518, 6);
INSERT INTO workspacefeature VALUES ('2V1-018', 1);
INSERT INTO workspacefeature VALUES ('2V1-018', 2);
INSERT INTO workspacefeature VALUES ('2V1-018', 3);
INSERT INTO workspace VALUES ('2V1-019', '2V1-019', 519, 6);
INSERT INTO workspacefeature VALUES ('2V1-019', 1);
INSERT INTO workspace VALUES ('2V1-020', '2V1-020', 520, 6);
INSERT INTO workspace VALUES ('2V1-021', '2V1-021', 521, 6);
INSERT INTO workspacefeature VALUES ('2V1-021', 1);
INSERT INTO workspacefeature VALUES ('2V1-021', 3);
INSERT INTO workspace VALUES ('2V1-022', '2V1-022', 522, 6);
INSERT INTO workspacefeature VALUES ('2V1-022', 1);
INSERT INTO workspacefeature VALUES ('2V1-022', 2);
INSERT INTO workspace VALUES ('2V1-023', '2V1-023', 523, 6);
INSERT INTO workspacefeature VALUES ('2V1-023', 1);
INSERT INTO workspace VALUES ('2V1-024', '2V1-024', 524, 6);
INSERT INTO workspacefeature VALUES ('2V1-024', 1);
INSERT INTO workspacefeature VALUES ('2V1-024', 2);
INSERT INTO workspacefeature VALUES ('2V1-024', 3);
INSERT INTO workspace VALUES ('2V1-025', '2V1-025', 525, 6);
INSERT INTO workspacefeature VALUES ('2V1-025', 1);
INSERT INTO workspace VALUES ('2V1-026', '2V1-026', 526, 6);
INSERT INTO workspacefeature VALUES ('2V1-026', 1);
INSERT INTO workspacefeature VALUES ('2V1-026', 2);
INSERT INTO workspace VALUES ('2V1-027', '2V1-027', 527, 6);
INSERT INTO workspacefeature VALUES ('2V1-027', 1);
INSERT INTO workspacefeature VALUES ('2V1-027', 3);
INSERT INTO workspace VALUES ('2V1-028', '2V1-028', 528, 6);
INSERT INTO workspacefeature VALUES ('2V1-028', 1);
INSERT INTO workspacefeature VALUES ('2V1-028', 2);
INSERT INTO workspace VALUES ('2V1-029', '2V1-029', 529, 6);
INSERT INTO workspacefeature VALUES ('2V1-029', 1);
INSERT INTO workspace VALUES ('2V1-030', '2V1-030', 530, 6);
INSERT INTO workspace VALUES ('2V1-031', '2V1-031', 531, 6);
INSERT INTO workspacefeature VALUES ('2V1-031', 1);
INSERT INTO workspace VALUES ('2V1-032', '2V1-032', 532, 6);
INSERT INTO workspacefeature VALUES ('2V1-032', 1);
INSERT INTO workspacefeature VALUES ('2V1-032', 2);
INSERT INTO workspace VALUES ('2V1-033', '2V1-033', 533, 6);
INSERT INTO workspacefeature VALUES ('2V1-033', 1);
INSERT INTO workspacefeature VALUES ('2V1-033', 3);
INSERT INTO workspace VALUES ('2V1-034', '2V1-034', 534, 6);
INSERT INTO workspacefeature VALUES ('2V1-034', 1);
INSERT INTO workspacefeature VALUES ('2V1-034', 2);
INSERT INTO workspace VALUES ('2V1-035', '2V1-035', 535, 6);
INSERT INTO workspacefeature VALUES ('2V1-035', 1);
INSERT INTO workspace VALUES ('2V1-036', '2V1-036', 536, 6);
INSERT INTO workspacefeature VALUES ('2V1-036', 1);
INSERT INTO workspacefeature VALUES ('2V1-036', 2);
INSERT INTO workspacefeature VALUES ('2V1-036', 3);
INSERT INTO workspace VALUES ('2V1-037', '2V1-037', 537, 6);
INSERT INTO workspacefeature VALUES ('2V1-037', 1);
INSERT INTO workspace VALUES ('2V1-038', '2V1-038', 538, 6);
INSERT INTO workspacefeature VALUES ('2V1-038', 1);
INSERT INTO workspacefeature VALUES ('2V1-038', 2);
INSERT INTO workspace VALUES ('2V1-039', '2V1-039', 539, 6);
INSERT INTO workspacefeature VALUES ('2V1-039', 1);
INSERT INTO workspacefeature VALUES ('2V1-039', 3);
INSERT INTO workspace VALUES ('2V1-040', '2V1-040', 540, 6);
INSERT INTO workspace VALUES ('2V1-041', '2V1-041', 541, 6);
INSERT INTO workspacefeature VALUES ('2V1-041', 1);
INSERT INTO workspace VALUES ('2V1-042', '2V1-042', 542, 6);
INSERT INTO workspacefeature VALUES ('2V1-042', 1);
INSERT INTO workspacefeature VALUES ('2V1-042', 2);
INSERT INTO workspacefeature VALUES ('2V1-042', 3);
INSERT INTO workspace VALUES ('2V1-043', '2V1-043', 543, 6);
INSERT INTO workspacefeature VALUES ('2V1-043', 1);
INSERT INTO workspace VALUES ('2V1-044', '2V1-044', 544, 6);
INSERT INTO workspacefeature VALUES ('2V1-044', 1);
INSERT INTO workspacefeature VALUES ('2V1-044', 2);
INSERT INTO workspace VALUES ('2V1-045', '2V1-045', 545, 6);
INSERT INTO workspacefeature VALUES ('2V1-045', 1);
INSERT INTO workspacefeature VALUES ('2V1-045', 3);
INSERT INTO workspace VALUES ('2V1-046', '2V1-046', 546, 6);
INSERT INTO workspacefeature VALUES ('2V1-046', 1);
INSERT INTO workspacefeature VALUES ('2V1-046', 2);
INSERT INTO workspace VALUES ('2V1-047', '2V1-047', 547, 6);
INSERT INTO workspacefeature VALUES ('2V1-047', 1);
INSERT INTO workspace VALUES ('2V1-048', '2V1-048', 548, 6);
INSERT INTO workspacefeature VALUES ('2V1-048', 1);
INSERT INTO workspacefeature VALUES ('2V1-048', 2);
INSERT INTO workspacefeature VALUES ('2V1-048', 3);
INSERT INTO workspace VALUES ('2V1-049', '2V1-049', 549, 6);
INSERT INTO workspacefeature VALUES ('2V1-049', 1);
INSERT INTO workspace VALUES ('2V1-050', '2V1-050', 550, 6);
INSERT INTO workspace VALUES ('2V1-051', '2V1-051', 551, 6);
INSERT INTO workspacefeature VALUES ('2V1-051', 1);
INSERT INTO workspacefeature VALUES ('2V1-051', 3);
INSERT INTO workspace VALUES ('2V1-052', '2V1-052', 552, 6);
INSERT INTO workspacefeature VALUES ('2V1-052', 1);
INSERT INTO workspacefeature VALUES ('2V1-052', 2);
INSERT INTO workspace VALUES ('2V1-053', '2V1-053', 553, 6);
INSERT INTO workspacefeature VALUES ('2V1-053', 1);
INSERT INTO workspace VALUES ('2V1-054', '2V1-054', 554, 6);
INSERT INTO workspacefeature VALUES ('2V1-054', 1);
INSERT INTO workspacefeature VALUES ('2V1-054', 2);
INSERT INTO workspacefeature VALUES ('2V1-054', 3);
INSERT INTO workspace VALUES ('2V1-055', '2V1-055', 555, 6);
INSERT INTO workspacefeature VALUES ('2V1-055', 1);
INSERT INTO workspace VALUES ('2V1-056', '2V1-056', 556, 6);
INSERT INTO workspacefeature VALUES ('2V1-056', 1);
INSERT INTO workspacefeature VALUES ('2V1-056', 2);
INSERT INTO workspace VALUES ('2V1-057', '2V1-057', 557, 6);
INSERT INTO workspacefeature VALUES ('2V1-057', 1);
INSERT INTO workspacefeature VALUES ('2V1-057', 3);
INSERT INTO workspace VALUES ('2V1-058', '2V1-058', 558, 6);
INSERT INTO workspacefeature VALUES ('2V1-058', 1);
INSERT INTO workspacefeature VALUES ('2V1-058', 2);
INSERT INTO workspace VALUES ('2V1-059', '2V1-059', 559, 6);
INSERT INTO workspacefeature VALUES ('2V1-059', 1);
INSERT INTO workspace VALUES ('2V1-060', '2V1-060', 560, 6);
INSERT INTO workspace VALUES ('2V1-061', '2V1-061', 561, 6);
INSERT INTO workspacefeature VALUES ('2V1-061', 1);
INSERT INTO workspace VALUES ('2V1-062', '2V1-062', 562, 6);
INSERT INTO workspacefeature VALUES ('2V1-062', 1);
INSERT INTO workspacefeature VALUES ('2V1-062', 2);
INSERT INTO workspace VALUES ('2V1-063', '2V1-063', 563, 6);
INSERT INTO workspacefeature VALUES ('2V1-063', 1);
INSERT INTO workspacefeature VALUES ('2V1-063', 3);
INSERT INTO workspace VALUES ('2V1-064', '2V1-064', 564, 6);
INSERT INTO workspacefeature VALUES ('2V1-064', 1);
INSERT INTO workspacefeature VALUES ('2V1-064', 2);
INSERT INTO workspace VALUES ('2V1-065', '2V1-065', 565, 6);
INSERT INTO workspacefeature VALUES ('2V1-065', 1);
INSERT INTO workspace VALUES ('2V1-066', '2V1-066', 566, 6);
INSERT INTO workspacefeature VALUES ('2V1-066', 1);
INSERT INTO workspacefeature VALUES ('2V1-066', 2);
INSERT INTO workspacefeature VALUES ('2V1-066', 3);
INSERT INTO workspace VALUES ('2V1-067', '2V1-067', 567, 6);
INSERT INTO workspacefeature VALUES ('2V1-067', 1);
INSERT INTO workspace VALUES ('2V1-068', '2V1-068', 568, 6);
INSERT INTO workspacefeature VALUES ('2V1-068', 1);
INSERT INTO workspacefeature VALUES ('2V1-068', 2);
INSERT INTO workspace VALUES ('2V1-069', '2V1-069', 569, 6);
INSERT INTO workspacefeature VALUES ('2V1-069', 1);
INSERT INTO workspacefeature VALUES ('2V1-069', 3);
INSERT INTO workspace VALUES ('2V1-070', '2V1-070', 570, 6);
INSERT INTO workspace VALUES ('2V1-071', '2V1-071', 571, 6);
INSERT INTO workspacefeature VALUES ('2V1-071', 1);
INSERT INTO workspace VALUES ('2V1-072', '2V1-072', 572, 6);
INSERT INTO workspacefeature VALUES ('2V1-072', 1);
INSERT INTO workspacefeature VALUES ('2V1-072', 2);
INSERT INTO workspacefeature VALUES ('2V1-072', 3);
INSERT INTO workspace VALUES ('2V1-073', '2V1-073', 573, 6);
INSERT INTO workspacefeature VALUES ('2V1-073', 1);
INSERT INTO workspace VALUES ('2V1-074', '2V1-074', 574, 6);
INSERT INTO workspacefeature VALUES ('2V1-074', 1);
INSERT INTO workspacefeature VALUES ('2V1-074', 2);
INSERT INTO workspace VALUES ('2V1-075', '2V1-075', 575, 6);
INSERT INTO workspacefeature VALUES ('2V1-075', 1);
INSERT INTO workspacefeature VALUES ('2V1-075', 3);
INSERT INTO workspace VALUES ('2V1-076', '2V1-076', 576, 6);
INSERT INTO workspacefeature VALUES ('2V1-076', 1);
INSERT INTO workspacefeature VALUES ('2V1-076', 2);
INSERT INTO workspace VALUES ('2V1-077', '2V1-077', 577, 6);
INSERT INTO workspacefeature VALUES ('2V1-077', 1);
INSERT INTO workspace VALUES ('2V1-078', '2V1-078', 578, 6);
INSERT INTO workspacefeature VALUES ('2V1-078', 1);
INSERT INTO workspacefeature VALUES ('2V1-078', 2);
INSERT INTO workspacefeature VALUES ('2V1-078', 3);
INSERT INTO workspace VALUES ('2V1-079', '2V1-079', 579, 6);
INSERT INTO workspacefeature VALUES ('2V1-079', 1);
INSERT INTO workspace VALUES ('2V1-080', '2V1-080', 580, 6);
INSERT INTO workspace VALUES ('2V1-081', '2V1-081', 581, 6);
INSERT INTO workspacefeature VALUES ('2V1-081', 1);
INSERT INTO workspacefeature VALUES ('2V1-081', 3);
INSERT INTO workspace VALUES ('2V1-082', '2V1-082', 582, 6);
INSERT INTO workspacefeature VALUES ('2V1-082', 1);
INSERT INTO workspacefeature VALUES ('2V1-082', 2);
INSERT INTO workspace VALUES ('2V1-083', '2V1-083', 583, 6);
INSERT INTO workspacefeature VALUES ('2V1-083', 1);
INSERT INTO workspace VALUES ('2V1-084', '2V1-084', 584, 6);
INSERT INTO workspacefeature VALUES ('2V1-084', 1);
INSERT INTO workspacefeature VALUES ('2V1-084', 2);
INSERT INTO workspacefeature VALUES ('2V1-084', 3);
INSERT INTO workspace VALUES ('2V1-085', '2V1-085', 585, 6);
INSERT INTO workspacefeature VALUES ('2V1-085', 1);
INSERT INTO workspace VALUES ('2V1-086', '2V1-086', 586, 6);
INSERT INTO workspacefeature VALUES ('2V1-086', 1);
INSERT INTO workspacefeature VALUES ('2V1-086', 2);
INSERT INTO workspace VALUES ('2V1-087', '2V1-087', 587, 6);
INSERT INTO workspacefeature VALUES ('2V1-087', 1);
INSERT INTO workspacefeature VALUES ('2V1-087', 3);
INSERT INTO workspace VALUES ('2V1-088', '2V1-088', 588, 6);
INSERT INTO workspacefeature VALUES ('2V1-088', 1);
INSERT INTO workspacefeature VALUES ('2V1-088', 2);
INSERT INTO workspace VALUES ('2V1-089', '2V1-089', 589, 6);
INSERT INTO workspacefeature VALUES ('2V1-089', 1);
INSERT INTO workspace VALUES ('2V1-090', '2V1-090', 590, 6);
INSERT INTO workspace VALUES ('2V1-091', '2V1-091', 591, 6);
INSERT INTO workspacefeature VALUES ('2V1-091', 1);
INSERT INTO workspace VALUES ('2V1-092', '2V1-092', 592, 6);
INSERT INTO workspacefeature VALUES ('2V1-092', 1);
INSERT INTO workspacefeature VALUES ('2V1-092', 2);
INSERT INTO workspace VALUES ('2V1-093', '2V1-093', 593, 6);
INSERT INTO workspacefeature VALUES ('2V1-093', 1);
INSERT INTO workspacefeature VALUES ('2V1-093', 3);
INSERT INTO workspace VALUES ('2V1-094', '2V1-094', 594, 6);
INSERT INTO workspacefeature VALUES ('2V1-094', 1);
INSERT INTO workspacefeature VALUES ('2V1-094', 2);
INSERT INTO workspace VALUES ('2V1-095', '2V1-095', 595, 6);
INSERT INTO workspacefeature VALUES ('2V1-095', 1);
INSERT INTO workspace VALUES ('2V1-096', '2V1-096', 596, 6);
INSERT INTO workspacefeature VALUES ('2V1-096', 1);
INSERT INTO workspacefeature VALUES ('2V1-096', 2);
INSERT INTO workspacefeature VALUES ('2V1-096', 3);
INSERT INTO workspace VALUES ('2V1-097', '2V1-097', 597, 6);
INSERT INTO workspacefeature VALUES ('2V1-097', 1);
INSERT INTO workspace VALUES ('2V1-098', '2V1-098', 598, 6);
INSERT INTO workspacefeature VALUES ('2V1-098', 1);
INSERT INTO workspacefeature VALUES ('2V1-098', 2);
INSERT INTO workspace VALUES ('2V1-099', '2V1-099', 599, 6);
INSERT INTO workspacefeature VALUES ('2V1-099', 1);
INSERT INTO workspacefeature VALUES ('2V1-099', 3);
INSERT INTO workspace VALUES ('2V1-100', '2V1-100', 600, 6);
INSERT INTO floor VALUES (7, 2, 'Vancouver Building 2', 'Vancouver', '2', NULL);
INSERT INTO workspace VALUES ('2V2-001', '2V2-001', 601, 7);
INSERT INTO workspacefeature VALUES ('2V2-001', 1);
INSERT INTO workspace VALUES ('2V2-002', '2V2-002', 602, 7);
INSERT INTO workspacefeature VALUES ('2V2-002', 1);
INSERT INTO workspacefeature VALUES ('2V2-002', 2);
INSERT INTO workspace VALUES ('2V2-003', '2V2-003', 603, 7);
INSERT INTO workspacefeature VALUES ('2V2-003', 1);
INSERT INTO workspacefeature VALUES ('2V2-003', 3);
INSERT INTO workspace VALUES ('2V2-004', '2V2-004', 604, 7);
INSERT INTO workspacefeature VALUES ('2V2-004', 1);
INSERT INTO workspacefeature VALUES ('2V2-004', 2);
INSERT INTO workspace VALUES ('2V2-005', '2V2-005', 605, 7);
INSERT INTO workspacefeature VALUES ('2V2-005', 1);
INSERT INTO workspace VALUES ('2V2-006', '2V2-006', 606, 7);
INSERT INTO workspacefeature VALUES ('2V2-006', 1);
INSERT INTO workspacefeature VALUES ('2V2-006', 2);
INSERT INTO workspacefeature VALUES ('2V2-006', 3);
INSERT INTO workspace VALUES ('2V2-007', '2V2-007', 607, 7);
INSERT INTO workspacefeature VALUES ('2V2-007', 1);
INSERT INTO workspace VALUES ('2V2-008', '2V2-008', 608, 7);
INSERT INTO workspacefeature VALUES ('2V2-008', 1);
INSERT INTO workspacefeature VALUES ('2V2-008', 2);
INSERT INTO workspace VALUES ('2V2-009', '2V2-009', 609, 7);
INSERT INTO workspacefeature VALUES ('2V2-009', 1);
INSERT INTO workspacefeature VALUES ('2V2-009', 3);
INSERT INTO workspace VALUES ('2V2-010', '2V2-010', 610, 7);
INSERT INTO workspace VALUES ('2V2-011', '2V2-011', 611, 7);
INSERT INTO workspacefeature VALUES ('2V2-011', 1);
INSERT INTO workspace VALUES ('2V2-012', '2V2-012', 612, 7);
INSERT INTO workspacefeature VALUES ('2V2-012', 1);
INSERT INTO workspacefeature VALUES ('2V2-012', 2);
INSERT INTO workspacefeature VALUES ('2V2-012', 3);
INSERT INTO workspace VALUES ('2V2-013', '2V2-013', 613, 7);
INSERT INTO workspacefeature VALUES ('2V2-013', 1);
INSERT INTO workspace VALUES ('2V2-014', '2V2-014', 614, 7);
INSERT INTO workspacefeature VALUES ('2V2-014', 1);
INSERT INTO workspacefeature VALUES ('2V2-014', 2);
INSERT INTO workspace VALUES ('2V2-015', '2V2-015', 615, 7);
INSERT INTO workspacefeature VALUES ('2V2-015', 1);
INSERT INTO workspacefeature VALUES ('2V2-015', 3);
INSERT INTO workspace VALUES ('2V2-016', '2V2-016', 616, 7);
INSERT INTO workspacefeature VALUES ('2V2-016', 1);
INSERT INTO workspacefeature VALUES ('2V2-016', 2);
INSERT INTO workspace VALUES ('2V2-017', '2V2-017', 617, 7);
INSERT INTO workspacefeature VALUES ('2V2-017', 1);
INSERT INTO workspace VALUES ('2V2-018', '2V2-018', 618, 7);
INSERT INTO workspacefeature VALUES ('2V2-018', 1);
INSERT INTO workspacefeature VALUES ('2V2-018', 2);
INSERT INTO workspacefeature VALUES ('2V2-018', 3);
INSERT INTO workspace VALUES ('2V2-019', '2V2-019', 619, 7);
INSERT INTO workspacefeature VALUES ('2V2-019', 1);
INSERT INTO workspace VALUES ('2V2-020', '2V2-020', 620, 7);
INSERT INTO workspace VALUES ('2V2-021', '2V2-021', 621, 7);
INSERT INTO workspacefeature VALUES ('2V2-021', 1);
INSERT INTO workspacefeature VALUES ('2V2-021', 3);
INSERT INTO workspace VALUES ('2V2-022', '2V2-022', 622, 7);
INSERT INTO workspacefeature VALUES ('2V2-022', 1);
INSERT INTO workspacefeature VALUES ('2V2-022', 2);
INSERT INTO workspace VALUES ('2V2-023', '2V2-023', 623, 7);
INSERT INTO workspacefeature VALUES ('2V2-023', 1);
INSERT INTO workspace VALUES ('2V2-024', '2V2-024', 624, 7);
INSERT INTO workspacefeature VALUES ('2V2-024', 1);
INSERT INTO workspacefeature VALUES ('2V2-024', 2);
INSERT INTO workspacefeature VALUES ('2V2-024', 3);
INSERT INTO workspace VALUES ('2V2-025', '2V2-025', 625, 7);
INSERT INTO workspacefeature VALUES ('2V2-025', 1);
INSERT INTO workspace VALUES ('2V2-026', '2V2-026', 626, 7);
INSERT INTO workspacefeature VALUES ('2V2-026', 1);
INSERT INTO workspacefeature VALUES ('2V2-026', 2);
INSERT INTO workspace VALUES ('2V2-027', '2V2-027', 627, 7);
INSERT INTO workspacefeature VALUES ('2V2-027', 1);
INSERT INTO workspacefeature VALUES ('2V2-027', 3);
INSERT INTO workspace VALUES ('2V2-028', '2V2-028', 628, 7);
INSERT INTO workspacefeature VALUES ('2V2-028', 1);
INSERT INTO workspacefeature VALUES ('2V2-028', 2);
INSERT INTO workspace VALUES ('2V2-029', '2V2-029', 629, 7);
INSERT INTO workspacefeature VALUES ('2V2-029', 1);
INSERT INTO workspace VALUES ('2V2-030', '2V2-030', 630, 7);
INSERT INTO workspace VALUES ('2V2-031', '2V2-031', 631, 7);
INSERT INTO workspacefeature VALUES ('2V2-031', 1);
INSERT INTO workspace VALUES ('2V2-032', '2V2-032', 632, 7);
INSERT INTO workspacefeature VALUES ('2V2-032', 1);
INSERT INTO workspacefeature VALUES ('2V2-032', 2);
INSERT INTO workspace VALUES ('2V2-033', '2V2-033', 633, 7);
INSERT INTO workspacefeature VALUES ('2V2-033', 1);
INSERT INTO workspacefeature VALUES ('2V2-033', 3);
INSERT INTO workspace VALUES ('2V2-034', '2V2-034', 634, 7);
INSERT INTO workspacefeature VALUES ('2V2-034', 1);
INSERT INTO workspacefeature VALUES ('2V2-034', 2);
INSERT INTO workspace VALUES ('2V2-035', '2V2-035', 635, 7);
INSERT INTO workspacefeature VALUES ('2V2-035', 1);
INSERT INTO workspace VALUES ('2V2-036', '2V2-036', 636, 7);
INSERT INTO workspacefeature VALUES ('2V2-036', 1);
INSERT INTO workspacefeature VALUES ('2V2-036', 2);
INSERT INTO workspacefeature VALUES ('2V2-036', 3);
INSERT INTO workspace VALUES ('2V2-037', '2V2-037', 637, 7);
INSERT INTO workspacefeature VALUES ('2V2-037', 1);
INSERT INTO workspace VALUES ('2V2-038', '2V2-038', 638, 7);
INSERT INTO workspacefeature VALUES ('2V2-038', 1);
INSERT INTO workspacefeature VALUES ('2V2-038', 2);
INSERT INTO workspace VALUES ('2V2-039', '2V2-039', 639, 7);
INSERT INTO workspacefeature VALUES ('2V2-039', 1);
INSERT INTO workspacefeature VALUES ('2V2-039', 3);
INSERT INTO workspace VALUES ('2V2-040', '2V2-040', 640, 7);
INSERT INTO workspace VALUES ('2V2-041', '2V2-041', 641, 7);
INSERT INTO workspacefeature VALUES ('2V2-041', 1);
INSERT INTO workspace VALUES ('2V2-042', '2V2-042', 642, 7);
INSERT INTO workspacefeature VALUES ('2V2-042', 1);
INSERT INTO workspacefeature VALUES ('2V2-042', 2);
INSERT INTO workspacefeature VALUES ('2V2-042', 3);
INSERT INTO workspace VALUES ('2V2-043', '2V2-043', 643, 7);
INSERT INTO workspacefeature VALUES ('2V2-043', 1);
INSERT INTO workspace VALUES ('2V2-044', '2V2-044', 644, 7);
INSERT INTO workspacefeature VALUES ('2V2-044', 1);
INSERT INTO workspacefeature VALUES ('2V2-044', 2);
INSERT INTO workspace VALUES ('2V2-045', '2V2-045', 645, 7);
INSERT INTO workspacefeature VALUES ('2V2-045', 1);
INSERT INTO workspacefeature VALUES ('2V2-045', 3);
INSERT INTO workspace VALUES ('2V2-046', '2V2-046', 646, 7);
INSERT INTO workspacefeature VALUES ('2V2-046', 1);
INSERT INTO workspacefeature VALUES ('2V2-046', 2);
INSERT INTO workspace VALUES ('2V2-047', '2V2-047', 647, 7);
INSERT INTO workspacefeature VALUES ('2V2-047', 1);
INSERT INTO workspace VALUES ('2V2-048', '2V2-048', 648, 7);
INSERT INTO workspacefeature VALUES ('2V2-048', 1);
INSERT INTO workspacefeature VALUES ('2V2-048', 2);
INSERT INTO workspacefeature VALUES ('2V2-048', 3);
INSERT INTO workspace VALUES ('2V2-049', '2V2-049', 649, 7);
INSERT INTO workspacefeature VALUES ('2V2-049', 1);
INSERT INTO workspace VALUES ('2V2-050', '2V2-050', 650, 7);
INSERT INTO workspace VALUES ('2V2-051', '2V2-051', 651, 7);
INSERT INTO workspacefeature VALUES ('2V2-051', 1);
INSERT INTO workspacefeature VALUES ('2V2-051', 3);
INSERT INTO workspace VALUES ('2V2-052', '2V2-052', 652, 7);
INSERT INTO workspacefeature VALUES ('2V2-052', 1);
INSERT INTO workspacefeature VALUES ('2V2-052', 2);
INSERT INTO workspace VALUES ('2V2-053', '2V2-053', 653, 7);
INSERT INTO workspacefeature VALUES ('2V2-053', 1);
INSERT INTO workspace VALUES ('2V2-054', '2V2-054', 654, 7);
INSERT INTO workspacefeature VALUES ('2V2-054', 1);
INSERT INTO workspacefeature VALUES ('2V2-054', 2);
INSERT INTO workspacefeature VALUES ('2V2-054', 3);
INSERT INTO workspace VALUES ('2V2-055', '2V2-055', 655, 7);
INSERT INTO workspacefeature VALUES ('2V2-055', 1);
INSERT INTO workspace VALUES ('2V2-056', '2V2-056', 656, 7);
INSERT INTO workspacefeature VALUES ('2V2-056', 1);
INSERT INTO workspacefeature VALUES ('2V2-056', 2);
INSERT INTO workspace VALUES ('2V2-057', '2V2-057', 657, 7);
INSERT INTO workspacefeature VALUES ('2V2-057', 1);
INSERT INTO workspacefeature VALUES ('2V2-057', 3);
INSERT INTO workspace VALUES ('2V2-058', '2V2-058', 658, 7);
INSERT INTO workspacefeature VALUES ('2V2-058', 1);
INSERT INTO workspacefeature VALUES ('2V2-058', 2);
INSERT INTO workspace VALUES ('2V2-059', '2V2-059', 659, 7);
INSERT INTO workspacefeature VALUES ('2V2-059', 1);
INSERT INTO workspace VALUES ('2V2-060', '2V2-060', 660, 7);
INSERT INTO workspace VALUES ('2V2-061', '2V2-061', 661, 7);
INSERT INTO workspacefeature VALUES ('2V2-061', 1);
INSERT INTO workspace VALUES ('2V2-062', '2V2-062', 662, 7);
INSERT INTO workspacefeature VALUES ('2V2-062', 1);
INSERT INTO workspacefeature VALUES ('2V2-062', 2);
INSERT INTO workspace VALUES ('2V2-063', '2V2-063', 663, 7);
INSERT INTO workspacefeature VALUES ('2V2-063', 1);
INSERT INTO workspacefeature VALUES ('2V2-063', 3);
INSERT INTO workspace VALUES ('2V2-064', '2V2-064', 664, 7);
INSERT INTO workspacefeature VALUES ('2V2-064', 1);
INSERT INTO workspacefeature VALUES ('2V2-064', 2);
INSERT INTO workspace VALUES ('2V2-065', '2V2-065', 665, 7);
INSERT INTO workspacefeature VALUES ('2V2-065', 1);
INSERT INTO workspace VALUES ('2V2-066', '2V2-066', 666, 7);
INSERT INTO workspacefeature VALUES ('2V2-066', 1);
INSERT INTO workspacefeature VALUES ('2V2-066', 2);
INSERT INTO workspacefeature VALUES ('2V2-066', 3);
INSERT INTO workspace VALUES ('2V2-067', '2V2-067', 667, 7);
INSERT INTO workspacefeature VALUES ('2V2-067', 1);
INSERT INTO workspace VALUES ('2V2-068', '2V2-068', 668, 7);
INSERT INTO workspacefeature VALUES ('2V2-068', 1);
INSERT INTO workspacefeature VALUES ('2V2-068', 2);
INSERT INTO workspace VALUES ('2V2-069', '2V2-069', 669, 7);
INSERT INTO workspacefeature VALUES ('2V2-069', 1);
INSERT INTO workspacefeature VALUES ('2V2-069', 3);
INSERT INTO workspace VALUES ('2V2-070', '2V2-070', 670, 7);
INSERT INTO workspace VALUES ('2V2-071', '2V2-071', 671, 7);
INSERT INTO workspacefeature VALUES ('2V2-071', 1);
INSERT INTO workspace VALUES ('2V2-072', '2V2-072', 672, 7);
INSERT INTO workspacefeature VALUES ('2V2-072', 1);
INSERT INTO workspacefeature VALUES ('2V2-072', 2);
INSERT INTO workspacefeature VALUES ('2V2-072', 3);
INSERT INTO workspace VALUES ('2V2-073', '2V2-073', 673, 7);
INSERT INTO workspacefeature VALUES ('2V2-073', 1);
INSERT INTO workspace VALUES ('2V2-074', '2V2-074', 674, 7);
INSERT INTO workspacefeature VALUES ('2V2-074', 1);
INSERT INTO workspacefeature VALUES ('2V2-074', 2);
INSERT INTO workspace VALUES ('2V2-075', '2V2-075', 675, 7);
INSERT INTO workspacefeature VALUES ('2V2-075', 1);
INSERT INTO workspacefeature VALUES ('2V2-075', 3);
INSERT INTO workspace VALUES ('2V2-076', '2V2-076', 676, 7);
INSERT INTO workspacefeature VALUES ('2V2-076', 1);
INSERT INTO workspacefeature VALUES ('2V2-076', 2);
INSERT INTO workspace VALUES ('2V2-077', '2V2-077', 677, 7);
INSERT INTO workspacefeature VALUES ('2V2-077', 1);
INSERT INTO workspace VALUES ('2V2-078', '2V2-078', 678, 7);
INSERT INTO workspacefeature VALUES ('2V2-078', 1);
INSERT INTO workspacefeature VALUES ('2V2-078', 2);
INSERT INTO workspacefeature VALUES ('2V2-078', 3);
INSERT INTO workspace VALUES ('2V2-079', '2V2-079', 679, 7);
INSERT INTO workspacefeature VALUES ('2V2-079', 1);
INSERT INTO workspace VALUES ('2V2-080', '2V2-080', 680, 7);
INSERT INTO workspace VALUES ('2V2-081', '2V2-081', 681, 7);
INSERT INTO workspacefeature VALUES ('2V2-081', 1);
INSERT INTO workspacefeature VALUES ('2V2-081', 3);
INSERT INTO workspace VALUES ('2V2-082', '2V2-082', 682, 7);
INSERT INTO workspacefeature VALUES ('2V2-082', 1);
INSERT INTO workspacefeature VALUES ('2V2-082', 2);
INSERT INTO workspace VALUES ('2V2-083', '2V2-083', 683, 7);
INSERT INTO workspacefeature VALUES ('2V2-083', 1);
INSERT INTO workspace VALUES ('2V2-084', '2V2-084', 684, 7);
INSERT INTO workspacefeature VALUES ('2V2-084', 1);
INSERT INTO workspacefeature VALUES ('2V2-084', 2);
INSERT INTO workspacefeature VALUES ('2V2-084', 3);
INSERT INTO workspace VALUES ('2V2-085', '2V2-085', 685, 7);
INSERT INTO workspacefeature VALUES ('2V2-085', 1);
INSERT INTO workspace VALUES ('2V2-086', '2V2-086', 686, 7);
INSERT INTO workspacefeature VALUES ('2V2-086', 1);
INSERT INTO workspacefeature VALUES ('2V2-086', 2);
INSERT INTO workspace VALUES ('2V2-087', '2V2-087', 687, 7);
INSERT INTO workspacefeature VALUES ('2V2-087', 1);
INSERT INTO workspacefeature VALUES ('2V2-087', 3);
INSERT INTO workspace VALUES ('2V2-088', '2V2-088', 688, 7);
INSERT INTO workspacefeature VALUES ('2V2-088', 1);
INSERT INTO workspacefeature VALUES ('2V2-088', 2);
INSERT INTO workspace VALUES ('2V2-089', '2V2-089', 689, 7);
INSERT INTO workspacefeature VALUES ('2V2-089', 1);
INSERT INTO workspace VALUES ('2V2-090', '2V2-090', 690, 7);
INSERT INTO workspace VALUES ('2V2-091', '2V2-091', 691, 7);
INSERT INTO workspacefeature VALUES ('2V2-091', 1);
INSERT INTO workspace VALUES ('2V2-092', '2V2-092', 692, 7);
INSERT INTO workspacefeature VALUES ('2V2-092', 1);
INSERT INTO workspacefeature VALUES ('2V2-092', 2);
INSERT INTO workspace VALUES ('2V2-093', '2V2-093', 693, 7);
INSERT INTO workspacefeature VALUES ('2V2-093', 1);
INSERT INTO workspacefeature VALUES ('2V2-093', 3);
INSERT INTO workspace VALUES ('2V2-094', '2V2-094', 694, 7);
INSERT INTO workspacefeature VALUES ('2V2-094', 1);
INSERT INTO workspacefeature VALUES ('2V2-094', 2);
INSERT INTO workspace VALUES ('2V2-095', '2V2-095', 695, 7);
INSERT INTO workspacefeature VALUES ('2V2-095', 1);
INSERT INTO workspace VALUES ('2V2-096', '2V2-096', 696, 7);
INSERT INTO workspacefeature VALUES ('2V2-096', 1);
INSERT INTO workspacefeature VALUES ('2V2-096', 2);
INSERT INTO workspacefeature VALUES ('2V2-096', 3);
INSERT INTO workspace VALUES ('2V2-097', '2V2-097', 697, 7);
INSERT INTO workspacefeature VALUES ('2V2-097', 1);
INSERT INTO workspace VALUES ('2V2-098', '2V2-098', 698, 7);
INSERT INTO workspacefeature VALUES ('2V2-098', 1);
INSERT INTO workspacefeature VALUES ('2V2-098', 2);
INSERT INTO workspace VALUES ('2V2-099', '2V2-099', 699, 7);
INSERT INTO workspacefeature VALUES ('2V2-099', 1);
INSERT INTO workspacefeature VALUES ('2V2-099', 3);
INSERT INTO workspace VALUES ('2V2-100', '2V2-100', 700, 7);
INSERT INTO floor VALUES (8, 3, 'Vancouver Building 2', 'Vancouver', '2', NULL);
INSERT INTO workspace VALUES ('2V3-001', '2V3-001', 701, 8);
INSERT INTO workspacefeature VALUES ('2V3-001', 1);
INSERT INTO workspace VALUES ('2V3-002', '2V3-002', 702, 8);
INSERT INTO workspacefeature VALUES ('2V3-002', 1);
INSERT INTO workspacefeature VALUES ('2V3-002', 2);
INSERT INTO workspace VALUES ('2V3-003', '2V3-003', 703, 8);
INSERT INTO workspacefeature VALUES ('2V3-003', 1);
INSERT INTO workspacefeature VALUES ('2V3-003', 3);
INSERT INTO workspace VALUES ('2V3-004', '2V3-004', 704, 8);
INSERT INTO workspacefeature VALUES ('2V3-004', 1);
INSERT INTO workspacefeature VALUES ('2V3-004', 2);
INSERT INTO workspace VALUES ('2V3-005', '2V3-005', 705, 8);
INSERT INTO workspacefeature VALUES ('2V3-005', 1);
INSERT INTO workspace VALUES ('2V3-006', '2V3-006', 706, 8);
INSERT INTO workspacefeature VALUES ('2V3-006', 1);
INSERT INTO workspacefeature VALUES ('2V3-006', 2);
INSERT INTO workspacefeature VALUES ('2V3-006', 3);
INSERT INTO workspace VALUES ('2V3-007', '2V3-007', 707, 8);
INSERT INTO workspacefeature VALUES ('2V3-007', 1);
INSERT INTO workspace VALUES ('2V3-008', '2V3-008', 708, 8);
INSERT INTO workspacefeature VALUES ('2V3-008', 1);
INSERT INTO workspacefeature VALUES ('2V3-008', 2);
INSERT INTO workspace VALUES ('2V3-009', '2V3-009', 709, 8);
INSERT INTO workspacefeature VALUES ('2V3-009', 1);
INSERT INTO workspacefeature VALUES ('2V3-009', 3);
INSERT INTO workspace VALUES ('2V3-010', '2V3-010', 710, 8);
INSERT INTO workspace VALUES ('2V3-011', '2V3-011', 711, 8);
INSERT INTO workspacefeature VALUES ('2V3-011', 1);
INSERT INTO workspace VALUES ('2V3-012', '2V3-012', 712, 8);
INSERT INTO workspacefeature VALUES ('2V3-012', 1);
INSERT INTO workspacefeature VALUES ('2V3-012', 2);
INSERT INTO workspacefeature VALUES ('2V3-012', 3);
INSERT INTO workspace VALUES ('2V3-013', '2V3-013', 713, 8);
INSERT INTO workspacefeature VALUES ('2V3-013', 1);
INSERT INTO workspace VALUES ('2V3-014', '2V3-014', 714, 8);
INSERT INTO workspacefeature VALUES ('2V3-014', 1);
INSERT INTO workspacefeature VALUES ('2V3-014', 2);
INSERT INTO workspace VALUES ('2V3-015', '2V3-015', 715, 8);
INSERT INTO workspacefeature VALUES ('2V3-015', 1);
INSERT INTO workspacefeature VALUES ('2V3-015', 3);
INSERT INTO workspace VALUES ('2V3-016', '2V3-016', 716, 8);
INSERT INTO workspacefeature VALUES ('2V3-016', 1);
INSERT INTO workspacefeature VALUES ('2V3-016', 2);
INSERT INTO workspace VALUES ('2V3-017', '2V3-017', 717, 8);
INSERT INTO workspacefeature VALUES ('2V3-017', 1);
INSERT INTO workspace VALUES ('2V3-018', '2V3-018', 718, 8);
INSERT INTO workspacefeature VALUES ('2V3-018', 1);
INSERT INTO workspacefeature VALUES ('2V3-018', 2);
INSERT INTO workspacefeature VALUES ('2V3-018', 3);
INSERT INTO workspace VALUES ('2V3-019', '2V3-019', 719, 8);
INSERT INTO workspacefeature VALUES ('2V3-019', 1);
INSERT INTO workspace VALUES ('2V3-020', '2V3-020', 720, 8);
INSERT INTO workspace VALUES ('2V3-021', '2V3-021', 721, 8);
INSERT INTO workspacefeature VALUES ('2V3-021', 1);
INSERT INTO workspacefeature VALUES ('2V3-021', 3);
INSERT INTO workspace VALUES ('2V3-022', '2V3-022', 722, 8);
INSERT INTO workspacefeature VALUES ('2V3-022', 1);
INSERT INTO workspacefeature VALUES ('2V3-022', 2);
INSERT INTO workspace VALUES ('2V3-023', '2V3-023', 723, 8);
INSERT INTO workspacefeature VALUES ('2V3-023', 1);
INSERT INTO workspace VALUES ('2V3-024', '2V3-024', 724, 8);
INSERT INTO workspacefeature VALUES ('2V3-024', 1);
INSERT INTO workspacefeature VALUES ('2V3-024', 2);
INSERT INTO workspacefeature VALUES ('2V3-024', 3);
INSERT INTO workspace VALUES ('2V3-025', '2V3-025', 725, 8);
INSERT INTO workspacefeature VALUES ('2V3-025', 1);
INSERT INTO workspace VALUES ('2V3-026', '2V3-026', 726, 8);
INSERT INTO workspacefeature VALUES ('2V3-026', 1);
INSERT INTO workspacefeature VALUES ('2V3-026', 2);
INSERT INTO workspace VALUES ('2V3-027', '2V3-027', 727, 8);
INSERT INTO workspacefeature VALUES ('2V3-027', 1);
INSERT INTO workspacefeature VALUES ('2V3-027', 3);
INSERT INTO workspace VALUES ('2V3-028', '2V3-028', 728, 8);
INSERT INTO workspacefeature VALUES ('2V3-028', 1);
INSERT INTO workspacefeature VALUES ('2V3-028', 2);
INSERT INTO workspace VALUES ('2V3-029', '2V3-029', 729, 8);
INSERT INTO workspacefeature VALUES ('2V3-029', 1);
INSERT INTO workspace VALUES ('2V3-030', '2V3-030', 730, 8);
INSERT INTO workspace VALUES ('2V3-031', '2V3-031', 731, 8);
INSERT INTO workspacefeature VALUES ('2V3-031', 1);
INSERT INTO workspace VALUES ('2V3-032', '2V3-032', 732, 8);
INSERT INTO workspacefeature VALUES ('2V3-032', 1);
INSERT INTO workspacefeature VALUES ('2V3-032', 2);
INSERT INTO workspace VALUES ('2V3-033', '2V3-033', 733, 8);
INSERT INTO workspacefeature VALUES ('2V3-033', 1);
INSERT INTO workspacefeature VALUES ('2V3-033', 3);
INSERT INTO workspace VALUES ('2V3-034', '2V3-034', 734, 8);
INSERT INTO workspacefeature VALUES ('2V3-034', 1);
INSERT INTO workspacefeature VALUES ('2V3-034', 2);
INSERT INTO workspace VALUES ('2V3-035', '2V3-035', 735, 8);
INSERT INTO workspacefeature VALUES ('2V3-035', 1);
INSERT INTO workspace VALUES ('2V3-036', '2V3-036', 736, 8);
INSERT INTO workspacefeature VALUES ('2V3-036', 1);
INSERT INTO workspacefeature VALUES ('2V3-036', 2);
INSERT INTO workspacefeature VALUES ('2V3-036', 3);
INSERT INTO workspace VALUES ('2V3-037', '2V3-037', 737, 8);
INSERT INTO workspacefeature VALUES ('2V3-037', 1);
INSERT INTO workspace VALUES ('2V3-038', '2V3-038', 738, 8);
INSERT INTO workspacefeature VALUES ('2V3-038', 1);
INSERT INTO workspacefeature VALUES ('2V3-038', 2);
INSERT INTO workspace VALUES ('2V3-039', '2V3-039', 739, 8);
INSERT INTO workspacefeature VALUES ('2V3-039', 1);
INSERT INTO workspacefeature VALUES ('2V3-039', 3);
INSERT INTO workspace VALUES ('2V3-040', '2V3-040', 740, 8);
INSERT INTO workspace VALUES ('2V3-041', '2V3-041', 741, 8);
INSERT INTO workspacefeature VALUES ('2V3-041', 1);
INSERT INTO workspace VALUES ('2V3-042', '2V3-042', 742, 8);
INSERT INTO workspacefeature VALUES ('2V3-042', 1);
INSERT INTO workspacefeature VALUES ('2V3-042', 2);
INSERT INTO workspacefeature VALUES ('2V3-042', 3);
INSERT INTO workspace VALUES ('2V3-043', '2V3-043', 743, 8);
INSERT INTO workspacefeature VALUES ('2V3-043', 1);
INSERT INTO workspace VALUES ('2V3-044', '2V3-044', 744, 8);
INSERT INTO workspacefeature VALUES ('2V3-044', 1);
INSERT INTO workspacefeature VALUES ('2V3-044', 2);
INSERT INTO workspace VALUES ('2V3-045', '2V3-045', 745, 8);
INSERT INTO workspacefeature VALUES ('2V3-045', 1);
INSERT INTO workspacefeature VALUES ('2V3-045', 3);
INSERT INTO workspace VALUES ('2V3-046', '2V3-046', 746, 8);
INSERT INTO workspacefeature VALUES ('2V3-046', 1);
INSERT INTO workspacefeature VALUES ('2V3-046', 2);
INSERT INTO workspace VALUES ('2V3-047', '2V3-047', 747, 8);
INSERT INTO workspacefeature VALUES ('2V3-047', 1);
INSERT INTO workspace VALUES ('2V3-048', '2V3-048', 748, 8);
INSERT INTO workspacefeature VALUES ('2V3-048', 1);
INSERT INTO workspacefeature VALUES ('2V3-048', 2);
INSERT INTO workspacefeature VALUES ('2V3-048', 3);
INSERT INTO workspace VALUES ('2V3-049', '2V3-049', 749, 8);
INSERT INTO workspacefeature VALUES ('2V3-049', 1);
INSERT INTO workspace VALUES ('2V3-050', '2V3-050', 750, 8);
INSERT INTO workspace VALUES ('2V3-051', '2V3-051', 751, 8);
INSERT INTO workspacefeature VALUES ('2V3-051', 1);
INSERT INTO workspacefeature VALUES ('2V3-051', 3);
INSERT INTO workspace VALUES ('2V3-052', '2V3-052', 752, 8);
INSERT INTO workspacefeature VALUES ('2V3-052', 1);
INSERT INTO workspacefeature VALUES ('2V3-052', 2);
INSERT INTO workspace VALUES ('2V3-053', '2V3-053', 753, 8);
INSERT INTO workspacefeature VALUES ('2V3-053', 1);
INSERT INTO workspace VALUES ('2V3-054', '2V3-054', 754, 8);
INSERT INTO workspacefeature VALUES ('2V3-054', 1);
INSERT INTO workspacefeature VALUES ('2V3-054', 2);
INSERT INTO workspacefeature VALUES ('2V3-054', 3);
INSERT INTO workspace VALUES ('2V3-055', '2V3-055', 755, 8);
INSERT INTO workspacefeature VALUES ('2V3-055', 1);
INSERT INTO workspace VALUES ('2V3-056', '2V3-056', 756, 8);
INSERT INTO workspacefeature VALUES ('2V3-056', 1);
INSERT INTO workspacefeature VALUES ('2V3-056', 2);
INSERT INTO workspace VALUES ('2V3-057', '2V3-057', 757, 8);
INSERT INTO workspacefeature VALUES ('2V3-057', 1);
INSERT INTO workspacefeature VALUES ('2V3-057', 3);
INSERT INTO workspace VALUES ('2V3-058', '2V3-058', 758, 8);
INSERT INTO workspacefeature VALUES ('2V3-058', 1);
INSERT INTO workspacefeature VALUES ('2V3-058', 2);
INSERT INTO workspace VALUES ('2V3-059', '2V3-059', 759, 8);
INSERT INTO workspacefeature VALUES ('2V3-059', 1);
INSERT INTO workspace VALUES ('2V3-060', '2V3-060', 760, 8);
INSERT INTO workspace VALUES ('2V3-061', '2V3-061', 761, 8);
INSERT INTO workspacefeature VALUES ('2V3-061', 1);
INSERT INTO workspace VALUES ('2V3-062', '2V3-062', 762, 8);
INSERT INTO workspacefeature VALUES ('2V3-062', 1);
INSERT INTO workspacefeature VALUES ('2V3-062', 2);
INSERT INTO workspace VALUES ('2V3-063', '2V3-063', 763, 8);
INSERT INTO workspacefeature VALUES ('2V3-063', 1);
INSERT INTO workspacefeature VALUES ('2V3-063', 3);
INSERT INTO workspace VALUES ('2V3-064', '2V3-064', 764, 8);
INSERT INTO workspacefeature VALUES ('2V3-064', 1);
INSERT INTO workspacefeature VALUES ('2V3-064', 2);
INSERT INTO workspace VALUES ('2V3-065', '2V3-065', 765, 8);
INSERT INTO workspacefeature VALUES ('2V3-065', 1);
INSERT INTO workspace VALUES ('2V3-066', '2V3-066', 766, 8);
INSERT INTO workspacefeature VALUES ('2V3-066', 1);
INSERT INTO workspacefeature VALUES ('2V3-066', 2);
INSERT INTO workspacefeature VALUES ('2V3-066', 3);
INSERT INTO workspace VALUES ('2V3-067', '2V3-067', 767, 8);
INSERT INTO workspacefeature VALUES ('2V3-067', 1);
INSERT INTO workspace VALUES ('2V3-068', '2V3-068', 768, 8);
INSERT INTO workspacefeature VALUES ('2V3-068', 1);
INSERT INTO workspacefeature VALUES ('2V3-068', 2);
INSERT INTO workspace VALUES ('2V3-069', '2V3-069', 769, 8);
INSERT INTO workspacefeature VALUES ('2V3-069', 1);
INSERT INTO workspacefeature VALUES ('2V3-069', 3);
INSERT INTO workspace VALUES ('2V3-070', '2V3-070', 770, 8);
INSERT INTO workspace VALUES ('2V3-071', '2V3-071', 771, 8);
INSERT INTO workspacefeature VALUES ('2V3-071', 1);
INSERT INTO workspace VALUES ('2V3-072', '2V3-072', 772, 8);
INSERT INTO workspacefeature VALUES ('2V3-072', 1);
INSERT INTO workspacefeature VALUES ('2V3-072', 2);
INSERT INTO workspacefeature VALUES ('2V3-072', 3);
INSERT INTO workspace VALUES ('2V3-073', '2V3-073', 773, 8);
INSERT INTO workspacefeature VALUES ('2V3-073', 1);
INSERT INTO workspace VALUES ('2V3-074', '2V3-074', 774, 8);
INSERT INTO workspacefeature VALUES ('2V3-074', 1);
INSERT INTO workspacefeature VALUES ('2V3-074', 2);
INSERT INTO workspace VALUES ('2V3-075', '2V3-075', 775, 8);
INSERT INTO workspacefeature VALUES ('2V3-075', 1);
INSERT INTO workspacefeature VALUES ('2V3-075', 3);
INSERT INTO workspace VALUES ('2V3-076', '2V3-076', 776, 8);
INSERT INTO workspacefeature VALUES ('2V3-076', 1);
INSERT INTO workspacefeature VALUES ('2V3-076', 2);
INSERT INTO workspace VALUES ('2V3-077', '2V3-077', 777, 8);
INSERT INTO workspacefeature VALUES ('2V3-077', 1);
INSERT INTO workspace VALUES ('2V3-078', '2V3-078', 778, 8);
INSERT INTO workspacefeature VALUES ('2V3-078', 1);
INSERT INTO workspacefeature VALUES ('2V3-078', 2);
INSERT INTO workspacefeature VALUES ('2V3-078', 3);
INSERT INTO workspace VALUES ('2V3-079', '2V3-079', 779, 8);
INSERT INTO workspacefeature VALUES ('2V3-079', 1);
INSERT INTO workspace VALUES ('2V3-080', '2V3-080', 780, 8);
INSERT INTO workspace VALUES ('2V3-081', '2V3-081', 781, 8);
INSERT INTO workspacefeature VALUES ('2V3-081', 1);
INSERT INTO workspacefeature VALUES ('2V3-081', 3);
INSERT INTO workspace VALUES ('2V3-082', '2V3-082', 782, 8);
INSERT INTO workspacefeature VALUES ('2V3-082', 1);
INSERT INTO workspacefeature VALUES ('2V3-082', 2);
INSERT INTO workspace VALUES ('2V3-083', '2V3-083', 783, 8);
INSERT INTO workspacefeature VALUES ('2V3-083', 1);
INSERT INTO workspace VALUES ('2V3-084', '2V3-084', 784, 8);
INSERT INTO workspacefeature VALUES ('2V3-084', 1);
INSERT INTO workspacefeature VALUES ('2V3-084', 2);
INSERT INTO workspacefeature VALUES ('2V3-084', 3);
INSERT INTO workspace VALUES ('2V3-085', '2V3-085', 785, 8);
INSERT INTO workspacefeature VALUES ('2V3-085', 1);
INSERT INTO workspace VALUES ('2V3-086', '2V3-086', 786, 8);
INSERT INTO workspacefeature VALUES ('2V3-086', 1);
INSERT INTO workspacefeature VALUES ('2V3-086', 2);
INSERT INTO workspace VALUES ('2V3-087', '2V3-087', 787, 8);
INSERT INTO workspacefeature VALUES ('2V3-087', 1);
INSERT INTO workspacefeature VALUES ('2V3-087', 3);
INSERT INTO workspace VALUES ('2V3-088', '2V3-088', 788, 8);
INSERT INTO workspacefeature VALUES ('2V3-088', 1);
INSERT INTO workspacefeature VALUES ('2V3-088', 2);
INSERT INTO workspace VALUES ('2V3-089', '2V3-089', 789, 8);
INSERT INTO workspacefeature VALUES ('2V3-089', 1);
INSERT INTO workspace VALUES ('2V3-090', '2V3-090', 790, 8);
INSERT INTO workspace VALUES ('2V3-091', '2V3-091', 791, 8);
INSERT INTO workspacefeature VALUES ('2V3-091', 1);
INSERT INTO workspace VALUES ('2V3-092', '2V3-092', 792, 8);
INSERT INTO workspacefeature VALUES ('2V3-092', 1);
INSERT INTO workspacefeature VALUES ('2V3-092', 2);
INSERT INTO workspace VALUES ('2V3-093', '2V3-093', 793, 8);
INSERT INTO workspacefeature VALUES ('2V3-093', 1);
INSERT INTO workspacefeature VALUES ('2V3-093', 3);
INSERT INTO workspace VALUES ('2V3-094', '2V3-094', 794, 8);
INSERT INTO workspacefeature VALUES ('2V3-094', 1);
INSERT INTO workspacefeature VALUES ('2V3-094', 2);
INSERT INTO workspace VALUES ('2V3-095', '2V3-095', 795, 8);
INSERT INTO workspacefeature VALUES ('2V3-095', 1);
INSERT INTO workspace VALUES ('2V3-096', '2V3-096', 796, 8);
INSERT INTO workspacefeature VALUES ('2V3-096', 1);
INSERT INTO workspacefeature VALUES ('2V3-096', 2);
INSERT INTO workspacefeature VALUES ('2V3-096', 3);
INSERT INTO workspace VALUES ('2V3-097', '2V3-097', 797, 8);
INSERT INTO workspacefeature VALUES ('2V3-097', 1);
INSERT INTO workspace VALUES ('2V3-098', '2V3-098', 798, 8);
INSERT INTO workspacefeature VALUES ('2V3-098', 1);
INSERT INTO workspacefeature VALUES ('2V3-098', 2);
INSERT INTO workspace VALUES ('2V3-099', '2V3-099', 799, 8);
INSERT INTO workspacefeature VALUES ('2V3-099', 1);
INSERT INTO workspacefeature VALUES ('2V3-099', 3);
INSERT INTO workspace VALUES ('2V3-100', '2V3-100', 800, 8);
INSERT INTO floor VALUES (9, 4, 'Vancouver Building 2', 'Vancouver', '2', NULL);
INSERT INTO workspace VALUES ('2V4-001', '2V4-001', 801, 9);
INSERT INTO workspacefeature VALUES ('2V4-001', 1);
INSERT INTO workspace VALUES ('2V4-002', '2V4-002', 802, 9);
INSERT INTO workspacefeature VALUES ('2V4-002', 1);
INSERT INTO workspacefeature VALUES ('2V4-002', 2);
INSERT INTO workspace VALUES ('2V4-003', '2V4-003', 803, 9);
INSERT INTO workspacefeature VALUES ('2V4-003', 1);
INSERT INTO workspacefeature VALUES ('2V4-003', 3);
INSERT INTO workspace VALUES ('2V4-004', '2V4-004', 804, 9);
INSERT INTO workspacefeature VALUES ('2V4-004', 1);
INSERT INTO workspacefeature VALUES ('2V4-004', 2);
INSERT INTO workspace VALUES ('2V4-005', '2V4-005', 805, 9);
INSERT INTO workspacefeature VALUES ('2V4-005', 1);
INSERT INTO workspace VALUES ('2V4-006', '2V4-006', 806, 9);
INSERT INTO workspacefeature VALUES ('2V4-006', 1);
INSERT INTO workspacefeature VALUES ('2V4-006', 2);
INSERT INTO workspacefeature VALUES ('2V4-006', 3);
INSERT INTO workspace VALUES ('2V4-007', '2V4-007', 807, 9);
INSERT INTO workspacefeature VALUES ('2V4-007', 1);
INSERT INTO workspace VALUES ('2V4-008', '2V4-008', 808, 9);
INSERT INTO workspacefeature VALUES ('2V4-008', 1);
INSERT INTO workspacefeature VALUES ('2V4-008', 2);
INSERT INTO workspace VALUES ('2V4-009', '2V4-009', 809, 9);
INSERT INTO workspacefeature VALUES ('2V4-009', 1);
INSERT INTO workspacefeature VALUES ('2V4-009', 3);
INSERT INTO workspace VALUES ('2V4-010', '2V4-010', 810, 9);
INSERT INTO workspace VALUES ('2V4-011', '2V4-011', 811, 9);
INSERT INTO workspacefeature VALUES ('2V4-011', 1);
INSERT INTO workspace VALUES ('2V4-012', '2V4-012', 812, 9);
INSERT INTO workspacefeature VALUES ('2V4-012', 1);
INSERT INTO workspacefeature VALUES ('2V4-012', 2);
INSERT INTO workspacefeature VALUES ('2V4-012', 3);
INSERT INTO workspace VALUES ('2V4-013', '2V4-013', 813, 9);
INSERT INTO workspacefeature VALUES ('2V4-013', 1);
INSERT INTO workspace VALUES ('2V4-014', '2V4-014', 814, 9);
INSERT INTO workspacefeature VALUES ('2V4-014', 1);
INSERT INTO workspacefeature VALUES ('2V4-014', 2);
INSERT INTO workspace VALUES ('2V4-015', '2V4-015', 815, 9);
INSERT INTO workspacefeature VALUES ('2V4-015', 1);
INSERT INTO workspacefeature VALUES ('2V4-015', 3);
INSERT INTO workspace VALUES ('2V4-016', '2V4-016', 816, 9);
INSERT INTO workspacefeature VALUES ('2V4-016', 1);
INSERT INTO workspacefeature VALUES ('2V4-016', 2);
INSERT INTO workspace VALUES ('2V4-017', '2V4-017', 817, 9);
INSERT INTO workspacefeature VALUES ('2V4-017', 1);
INSERT INTO workspace VALUES ('2V4-018', '2V4-018', 818, 9);
INSERT INTO workspacefeature VALUES ('2V4-018', 1);
INSERT INTO workspacefeature VALUES ('2V4-018', 2);
INSERT INTO workspacefeature VALUES ('2V4-018', 3);
INSERT INTO workspace VALUES ('2V4-019', '2V4-019', 819, 9);
INSERT INTO workspacefeature VALUES ('2V4-019', 1);
INSERT INTO workspace VALUES ('2V4-020', '2V4-020', 820, 9);
INSERT INTO workspace VALUES ('2V4-021', '2V4-021', 821, 9);
INSERT INTO workspacefeature VALUES ('2V4-021', 1);
INSERT INTO workspacefeature VALUES ('2V4-021', 3);
INSERT INTO workspace VALUES ('2V4-022', '2V4-022', 822, 9);
INSERT INTO workspacefeature VALUES ('2V4-022', 1);
INSERT INTO workspacefeature VALUES ('2V4-022', 2);
INSERT INTO workspace VALUES ('2V4-023', '2V4-023', 823, 9);
INSERT INTO workspacefeature VALUES ('2V4-023', 1);
INSERT INTO workspace VALUES ('2V4-024', '2V4-024', 824, 9);
INSERT INTO workspacefeature VALUES ('2V4-024', 1);
INSERT INTO workspacefeature VALUES ('2V4-024', 2);
INSERT INTO workspacefeature VALUES ('2V4-024', 3);
INSERT INTO workspace VALUES ('2V4-025', '2V4-025', 825, 9);
INSERT INTO workspacefeature VALUES ('2V4-025', 1);
INSERT INTO workspace VALUES ('2V4-026', '2V4-026', 826, 9);
INSERT INTO workspacefeature VALUES ('2V4-026', 1);
INSERT INTO workspacefeature VALUES ('2V4-026', 2);
INSERT INTO workspace VALUES ('2V4-027', '2V4-027', 827, 9);
INSERT INTO workspacefeature VALUES ('2V4-027', 1);
INSERT INTO workspacefeature VALUES ('2V4-027', 3);
INSERT INTO workspace VALUES ('2V4-028', '2V4-028', 828, 9);
INSERT INTO workspacefeature VALUES ('2V4-028', 1);
INSERT INTO workspacefeature VALUES ('2V4-028', 2);
INSERT INTO workspace VALUES ('2V4-029', '2V4-029', 829, 9);
INSERT INTO workspacefeature VALUES ('2V4-029', 1);
INSERT INTO workspace VALUES ('2V4-030', '2V4-030', 830, 9);
INSERT INTO workspace VALUES ('2V4-031', '2V4-031', 831, 9);
INSERT INTO workspacefeature VALUES ('2V4-031', 1);
INSERT INTO workspace VALUES ('2V4-032', '2V4-032', 832, 9);
INSERT INTO workspacefeature VALUES ('2V4-032', 1);
INSERT INTO workspacefeature VALUES ('2V4-032', 2);
INSERT INTO workspace VALUES ('2V4-033', '2V4-033', 833, 9);
INSERT INTO workspacefeature VALUES ('2V4-033', 1);
INSERT INTO workspacefeature VALUES ('2V4-033', 3);
INSERT INTO workspace VALUES ('2V4-034', '2V4-034', 834, 9);
INSERT INTO workspacefeature VALUES ('2V4-034', 1);
INSERT INTO workspacefeature VALUES ('2V4-034', 2);
INSERT INTO workspace VALUES ('2V4-035', '2V4-035', 835, 9);
INSERT INTO workspacefeature VALUES ('2V4-035', 1);
INSERT INTO workspace VALUES ('2V4-036', '2V4-036', 836, 9);
INSERT INTO workspacefeature VALUES ('2V4-036', 1);
INSERT INTO workspacefeature VALUES ('2V4-036', 2);
INSERT INTO workspacefeature VALUES ('2V4-036', 3);
INSERT INTO workspace VALUES ('2V4-037', '2V4-037', 837, 9);
INSERT INTO workspacefeature VALUES ('2V4-037', 1);
INSERT INTO workspace VALUES ('2V4-038', '2V4-038', 838, 9);
INSERT INTO workspacefeature VALUES ('2V4-038', 1);
INSERT INTO workspacefeature VALUES ('2V4-038', 2);
INSERT INTO workspace VALUES ('2V4-039', '2V4-039', 839, 9);
INSERT INTO workspacefeature VALUES ('2V4-039', 1);
INSERT INTO workspacefeature VALUES ('2V4-039', 3);
INSERT INTO workspace VALUES ('2V4-040', '2V4-040', 840, 9);
INSERT INTO workspace VALUES ('2V4-041', '2V4-041', 841, 9);
INSERT INTO workspacefeature VALUES ('2V4-041', 1);
INSERT INTO workspace VALUES ('2V4-042', '2V4-042', 842, 9);
INSERT INTO workspacefeature VALUES ('2V4-042', 1);
INSERT INTO workspacefeature VALUES ('2V4-042', 2);
INSERT INTO workspacefeature VALUES ('2V4-042', 3);
INSERT INTO workspace VALUES ('2V4-043', '2V4-043', 843, 9);
INSERT INTO workspacefeature VALUES ('2V4-043', 1);
INSERT INTO workspace VALUES ('2V4-044', '2V4-044', 844, 9);
INSERT INTO workspacefeature VALUES ('2V4-044', 1);
INSERT INTO workspacefeature VALUES ('2V4-044', 2);
INSERT INTO workspace VALUES ('2V4-045', '2V4-045', 845, 9);
INSERT INTO workspacefeature VALUES ('2V4-045', 1);
INSERT INTO workspacefeature VALUES ('2V4-045', 3);
INSERT INTO workspace VALUES ('2V4-046', '2V4-046', 846, 9);
INSERT INTO workspacefeature VALUES ('2V4-046', 1);
INSERT INTO workspacefeature VALUES ('2V4-046', 2);
INSERT INTO workspace VALUES ('2V4-047', '2V4-047', 847, 9);
INSERT INTO workspacefeature VALUES ('2V4-047', 1);
INSERT INTO workspace VALUES ('2V4-048', '2V4-048', 848, 9);
INSERT INTO workspacefeature VALUES ('2V4-048', 1);
INSERT INTO workspacefeature VALUES ('2V4-048', 2);
INSERT INTO workspacefeature VALUES ('2V4-048', 3);
INSERT INTO workspace VALUES ('2V4-049', '2V4-049', 849, 9);
INSERT INTO workspacefeature VALUES ('2V4-049', 1);
INSERT INTO workspace VALUES ('2V4-050', '2V4-050', 850, 9);
INSERT INTO workspace VALUES ('2V4-051', '2V4-051', 851, 9);
INSERT INTO workspacefeature VALUES ('2V4-051', 1);
INSERT INTO workspacefeature VALUES ('2V4-051', 3);
INSERT INTO workspace VALUES ('2V4-052', '2V4-052', 852, 9);
INSERT INTO workspacefeature VALUES ('2V4-052', 1);
INSERT INTO workspacefeature VALUES ('2V4-052', 2);
INSERT INTO workspace VALUES ('2V4-053', '2V4-053', 853, 9);
INSERT INTO workspacefeature VALUES ('2V4-053', 1);
INSERT INTO workspace VALUES ('2V4-054', '2V4-054', 854, 9);
INSERT INTO workspacefeature VALUES ('2V4-054', 1);
INSERT INTO workspacefeature VALUES ('2V4-054', 2);
INSERT INTO workspacefeature VALUES ('2V4-054', 3);
INSERT INTO workspace VALUES ('2V4-055', '2V4-055', 855, 9);
INSERT INTO workspacefeature VALUES ('2V4-055', 1);
INSERT INTO workspace VALUES ('2V4-056', '2V4-056', 856, 9);
INSERT INTO workspacefeature VALUES ('2V4-056', 1);
INSERT INTO workspacefeature VALUES ('2V4-056', 2);
INSERT INTO workspace VALUES ('2V4-057', '2V4-057', 857, 9);
INSERT INTO workspacefeature VALUES ('2V4-057', 1);
INSERT INTO workspacefeature VALUES ('2V4-057', 3);
INSERT INTO workspace VALUES ('2V4-058', '2V4-058', 858, 9);
INSERT INTO workspacefeature VALUES ('2V4-058', 1);
INSERT INTO workspacefeature VALUES ('2V4-058', 2);
INSERT INTO workspace VALUES ('2V4-059', '2V4-059', 859, 9);
INSERT INTO workspacefeature VALUES ('2V4-059', 1);
INSERT INTO workspace VALUES ('2V4-060', '2V4-060', 860, 9);
INSERT INTO workspace VALUES ('2V4-061', '2V4-061', 861, 9);
INSERT INTO workspacefeature VALUES ('2V4-061', 1);
INSERT INTO workspace VALUES ('2V4-062', '2V4-062', 862, 9);
INSERT INTO workspacefeature VALUES ('2V4-062', 1);
INSERT INTO workspacefeature VALUES ('2V4-062', 2);
INSERT INTO workspace VALUES ('2V4-063', '2V4-063', 863, 9);
INSERT INTO workspacefeature VALUES ('2V4-063', 1);
INSERT INTO workspacefeature VALUES ('2V4-063', 3);
INSERT INTO workspace VALUES ('2V4-064', '2V4-064', 864, 9);
INSERT INTO workspacefeature VALUES ('2V4-064', 1);
INSERT INTO workspacefeature VALUES ('2V4-064', 2);
INSERT INTO workspace VALUES ('2V4-065', '2V4-065', 865, 9);
INSERT INTO workspacefeature VALUES ('2V4-065', 1);
INSERT INTO workspace VALUES ('2V4-066', '2V4-066', 866, 9);
INSERT INTO workspacefeature VALUES ('2V4-066', 1);
INSERT INTO workspacefeature VALUES ('2V4-066', 2);
INSERT INTO workspacefeature VALUES ('2V4-066', 3);
INSERT INTO workspace VALUES ('2V4-067', '2V4-067', 867, 9);
INSERT INTO workspacefeature VALUES ('2V4-067', 1);
INSERT INTO workspace VALUES ('2V4-068', '2V4-068', 868, 9);
INSERT INTO workspacefeature VALUES ('2V4-068', 1);
INSERT INTO workspacefeature VALUES ('2V4-068', 2);
INSERT INTO workspace VALUES ('2V4-069', '2V4-069', 869, 9);
INSERT INTO workspacefeature VALUES ('2V4-069', 1);
INSERT INTO workspacefeature VALUES ('2V4-069', 3);
INSERT INTO workspace VALUES ('2V4-070', '2V4-070', 870, 9);
INSERT INTO workspace VALUES ('2V4-071', '2V4-071', 871, 9);
INSERT INTO workspacefeature VALUES ('2V4-071', 1);
INSERT INTO workspace VALUES ('2V4-072', '2V4-072', 872, 9);
INSERT INTO workspacefeature VALUES ('2V4-072', 1);
INSERT INTO workspacefeature VALUES ('2V4-072', 2);
INSERT INTO workspacefeature VALUES ('2V4-072', 3);
INSERT INTO workspace VALUES ('2V4-073', '2V4-073', 873, 9);
INSERT INTO workspacefeature VALUES ('2V4-073', 1);
INSERT INTO workspace VALUES ('2V4-074', '2V4-074', 874, 9);
INSERT INTO workspacefeature VALUES ('2V4-074', 1);
INSERT INTO workspacefeature VALUES ('2V4-074', 2);
INSERT INTO workspace VALUES ('2V4-075', '2V4-075', 875, 9);
INSERT INTO workspacefeature VALUES ('2V4-075', 1);
INSERT INTO workspacefeature VALUES ('2V4-075', 3);
INSERT INTO workspace VALUES ('2V4-076', '2V4-076', 876, 9);
INSERT INTO workspacefeature VALUES ('2V4-076', 1);
INSERT INTO workspacefeature VALUES ('2V4-076', 2);
INSERT INTO workspace VALUES ('2V4-077', '2V4-077', 877, 9);
INSERT INTO workspacefeature VALUES ('2V4-077', 1);
INSERT INTO workspace VALUES ('2V4-078', '2V4-078', 878, 9);
INSERT INTO workspacefeature VALUES ('2V4-078', 1);
INSERT INTO workspacefeature VALUES ('2V4-078', 2);
INSERT INTO workspacefeature VALUES ('2V4-078', 3);
INSERT INTO workspace VALUES ('2V4-079', '2V4-079', 879, 9);
INSERT INTO workspacefeature VALUES ('2V4-079', 1);
INSERT INTO workspace VALUES ('2V4-080', '2V4-080', 880, 9);
INSERT INTO workspace VALUES ('2V4-081', '2V4-081', 881, 9);
INSERT INTO workspacefeature VALUES ('2V4-081', 1);
INSERT INTO workspacefeature VALUES ('2V4-081', 3);
INSERT INTO workspace VALUES ('2V4-082', '2V4-082', 882, 9);
INSERT INTO workspacefeature VALUES ('2V4-082', 1);
INSERT INTO workspacefeature VALUES ('2V4-082', 2);
INSERT INTO workspace VALUES ('2V4-083', '2V4-083', 883, 9);
INSERT INTO workspacefeature VALUES ('2V4-083', 1);
INSERT INTO workspace VALUES ('2V4-084', '2V4-084', 884, 9);
INSERT INTO workspacefeature VALUES ('2V4-084', 1);
INSERT INTO workspacefeature VALUES ('2V4-084', 2);
INSERT INTO workspacefeature VALUES ('2V4-084', 3);
INSERT INTO workspace VALUES ('2V4-085', '2V4-085', 885, 9);
INSERT INTO workspacefeature VALUES ('2V4-085', 1);
INSERT INTO workspace VALUES ('2V4-086', '2V4-086', 886, 9);
INSERT INTO workspacefeature VALUES ('2V4-086', 1);
INSERT INTO workspacefeature VALUES ('2V4-086', 2);
INSERT INTO workspace VALUES ('2V4-087', '2V4-087', 887, 9);
INSERT INTO workspacefeature VALUES ('2V4-087', 1);
INSERT INTO workspacefeature VALUES ('2V4-087', 3);
INSERT INTO workspace VALUES ('2V4-088', '2V4-088', 888, 9);
INSERT INTO workspacefeature VALUES ('2V4-088', 1);
INSERT INTO workspacefeature VALUES ('2V4-088', 2);
INSERT INTO workspace VALUES ('2V4-089', '2V4-089', 889, 9);
INSERT INTO workspacefeature VALUES ('2V4-089', 1);
INSERT INTO workspace VALUES ('2V4-090', '2V4-090', 890, 9);
INSERT INTO workspace VALUES ('2V4-091', '2V4-091', 891, 9);
INSERT INTO workspacefeature VALUES ('2V4-091', 1);
INSERT INTO workspace VALUES ('2V4-092', '2V4-092', 892, 9);
INSERT INTO workspacefeature VALUES ('2V4-092', 1);
INSERT INTO workspacefeature VALUES ('2V4-092', 2);
INSERT INTO workspace VALUES ('2V4-093', '2V4-093', 893, 9);
INSERT INTO workspacefeature VALUES ('2V4-093', 1);
INSERT INTO workspacefeature VALUES ('2V4-093', 3);
INSERT INTO workspace VALUES ('2V4-094', '2V4-094', 894, 9);
INSERT INTO workspacefeature VALUES ('2V4-094', 1);
INSERT INTO workspacefeature VALUES ('2V4-094', 2);
INSERT INTO workspace VALUES ('2V4-095', '2V4-095', 895, 9);
INSERT INTO workspacefeature VALUES ('2V4-095', 1);
INSERT INTO workspace VALUES ('2V4-096', '2V4-096', 896, 9);
INSERT INTO workspacefeature VALUES ('2V4-096', 1);
INSERT INTO workspacefeature VALUES ('2V4-096', 2);
INSERT INTO workspacefeature VALUES ('2V4-096', 3);
INSERT INTO workspace VALUES ('2V4-097', '2V4-097', 897, 9);
INSERT INTO workspacefeature VALUES ('2V4-097', 1);
INSERT INTO workspace VALUES ('2V4-098', '2V4-098', 898, 9);
INSERT INTO workspacefeature VALUES ('2V4-098', 1);
INSERT INTO workspacefeature VALUES ('2V4-098', 2);
INSERT INTO workspace VALUES ('2V4-099', '2V4-099', 899, 9);
INSERT INTO workspacefeature VALUES ('2V4-099', 1);
INSERT INTO workspacefeature VALUES ('2V4-099', 3);
INSERT INTO workspace VALUES ('2V4-100', '2V4-100', 900, 9);
INSERT INTO floor VALUES (10, 5, 'Vancouver Building 2', 'Vancouver', '2', NULL);
INSERT INTO workspace VALUES ('2V5-001', '2V5-001', 901, 10);
INSERT INTO workspacefeature VALUES ('2V5-001', 1);
INSERT INTO workspace VALUES ('2V5-002', '2V5-002', 902, 10);
INSERT INTO workspacefeature VALUES ('2V5-002', 1);
INSERT INTO workspacefeature VALUES ('2V5-002', 2);
INSERT INTO workspace VALUES ('2V5-003', '2V5-003', 903, 10);
INSERT INTO workspacefeature VALUES ('2V5-003', 1);
INSERT INTO workspacefeature VALUES ('2V5-003', 3);
INSERT INTO workspace VALUES ('2V5-004', '2V5-004', 904, 10);
INSERT INTO workspacefeature VALUES ('2V5-004', 1);
INSERT INTO workspacefeature VALUES ('2V5-004', 2);
INSERT INTO workspace VALUES ('2V5-005', '2V5-005', 905, 10);
INSERT INTO workspacefeature VALUES ('2V5-005', 1);
INSERT INTO workspace VALUES ('2V5-006', '2V5-006', 906, 10);
INSERT INTO workspacefeature VALUES ('2V5-006', 1);
INSERT INTO workspacefeature VALUES ('2V5-006', 2);
INSERT INTO workspacefeature VALUES ('2V5-006', 3);
INSERT INTO workspace VALUES ('2V5-007', '2V5-007', 907, 10);
INSERT INTO workspacefeature VALUES ('2V5-007', 1);
INSERT INTO workspace VALUES ('2V5-008', '2V5-008', 908, 10);
INSERT INTO workspacefeature VALUES ('2V5-008', 1);
INSERT INTO workspacefeature VALUES ('2V5-008', 2);
INSERT INTO workspace VALUES ('2V5-009', '2V5-009', 909, 10);
INSERT INTO workspacefeature VALUES ('2V5-009', 1);
INSERT INTO workspacefeature VALUES ('2V5-009', 3);
INSERT INTO workspace VALUES ('2V5-010', '2V5-010', 910, 10);
INSERT INTO workspace VALUES ('2V5-011', '2V5-011', 911, 10);
INSERT INTO workspacefeature VALUES ('2V5-011', 1);
INSERT INTO workspace VALUES ('2V5-012', '2V5-012', 912, 10);
INSERT INTO workspacefeature VALUES ('2V5-012', 1);
INSERT INTO workspacefeature VALUES ('2V5-012', 2);
INSERT INTO workspacefeature VALUES ('2V5-012', 3);
INSERT INTO workspace VALUES ('2V5-013', '2V5-013', 913, 10);
INSERT INTO workspacefeature VALUES ('2V5-013', 1);
INSERT INTO workspace VALUES ('2V5-014', '2V5-014', 914, 10);
INSERT INTO workspacefeature VALUES ('2V5-014', 1);
INSERT INTO workspacefeature VALUES ('2V5-014', 2);
INSERT INTO workspace VALUES ('2V5-015', '2V5-015', 915, 10);
INSERT INTO workspacefeature VALUES ('2V5-015', 1);
INSERT INTO workspacefeature VALUES ('2V5-015', 3);
INSERT INTO workspace VALUES ('2V5-016', '2V5-016', 916, 10);
INSERT INTO workspacefeature VALUES ('2V5-016', 1);
INSERT INTO workspacefeature VALUES ('2V5-016', 2);
INSERT INTO workspace VALUES ('2V5-017', '2V5-017', 917, 10);
INSERT INTO workspacefeature VALUES ('2V5-017', 1);
INSERT INTO workspace VALUES ('2V5-018', '2V5-018', 918, 10);
INSERT INTO workspacefeature VALUES ('2V5-018', 1);
INSERT INTO workspacefeature VALUES ('2V5-018', 2);
INSERT INTO workspacefeature VALUES ('2V5-018', 3);
INSERT INTO workspace VALUES ('2V5-019', '2V5-019', 919, 10);
INSERT INTO workspacefeature VALUES ('2V5-019', 1);
INSERT INTO workspace VALUES ('2V5-020', '2V5-020', 920, 10);
INSERT INTO workspace VALUES ('2V5-021', '2V5-021', 921, 10);
INSERT INTO workspacefeature VALUES ('2V5-021', 1);
INSERT INTO workspacefeature VALUES ('2V5-021', 3);
INSERT INTO workspace VALUES ('2V5-022', '2V5-022', 922, 10);
INSERT INTO workspacefeature VALUES ('2V5-022', 1);
INSERT INTO workspacefeature VALUES ('2V5-022', 2);
INSERT INTO workspace VALUES ('2V5-023', '2V5-023', 923, 10);
INSERT INTO workspacefeature VALUES ('2V5-023', 1);
INSERT INTO workspace VALUES ('2V5-024', '2V5-024', 924, 10);
INSERT INTO workspacefeature VALUES ('2V5-024', 1);
INSERT INTO workspacefeature VALUES ('2V5-024', 2);
INSERT INTO workspacefeature VALUES ('2V5-024', 3);
INSERT INTO workspace VALUES ('2V5-025', '2V5-025', 925, 10);
INSERT INTO workspacefeature VALUES ('2V5-025', 1);
INSERT INTO workspace VALUES ('2V5-026', '2V5-026', 926, 10);
INSERT INTO workspacefeature VALUES ('2V5-026', 1);
INSERT INTO workspacefeature VALUES ('2V5-026', 2);
INSERT INTO workspace VALUES ('2V5-027', '2V5-027', 927, 10);
INSERT INTO workspacefeature VALUES ('2V5-027', 1);
INSERT INTO workspacefeature VALUES ('2V5-027', 3);
INSERT INTO workspace VALUES ('2V5-028', '2V5-028', 928, 10);
INSERT INTO workspacefeature VALUES ('2V5-028', 1);
INSERT INTO workspacefeature VALUES ('2V5-028', 2);
INSERT INTO workspace VALUES ('2V5-029', '2V5-029', 929, 10);
INSERT INTO workspacefeature VALUES ('2V5-029', 1);
INSERT INTO workspace VALUES ('2V5-030', '2V5-030', 930, 10);
INSERT INTO workspace VALUES ('2V5-031', '2V5-031', 931, 10);
INSERT INTO workspacefeature VALUES ('2V5-031', 1);
INSERT INTO workspace VALUES ('2V5-032', '2V5-032', 932, 10);
INSERT INTO workspacefeature VALUES ('2V5-032', 1);
INSERT INTO workspacefeature VALUES ('2V5-032', 2);
INSERT INTO workspace VALUES ('2V5-033', '2V5-033', 933, 10);
INSERT INTO workspacefeature VALUES ('2V5-033', 1);
INSERT INTO workspacefeature VALUES ('2V5-033', 3);
INSERT INTO workspace VALUES ('2V5-034', '2V5-034', 934, 10);
INSERT INTO workspacefeature VALUES ('2V5-034', 1);
INSERT INTO workspacefeature VALUES ('2V5-034', 2);
INSERT INTO workspace VALUES ('2V5-035', '2V5-035', 935, 10);
INSERT INTO workspacefeature VALUES ('2V5-035', 1);
INSERT INTO workspace VALUES ('2V5-036', '2V5-036', 936, 10);
INSERT INTO workspacefeature VALUES ('2V5-036', 1);
INSERT INTO workspacefeature VALUES ('2V5-036', 2);
INSERT INTO workspacefeature VALUES ('2V5-036', 3);
INSERT INTO workspace VALUES ('2V5-037', '2V5-037', 937, 10);
INSERT INTO workspacefeature VALUES ('2V5-037', 1);
INSERT INTO workspace VALUES ('2V5-038', '2V5-038', 938, 10);
INSERT INTO workspacefeature VALUES ('2V5-038', 1);
INSERT INTO workspacefeature VALUES ('2V5-038', 2);
INSERT INTO workspace VALUES ('2V5-039', '2V5-039', 939, 10);
INSERT INTO workspacefeature VALUES ('2V5-039', 1);
INSERT INTO workspacefeature VALUES ('2V5-039', 3);
INSERT INTO workspace VALUES ('2V5-040', '2V5-040', 940, 10);
INSERT INTO workspace VALUES ('2V5-041', '2V5-041', 941, 10);
INSERT INTO workspacefeature VALUES ('2V5-041', 1);
INSERT INTO workspace VALUES ('2V5-042', '2V5-042', 942, 10);
INSERT INTO workspacefeature VALUES ('2V5-042', 1);
INSERT INTO workspacefeature VALUES ('2V5-042', 2);
INSERT INTO workspacefeature VALUES ('2V5-042', 3);
INSERT INTO workspace VALUES ('2V5-043', '2V5-043', 943, 10);
INSERT INTO workspacefeature VALUES ('2V5-043', 1);
INSERT INTO workspace VALUES ('2V5-044', '2V5-044', 944, 10);
INSERT INTO workspacefeature VALUES ('2V5-044', 1);
INSERT INTO workspacefeature VALUES ('2V5-044', 2);
INSERT INTO workspace VALUES ('2V5-045', '2V5-045', 945, 10);
INSERT INTO workspacefeature VALUES ('2V5-045', 1);
INSERT INTO workspacefeature VALUES ('2V5-045', 3);
INSERT INTO workspace VALUES ('2V5-046', '2V5-046', 946, 10);
INSERT INTO workspacefeature VALUES ('2V5-046', 1);
INSERT INTO workspacefeature VALUES ('2V5-046', 2);
INSERT INTO workspace VALUES ('2V5-047', '2V5-047', 947, 10);
INSERT INTO workspacefeature VALUES ('2V5-047', 1);
INSERT INTO workspace VALUES ('2V5-048', '2V5-048', 948, 10);
INSERT INTO workspacefeature VALUES ('2V5-048', 1);
INSERT INTO workspacefeature VALUES ('2V5-048', 2);
INSERT INTO workspacefeature VALUES ('2V5-048', 3);
INSERT INTO workspace VALUES ('2V5-049', '2V5-049', 949, 10);
INSERT INTO workspacefeature VALUES ('2V5-049', 1);
INSERT INTO workspace VALUES ('2V5-050', '2V5-050', 950, 10);
INSERT INTO workspace VALUES ('2V5-051', '2V5-051', 951, 10);
INSERT INTO workspacefeature VALUES ('2V5-051', 1);
INSERT INTO workspacefeature VALUES ('2V5-051', 3);
INSERT INTO workspace VALUES ('2V5-052', '2V5-052', 952, 10);
INSERT INTO workspacefeature VALUES ('2V5-052', 1);
INSERT INTO workspacefeature VALUES ('2V5-052', 2);
INSERT INTO workspace VALUES ('2V5-053', '2V5-053', 953, 10);
INSERT INTO workspacefeature VALUES ('2V5-053', 1);
INSERT INTO workspace VALUES ('2V5-054', '2V5-054', 954, 10);
INSERT INTO workspacefeature VALUES ('2V5-054', 1);
INSERT INTO workspacefeature VALUES ('2V5-054', 2);
INSERT INTO workspacefeature VALUES ('2V5-054', 3);
INSERT INTO workspace VALUES ('2V5-055', '2V5-055', 955, 10);
INSERT INTO workspacefeature VALUES ('2V5-055', 1);
INSERT INTO workspace VALUES ('2V5-056', '2V5-056', 956, 10);
INSERT INTO workspacefeature VALUES ('2V5-056', 1);
INSERT INTO workspacefeature VALUES ('2V5-056', 2);
INSERT INTO workspace VALUES ('2V5-057', '2V5-057', 957, 10);
INSERT INTO workspacefeature VALUES ('2V5-057', 1);
INSERT INTO workspacefeature VALUES ('2V5-057', 3);
INSERT INTO workspace VALUES ('2V5-058', '2V5-058', 958, 10);
INSERT INTO workspacefeature VALUES ('2V5-058', 1);
INSERT INTO workspacefeature VALUES ('2V5-058', 2);
INSERT INTO workspace VALUES ('2V5-059', '2V5-059', 959, 10);
INSERT INTO workspacefeature VALUES ('2V5-059', 1);
INSERT INTO workspace VALUES ('2V5-060', '2V5-060', 960, 10);
INSERT INTO workspace VALUES ('2V5-061', '2V5-061', 961, 10);
INSERT INTO workspacefeature VALUES ('2V5-061', 1);
INSERT INTO workspace VALUES ('2V5-062', '2V5-062', 962, 10);
INSERT INTO workspacefeature VALUES ('2V5-062', 1);
INSERT INTO workspacefeature VALUES ('2V5-062', 2);
INSERT INTO workspace VALUES ('2V5-063', '2V5-063', 963, 10);
INSERT INTO workspacefeature VALUES ('2V5-063', 1);
INSERT INTO workspacefeature VALUES ('2V5-063', 3);
INSERT INTO workspace VALUES ('2V5-064', '2V5-064', 964, 10);
INSERT INTO workspacefeature VALUES ('2V5-064', 1);
INSERT INTO workspacefeature VALUES ('2V5-064', 2);
INSERT INTO workspace VALUES ('2V5-065', '2V5-065', 965, 10);
INSERT INTO workspacefeature VALUES ('2V5-065', 1);
INSERT INTO workspace VALUES ('2V5-066', '2V5-066', 966, 10);
INSERT INTO workspacefeature VALUES ('2V5-066', 1);
INSERT INTO workspacefeature VALUES ('2V5-066', 2);
INSERT INTO workspacefeature VALUES ('2V5-066', 3);
INSERT INTO workspace VALUES ('2V5-067', '2V5-067', 967, 10);
INSERT INTO workspacefeature VALUES ('2V5-067', 1);
INSERT INTO workspace VALUES ('2V5-068', '2V5-068', 968, 10);
INSERT INTO workspacefeature VALUES ('2V5-068', 1);
INSERT INTO workspacefeature VALUES ('2V5-068', 2);
INSERT INTO workspace VALUES ('2V5-069', '2V5-069', 969, 10);
INSERT INTO workspacefeature VALUES ('2V5-069', 1);
INSERT INTO workspacefeature VALUES ('2V5-069', 3);
INSERT INTO workspace VALUES ('2V5-070', '2V5-070', 970, 10);
INSERT INTO workspace VALUES ('2V5-071', '2V5-071', 971, 10);
INSERT INTO workspacefeature VALUES ('2V5-071', 1);
INSERT INTO workspace VALUES ('2V5-072', '2V5-072', 972, 10);
INSERT INTO workspacefeature VALUES ('2V5-072', 1);
INSERT INTO workspacefeature VALUES ('2V5-072', 2);
INSERT INTO workspacefeature VALUES ('2V5-072', 3);
INSERT INTO workspace VALUES ('2V5-073', '2V5-073', 973, 10);
INSERT INTO workspacefeature VALUES ('2V5-073', 1);
INSERT INTO workspace VALUES ('2V5-074', '2V5-074', 974, 10);
INSERT INTO workspacefeature VALUES ('2V5-074', 1);
INSERT INTO workspacefeature VALUES ('2V5-074', 2);
INSERT INTO workspace VALUES ('2V5-075', '2V5-075', 975, 10);
INSERT INTO workspacefeature VALUES ('2V5-075', 1);
INSERT INTO workspacefeature VALUES ('2V5-075', 3);
INSERT INTO workspace VALUES ('2V5-076', '2V5-076', 976, 10);
INSERT INTO workspacefeature VALUES ('2V5-076', 1);
INSERT INTO workspacefeature VALUES ('2V5-076', 2);
INSERT INTO workspace VALUES ('2V5-077', '2V5-077', 977, 10);
INSERT INTO workspacefeature VALUES ('2V5-077', 1);
INSERT INTO workspace VALUES ('2V5-078', '2V5-078', 978, 10);
INSERT INTO workspacefeature VALUES ('2V5-078', 1);
INSERT INTO workspacefeature VALUES ('2V5-078', 2);
INSERT INTO workspacefeature VALUES ('2V5-078', 3);
INSERT INTO workspace VALUES ('2V5-079', '2V5-079', 979, 10);
INSERT INTO workspacefeature VALUES ('2V5-079', 1);
INSERT INTO workspace VALUES ('2V5-080', '2V5-080', 980, 10);
INSERT INTO workspace VALUES ('2V5-081', '2V5-081', 981, 10);
INSERT INTO workspacefeature VALUES ('2V5-081', 1);
INSERT INTO workspacefeature VALUES ('2V5-081', 3);
INSERT INTO workspace VALUES ('2V5-082', '2V5-082', 982, 10);
INSERT INTO workspacefeature VALUES ('2V5-082', 1);
INSERT INTO workspacefeature VALUES ('2V5-082', 2);
INSERT INTO workspace VALUES ('2V5-083', '2V5-083', 983, 10);
INSERT INTO workspacefeature VALUES ('2V5-083', 1);
INSERT INTO workspace VALUES ('2V5-084', '2V5-084', 984, 10);
INSERT INTO workspacefeature VALUES ('2V5-084', 1);
INSERT INTO workspacefeature VALUES ('2V5-084', 2);
INSERT INTO workspacefeature VALUES ('2V5-084', 3);
INSERT INTO workspace VALUES ('2V5-085', '2V5-085', 985, 10);
INSERT INTO workspacefeature VALUES ('2V5-085', 1);
INSERT INTO workspace VALUES ('2V5-086', '2V5-086', 986, 10);
INSERT INTO workspacefeature VALUES ('2V5-086', 1);
INSERT INTO workspacefeature VALUES ('2V5-086', 2);
INSERT INTO workspace VALUES ('2V5-087', '2V5-087', 987, 10);
INSERT INTO workspacefeature VALUES ('2V5-087', 1);
INSERT INTO workspacefeature VALUES ('2V5-087', 3);
INSERT INTO workspace VALUES ('2V5-088', '2V5-088', 988, 10);
INSERT INTO workspacefeature VALUES ('2V5-088', 1);
INSERT INTO workspacefeature VALUES ('2V5-088', 2);
INSERT INTO workspace VALUES ('2V5-089', '2V5-089', 989, 10);
INSERT INTO workspacefeature VALUES ('2V5-089', 1);
INSERT INTO workspace VALUES ('2V5-090', '2V5-090', 990, 10);
INSERT INTO workspace VALUES ('2V5-091', '2V5-091', 991, 10);
INSERT INTO workspacefeature VALUES ('2V5-091', 1);
INSERT INTO workspace VALUES ('2V5-092', '2V5-092', 992, 10);
INSERT INTO workspacefeature VALUES ('2V5-092', 1);
INSERT INTO workspacefeature VALUES ('2V5-092', 2);
INSERT INTO workspace VALUES ('2V5-093', '2V5-093', 993, 10);
INSERT INTO workspacefeature VALUES ('2V5-093', 1);
INSERT INTO workspacefeature VALUES ('2V5-093', 3);
INSERT INTO workspace VALUES ('2V5-094', '2V5-094', 994, 10);
INSERT INTO workspacefeature VALUES ('2V5-094', 1);
INSERT INTO workspacefeature VALUES ('2V5-094', 2);
INSERT INTO workspace VALUES ('2V5-095', '2V5-095', 995, 10);
INSERT INTO workspacefeature VALUES ('2V5-095', 1);
INSERT INTO workspace VALUES ('2V5-096', '2V5-096', 996, 10);
INSERT INTO workspacefeature VALUES ('2V5-096', 1);
INSERT INTO workspacefeature VALUES ('2V5-096', 2);
INSERT INTO workspacefeature VALUES ('2V5-096', 3);
INSERT INTO workspace VALUES ('2V5-097', '2V5-097', 997, 10);
INSERT INTO workspacefeature VALUES ('2V5-097', 1);
INSERT INTO workspace VALUES ('2V5-098', '2V5-098', 998, 10);
INSERT INTO workspacefeature VALUES ('2V5-098', 1);
INSERT INTO workspacefeature VALUES ('2V5-098', 2);
INSERT INTO workspace VALUES ('2V5-099', '2V5-099', 999, 10);
INSERT INTO workspacefeature VALUES ('2V5-099', 1);
INSERT INTO workspacefeature VALUES ('2V5-099', 3);
INSERT INTO workspace VALUES ('2V5-100', '2V5-100', 1000, 10);
INSERT INTO floor VALUES (11, 1, 'North Vancouver Building 1', 'North Vancouver', '1', NULL);
INSERT INTO workspace VALUES ('1NV1-001', '1NV1-001', 1001, 11);
INSERT INTO workspacefeature VALUES ('1NV1-001', 1);
INSERT INTO workspace VALUES ('1NV1-002', '1NV1-002', 1002, 11);
INSERT INTO workspacefeature VALUES ('1NV1-002', 1);
INSERT INTO workspacefeature VALUES ('1NV1-002', 2);
INSERT INTO workspace VALUES ('1NV1-003', '1NV1-003', 1003, 11);
INSERT INTO workspacefeature VALUES ('1NV1-003', 1);
INSERT INTO workspacefeature VALUES ('1NV1-003', 3);
INSERT INTO workspace VALUES ('1NV1-004', '1NV1-004', 1004, 11);
INSERT INTO workspacefeature VALUES ('1NV1-004', 1);
INSERT INTO workspacefeature VALUES ('1NV1-004', 2);
INSERT INTO workspace VALUES ('1NV1-005', '1NV1-005', 1005, 11);
INSERT INTO workspacefeature VALUES ('1NV1-005', 1);
INSERT INTO workspace VALUES ('1NV1-006', '1NV1-006', 1006, 11);
INSERT INTO workspacefeature VALUES ('1NV1-006', 1);
INSERT INTO workspacefeature VALUES ('1NV1-006', 2);
INSERT INTO workspacefeature VALUES ('1NV1-006', 3);
INSERT INTO workspace VALUES ('1NV1-007', '1NV1-007', 1007, 11);
INSERT INTO workspacefeature VALUES ('1NV1-007', 1);
INSERT INTO workspace VALUES ('1NV1-008', '1NV1-008', 1008, 11);
INSERT INTO workspacefeature VALUES ('1NV1-008', 1);
INSERT INTO workspacefeature VALUES ('1NV1-008', 2);
INSERT INTO workspace VALUES ('1NV1-009', '1NV1-009', 1009, 11);
INSERT INTO workspacefeature VALUES ('1NV1-009', 1);
INSERT INTO workspacefeature VALUES ('1NV1-009', 3);
INSERT INTO workspace VALUES ('1NV1-010', '1NV1-010', 1010, 11);
INSERT INTO workspace VALUES ('1NV1-011', '1NV1-011', 1011, 11);
INSERT INTO workspacefeature VALUES ('1NV1-011', 1);
INSERT INTO workspace VALUES ('1NV1-012', '1NV1-012', 1012, 11);
INSERT INTO workspacefeature VALUES ('1NV1-012', 1);
INSERT INTO workspacefeature VALUES ('1NV1-012', 2);
INSERT INTO workspacefeature VALUES ('1NV1-012', 3);
INSERT INTO workspace VALUES ('1NV1-013', '1NV1-013', 1013, 11);
INSERT INTO workspacefeature VALUES ('1NV1-013', 1);
INSERT INTO workspace VALUES ('1NV1-014', '1NV1-014', 1014, 11);
INSERT INTO workspacefeature VALUES ('1NV1-014', 1);
INSERT INTO workspacefeature VALUES ('1NV1-014', 2);
INSERT INTO workspace VALUES ('1NV1-015', '1NV1-015', 1015, 11);
INSERT INTO workspacefeature VALUES ('1NV1-015', 1);
INSERT INTO workspacefeature VALUES ('1NV1-015', 3);
INSERT INTO workspace VALUES ('1NV1-016', '1NV1-016', 1016, 11);
INSERT INTO workspacefeature VALUES ('1NV1-016', 1);
INSERT INTO workspacefeature VALUES ('1NV1-016', 2);
INSERT INTO workspace VALUES ('1NV1-017', '1NV1-017', 1017, 11);
INSERT INTO workspacefeature VALUES ('1NV1-017', 1);
INSERT INTO workspace VALUES ('1NV1-018', '1NV1-018', 1018, 11);
INSERT INTO workspacefeature VALUES ('1NV1-018', 1);
INSERT INTO workspacefeature VALUES ('1NV1-018', 2);
INSERT INTO workspacefeature VALUES ('1NV1-018', 3);
INSERT INTO workspace VALUES ('1NV1-019', '1NV1-019', 1019, 11);
INSERT INTO workspacefeature VALUES ('1NV1-019', 1);
INSERT INTO workspace VALUES ('1NV1-020', '1NV1-020', 1020, 11);
INSERT INTO workspace VALUES ('1NV1-021', '1NV1-021', 1021, 11);
INSERT INTO workspacefeature VALUES ('1NV1-021', 1);
INSERT INTO workspacefeature VALUES ('1NV1-021', 3);
INSERT INTO workspace VALUES ('1NV1-022', '1NV1-022', 1022, 11);
INSERT INTO workspacefeature VALUES ('1NV1-022', 1);
INSERT INTO workspacefeature VALUES ('1NV1-022', 2);
INSERT INTO workspace VALUES ('1NV1-023', '1NV1-023', 1023, 11);
INSERT INTO workspacefeature VALUES ('1NV1-023', 1);
INSERT INTO workspace VALUES ('1NV1-024', '1NV1-024', 1024, 11);
INSERT INTO workspacefeature VALUES ('1NV1-024', 1);
INSERT INTO workspacefeature VALUES ('1NV1-024', 2);
INSERT INTO workspacefeature VALUES ('1NV1-024', 3);
INSERT INTO workspace VALUES ('1NV1-025', '1NV1-025', 1025, 11);
INSERT INTO workspacefeature VALUES ('1NV1-025', 1);
INSERT INTO workspace VALUES ('1NV1-026', '1NV1-026', 1026, 11);
INSERT INTO workspacefeature VALUES ('1NV1-026', 1);
INSERT INTO workspacefeature VALUES ('1NV1-026', 2);
INSERT INTO workspace VALUES ('1NV1-027', '1NV1-027', 1027, 11);
INSERT INTO workspacefeature VALUES ('1NV1-027', 1);
INSERT INTO workspacefeature VALUES ('1NV1-027', 3);
INSERT INTO workspace VALUES ('1NV1-028', '1NV1-028', 1028, 11);
INSERT INTO workspacefeature VALUES ('1NV1-028', 1);
INSERT INTO workspacefeature VALUES ('1NV1-028', 2);
INSERT INTO workspace VALUES ('1NV1-029', '1NV1-029', 1029, 11);
INSERT INTO workspacefeature VALUES ('1NV1-029', 1);
INSERT INTO workspace VALUES ('1NV1-030', '1NV1-030', 1030, 11);
INSERT INTO workspace VALUES ('1NV1-031', '1NV1-031', 1031, 11);
INSERT INTO workspacefeature VALUES ('1NV1-031', 1);
INSERT INTO workspace VALUES ('1NV1-032', '1NV1-032', 1032, 11);
INSERT INTO workspacefeature VALUES ('1NV1-032', 1);
INSERT INTO workspacefeature VALUES ('1NV1-032', 2);
INSERT INTO workspace VALUES ('1NV1-033', '1NV1-033', 1033, 11);
INSERT INTO workspacefeature VALUES ('1NV1-033', 1);
INSERT INTO workspacefeature VALUES ('1NV1-033', 3);
INSERT INTO workspace VALUES ('1NV1-034', '1NV1-034', 1034, 11);
INSERT INTO workspacefeature VALUES ('1NV1-034', 1);
INSERT INTO workspacefeature VALUES ('1NV1-034', 2);
INSERT INTO workspace VALUES ('1NV1-035', '1NV1-035', 1035, 11);
INSERT INTO workspacefeature VALUES ('1NV1-035', 1);
INSERT INTO workspace VALUES ('1NV1-036', '1NV1-036', 1036, 11);
INSERT INTO workspacefeature VALUES ('1NV1-036', 1);
INSERT INTO workspacefeature VALUES ('1NV1-036', 2);
INSERT INTO workspacefeature VALUES ('1NV1-036', 3);
INSERT INTO workspace VALUES ('1NV1-037', '1NV1-037', 1037, 11);
INSERT INTO workspacefeature VALUES ('1NV1-037', 1);
INSERT INTO workspace VALUES ('1NV1-038', '1NV1-038', 1038, 11);
INSERT INTO workspacefeature VALUES ('1NV1-038', 1);
INSERT INTO workspacefeature VALUES ('1NV1-038', 2);
INSERT INTO workspace VALUES ('1NV1-039', '1NV1-039', 1039, 11);
INSERT INTO workspacefeature VALUES ('1NV1-039', 1);
INSERT INTO workspacefeature VALUES ('1NV1-039', 3);
INSERT INTO workspace VALUES ('1NV1-040', '1NV1-040', 1040, 11);
INSERT INTO workspace VALUES ('1NV1-041', '1NV1-041', 1041, 11);
INSERT INTO workspacefeature VALUES ('1NV1-041', 1);
INSERT INTO workspace VALUES ('1NV1-042', '1NV1-042', 1042, 11);
INSERT INTO workspacefeature VALUES ('1NV1-042', 1);
INSERT INTO workspacefeature VALUES ('1NV1-042', 2);
INSERT INTO workspacefeature VALUES ('1NV1-042', 3);
INSERT INTO workspace VALUES ('1NV1-043', '1NV1-043', 1043, 11);
INSERT INTO workspacefeature VALUES ('1NV1-043', 1);
INSERT INTO workspace VALUES ('1NV1-044', '1NV1-044', 1044, 11);
INSERT INTO workspacefeature VALUES ('1NV1-044', 1);
INSERT INTO workspacefeature VALUES ('1NV1-044', 2);
INSERT INTO workspace VALUES ('1NV1-045', '1NV1-045', 1045, 11);
INSERT INTO workspacefeature VALUES ('1NV1-045', 1);
INSERT INTO workspacefeature VALUES ('1NV1-045', 3);
INSERT INTO workspace VALUES ('1NV1-046', '1NV1-046', 1046, 11);
INSERT INTO workspacefeature VALUES ('1NV1-046', 1);
INSERT INTO workspacefeature VALUES ('1NV1-046', 2);
INSERT INTO workspace VALUES ('1NV1-047', '1NV1-047', 1047, 11);
INSERT INTO workspacefeature VALUES ('1NV1-047', 1);
INSERT INTO workspace VALUES ('1NV1-048', '1NV1-048', 1048, 11);
INSERT INTO workspacefeature VALUES ('1NV1-048', 1);
INSERT INTO workspacefeature VALUES ('1NV1-048', 2);
INSERT INTO workspacefeature VALUES ('1NV1-048', 3);
INSERT INTO workspace VALUES ('1NV1-049', '1NV1-049', 1049, 11);
INSERT INTO workspacefeature VALUES ('1NV1-049', 1);
INSERT INTO workspace VALUES ('1NV1-050', '1NV1-050', 1050, 11);
INSERT INTO workspace VALUES ('1NV1-051', '1NV1-051', 1051, 11);
INSERT INTO workspacefeature VALUES ('1NV1-051', 1);
INSERT INTO workspacefeature VALUES ('1NV1-051', 3);
INSERT INTO workspace VALUES ('1NV1-052', '1NV1-052', 1052, 11);
INSERT INTO workspacefeature VALUES ('1NV1-052', 1);
INSERT INTO workspacefeature VALUES ('1NV1-052', 2);
INSERT INTO workspace VALUES ('1NV1-053', '1NV1-053', 1053, 11);
INSERT INTO workspacefeature VALUES ('1NV1-053', 1);
INSERT INTO workspace VALUES ('1NV1-054', '1NV1-054', 1054, 11);
INSERT INTO workspacefeature VALUES ('1NV1-054', 1);
INSERT INTO workspacefeature VALUES ('1NV1-054', 2);
INSERT INTO workspacefeature VALUES ('1NV1-054', 3);
INSERT INTO workspace VALUES ('1NV1-055', '1NV1-055', 1055, 11);
INSERT INTO workspacefeature VALUES ('1NV1-055', 1);
INSERT INTO workspace VALUES ('1NV1-056', '1NV1-056', 1056, 11);
INSERT INTO workspacefeature VALUES ('1NV1-056', 1);
INSERT INTO workspacefeature VALUES ('1NV1-056', 2);
INSERT INTO workspace VALUES ('1NV1-057', '1NV1-057', 1057, 11);
INSERT INTO workspacefeature VALUES ('1NV1-057', 1);
INSERT INTO workspacefeature VALUES ('1NV1-057', 3);
INSERT INTO workspace VALUES ('1NV1-058', '1NV1-058', 1058, 11);
INSERT INTO workspacefeature VALUES ('1NV1-058', 1);
INSERT INTO workspacefeature VALUES ('1NV1-058', 2);
INSERT INTO workspace VALUES ('1NV1-059', '1NV1-059', 1059, 11);
INSERT INTO workspacefeature VALUES ('1NV1-059', 1);
INSERT INTO workspace VALUES ('1NV1-060', '1NV1-060', 1060, 11);
INSERT INTO workspace VALUES ('1NV1-061', '1NV1-061', 1061, 11);
INSERT INTO workspacefeature VALUES ('1NV1-061', 1);
INSERT INTO workspace VALUES ('1NV1-062', '1NV1-062', 1062, 11);
INSERT INTO workspacefeature VALUES ('1NV1-062', 1);
INSERT INTO workspacefeature VALUES ('1NV1-062', 2);
INSERT INTO workspace VALUES ('1NV1-063', '1NV1-063', 1063, 11);
INSERT INTO workspacefeature VALUES ('1NV1-063', 1);
INSERT INTO workspacefeature VALUES ('1NV1-063', 3);
INSERT INTO workspace VALUES ('1NV1-064', '1NV1-064', 1064, 11);
INSERT INTO workspacefeature VALUES ('1NV1-064', 1);
INSERT INTO workspacefeature VALUES ('1NV1-064', 2);
INSERT INTO workspace VALUES ('1NV1-065', '1NV1-065', 1065, 11);
INSERT INTO workspacefeature VALUES ('1NV1-065', 1);
INSERT INTO workspace VALUES ('1NV1-066', '1NV1-066', 1066, 11);
INSERT INTO workspacefeature VALUES ('1NV1-066', 1);
INSERT INTO workspacefeature VALUES ('1NV1-066', 2);
INSERT INTO workspacefeature VALUES ('1NV1-066', 3);
INSERT INTO workspace VALUES ('1NV1-067', '1NV1-067', 1067, 11);
INSERT INTO workspacefeature VALUES ('1NV1-067', 1);
INSERT INTO workspace VALUES ('1NV1-068', '1NV1-068', 1068, 11);
INSERT INTO workspacefeature VALUES ('1NV1-068', 1);
INSERT INTO workspacefeature VALUES ('1NV1-068', 2);
INSERT INTO workspace VALUES ('1NV1-069', '1NV1-069', 1069, 11);
INSERT INTO workspacefeature VALUES ('1NV1-069', 1);
INSERT INTO workspacefeature VALUES ('1NV1-069', 3);
INSERT INTO workspace VALUES ('1NV1-070', '1NV1-070', 1070, 11);
INSERT INTO workspace VALUES ('1NV1-071', '1NV1-071', 1071, 11);
INSERT INTO workspacefeature VALUES ('1NV1-071', 1);
INSERT INTO workspace VALUES ('1NV1-072', '1NV1-072', 1072, 11);
INSERT INTO workspacefeature VALUES ('1NV1-072', 1);
INSERT INTO workspacefeature VALUES ('1NV1-072', 2);
INSERT INTO workspacefeature VALUES ('1NV1-072', 3);
INSERT INTO workspace VALUES ('1NV1-073', '1NV1-073', 1073, 11);
INSERT INTO workspacefeature VALUES ('1NV1-073', 1);
INSERT INTO workspace VALUES ('1NV1-074', '1NV1-074', 1074, 11);
INSERT INTO workspacefeature VALUES ('1NV1-074', 1);
INSERT INTO workspacefeature VALUES ('1NV1-074', 2);
INSERT INTO workspace VALUES ('1NV1-075', '1NV1-075', 1075, 11);
INSERT INTO workspacefeature VALUES ('1NV1-075', 1);
INSERT INTO workspacefeature VALUES ('1NV1-075', 3);
INSERT INTO workspace VALUES ('1NV1-076', '1NV1-076', 1076, 11);
INSERT INTO workspacefeature VALUES ('1NV1-076', 1);
INSERT INTO workspacefeature VALUES ('1NV1-076', 2);
INSERT INTO workspace VALUES ('1NV1-077', '1NV1-077', 1077, 11);
INSERT INTO workspacefeature VALUES ('1NV1-077', 1);
INSERT INTO workspace VALUES ('1NV1-078', '1NV1-078', 1078, 11);
INSERT INTO workspacefeature VALUES ('1NV1-078', 1);
INSERT INTO workspacefeature VALUES ('1NV1-078', 2);
INSERT INTO workspacefeature VALUES ('1NV1-078', 3);
INSERT INTO workspace VALUES ('1NV1-079', '1NV1-079', 1079, 11);
INSERT INTO workspacefeature VALUES ('1NV1-079', 1);
INSERT INTO workspace VALUES ('1NV1-080', '1NV1-080', 1080, 11);
INSERT INTO workspace VALUES ('1NV1-081', '1NV1-081', 1081, 11);
INSERT INTO workspacefeature VALUES ('1NV1-081', 1);
INSERT INTO workspacefeature VALUES ('1NV1-081', 3);
INSERT INTO workspace VALUES ('1NV1-082', '1NV1-082', 1082, 11);
INSERT INTO workspacefeature VALUES ('1NV1-082', 1);
INSERT INTO workspacefeature VALUES ('1NV1-082', 2);
INSERT INTO workspace VALUES ('1NV1-083', '1NV1-083', 1083, 11);
INSERT INTO workspacefeature VALUES ('1NV1-083', 1);
INSERT INTO workspace VALUES ('1NV1-084', '1NV1-084', 1084, 11);
INSERT INTO workspacefeature VALUES ('1NV1-084', 1);
INSERT INTO workspacefeature VALUES ('1NV1-084', 2);
INSERT INTO workspacefeature VALUES ('1NV1-084', 3);
INSERT INTO workspace VALUES ('1NV1-085', '1NV1-085', 1085, 11);
INSERT INTO workspacefeature VALUES ('1NV1-085', 1);
INSERT INTO workspace VALUES ('1NV1-086', '1NV1-086', 1086, 11);
INSERT INTO workspacefeature VALUES ('1NV1-086', 1);
INSERT INTO workspacefeature VALUES ('1NV1-086', 2);
INSERT INTO workspace VALUES ('1NV1-087', '1NV1-087', 1087, 11);
INSERT INTO workspacefeature VALUES ('1NV1-087', 1);
INSERT INTO workspacefeature VALUES ('1NV1-087', 3);
INSERT INTO workspace VALUES ('1NV1-088', '1NV1-088', 1088, 11);
INSERT INTO workspacefeature VALUES ('1NV1-088', 1);
INSERT INTO workspacefeature VALUES ('1NV1-088', 2);
INSERT INTO workspace VALUES ('1NV1-089', '1NV1-089', 1089, 11);
INSERT INTO workspacefeature VALUES ('1NV1-089', 1);
INSERT INTO workspace VALUES ('1NV1-090', '1NV1-090', 1090, 11);
INSERT INTO workspace VALUES ('1NV1-091', '1NV1-091', 1091, 11);
INSERT INTO workspacefeature VALUES ('1NV1-091', 1);
INSERT INTO workspace VALUES ('1NV1-092', '1NV1-092', 1092, 11);
INSERT INTO workspacefeature VALUES ('1NV1-092', 1);
INSERT INTO workspacefeature VALUES ('1NV1-092', 2);
INSERT INTO workspace VALUES ('1NV1-093', '1NV1-093', 1093, 11);
INSERT INTO workspacefeature VALUES ('1NV1-093', 1);
INSERT INTO workspacefeature VALUES ('1NV1-093', 3);
INSERT INTO workspace VALUES ('1NV1-094', '1NV1-094', 1094, 11);
INSERT INTO workspacefeature VALUES ('1NV1-094', 1);
INSERT INTO workspacefeature VALUES ('1NV1-094', 2);
INSERT INTO workspace VALUES ('1NV1-095', '1NV1-095', 1095, 11);
INSERT INTO workspacefeature VALUES ('1NV1-095', 1);
INSERT INTO workspace VALUES ('1NV1-096', '1NV1-096', 1096, 11);
INSERT INTO workspacefeature VALUES ('1NV1-096', 1);
INSERT INTO workspacefeature VALUES ('1NV1-096', 2);
INSERT INTO workspacefeature VALUES ('1NV1-096', 3);
INSERT INTO workspace VALUES ('1NV1-097', '1NV1-097', 1097, 11);
INSERT INTO workspacefeature VALUES ('1NV1-097', 1);
INSERT INTO workspace VALUES ('1NV1-098', '1NV1-098', 1098, 11);
INSERT INTO workspacefeature VALUES ('1NV1-098', 1);
INSERT INTO workspacefeature VALUES ('1NV1-098', 2);
INSERT INTO workspace VALUES ('1NV1-099', '1NV1-099', 1099, 11);
INSERT INTO workspacefeature VALUES ('1NV1-099', 1);
INSERT INTO workspacefeature VALUES ('1NV1-099', 3);
INSERT INTO workspace VALUES ('1NV1-100', '1NV1-100', 1100, 11);
INSERT INTO floor VALUES (12, 2, 'North Vancouver Building 1', 'North Vancouver', '1', NULL);
INSERT INTO workspace VALUES ('1NV2-001', '1NV2-001', 1101, 12);
INSERT INTO workspacefeature VALUES ('1NV2-001', 1);
INSERT INTO workspace VALUES ('1NV2-002', '1NV2-002', 1102, 12);
INSERT INTO workspacefeature VALUES ('1NV2-002', 1);
INSERT INTO workspacefeature VALUES ('1NV2-002', 2);
INSERT INTO workspace VALUES ('1NV2-003', '1NV2-003', 1103, 12);
INSERT INTO workspacefeature VALUES ('1NV2-003', 1);
INSERT INTO workspacefeature VALUES ('1NV2-003', 3);
INSERT INTO workspace VALUES ('1NV2-004', '1NV2-004', 1104, 12);
INSERT INTO workspacefeature VALUES ('1NV2-004', 1);
INSERT INTO workspacefeature VALUES ('1NV2-004', 2);
INSERT INTO workspace VALUES ('1NV2-005', '1NV2-005', 1105, 12);
INSERT INTO workspacefeature VALUES ('1NV2-005', 1);
INSERT INTO workspace VALUES ('1NV2-006', '1NV2-006', 1106, 12);
INSERT INTO workspacefeature VALUES ('1NV2-006', 1);
INSERT INTO workspacefeature VALUES ('1NV2-006', 2);
INSERT INTO workspacefeature VALUES ('1NV2-006', 3);
INSERT INTO workspace VALUES ('1NV2-007', '1NV2-007', 1107, 12);
INSERT INTO workspacefeature VALUES ('1NV2-007', 1);
INSERT INTO workspace VALUES ('1NV2-008', '1NV2-008', 1108, 12);
INSERT INTO workspacefeature VALUES ('1NV2-008', 1);
INSERT INTO workspacefeature VALUES ('1NV2-008', 2);
INSERT INTO workspace VALUES ('1NV2-009', '1NV2-009', 1109, 12);
INSERT INTO workspacefeature VALUES ('1NV2-009', 1);
INSERT INTO workspacefeature VALUES ('1NV2-009', 3);
INSERT INTO workspace VALUES ('1NV2-010', '1NV2-010', 1110, 12);
INSERT INTO workspace VALUES ('1NV2-011', '1NV2-011', 1111, 12);
INSERT INTO workspacefeature VALUES ('1NV2-011', 1);
INSERT INTO workspace VALUES ('1NV2-012', '1NV2-012', 1112, 12);
INSERT INTO workspacefeature VALUES ('1NV2-012', 1);
INSERT INTO workspacefeature VALUES ('1NV2-012', 2);
INSERT INTO workspacefeature VALUES ('1NV2-012', 3);
INSERT INTO workspace VALUES ('1NV2-013', '1NV2-013', 1113, 12);
INSERT INTO workspacefeature VALUES ('1NV2-013', 1);
INSERT INTO workspace VALUES ('1NV2-014', '1NV2-014', 1114, 12);
INSERT INTO workspacefeature VALUES ('1NV2-014', 1);
INSERT INTO workspacefeature VALUES ('1NV2-014', 2);
INSERT INTO workspace VALUES ('1NV2-015', '1NV2-015', 1115, 12);
INSERT INTO workspacefeature VALUES ('1NV2-015', 1);
INSERT INTO workspacefeature VALUES ('1NV2-015', 3);
INSERT INTO workspace VALUES ('1NV2-016', '1NV2-016', 1116, 12);
INSERT INTO workspacefeature VALUES ('1NV2-016', 1);
INSERT INTO workspacefeature VALUES ('1NV2-016', 2);
INSERT INTO workspace VALUES ('1NV2-017', '1NV2-017', 1117, 12);
INSERT INTO workspacefeature VALUES ('1NV2-017', 1);
INSERT INTO workspace VALUES ('1NV2-018', '1NV2-018', 1118, 12);
INSERT INTO workspacefeature VALUES ('1NV2-018', 1);
INSERT INTO workspacefeature VALUES ('1NV2-018', 2);
INSERT INTO workspacefeature VALUES ('1NV2-018', 3);
INSERT INTO workspace VALUES ('1NV2-019', '1NV2-019', 1119, 12);
INSERT INTO workspacefeature VALUES ('1NV2-019', 1);
INSERT INTO workspace VALUES ('1NV2-020', '1NV2-020', 1120, 12);
INSERT INTO workspace VALUES ('1NV2-021', '1NV2-021', 1121, 12);
INSERT INTO workspacefeature VALUES ('1NV2-021', 1);
INSERT INTO workspacefeature VALUES ('1NV2-021', 3);
INSERT INTO workspace VALUES ('1NV2-022', '1NV2-022', 1122, 12);
INSERT INTO workspacefeature VALUES ('1NV2-022', 1);
INSERT INTO workspacefeature VALUES ('1NV2-022', 2);
INSERT INTO workspace VALUES ('1NV2-023', '1NV2-023', 1123, 12);
INSERT INTO workspacefeature VALUES ('1NV2-023', 1);
INSERT INTO workspace VALUES ('1NV2-024', '1NV2-024', 1124, 12);
INSERT INTO workspacefeature VALUES ('1NV2-024', 1);
INSERT INTO workspacefeature VALUES ('1NV2-024', 2);
INSERT INTO workspacefeature VALUES ('1NV2-024', 3);
INSERT INTO workspace VALUES ('1NV2-025', '1NV2-025', 1125, 12);
INSERT INTO workspacefeature VALUES ('1NV2-025', 1);
INSERT INTO workspace VALUES ('1NV2-026', '1NV2-026', 1126, 12);
INSERT INTO workspacefeature VALUES ('1NV2-026', 1);
INSERT INTO workspacefeature VALUES ('1NV2-026', 2);
INSERT INTO workspace VALUES ('1NV2-027', '1NV2-027', 1127, 12);
INSERT INTO workspacefeature VALUES ('1NV2-027', 1);
INSERT INTO workspacefeature VALUES ('1NV2-027', 3);
INSERT INTO workspace VALUES ('1NV2-028', '1NV2-028', 1128, 12);
INSERT INTO workspacefeature VALUES ('1NV2-028', 1);
INSERT INTO workspacefeature VALUES ('1NV2-028', 2);
INSERT INTO workspace VALUES ('1NV2-029', '1NV2-029', 1129, 12);
INSERT INTO workspacefeature VALUES ('1NV2-029', 1);
INSERT INTO workspace VALUES ('1NV2-030', '1NV2-030', 1130, 12);
INSERT INTO workspace VALUES ('1NV2-031', '1NV2-031', 1131, 12);
INSERT INTO workspacefeature VALUES ('1NV2-031', 1);
INSERT INTO workspace VALUES ('1NV2-032', '1NV2-032', 1132, 12);
INSERT INTO workspacefeature VALUES ('1NV2-032', 1);
INSERT INTO workspacefeature VALUES ('1NV2-032', 2);
INSERT INTO workspace VALUES ('1NV2-033', '1NV2-033', 1133, 12);
INSERT INTO workspacefeature VALUES ('1NV2-033', 1);
INSERT INTO workspacefeature VALUES ('1NV2-033', 3);
INSERT INTO workspace VALUES ('1NV2-034', '1NV2-034', 1134, 12);
INSERT INTO workspacefeature VALUES ('1NV2-034', 1);
INSERT INTO workspacefeature VALUES ('1NV2-034', 2);
INSERT INTO workspace VALUES ('1NV2-035', '1NV2-035', 1135, 12);
INSERT INTO workspacefeature VALUES ('1NV2-035', 1);
INSERT INTO workspace VALUES ('1NV2-036', '1NV2-036', 1136, 12);
INSERT INTO workspacefeature VALUES ('1NV2-036', 1);
INSERT INTO workspacefeature VALUES ('1NV2-036', 2);
INSERT INTO workspacefeature VALUES ('1NV2-036', 3);
INSERT INTO workspace VALUES ('1NV2-037', '1NV2-037', 1137, 12);
INSERT INTO workspacefeature VALUES ('1NV2-037', 1);
INSERT INTO workspace VALUES ('1NV2-038', '1NV2-038', 1138, 12);
INSERT INTO workspacefeature VALUES ('1NV2-038', 1);
INSERT INTO workspacefeature VALUES ('1NV2-038', 2);
INSERT INTO workspace VALUES ('1NV2-039', '1NV2-039', 1139, 12);
INSERT INTO workspacefeature VALUES ('1NV2-039', 1);
INSERT INTO workspacefeature VALUES ('1NV2-039', 3);
INSERT INTO workspace VALUES ('1NV2-040', '1NV2-040', 1140, 12);
INSERT INTO workspace VALUES ('1NV2-041', '1NV2-041', 1141, 12);
INSERT INTO workspacefeature VALUES ('1NV2-041', 1);
INSERT INTO workspace VALUES ('1NV2-042', '1NV2-042', 1142, 12);
INSERT INTO workspacefeature VALUES ('1NV2-042', 1);
INSERT INTO workspacefeature VALUES ('1NV2-042', 2);
INSERT INTO workspacefeature VALUES ('1NV2-042', 3);
INSERT INTO workspace VALUES ('1NV2-043', '1NV2-043', 1143, 12);
INSERT INTO workspacefeature VALUES ('1NV2-043', 1);
INSERT INTO workspace VALUES ('1NV2-044', '1NV2-044', 1144, 12);
INSERT INTO workspacefeature VALUES ('1NV2-044', 1);
INSERT INTO workspacefeature VALUES ('1NV2-044', 2);
INSERT INTO workspace VALUES ('1NV2-045', '1NV2-045', 1145, 12);
INSERT INTO workspacefeature VALUES ('1NV2-045', 1);
INSERT INTO workspacefeature VALUES ('1NV2-045', 3);
INSERT INTO workspace VALUES ('1NV2-046', '1NV2-046', 1146, 12);
INSERT INTO workspacefeature VALUES ('1NV2-046', 1);
INSERT INTO workspacefeature VALUES ('1NV2-046', 2);
INSERT INTO workspace VALUES ('1NV2-047', '1NV2-047', 1147, 12);
INSERT INTO workspacefeature VALUES ('1NV2-047', 1);
INSERT INTO workspace VALUES ('1NV2-048', '1NV2-048', 1148, 12);
INSERT INTO workspacefeature VALUES ('1NV2-048', 1);
INSERT INTO workspacefeature VALUES ('1NV2-048', 2);
INSERT INTO workspacefeature VALUES ('1NV2-048', 3);
INSERT INTO workspace VALUES ('1NV2-049', '1NV2-049', 1149, 12);
INSERT INTO workspacefeature VALUES ('1NV2-049', 1);
INSERT INTO workspace VALUES ('1NV2-050', '1NV2-050', 1150, 12);
INSERT INTO workspace VALUES ('1NV2-051', '1NV2-051', 1151, 12);
INSERT INTO workspacefeature VALUES ('1NV2-051', 1);
INSERT INTO workspacefeature VALUES ('1NV2-051', 3);
INSERT INTO workspace VALUES ('1NV2-052', '1NV2-052', 1152, 12);
INSERT INTO workspacefeature VALUES ('1NV2-052', 1);
INSERT INTO workspacefeature VALUES ('1NV2-052', 2);
INSERT INTO workspace VALUES ('1NV2-053', '1NV2-053', 1153, 12);
INSERT INTO workspacefeature VALUES ('1NV2-053', 1);
INSERT INTO workspace VALUES ('1NV2-054', '1NV2-054', 1154, 12);
INSERT INTO workspacefeature VALUES ('1NV2-054', 1);
INSERT INTO workspacefeature VALUES ('1NV2-054', 2);
INSERT INTO workspacefeature VALUES ('1NV2-054', 3);
INSERT INTO workspace VALUES ('1NV2-055', '1NV2-055', 1155, 12);
INSERT INTO workspacefeature VALUES ('1NV2-055', 1);
INSERT INTO workspace VALUES ('1NV2-056', '1NV2-056', 1156, 12);
INSERT INTO workspacefeature VALUES ('1NV2-056', 1);
INSERT INTO workspacefeature VALUES ('1NV2-056', 2);
INSERT INTO workspace VALUES ('1NV2-057', '1NV2-057', 1157, 12);
INSERT INTO workspacefeature VALUES ('1NV2-057', 1);
INSERT INTO workspacefeature VALUES ('1NV2-057', 3);
INSERT INTO workspace VALUES ('1NV2-058', '1NV2-058', 1158, 12);
INSERT INTO workspacefeature VALUES ('1NV2-058', 1);
INSERT INTO workspacefeature VALUES ('1NV2-058', 2);
INSERT INTO workspace VALUES ('1NV2-059', '1NV2-059', 1159, 12);
INSERT INTO workspacefeature VALUES ('1NV2-059', 1);
INSERT INTO workspace VALUES ('1NV2-060', '1NV2-060', 1160, 12);
INSERT INTO workspace VALUES ('1NV2-061', '1NV2-061', 1161, 12);
INSERT INTO workspacefeature VALUES ('1NV2-061', 1);
INSERT INTO workspace VALUES ('1NV2-062', '1NV2-062', 1162, 12);
INSERT INTO workspacefeature VALUES ('1NV2-062', 1);
INSERT INTO workspacefeature VALUES ('1NV2-062', 2);
INSERT INTO workspace VALUES ('1NV2-063', '1NV2-063', 1163, 12);
INSERT INTO workspacefeature VALUES ('1NV2-063', 1);
INSERT INTO workspacefeature VALUES ('1NV2-063', 3);
INSERT INTO workspace VALUES ('1NV2-064', '1NV2-064', 1164, 12);
INSERT INTO workspacefeature VALUES ('1NV2-064', 1);
INSERT INTO workspacefeature VALUES ('1NV2-064', 2);
INSERT INTO workspace VALUES ('1NV2-065', '1NV2-065', 1165, 12);
INSERT INTO workspacefeature VALUES ('1NV2-065', 1);
INSERT INTO workspace VALUES ('1NV2-066', '1NV2-066', 1166, 12);
INSERT INTO workspacefeature VALUES ('1NV2-066', 1);
INSERT INTO workspacefeature VALUES ('1NV2-066', 2);
INSERT INTO workspacefeature VALUES ('1NV2-066', 3);
INSERT INTO workspace VALUES ('1NV2-067', '1NV2-067', 1167, 12);
INSERT INTO workspacefeature VALUES ('1NV2-067', 1);
INSERT INTO workspace VALUES ('1NV2-068', '1NV2-068', 1168, 12);
INSERT INTO workspacefeature VALUES ('1NV2-068', 1);
INSERT INTO workspacefeature VALUES ('1NV2-068', 2);
INSERT INTO workspace VALUES ('1NV2-069', '1NV2-069', 1169, 12);
INSERT INTO workspacefeature VALUES ('1NV2-069', 1);
INSERT INTO workspacefeature VALUES ('1NV2-069', 3);
INSERT INTO workspace VALUES ('1NV2-070', '1NV2-070', 1170, 12);
INSERT INTO workspace VALUES ('1NV2-071', '1NV2-071', 1171, 12);
INSERT INTO workspacefeature VALUES ('1NV2-071', 1);
INSERT INTO workspace VALUES ('1NV2-072', '1NV2-072', 1172, 12);
INSERT INTO workspacefeature VALUES ('1NV2-072', 1);
INSERT INTO workspacefeature VALUES ('1NV2-072', 2);
INSERT INTO workspacefeature VALUES ('1NV2-072', 3);
INSERT INTO workspace VALUES ('1NV2-073', '1NV2-073', 1173, 12);
INSERT INTO workspacefeature VALUES ('1NV2-073', 1);
INSERT INTO workspace VALUES ('1NV2-074', '1NV2-074', 1174, 12);
INSERT INTO workspacefeature VALUES ('1NV2-074', 1);
INSERT INTO workspacefeature VALUES ('1NV2-074', 2);
INSERT INTO workspace VALUES ('1NV2-075', '1NV2-075', 1175, 12);
INSERT INTO workspacefeature VALUES ('1NV2-075', 1);
INSERT INTO workspacefeature VALUES ('1NV2-075', 3);
INSERT INTO workspace VALUES ('1NV2-076', '1NV2-076', 1176, 12);
INSERT INTO workspacefeature VALUES ('1NV2-076', 1);
INSERT INTO workspacefeature VALUES ('1NV2-076', 2);
INSERT INTO workspace VALUES ('1NV2-077', '1NV2-077', 1177, 12);
INSERT INTO workspacefeature VALUES ('1NV2-077', 1);
INSERT INTO workspace VALUES ('1NV2-078', '1NV2-078', 1178, 12);
INSERT INTO workspacefeature VALUES ('1NV2-078', 1);
INSERT INTO workspacefeature VALUES ('1NV2-078', 2);
INSERT INTO workspacefeature VALUES ('1NV2-078', 3);
INSERT INTO workspace VALUES ('1NV2-079', '1NV2-079', 1179, 12);
INSERT INTO workspacefeature VALUES ('1NV2-079', 1);
INSERT INTO workspace VALUES ('1NV2-080', '1NV2-080', 1180, 12);
INSERT INTO workspace VALUES ('1NV2-081', '1NV2-081', 1181, 12);
INSERT INTO workspacefeature VALUES ('1NV2-081', 1);
INSERT INTO workspacefeature VALUES ('1NV2-081', 3);
INSERT INTO workspace VALUES ('1NV2-082', '1NV2-082', 1182, 12);
INSERT INTO workspacefeature VALUES ('1NV2-082', 1);
INSERT INTO workspacefeature VALUES ('1NV2-082', 2);
INSERT INTO workspace VALUES ('1NV2-083', '1NV2-083', 1183, 12);
INSERT INTO workspacefeature VALUES ('1NV2-083', 1);
INSERT INTO workspace VALUES ('1NV2-084', '1NV2-084', 1184, 12);
INSERT INTO workspacefeature VALUES ('1NV2-084', 1);
INSERT INTO workspacefeature VALUES ('1NV2-084', 2);
INSERT INTO workspacefeature VALUES ('1NV2-084', 3);
INSERT INTO workspace VALUES ('1NV2-085', '1NV2-085', 1185, 12);
INSERT INTO workspacefeature VALUES ('1NV2-085', 1);
INSERT INTO workspace VALUES ('1NV2-086', '1NV2-086', 1186, 12);
INSERT INTO workspacefeature VALUES ('1NV2-086', 1);
INSERT INTO workspacefeature VALUES ('1NV2-086', 2);
INSERT INTO workspace VALUES ('1NV2-087', '1NV2-087', 1187, 12);
INSERT INTO workspacefeature VALUES ('1NV2-087', 1);
INSERT INTO workspacefeature VALUES ('1NV2-087', 3);
INSERT INTO workspace VALUES ('1NV2-088', '1NV2-088', 1188, 12);
INSERT INTO workspacefeature VALUES ('1NV2-088', 1);
INSERT INTO workspacefeature VALUES ('1NV2-088', 2);
INSERT INTO workspace VALUES ('1NV2-089', '1NV2-089', 1189, 12);
INSERT INTO workspacefeature VALUES ('1NV2-089', 1);
INSERT INTO workspace VALUES ('1NV2-090', '1NV2-090', 1190, 12);
INSERT INTO workspace VALUES ('1NV2-091', '1NV2-091', 1191, 12);
INSERT INTO workspacefeature VALUES ('1NV2-091', 1);
INSERT INTO workspace VALUES ('1NV2-092', '1NV2-092', 1192, 12);
INSERT INTO workspacefeature VALUES ('1NV2-092', 1);
INSERT INTO workspacefeature VALUES ('1NV2-092', 2);
INSERT INTO workspace VALUES ('1NV2-093', '1NV2-093', 1193, 12);
INSERT INTO workspacefeature VALUES ('1NV2-093', 1);
INSERT INTO workspacefeature VALUES ('1NV2-093', 3);
INSERT INTO workspace VALUES ('1NV2-094', '1NV2-094', 1194, 12);
INSERT INTO workspacefeature VALUES ('1NV2-094', 1);
INSERT INTO workspacefeature VALUES ('1NV2-094', 2);
INSERT INTO workspace VALUES ('1NV2-095', '1NV2-095', 1195, 12);
INSERT INTO workspacefeature VALUES ('1NV2-095', 1);
INSERT INTO workspace VALUES ('1NV2-096', '1NV2-096', 1196, 12);
INSERT INTO workspacefeature VALUES ('1NV2-096', 1);
INSERT INTO workspacefeature VALUES ('1NV2-096', 2);
INSERT INTO workspacefeature VALUES ('1NV2-096', 3);
INSERT INTO workspace VALUES ('1NV2-097', '1NV2-097', 1197, 12);
INSERT INTO workspacefeature VALUES ('1NV2-097', 1);
INSERT INTO workspace VALUES ('1NV2-098', '1NV2-098', 1198, 12);
INSERT INTO workspacefeature VALUES ('1NV2-098', 1);
INSERT INTO workspacefeature VALUES ('1NV2-098', 2);
INSERT INTO workspace VALUES ('1NV2-099', '1NV2-099', 1199, 12);
INSERT INTO workspacefeature VALUES ('1NV2-099', 1);
INSERT INTO workspacefeature VALUES ('1NV2-099', 3);
INSERT INTO workspace VALUES ('1NV2-100', '1NV2-100', 1200, 12);
INSERT INTO floor VALUES (13, 3, 'North Vancouver Building 1', 'North Vancouver', '1', NULL);
INSERT INTO workspace VALUES ('1NV3-001', '1NV3-001', 1201, 13);
INSERT INTO workspacefeature VALUES ('1NV3-001', 1);
INSERT INTO workspace VALUES ('1NV3-002', '1NV3-002', 1202, 13);
INSERT INTO workspacefeature VALUES ('1NV3-002', 1);
INSERT INTO workspacefeature VALUES ('1NV3-002', 2);
INSERT INTO workspace VALUES ('1NV3-003', '1NV3-003', 1203, 13);
INSERT INTO workspacefeature VALUES ('1NV3-003', 1);
INSERT INTO workspacefeature VALUES ('1NV3-003', 3);
INSERT INTO workspace VALUES ('1NV3-004', '1NV3-004', 1204, 13);
INSERT INTO workspacefeature VALUES ('1NV3-004', 1);
INSERT INTO workspacefeature VALUES ('1NV3-004', 2);
INSERT INTO workspace VALUES ('1NV3-005', '1NV3-005', 1205, 13);
INSERT INTO workspacefeature VALUES ('1NV3-005', 1);
INSERT INTO workspace VALUES ('1NV3-006', '1NV3-006', 1206, 13);
INSERT INTO workspacefeature VALUES ('1NV3-006', 1);
INSERT INTO workspacefeature VALUES ('1NV3-006', 2);
INSERT INTO workspacefeature VALUES ('1NV3-006', 3);
INSERT INTO workspace VALUES ('1NV3-007', '1NV3-007', 1207, 13);
INSERT INTO workspacefeature VALUES ('1NV3-007', 1);
INSERT INTO workspace VALUES ('1NV3-008', '1NV3-008', 1208, 13);
INSERT INTO workspacefeature VALUES ('1NV3-008', 1);
INSERT INTO workspacefeature VALUES ('1NV3-008', 2);
INSERT INTO workspace VALUES ('1NV3-009', '1NV3-009', 1209, 13);
INSERT INTO workspacefeature VALUES ('1NV3-009', 1);
INSERT INTO workspacefeature VALUES ('1NV3-009', 3);
INSERT INTO workspace VALUES ('1NV3-010', '1NV3-010', 1210, 13);
INSERT INTO workspace VALUES ('1NV3-011', '1NV3-011', 1211, 13);
INSERT INTO workspacefeature VALUES ('1NV3-011', 1);
INSERT INTO workspace VALUES ('1NV3-012', '1NV3-012', 1212, 13);
INSERT INTO workspacefeature VALUES ('1NV3-012', 1);
INSERT INTO workspacefeature VALUES ('1NV3-012', 2);
INSERT INTO workspacefeature VALUES ('1NV3-012', 3);
INSERT INTO workspace VALUES ('1NV3-013', '1NV3-013', 1213, 13);
INSERT INTO workspacefeature VALUES ('1NV3-013', 1);
INSERT INTO workspace VALUES ('1NV3-014', '1NV3-014', 1214, 13);
INSERT INTO workspacefeature VALUES ('1NV3-014', 1);
INSERT INTO workspacefeature VALUES ('1NV3-014', 2);
INSERT INTO workspace VALUES ('1NV3-015', '1NV3-015', 1215, 13);
INSERT INTO workspacefeature VALUES ('1NV3-015', 1);
INSERT INTO workspacefeature VALUES ('1NV3-015', 3);
INSERT INTO workspace VALUES ('1NV3-016', '1NV3-016', 1216, 13);
INSERT INTO workspacefeature VALUES ('1NV3-016', 1);
INSERT INTO workspacefeature VALUES ('1NV3-016', 2);
INSERT INTO workspace VALUES ('1NV3-017', '1NV3-017', 1217, 13);
INSERT INTO workspacefeature VALUES ('1NV3-017', 1);
INSERT INTO workspace VALUES ('1NV3-018', '1NV3-018', 1218, 13);
INSERT INTO workspacefeature VALUES ('1NV3-018', 1);
INSERT INTO workspacefeature VALUES ('1NV3-018', 2);
INSERT INTO workspacefeature VALUES ('1NV3-018', 3);
INSERT INTO workspace VALUES ('1NV3-019', '1NV3-019', 1219, 13);
INSERT INTO workspacefeature VALUES ('1NV3-019', 1);
INSERT INTO workspace VALUES ('1NV3-020', '1NV3-020', 1220, 13);
INSERT INTO workspace VALUES ('1NV3-021', '1NV3-021', 1221, 13);
INSERT INTO workspacefeature VALUES ('1NV3-021', 1);
INSERT INTO workspacefeature VALUES ('1NV3-021', 3);
INSERT INTO workspace VALUES ('1NV3-022', '1NV3-022', 1222, 13);
INSERT INTO workspacefeature VALUES ('1NV3-022', 1);
INSERT INTO workspacefeature VALUES ('1NV3-022', 2);
INSERT INTO workspace VALUES ('1NV3-023', '1NV3-023', 1223, 13);
INSERT INTO workspacefeature VALUES ('1NV3-023', 1);
INSERT INTO workspace VALUES ('1NV3-024', '1NV3-024', 1224, 13);
INSERT INTO workspacefeature VALUES ('1NV3-024', 1);
INSERT INTO workspacefeature VALUES ('1NV3-024', 2);
INSERT INTO workspacefeature VALUES ('1NV3-024', 3);
INSERT INTO workspace VALUES ('1NV3-025', '1NV3-025', 1225, 13);
INSERT INTO workspacefeature VALUES ('1NV3-025', 1);
INSERT INTO workspace VALUES ('1NV3-026', '1NV3-026', 1226, 13);
INSERT INTO workspacefeature VALUES ('1NV3-026', 1);
INSERT INTO workspacefeature VALUES ('1NV3-026', 2);
INSERT INTO workspace VALUES ('1NV3-027', '1NV3-027', 1227, 13);
INSERT INTO workspacefeature VALUES ('1NV3-027', 1);
INSERT INTO workspacefeature VALUES ('1NV3-027', 3);
INSERT INTO workspace VALUES ('1NV3-028', '1NV3-028', 1228, 13);
INSERT INTO workspacefeature VALUES ('1NV3-028', 1);
INSERT INTO workspacefeature VALUES ('1NV3-028', 2);
INSERT INTO workspace VALUES ('1NV3-029', '1NV3-029', 1229, 13);
INSERT INTO workspacefeature VALUES ('1NV3-029', 1);
INSERT INTO workspace VALUES ('1NV3-030', '1NV3-030', 1230, 13);
INSERT INTO workspace VALUES ('1NV3-031', '1NV3-031', 1231, 13);
INSERT INTO workspacefeature VALUES ('1NV3-031', 1);
INSERT INTO workspace VALUES ('1NV3-032', '1NV3-032', 1232, 13);
INSERT INTO workspacefeature VALUES ('1NV3-032', 1);
INSERT INTO workspacefeature VALUES ('1NV3-032', 2);
INSERT INTO workspace VALUES ('1NV3-033', '1NV3-033', 1233, 13);
INSERT INTO workspacefeature VALUES ('1NV3-033', 1);
INSERT INTO workspacefeature VALUES ('1NV3-033', 3);
INSERT INTO workspace VALUES ('1NV3-034', '1NV3-034', 1234, 13);
INSERT INTO workspacefeature VALUES ('1NV3-034', 1);
INSERT INTO workspacefeature VALUES ('1NV3-034', 2);
INSERT INTO workspace VALUES ('1NV3-035', '1NV3-035', 1235, 13);
INSERT INTO workspacefeature VALUES ('1NV3-035', 1);
INSERT INTO workspace VALUES ('1NV3-036', '1NV3-036', 1236, 13);
INSERT INTO workspacefeature VALUES ('1NV3-036', 1);
INSERT INTO workspacefeature VALUES ('1NV3-036', 2);
INSERT INTO workspacefeature VALUES ('1NV3-036', 3);
INSERT INTO workspace VALUES ('1NV3-037', '1NV3-037', 1237, 13);
INSERT INTO workspacefeature VALUES ('1NV3-037', 1);
INSERT INTO workspace VALUES ('1NV3-038', '1NV3-038', 1238, 13);
INSERT INTO workspacefeature VALUES ('1NV3-038', 1);
INSERT INTO workspacefeature VALUES ('1NV3-038', 2);
INSERT INTO workspace VALUES ('1NV3-039', '1NV3-039', 1239, 13);
INSERT INTO workspacefeature VALUES ('1NV3-039', 1);
INSERT INTO workspacefeature VALUES ('1NV3-039', 3);
INSERT INTO workspace VALUES ('1NV3-040', '1NV3-040', 1240, 13);
INSERT INTO workspace VALUES ('1NV3-041', '1NV3-041', 1241, 13);
INSERT INTO workspacefeature VALUES ('1NV3-041', 1);
INSERT INTO workspace VALUES ('1NV3-042', '1NV3-042', 1242, 13);
INSERT INTO workspacefeature VALUES ('1NV3-042', 1);
INSERT INTO workspacefeature VALUES ('1NV3-042', 2);
INSERT INTO workspacefeature VALUES ('1NV3-042', 3);
INSERT INTO workspace VALUES ('1NV3-043', '1NV3-043', 1243, 13);
INSERT INTO workspacefeature VALUES ('1NV3-043', 1);
INSERT INTO workspace VALUES ('1NV3-044', '1NV3-044', 1244, 13);
INSERT INTO workspacefeature VALUES ('1NV3-044', 1);
INSERT INTO workspacefeature VALUES ('1NV3-044', 2);
INSERT INTO workspace VALUES ('1NV3-045', '1NV3-045', 1245, 13);
INSERT INTO workspacefeature VALUES ('1NV3-045', 1);
INSERT INTO workspacefeature VALUES ('1NV3-045', 3);
INSERT INTO workspace VALUES ('1NV3-046', '1NV3-046', 1246, 13);
INSERT INTO workspacefeature VALUES ('1NV3-046', 1);
INSERT INTO workspacefeature VALUES ('1NV3-046', 2);
INSERT INTO workspace VALUES ('1NV3-047', '1NV3-047', 1247, 13);
INSERT INTO workspacefeature VALUES ('1NV3-047', 1);
INSERT INTO workspace VALUES ('1NV3-048', '1NV3-048', 1248, 13);
INSERT INTO workspacefeature VALUES ('1NV3-048', 1);
INSERT INTO workspacefeature VALUES ('1NV3-048', 2);
INSERT INTO workspacefeature VALUES ('1NV3-048', 3);
INSERT INTO workspace VALUES ('1NV3-049', '1NV3-049', 1249, 13);
INSERT INTO workspacefeature VALUES ('1NV3-049', 1);
INSERT INTO workspace VALUES ('1NV3-050', '1NV3-050', 1250, 13);
INSERT INTO workspace VALUES ('1NV3-051', '1NV3-051', 1251, 13);
INSERT INTO workspacefeature VALUES ('1NV3-051', 1);
INSERT INTO workspacefeature VALUES ('1NV3-051', 3);
INSERT INTO workspace VALUES ('1NV3-052', '1NV3-052', 1252, 13);
INSERT INTO workspacefeature VALUES ('1NV3-052', 1);
INSERT INTO workspacefeature VALUES ('1NV3-052', 2);
INSERT INTO workspace VALUES ('1NV3-053', '1NV3-053', 1253, 13);
INSERT INTO workspacefeature VALUES ('1NV3-053', 1);
INSERT INTO workspace VALUES ('1NV3-054', '1NV3-054', 1254, 13);
INSERT INTO workspacefeature VALUES ('1NV3-054', 1);
INSERT INTO workspacefeature VALUES ('1NV3-054', 2);
INSERT INTO workspacefeature VALUES ('1NV3-054', 3);
INSERT INTO workspace VALUES ('1NV3-055', '1NV3-055', 1255, 13);
INSERT INTO workspacefeature VALUES ('1NV3-055', 1);
INSERT INTO workspace VALUES ('1NV3-056', '1NV3-056', 1256, 13);
INSERT INTO workspacefeature VALUES ('1NV3-056', 1);
INSERT INTO workspacefeature VALUES ('1NV3-056', 2);
INSERT INTO workspace VALUES ('1NV3-057', '1NV3-057', 1257, 13);
INSERT INTO workspacefeature VALUES ('1NV3-057', 1);
INSERT INTO workspacefeature VALUES ('1NV3-057', 3);
INSERT INTO workspace VALUES ('1NV3-058', '1NV3-058', 1258, 13);
INSERT INTO workspacefeature VALUES ('1NV3-058', 1);
INSERT INTO workspacefeature VALUES ('1NV3-058', 2);
INSERT INTO workspace VALUES ('1NV3-059', '1NV3-059', 1259, 13);
INSERT INTO workspacefeature VALUES ('1NV3-059', 1);
INSERT INTO workspace VALUES ('1NV3-060', '1NV3-060', 1260, 13);
INSERT INTO workspace VALUES ('1NV3-061', '1NV3-061', 1261, 13);
INSERT INTO workspacefeature VALUES ('1NV3-061', 1);
INSERT INTO workspace VALUES ('1NV3-062', '1NV3-062', 1262, 13);
INSERT INTO workspacefeature VALUES ('1NV3-062', 1);
INSERT INTO workspacefeature VALUES ('1NV3-062', 2);
INSERT INTO workspace VALUES ('1NV3-063', '1NV3-063', 1263, 13);
INSERT INTO workspacefeature VALUES ('1NV3-063', 1);
INSERT INTO workspacefeature VALUES ('1NV3-063', 3);
INSERT INTO workspace VALUES ('1NV3-064', '1NV3-064', 1264, 13);
INSERT INTO workspacefeature VALUES ('1NV3-064', 1);
INSERT INTO workspacefeature VALUES ('1NV3-064', 2);
INSERT INTO workspace VALUES ('1NV3-065', '1NV3-065', 1265, 13);
INSERT INTO workspacefeature VALUES ('1NV3-065', 1);
INSERT INTO workspace VALUES ('1NV3-066', '1NV3-066', 1266, 13);
INSERT INTO workspacefeature VALUES ('1NV3-066', 1);
INSERT INTO workspacefeature VALUES ('1NV3-066', 2);
INSERT INTO workspacefeature VALUES ('1NV3-066', 3);
INSERT INTO workspace VALUES ('1NV3-067', '1NV3-067', 1267, 13);
INSERT INTO workspacefeature VALUES ('1NV3-067', 1);
INSERT INTO workspace VALUES ('1NV3-068', '1NV3-068', 1268, 13);
INSERT INTO workspacefeature VALUES ('1NV3-068', 1);
INSERT INTO workspacefeature VALUES ('1NV3-068', 2);
INSERT INTO workspace VALUES ('1NV3-069', '1NV3-069', 1269, 13);
INSERT INTO workspacefeature VALUES ('1NV3-069', 1);
INSERT INTO workspacefeature VALUES ('1NV3-069', 3);
INSERT INTO workspace VALUES ('1NV3-070', '1NV3-070', 1270, 13);
INSERT INTO workspace VALUES ('1NV3-071', '1NV3-071', 1271, 13);
INSERT INTO workspacefeature VALUES ('1NV3-071', 1);
INSERT INTO workspace VALUES ('1NV3-072', '1NV3-072', 1272, 13);
INSERT INTO workspacefeature VALUES ('1NV3-072', 1);
INSERT INTO workspacefeature VALUES ('1NV3-072', 2);
INSERT INTO workspacefeature VALUES ('1NV3-072', 3);
INSERT INTO workspace VALUES ('1NV3-073', '1NV3-073', 1273, 13);
INSERT INTO workspacefeature VALUES ('1NV3-073', 1);
INSERT INTO workspace VALUES ('1NV3-074', '1NV3-074', 1274, 13);
INSERT INTO workspacefeature VALUES ('1NV3-074', 1);
INSERT INTO workspacefeature VALUES ('1NV3-074', 2);
INSERT INTO workspace VALUES ('1NV3-075', '1NV3-075', 1275, 13);
INSERT INTO workspacefeature VALUES ('1NV3-075', 1);
INSERT INTO workspacefeature VALUES ('1NV3-075', 3);
INSERT INTO workspace VALUES ('1NV3-076', '1NV3-076', 1276, 13);
INSERT INTO workspacefeature VALUES ('1NV3-076', 1);
INSERT INTO workspacefeature VALUES ('1NV3-076', 2);
INSERT INTO workspace VALUES ('1NV3-077', '1NV3-077', 1277, 13);
INSERT INTO workspacefeature VALUES ('1NV3-077', 1);
INSERT INTO workspace VALUES ('1NV3-078', '1NV3-078', 1278, 13);
INSERT INTO workspacefeature VALUES ('1NV3-078', 1);
INSERT INTO workspacefeature VALUES ('1NV3-078', 2);
INSERT INTO workspacefeature VALUES ('1NV3-078', 3);
INSERT INTO workspace VALUES ('1NV3-079', '1NV3-079', 1279, 13);
INSERT INTO workspacefeature VALUES ('1NV3-079', 1);
INSERT INTO workspace VALUES ('1NV3-080', '1NV3-080', 1280, 13);
INSERT INTO workspace VALUES ('1NV3-081', '1NV3-081', 1281, 13);
INSERT INTO workspacefeature VALUES ('1NV3-081', 1);
INSERT INTO workspacefeature VALUES ('1NV3-081', 3);
INSERT INTO workspace VALUES ('1NV3-082', '1NV3-082', 1282, 13);
INSERT INTO workspacefeature VALUES ('1NV3-082', 1);
INSERT INTO workspacefeature VALUES ('1NV3-082', 2);
INSERT INTO workspace VALUES ('1NV3-083', '1NV3-083', 1283, 13);
INSERT INTO workspacefeature VALUES ('1NV3-083', 1);
INSERT INTO workspace VALUES ('1NV3-084', '1NV3-084', 1284, 13);
INSERT INTO workspacefeature VALUES ('1NV3-084', 1);
INSERT INTO workspacefeature VALUES ('1NV3-084', 2);
INSERT INTO workspacefeature VALUES ('1NV3-084', 3);
INSERT INTO workspace VALUES ('1NV3-085', '1NV3-085', 1285, 13);
INSERT INTO workspacefeature VALUES ('1NV3-085', 1);
INSERT INTO workspace VALUES ('1NV3-086', '1NV3-086', 1286, 13);
INSERT INTO workspacefeature VALUES ('1NV3-086', 1);
INSERT INTO workspacefeature VALUES ('1NV3-086', 2);
INSERT INTO workspace VALUES ('1NV3-087', '1NV3-087', 1287, 13);
INSERT INTO workspacefeature VALUES ('1NV3-087', 1);
INSERT INTO workspacefeature VALUES ('1NV3-087', 3);
INSERT INTO workspace VALUES ('1NV3-088', '1NV3-088', 1288, 13);
INSERT INTO workspacefeature VALUES ('1NV3-088', 1);
INSERT INTO workspacefeature VALUES ('1NV3-088', 2);
INSERT INTO workspace VALUES ('1NV3-089', '1NV3-089', 1289, 13);
INSERT INTO workspacefeature VALUES ('1NV3-089', 1);
INSERT INTO workspace VALUES ('1NV3-090', '1NV3-090', 1290, 13);
INSERT INTO workspace VALUES ('1NV3-091', '1NV3-091', 1291, 13);
INSERT INTO workspacefeature VALUES ('1NV3-091', 1);
INSERT INTO workspace VALUES ('1NV3-092', '1NV3-092', 1292, 13);
INSERT INTO workspacefeature VALUES ('1NV3-092', 1);
INSERT INTO workspacefeature VALUES ('1NV3-092', 2);
INSERT INTO workspace VALUES ('1NV3-093', '1NV3-093', 1293, 13);
INSERT INTO workspacefeature VALUES ('1NV3-093', 1);
INSERT INTO workspacefeature VALUES ('1NV3-093', 3);
INSERT INTO workspace VALUES ('1NV3-094', '1NV3-094', 1294, 13);
INSERT INTO workspacefeature VALUES ('1NV3-094', 1);
INSERT INTO workspacefeature VALUES ('1NV3-094', 2);
INSERT INTO workspace VALUES ('1NV3-095', '1NV3-095', 1295, 13);
INSERT INTO workspacefeature VALUES ('1NV3-095', 1);
INSERT INTO workspace VALUES ('1NV3-096', '1NV3-096', 1296, 13);
INSERT INTO workspacefeature VALUES ('1NV3-096', 1);
INSERT INTO workspacefeature VALUES ('1NV3-096', 2);
INSERT INTO workspacefeature VALUES ('1NV3-096', 3);
INSERT INTO workspace VALUES ('1NV3-097', '1NV3-097', 1297, 13);
INSERT INTO workspacefeature VALUES ('1NV3-097', 1);
INSERT INTO workspace VALUES ('1NV3-098', '1NV3-098', 1298, 13);
INSERT INTO workspacefeature VALUES ('1NV3-098', 1);
INSERT INTO workspacefeature VALUES ('1NV3-098', 2);
INSERT INTO workspace VALUES ('1NV3-099', '1NV3-099', 1299, 13);
INSERT INTO workspacefeature VALUES ('1NV3-099', 1);
INSERT INTO workspacefeature VALUES ('1NV3-099', 3);
INSERT INTO workspace VALUES ('1NV3-100', '1NV3-100', 1300, 13);
INSERT INTO floor VALUES (14, 4, 'North Vancouver Building 1', 'North Vancouver', '1', NULL);
INSERT INTO workspace VALUES ('1NV4-001', '1NV4-001', 1301, 14);
INSERT INTO workspacefeature VALUES ('1NV4-001', 1);
INSERT INTO workspace VALUES ('1NV4-002', '1NV4-002', 1302, 14);
INSERT INTO workspacefeature VALUES ('1NV4-002', 1);
INSERT INTO workspacefeature VALUES ('1NV4-002', 2);
INSERT INTO workspace VALUES ('1NV4-003', '1NV4-003', 1303, 14);
INSERT INTO workspacefeature VALUES ('1NV4-003', 1);
INSERT INTO workspacefeature VALUES ('1NV4-003', 3);
INSERT INTO workspace VALUES ('1NV4-004', '1NV4-004', 1304, 14);
INSERT INTO workspacefeature VALUES ('1NV4-004', 1);
INSERT INTO workspacefeature VALUES ('1NV4-004', 2);
INSERT INTO workspace VALUES ('1NV4-005', '1NV4-005', 1305, 14);
INSERT INTO workspacefeature VALUES ('1NV4-005', 1);
INSERT INTO workspace VALUES ('1NV4-006', '1NV4-006', 1306, 14);
INSERT INTO workspacefeature VALUES ('1NV4-006', 1);
INSERT INTO workspacefeature VALUES ('1NV4-006', 2);
INSERT INTO workspacefeature VALUES ('1NV4-006', 3);
INSERT INTO workspace VALUES ('1NV4-007', '1NV4-007', 1307, 14);
INSERT INTO workspacefeature VALUES ('1NV4-007', 1);
INSERT INTO workspace VALUES ('1NV4-008', '1NV4-008', 1308, 14);
INSERT INTO workspacefeature VALUES ('1NV4-008', 1);
INSERT INTO workspacefeature VALUES ('1NV4-008', 2);
INSERT INTO workspace VALUES ('1NV4-009', '1NV4-009', 1309, 14);
INSERT INTO workspacefeature VALUES ('1NV4-009', 1);
INSERT INTO workspacefeature VALUES ('1NV4-009', 3);
INSERT INTO workspace VALUES ('1NV4-010', '1NV4-010', 1310, 14);
INSERT INTO workspace VALUES ('1NV4-011', '1NV4-011', 1311, 14);
INSERT INTO workspacefeature VALUES ('1NV4-011', 1);
INSERT INTO workspace VALUES ('1NV4-012', '1NV4-012', 1312, 14);
INSERT INTO workspacefeature VALUES ('1NV4-012', 1);
INSERT INTO workspacefeature VALUES ('1NV4-012', 2);
INSERT INTO workspacefeature VALUES ('1NV4-012', 3);
INSERT INTO workspace VALUES ('1NV4-013', '1NV4-013', 1313, 14);
INSERT INTO workspacefeature VALUES ('1NV4-013', 1);
INSERT INTO workspace VALUES ('1NV4-014', '1NV4-014', 1314, 14);
INSERT INTO workspacefeature VALUES ('1NV4-014', 1);
INSERT INTO workspacefeature VALUES ('1NV4-014', 2);
INSERT INTO workspace VALUES ('1NV4-015', '1NV4-015', 1315, 14);
INSERT INTO workspacefeature VALUES ('1NV4-015', 1);
INSERT INTO workspacefeature VALUES ('1NV4-015', 3);
INSERT INTO workspace VALUES ('1NV4-016', '1NV4-016', 1316, 14);
INSERT INTO workspacefeature VALUES ('1NV4-016', 1);
INSERT INTO workspacefeature VALUES ('1NV4-016', 2);
INSERT INTO workspace VALUES ('1NV4-017', '1NV4-017', 1317, 14);
INSERT INTO workspacefeature VALUES ('1NV4-017', 1);
INSERT INTO workspace VALUES ('1NV4-018', '1NV4-018', 1318, 14);
INSERT INTO workspacefeature VALUES ('1NV4-018', 1);
INSERT INTO workspacefeature VALUES ('1NV4-018', 2);
INSERT INTO workspacefeature VALUES ('1NV4-018', 3);
INSERT INTO workspace VALUES ('1NV4-019', '1NV4-019', 1319, 14);
INSERT INTO workspacefeature VALUES ('1NV4-019', 1);
INSERT INTO workspace VALUES ('1NV4-020', '1NV4-020', 1320, 14);
INSERT INTO workspace VALUES ('1NV4-021', '1NV4-021', 1321, 14);
INSERT INTO workspacefeature VALUES ('1NV4-021', 1);
INSERT INTO workspacefeature VALUES ('1NV4-021', 3);
INSERT INTO workspace VALUES ('1NV4-022', '1NV4-022', 1322, 14);
INSERT INTO workspacefeature VALUES ('1NV4-022', 1);
INSERT INTO workspacefeature VALUES ('1NV4-022', 2);
INSERT INTO workspace VALUES ('1NV4-023', '1NV4-023', 1323, 14);
INSERT INTO workspacefeature VALUES ('1NV4-023', 1);
INSERT INTO workspace VALUES ('1NV4-024', '1NV4-024', 1324, 14);
INSERT INTO workspacefeature VALUES ('1NV4-024', 1);
INSERT INTO workspacefeature VALUES ('1NV4-024', 2);
INSERT INTO workspacefeature VALUES ('1NV4-024', 3);
INSERT INTO workspace VALUES ('1NV4-025', '1NV4-025', 1325, 14);
INSERT INTO workspacefeature VALUES ('1NV4-025', 1);
INSERT INTO workspace VALUES ('1NV4-026', '1NV4-026', 1326, 14);
INSERT INTO workspacefeature VALUES ('1NV4-026', 1);
INSERT INTO workspacefeature VALUES ('1NV4-026', 2);
INSERT INTO workspace VALUES ('1NV4-027', '1NV4-027', 1327, 14);
INSERT INTO workspacefeature VALUES ('1NV4-027', 1);
INSERT INTO workspacefeature VALUES ('1NV4-027', 3);
INSERT INTO workspace VALUES ('1NV4-028', '1NV4-028', 1328, 14);
INSERT INTO workspacefeature VALUES ('1NV4-028', 1);
INSERT INTO workspacefeature VALUES ('1NV4-028', 2);
INSERT INTO workspace VALUES ('1NV4-029', '1NV4-029', 1329, 14);
INSERT INTO workspacefeature VALUES ('1NV4-029', 1);
INSERT INTO workspace VALUES ('1NV4-030', '1NV4-030', 1330, 14);
INSERT INTO workspace VALUES ('1NV4-031', '1NV4-031', 1331, 14);
INSERT INTO workspacefeature VALUES ('1NV4-031', 1);
INSERT INTO workspace VALUES ('1NV4-032', '1NV4-032', 1332, 14);
INSERT INTO workspacefeature VALUES ('1NV4-032', 1);
INSERT INTO workspacefeature VALUES ('1NV4-032', 2);
INSERT INTO workspace VALUES ('1NV4-033', '1NV4-033', 1333, 14);
INSERT INTO workspacefeature VALUES ('1NV4-033', 1);
INSERT INTO workspacefeature VALUES ('1NV4-033', 3);
INSERT INTO workspace VALUES ('1NV4-034', '1NV4-034', 1334, 14);
INSERT INTO workspacefeature VALUES ('1NV4-034', 1);
INSERT INTO workspacefeature VALUES ('1NV4-034', 2);
INSERT INTO workspace VALUES ('1NV4-035', '1NV4-035', 1335, 14);
INSERT INTO workspacefeature VALUES ('1NV4-035', 1);
INSERT INTO workspace VALUES ('1NV4-036', '1NV4-036', 1336, 14);
INSERT INTO workspacefeature VALUES ('1NV4-036', 1);
INSERT INTO workspacefeature VALUES ('1NV4-036', 2);
INSERT INTO workspacefeature VALUES ('1NV4-036', 3);
INSERT INTO workspace VALUES ('1NV4-037', '1NV4-037', 1337, 14);
INSERT INTO workspacefeature VALUES ('1NV4-037', 1);
INSERT INTO workspace VALUES ('1NV4-038', '1NV4-038', 1338, 14);
INSERT INTO workspacefeature VALUES ('1NV4-038', 1);
INSERT INTO workspacefeature VALUES ('1NV4-038', 2);
INSERT INTO workspace VALUES ('1NV4-039', '1NV4-039', 1339, 14);
INSERT INTO workspacefeature VALUES ('1NV4-039', 1);
INSERT INTO workspacefeature VALUES ('1NV4-039', 3);
INSERT INTO workspace VALUES ('1NV4-040', '1NV4-040', 1340, 14);
INSERT INTO workspace VALUES ('1NV4-041', '1NV4-041', 1341, 14);
INSERT INTO workspacefeature VALUES ('1NV4-041', 1);
INSERT INTO workspace VALUES ('1NV4-042', '1NV4-042', 1342, 14);
INSERT INTO workspacefeature VALUES ('1NV4-042', 1);
INSERT INTO workspacefeature VALUES ('1NV4-042', 2);
INSERT INTO workspacefeature VALUES ('1NV4-042', 3);
INSERT INTO workspace VALUES ('1NV4-043', '1NV4-043', 1343, 14);
INSERT INTO workspacefeature VALUES ('1NV4-043', 1);
INSERT INTO workspace VALUES ('1NV4-044', '1NV4-044', 1344, 14);
INSERT INTO workspacefeature VALUES ('1NV4-044', 1);
INSERT INTO workspacefeature VALUES ('1NV4-044', 2);
INSERT INTO workspace VALUES ('1NV4-045', '1NV4-045', 1345, 14);
INSERT INTO workspacefeature VALUES ('1NV4-045', 1);
INSERT INTO workspacefeature VALUES ('1NV4-045', 3);
INSERT INTO workspace VALUES ('1NV4-046', '1NV4-046', 1346, 14);
INSERT INTO workspacefeature VALUES ('1NV4-046', 1);
INSERT INTO workspacefeature VALUES ('1NV4-046', 2);
INSERT INTO workspace VALUES ('1NV4-047', '1NV4-047', 1347, 14);
INSERT INTO workspacefeature VALUES ('1NV4-047', 1);
INSERT INTO workspace VALUES ('1NV4-048', '1NV4-048', 1348, 14);
INSERT INTO workspacefeature VALUES ('1NV4-048', 1);
INSERT INTO workspacefeature VALUES ('1NV4-048', 2);
INSERT INTO workspacefeature VALUES ('1NV4-048', 3);
INSERT INTO workspace VALUES ('1NV4-049', '1NV4-049', 1349, 14);
INSERT INTO workspacefeature VALUES ('1NV4-049', 1);
INSERT INTO workspace VALUES ('1NV4-050', '1NV4-050', 1350, 14);
INSERT INTO workspace VALUES ('1NV4-051', '1NV4-051', 1351, 14);
INSERT INTO workspacefeature VALUES ('1NV4-051', 1);
INSERT INTO workspacefeature VALUES ('1NV4-051', 3);
INSERT INTO workspace VALUES ('1NV4-052', '1NV4-052', 1352, 14);
INSERT INTO workspacefeature VALUES ('1NV4-052', 1);
INSERT INTO workspacefeature VALUES ('1NV4-052', 2);
INSERT INTO workspace VALUES ('1NV4-053', '1NV4-053', 1353, 14);
INSERT INTO workspacefeature VALUES ('1NV4-053', 1);
INSERT INTO workspace VALUES ('1NV4-054', '1NV4-054', 1354, 14);
INSERT INTO workspacefeature VALUES ('1NV4-054', 1);
INSERT INTO workspacefeature VALUES ('1NV4-054', 2);
INSERT INTO workspacefeature VALUES ('1NV4-054', 3);
INSERT INTO workspace VALUES ('1NV4-055', '1NV4-055', 1355, 14);
INSERT INTO workspacefeature VALUES ('1NV4-055', 1);
INSERT INTO workspace VALUES ('1NV4-056', '1NV4-056', 1356, 14);
INSERT INTO workspacefeature VALUES ('1NV4-056', 1);
INSERT INTO workspacefeature VALUES ('1NV4-056', 2);
INSERT INTO workspace VALUES ('1NV4-057', '1NV4-057', 1357, 14);
INSERT INTO workspacefeature VALUES ('1NV4-057', 1);
INSERT INTO workspacefeature VALUES ('1NV4-057', 3);
INSERT INTO workspace VALUES ('1NV4-058', '1NV4-058', 1358, 14);
INSERT INTO workspacefeature VALUES ('1NV4-058', 1);
INSERT INTO workspacefeature VALUES ('1NV4-058', 2);
INSERT INTO workspace VALUES ('1NV4-059', '1NV4-059', 1359, 14);
INSERT INTO workspacefeature VALUES ('1NV4-059', 1);
INSERT INTO workspace VALUES ('1NV4-060', '1NV4-060', 1360, 14);
INSERT INTO workspace VALUES ('1NV4-061', '1NV4-061', 1361, 14);
INSERT INTO workspacefeature VALUES ('1NV4-061', 1);
INSERT INTO workspace VALUES ('1NV4-062', '1NV4-062', 1362, 14);
INSERT INTO workspacefeature VALUES ('1NV4-062', 1);
INSERT INTO workspacefeature VALUES ('1NV4-062', 2);
INSERT INTO workspace VALUES ('1NV4-063', '1NV4-063', 1363, 14);
INSERT INTO workspacefeature VALUES ('1NV4-063', 1);
INSERT INTO workspacefeature VALUES ('1NV4-063', 3);
INSERT INTO workspace VALUES ('1NV4-064', '1NV4-064', 1364, 14);
INSERT INTO workspacefeature VALUES ('1NV4-064', 1);
INSERT INTO workspacefeature VALUES ('1NV4-064', 2);
INSERT INTO workspace VALUES ('1NV4-065', '1NV4-065', 1365, 14);
INSERT INTO workspacefeature VALUES ('1NV4-065', 1);
INSERT INTO workspace VALUES ('1NV4-066', '1NV4-066', 1366, 14);
INSERT INTO workspacefeature VALUES ('1NV4-066', 1);
INSERT INTO workspacefeature VALUES ('1NV4-066', 2);
INSERT INTO workspacefeature VALUES ('1NV4-066', 3);
INSERT INTO workspace VALUES ('1NV4-067', '1NV4-067', 1367, 14);
INSERT INTO workspacefeature VALUES ('1NV4-067', 1);
INSERT INTO workspace VALUES ('1NV4-068', '1NV4-068', 1368, 14);
INSERT INTO workspacefeature VALUES ('1NV4-068', 1);
INSERT INTO workspacefeature VALUES ('1NV4-068', 2);
INSERT INTO workspace VALUES ('1NV4-069', '1NV4-069', 1369, 14);
INSERT INTO workspacefeature VALUES ('1NV4-069', 1);
INSERT INTO workspacefeature VALUES ('1NV4-069', 3);
INSERT INTO workspace VALUES ('1NV4-070', '1NV4-070', 1370, 14);
INSERT INTO workspace VALUES ('1NV4-071', '1NV4-071', 1371, 14);
INSERT INTO workspacefeature VALUES ('1NV4-071', 1);
INSERT INTO workspace VALUES ('1NV4-072', '1NV4-072', 1372, 14);
INSERT INTO workspacefeature VALUES ('1NV4-072', 1);
INSERT INTO workspacefeature VALUES ('1NV4-072', 2);
INSERT INTO workspacefeature VALUES ('1NV4-072', 3);
INSERT INTO workspace VALUES ('1NV4-073', '1NV4-073', 1373, 14);
INSERT INTO workspacefeature VALUES ('1NV4-073', 1);
INSERT INTO workspace VALUES ('1NV4-074', '1NV4-074', 1374, 14);
INSERT INTO workspacefeature VALUES ('1NV4-074', 1);
INSERT INTO workspacefeature VALUES ('1NV4-074', 2);
INSERT INTO workspace VALUES ('1NV4-075', '1NV4-075', 1375, 14);
INSERT INTO workspacefeature VALUES ('1NV4-075', 1);
INSERT INTO workspacefeature VALUES ('1NV4-075', 3);
INSERT INTO workspace VALUES ('1NV4-076', '1NV4-076', 1376, 14);
INSERT INTO workspacefeature VALUES ('1NV4-076', 1);
INSERT INTO workspacefeature VALUES ('1NV4-076', 2);
INSERT INTO workspace VALUES ('1NV4-077', '1NV4-077', 1377, 14);
INSERT INTO workspacefeature VALUES ('1NV4-077', 1);
INSERT INTO workspace VALUES ('1NV4-078', '1NV4-078', 1378, 14);
INSERT INTO workspacefeature VALUES ('1NV4-078', 1);
INSERT INTO workspacefeature VALUES ('1NV4-078', 2);
INSERT INTO workspacefeature VALUES ('1NV4-078', 3);
INSERT INTO workspace VALUES ('1NV4-079', '1NV4-079', 1379, 14);
INSERT INTO workspacefeature VALUES ('1NV4-079', 1);
INSERT INTO workspace VALUES ('1NV4-080', '1NV4-080', 1380, 14);
INSERT INTO workspace VALUES ('1NV4-081', '1NV4-081', 1381, 14);
INSERT INTO workspacefeature VALUES ('1NV4-081', 1);
INSERT INTO workspacefeature VALUES ('1NV4-081', 3);
INSERT INTO workspace VALUES ('1NV4-082', '1NV4-082', 1382, 14);
INSERT INTO workspacefeature VALUES ('1NV4-082', 1);
INSERT INTO workspacefeature VALUES ('1NV4-082', 2);
INSERT INTO workspace VALUES ('1NV4-083', '1NV4-083', 1383, 14);
INSERT INTO workspacefeature VALUES ('1NV4-083', 1);
INSERT INTO workspace VALUES ('1NV4-084', '1NV4-084', 1384, 14);
INSERT INTO workspacefeature VALUES ('1NV4-084', 1);
INSERT INTO workspacefeature VALUES ('1NV4-084', 2);
INSERT INTO workspacefeature VALUES ('1NV4-084', 3);
INSERT INTO workspace VALUES ('1NV4-085', '1NV4-085', 1385, 14);
INSERT INTO workspacefeature VALUES ('1NV4-085', 1);
INSERT INTO workspace VALUES ('1NV4-086', '1NV4-086', 1386, 14);
INSERT INTO workspacefeature VALUES ('1NV4-086', 1);
INSERT INTO workspacefeature VALUES ('1NV4-086', 2);
INSERT INTO workspace VALUES ('1NV4-087', '1NV4-087', 1387, 14);
INSERT INTO workspacefeature VALUES ('1NV4-087', 1);
INSERT INTO workspacefeature VALUES ('1NV4-087', 3);
INSERT INTO workspace VALUES ('1NV4-088', '1NV4-088', 1388, 14);
INSERT INTO workspacefeature VALUES ('1NV4-088', 1);
INSERT INTO workspacefeature VALUES ('1NV4-088', 2);
INSERT INTO workspace VALUES ('1NV4-089', '1NV4-089', 1389, 14);
INSERT INTO workspacefeature VALUES ('1NV4-089', 1);
INSERT INTO workspace VALUES ('1NV4-090', '1NV4-090', 1390, 14);
INSERT INTO workspace VALUES ('1NV4-091', '1NV4-091', 1391, 14);
INSERT INTO workspacefeature VALUES ('1NV4-091', 1);
INSERT INTO workspace VALUES ('1NV4-092', '1NV4-092', 1392, 14);
INSERT INTO workspacefeature VALUES ('1NV4-092', 1);
INSERT INTO workspacefeature VALUES ('1NV4-092', 2);
INSERT INTO workspace VALUES ('1NV4-093', '1NV4-093', 1393, 14);
INSERT INTO workspacefeature VALUES ('1NV4-093', 1);
INSERT INTO workspacefeature VALUES ('1NV4-093', 3);
INSERT INTO workspace VALUES ('1NV4-094', '1NV4-094', 1394, 14);
INSERT INTO workspacefeature VALUES ('1NV4-094', 1);
INSERT INTO workspacefeature VALUES ('1NV4-094', 2);
INSERT INTO workspace VALUES ('1NV4-095', '1NV4-095', 1395, 14);
INSERT INTO workspacefeature VALUES ('1NV4-095', 1);
INSERT INTO workspace VALUES ('1NV4-096', '1NV4-096', 1396, 14);
INSERT INTO workspacefeature VALUES ('1NV4-096', 1);
INSERT INTO workspacefeature VALUES ('1NV4-096', 2);
INSERT INTO workspacefeature VALUES ('1NV4-096', 3);
INSERT INTO workspace VALUES ('1NV4-097', '1NV4-097', 1397, 14);
INSERT INTO workspacefeature VALUES ('1NV4-097', 1);
INSERT INTO workspace VALUES ('1NV4-098', '1NV4-098', 1398, 14);
INSERT INTO workspacefeature VALUES ('1NV4-098', 1);
INSERT INTO workspacefeature VALUES ('1NV4-098', 2);
INSERT INTO workspace VALUES ('1NV4-099', '1NV4-099', 1399, 14);
INSERT INTO workspacefeature VALUES ('1NV4-099', 1);
INSERT INTO workspacefeature VALUES ('1NV4-099', 3);
INSERT INTO workspace VALUES ('1NV4-100', '1NV4-100', 1400, 14);
INSERT INTO floor VALUES (15, 5, 'North Vancouver Building 1', 'North Vancouver', '1', NULL);
INSERT INTO workspace VALUES ('1NV5-001', '1NV5-001', 1401, 15);
INSERT INTO workspacefeature VALUES ('1NV5-001', 1);
INSERT INTO workspace VALUES ('1NV5-002', '1NV5-002', 1402, 15);
INSERT INTO workspacefeature VALUES ('1NV5-002', 1);
INSERT INTO workspacefeature VALUES ('1NV5-002', 2);
INSERT INTO workspace VALUES ('1NV5-003', '1NV5-003', 1403, 15);
INSERT INTO workspacefeature VALUES ('1NV5-003', 1);
INSERT INTO workspacefeature VALUES ('1NV5-003', 3);
INSERT INTO workspace VALUES ('1NV5-004', '1NV5-004', 1404, 15);
INSERT INTO workspacefeature VALUES ('1NV5-004', 1);
INSERT INTO workspacefeature VALUES ('1NV5-004', 2);
INSERT INTO workspace VALUES ('1NV5-005', '1NV5-005', 1405, 15);
INSERT INTO workspacefeature VALUES ('1NV5-005', 1);
INSERT INTO workspace VALUES ('1NV5-006', '1NV5-006', 1406, 15);
INSERT INTO workspacefeature VALUES ('1NV5-006', 1);
INSERT INTO workspacefeature VALUES ('1NV5-006', 2);
INSERT INTO workspacefeature VALUES ('1NV5-006', 3);
INSERT INTO workspace VALUES ('1NV5-007', '1NV5-007', 1407, 15);
INSERT INTO workspacefeature VALUES ('1NV5-007', 1);
INSERT INTO workspace VALUES ('1NV5-008', '1NV5-008', 1408, 15);
INSERT INTO workspacefeature VALUES ('1NV5-008', 1);
INSERT INTO workspacefeature VALUES ('1NV5-008', 2);
INSERT INTO workspace VALUES ('1NV5-009', '1NV5-009', 1409, 15);
INSERT INTO workspacefeature VALUES ('1NV5-009', 1);
INSERT INTO workspacefeature VALUES ('1NV5-009', 3);
INSERT INTO workspace VALUES ('1NV5-010', '1NV5-010', 1410, 15);
INSERT INTO workspace VALUES ('1NV5-011', '1NV5-011', 1411, 15);
INSERT INTO workspacefeature VALUES ('1NV5-011', 1);
INSERT INTO workspace VALUES ('1NV5-012', '1NV5-012', 1412, 15);
INSERT INTO workspacefeature VALUES ('1NV5-012', 1);
INSERT INTO workspacefeature VALUES ('1NV5-012', 2);
INSERT INTO workspacefeature VALUES ('1NV5-012', 3);
INSERT INTO workspace VALUES ('1NV5-013', '1NV5-013', 1413, 15);
INSERT INTO workspacefeature VALUES ('1NV5-013', 1);
INSERT INTO workspace VALUES ('1NV5-014', '1NV5-014', 1414, 15);
INSERT INTO workspacefeature VALUES ('1NV5-014', 1);
INSERT INTO workspacefeature VALUES ('1NV5-014', 2);
INSERT INTO workspace VALUES ('1NV5-015', '1NV5-015', 1415, 15);
INSERT INTO workspacefeature VALUES ('1NV5-015', 1);
INSERT INTO workspacefeature VALUES ('1NV5-015', 3);
INSERT INTO workspace VALUES ('1NV5-016', '1NV5-016', 1416, 15);
INSERT INTO workspacefeature VALUES ('1NV5-016', 1);
INSERT INTO workspacefeature VALUES ('1NV5-016', 2);
INSERT INTO workspace VALUES ('1NV5-017', '1NV5-017', 1417, 15);
INSERT INTO workspacefeature VALUES ('1NV5-017', 1);
INSERT INTO workspace VALUES ('1NV5-018', '1NV5-018', 1418, 15);
INSERT INTO workspacefeature VALUES ('1NV5-018', 1);
INSERT INTO workspacefeature VALUES ('1NV5-018', 2);
INSERT INTO workspacefeature VALUES ('1NV5-018', 3);
INSERT INTO workspace VALUES ('1NV5-019', '1NV5-019', 1419, 15);
INSERT INTO workspacefeature VALUES ('1NV5-019', 1);
INSERT INTO workspace VALUES ('1NV5-020', '1NV5-020', 1420, 15);
INSERT INTO workspace VALUES ('1NV5-021', '1NV5-021', 1421, 15);
INSERT INTO workspacefeature VALUES ('1NV5-021', 1);
INSERT INTO workspacefeature VALUES ('1NV5-021', 3);
INSERT INTO workspace VALUES ('1NV5-022', '1NV5-022', 1422, 15);
INSERT INTO workspacefeature VALUES ('1NV5-022', 1);
INSERT INTO workspacefeature VALUES ('1NV5-022', 2);
INSERT INTO workspace VALUES ('1NV5-023', '1NV5-023', 1423, 15);
INSERT INTO workspacefeature VALUES ('1NV5-023', 1);
INSERT INTO workspace VALUES ('1NV5-024', '1NV5-024', 1424, 15);
INSERT INTO workspacefeature VALUES ('1NV5-024', 1);
INSERT INTO workspacefeature VALUES ('1NV5-024', 2);
INSERT INTO workspacefeature VALUES ('1NV5-024', 3);
INSERT INTO workspace VALUES ('1NV5-025', '1NV5-025', 1425, 15);
INSERT INTO workspacefeature VALUES ('1NV5-025', 1);
INSERT INTO workspace VALUES ('1NV5-026', '1NV5-026', 1426, 15);
INSERT INTO workspacefeature VALUES ('1NV5-026', 1);
INSERT INTO workspacefeature VALUES ('1NV5-026', 2);
INSERT INTO workspace VALUES ('1NV5-027', '1NV5-027', 1427, 15);
INSERT INTO workspacefeature VALUES ('1NV5-027', 1);
INSERT INTO workspacefeature VALUES ('1NV5-027', 3);
INSERT INTO workspace VALUES ('1NV5-028', '1NV5-028', 1428, 15);
INSERT INTO workspacefeature VALUES ('1NV5-028', 1);
INSERT INTO workspacefeature VALUES ('1NV5-028', 2);
INSERT INTO workspace VALUES ('1NV5-029', '1NV5-029', 1429, 15);
INSERT INTO workspacefeature VALUES ('1NV5-029', 1);
INSERT INTO workspace VALUES ('1NV5-030', '1NV5-030', 1430, 15);
INSERT INTO workspace VALUES ('1NV5-031', '1NV5-031', 1431, 15);
INSERT INTO workspacefeature VALUES ('1NV5-031', 1);
INSERT INTO workspace VALUES ('1NV5-032', '1NV5-032', 1432, 15);
INSERT INTO workspacefeature VALUES ('1NV5-032', 1);
INSERT INTO workspacefeature VALUES ('1NV5-032', 2);
INSERT INTO workspace VALUES ('1NV5-033', '1NV5-033', 1433, 15);
INSERT INTO workspacefeature VALUES ('1NV5-033', 1);
INSERT INTO workspacefeature VALUES ('1NV5-033', 3);
INSERT INTO workspace VALUES ('1NV5-034', '1NV5-034', 1434, 15);
INSERT INTO workspacefeature VALUES ('1NV5-034', 1);
INSERT INTO workspacefeature VALUES ('1NV5-034', 2);
INSERT INTO workspace VALUES ('1NV5-035', '1NV5-035', 1435, 15);
INSERT INTO workspacefeature VALUES ('1NV5-035', 1);
INSERT INTO workspace VALUES ('1NV5-036', '1NV5-036', 1436, 15);
INSERT INTO workspacefeature VALUES ('1NV5-036', 1);
INSERT INTO workspacefeature VALUES ('1NV5-036', 2);
INSERT INTO workspacefeature VALUES ('1NV5-036', 3);
INSERT INTO workspace VALUES ('1NV5-037', '1NV5-037', 1437, 15);
INSERT INTO workspacefeature VALUES ('1NV5-037', 1);
INSERT INTO workspace VALUES ('1NV5-038', '1NV5-038', 1438, 15);
INSERT INTO workspacefeature VALUES ('1NV5-038', 1);
INSERT INTO workspacefeature VALUES ('1NV5-038', 2);
INSERT INTO workspace VALUES ('1NV5-039', '1NV5-039', 1439, 15);
INSERT INTO workspacefeature VALUES ('1NV5-039', 1);
INSERT INTO workspacefeature VALUES ('1NV5-039', 3);
INSERT INTO workspace VALUES ('1NV5-040', '1NV5-040', 1440, 15);
INSERT INTO workspace VALUES ('1NV5-041', '1NV5-041', 1441, 15);
INSERT INTO workspacefeature VALUES ('1NV5-041', 1);
INSERT INTO workspace VALUES ('1NV5-042', '1NV5-042', 1442, 15);
INSERT INTO workspacefeature VALUES ('1NV5-042', 1);
INSERT INTO workspacefeature VALUES ('1NV5-042', 2);
INSERT INTO workspacefeature VALUES ('1NV5-042', 3);
INSERT INTO workspace VALUES ('1NV5-043', '1NV5-043', 1443, 15);
INSERT INTO workspacefeature VALUES ('1NV5-043', 1);
INSERT INTO workspace VALUES ('1NV5-044', '1NV5-044', 1444, 15);
INSERT INTO workspacefeature VALUES ('1NV5-044', 1);
INSERT INTO workspacefeature VALUES ('1NV5-044', 2);
INSERT INTO workspace VALUES ('1NV5-045', '1NV5-045', 1445, 15);
INSERT INTO workspacefeature VALUES ('1NV5-045', 1);
INSERT INTO workspacefeature VALUES ('1NV5-045', 3);
INSERT INTO workspace VALUES ('1NV5-046', '1NV5-046', 1446, 15);
INSERT INTO workspacefeature VALUES ('1NV5-046', 1);
INSERT INTO workspacefeature VALUES ('1NV5-046', 2);
INSERT INTO workspace VALUES ('1NV5-047', '1NV5-047', 1447, 15);
INSERT INTO workspacefeature VALUES ('1NV5-047', 1);
INSERT INTO workspace VALUES ('1NV5-048', '1NV5-048', 1448, 15);
INSERT INTO workspacefeature VALUES ('1NV5-048', 1);
INSERT INTO workspacefeature VALUES ('1NV5-048', 2);
INSERT INTO workspacefeature VALUES ('1NV5-048', 3);
INSERT INTO workspace VALUES ('1NV5-049', '1NV5-049', 1449, 15);
INSERT INTO workspacefeature VALUES ('1NV5-049', 1);
INSERT INTO workspace VALUES ('1NV5-050', '1NV5-050', 1450, 15);
INSERT INTO workspace VALUES ('1NV5-051', '1NV5-051', 1451, 15);
INSERT INTO workspacefeature VALUES ('1NV5-051', 1);
INSERT INTO workspacefeature VALUES ('1NV5-051', 3);
INSERT INTO workspace VALUES ('1NV5-052', '1NV5-052', 1452, 15);
INSERT INTO workspacefeature VALUES ('1NV5-052', 1);
INSERT INTO workspacefeature VALUES ('1NV5-052', 2);
INSERT INTO workspace VALUES ('1NV5-053', '1NV5-053', 1453, 15);
INSERT INTO workspacefeature VALUES ('1NV5-053', 1);
INSERT INTO workspace VALUES ('1NV5-054', '1NV5-054', 1454, 15);
INSERT INTO workspacefeature VALUES ('1NV5-054', 1);
INSERT INTO workspacefeature VALUES ('1NV5-054', 2);
INSERT INTO workspacefeature VALUES ('1NV5-054', 3);
INSERT INTO workspace VALUES ('1NV5-055', '1NV5-055', 1455, 15);
INSERT INTO workspacefeature VALUES ('1NV5-055', 1);
INSERT INTO workspace VALUES ('1NV5-056', '1NV5-056', 1456, 15);
INSERT INTO workspacefeature VALUES ('1NV5-056', 1);
INSERT INTO workspacefeature VALUES ('1NV5-056', 2);
INSERT INTO workspace VALUES ('1NV5-057', '1NV5-057', 1457, 15);
INSERT INTO workspacefeature VALUES ('1NV5-057', 1);
INSERT INTO workspacefeature VALUES ('1NV5-057', 3);
INSERT INTO workspace VALUES ('1NV5-058', '1NV5-058', 1458, 15);
INSERT INTO workspacefeature VALUES ('1NV5-058', 1);
INSERT INTO workspacefeature VALUES ('1NV5-058', 2);
INSERT INTO workspace VALUES ('1NV5-059', '1NV5-059', 1459, 15);
INSERT INTO workspacefeature VALUES ('1NV5-059', 1);
INSERT INTO workspace VALUES ('1NV5-060', '1NV5-060', 1460, 15);
INSERT INTO workspace VALUES ('1NV5-061', '1NV5-061', 1461, 15);
INSERT INTO workspacefeature VALUES ('1NV5-061', 1);
INSERT INTO workspace VALUES ('1NV5-062', '1NV5-062', 1462, 15);
INSERT INTO workspacefeature VALUES ('1NV5-062', 1);
INSERT INTO workspacefeature VALUES ('1NV5-062', 2);
INSERT INTO workspace VALUES ('1NV5-063', '1NV5-063', 1463, 15);
INSERT INTO workspacefeature VALUES ('1NV5-063', 1);
INSERT INTO workspacefeature VALUES ('1NV5-063', 3);
INSERT INTO workspace VALUES ('1NV5-064', '1NV5-064', 1464, 15);
INSERT INTO workspacefeature VALUES ('1NV5-064', 1);
INSERT INTO workspacefeature VALUES ('1NV5-064', 2);
INSERT INTO workspace VALUES ('1NV5-065', '1NV5-065', 1465, 15);
INSERT INTO workspacefeature VALUES ('1NV5-065', 1);
INSERT INTO workspace VALUES ('1NV5-066', '1NV5-066', 1466, 15);
INSERT INTO workspacefeature VALUES ('1NV5-066', 1);
INSERT INTO workspacefeature VALUES ('1NV5-066', 2);
INSERT INTO workspacefeature VALUES ('1NV5-066', 3);
INSERT INTO workspace VALUES ('1NV5-067', '1NV5-067', 1467, 15);
INSERT INTO workspacefeature VALUES ('1NV5-067', 1);
INSERT INTO workspace VALUES ('1NV5-068', '1NV5-068', 1468, 15);
INSERT INTO workspacefeature VALUES ('1NV5-068', 1);
INSERT INTO workspacefeature VALUES ('1NV5-068', 2);
INSERT INTO workspace VALUES ('1NV5-069', '1NV5-069', 1469, 15);
INSERT INTO workspacefeature VALUES ('1NV5-069', 1);
INSERT INTO workspacefeature VALUES ('1NV5-069', 3);
INSERT INTO workspace VALUES ('1NV5-070', '1NV5-070', 1470, 15);
INSERT INTO workspace VALUES ('1NV5-071', '1NV5-071', 1471, 15);
INSERT INTO workspacefeature VALUES ('1NV5-071', 1);
INSERT INTO workspace VALUES ('1NV5-072', '1NV5-072', 1472, 15);
INSERT INTO workspacefeature VALUES ('1NV5-072', 1);
INSERT INTO workspacefeature VALUES ('1NV5-072', 2);
INSERT INTO workspacefeature VALUES ('1NV5-072', 3);
INSERT INTO workspace VALUES ('1NV5-073', '1NV5-073', 1473, 15);
INSERT INTO workspacefeature VALUES ('1NV5-073', 1);
INSERT INTO workspace VALUES ('1NV5-074', '1NV5-074', 1474, 15);
INSERT INTO workspacefeature VALUES ('1NV5-074', 1);
INSERT INTO workspacefeature VALUES ('1NV5-074', 2);
INSERT INTO workspace VALUES ('1NV5-075', '1NV5-075', 1475, 15);
INSERT INTO workspacefeature VALUES ('1NV5-075', 1);
INSERT INTO workspacefeature VALUES ('1NV5-075', 3);
INSERT INTO workspace VALUES ('1NV5-076', '1NV5-076', 1476, 15);
INSERT INTO workspacefeature VALUES ('1NV5-076', 1);
INSERT INTO workspacefeature VALUES ('1NV5-076', 2);
INSERT INTO workspace VALUES ('1NV5-077', '1NV5-077', 1477, 15);
INSERT INTO workspacefeature VALUES ('1NV5-077', 1);
INSERT INTO workspace VALUES ('1NV5-078', '1NV5-078', 1478, 15);
INSERT INTO workspacefeature VALUES ('1NV5-078', 1);
INSERT INTO workspacefeature VALUES ('1NV5-078', 2);
INSERT INTO workspacefeature VALUES ('1NV5-078', 3);
INSERT INTO workspace VALUES ('1NV5-079', '1NV5-079', 1479, 15);
INSERT INTO workspacefeature VALUES ('1NV5-079', 1);
INSERT INTO workspace VALUES ('1NV5-080', '1NV5-080', 1480, 15);
INSERT INTO workspace VALUES ('1NV5-081', '1NV5-081', 1481, 15);
INSERT INTO workspacefeature VALUES ('1NV5-081', 1);
INSERT INTO workspacefeature VALUES ('1NV5-081', 3);
INSERT INTO workspace VALUES ('1NV5-082', '1NV5-082', 1482, 15);
INSERT INTO workspacefeature VALUES ('1NV5-082', 1);
INSERT INTO workspacefeature VALUES ('1NV5-082', 2);
INSERT INTO workspace VALUES ('1NV5-083', '1NV5-083', 1483, 15);
INSERT INTO workspacefeature VALUES ('1NV5-083', 1);
INSERT INTO workspace VALUES ('1NV5-084', '1NV5-084', 1484, 15);
INSERT INTO workspacefeature VALUES ('1NV5-084', 1);
INSERT INTO workspacefeature VALUES ('1NV5-084', 2);
INSERT INTO workspacefeature VALUES ('1NV5-084', 3);
INSERT INTO workspace VALUES ('1NV5-085', '1NV5-085', 1485, 15);
INSERT INTO workspacefeature VALUES ('1NV5-085', 1);
INSERT INTO workspace VALUES ('1NV5-086', '1NV5-086', 1486, 15);
INSERT INTO workspacefeature VALUES ('1NV5-086', 1);
INSERT INTO workspacefeature VALUES ('1NV5-086', 2);
INSERT INTO workspace VALUES ('1NV5-087', '1NV5-087', 1487, 15);
INSERT INTO workspacefeature VALUES ('1NV5-087', 1);
INSERT INTO workspacefeature VALUES ('1NV5-087', 3);
INSERT INTO workspace VALUES ('1NV5-088', '1NV5-088', 1488, 15);
INSERT INTO workspacefeature VALUES ('1NV5-088', 1);
INSERT INTO workspacefeature VALUES ('1NV5-088', 2);
INSERT INTO workspace VALUES ('1NV5-089', '1NV5-089', 1489, 15);
INSERT INTO workspacefeature VALUES ('1NV5-089', 1);
INSERT INTO workspace VALUES ('1NV5-090', '1NV5-090', 1490, 15);
INSERT INTO workspace VALUES ('1NV5-091', '1NV5-091', 1491, 15);
INSERT INTO workspacefeature VALUES ('1NV5-091', 1);
INSERT INTO workspace VALUES ('1NV5-092', '1NV5-092', 1492, 15);
INSERT INTO workspacefeature VALUES ('1NV5-092', 1);
INSERT INTO workspacefeature VALUES ('1NV5-092', 2);
INSERT INTO workspace VALUES ('1NV5-093', '1NV5-093', 1493, 15);
INSERT INTO workspacefeature VALUES ('1NV5-093', 1);
INSERT INTO workspacefeature VALUES ('1NV5-093', 3);
INSERT INTO workspace VALUES ('1NV5-094', '1NV5-094', 1494, 15);
INSERT INTO workspacefeature VALUES ('1NV5-094', 1);
INSERT INTO workspacefeature VALUES ('1NV5-094', 2);
INSERT INTO workspace VALUES ('1NV5-095', '1NV5-095', 1495, 15);
INSERT INTO workspacefeature VALUES ('1NV5-095', 1);
INSERT INTO workspace VALUES ('1NV5-096', '1NV5-096', 1496, 15);
INSERT INTO workspacefeature VALUES ('1NV5-096', 1);
INSERT INTO workspacefeature VALUES ('1NV5-096', 2);
INSERT INTO workspacefeature VALUES ('1NV5-096', 3);
INSERT INTO workspace VALUES ('1NV5-097', '1NV5-097', 1497, 15);
INSERT INTO workspacefeature VALUES ('1NV5-097', 1);
INSERT INTO workspace VALUES ('1NV5-098', '1NV5-098', 1498, 15);
INSERT INTO workspacefeature VALUES ('1NV5-098', 1);
INSERT INTO workspacefeature VALUES ('1NV5-098', 2);
INSERT INTO workspace VALUES ('1NV5-099', '1NV5-099', 1499, 15);
INSERT INTO workspacefeature VALUES ('1NV5-099', 1);
INSERT INTO workspacefeature VALUES ('1NV5-099', 3);
INSERT INTO workspace VALUES ('1NV5-100', '1NV5-100', 1500, 15);
INSERT INTO floor VALUES (16, 1, 'North Vancouver Building 2', 'North Vancouver', '2', NULL);
INSERT INTO workspace VALUES ('2NV1-001', '2NV1-001', 1501, 16);
INSERT INTO workspacefeature VALUES ('2NV1-001', 1);
INSERT INTO workspace VALUES ('2NV1-002', '2NV1-002', 1502, 16);
INSERT INTO workspacefeature VALUES ('2NV1-002', 1);
INSERT INTO workspacefeature VALUES ('2NV1-002', 2);
INSERT INTO workspace VALUES ('2NV1-003', '2NV1-003', 1503, 16);
INSERT INTO workspacefeature VALUES ('2NV1-003', 1);
INSERT INTO workspacefeature VALUES ('2NV1-003', 3);
INSERT INTO workspace VALUES ('2NV1-004', '2NV1-004', 1504, 16);
INSERT INTO workspacefeature VALUES ('2NV1-004', 1);
INSERT INTO workspacefeature VALUES ('2NV1-004', 2);
INSERT INTO workspace VALUES ('2NV1-005', '2NV1-005', 1505, 16);
INSERT INTO workspacefeature VALUES ('2NV1-005', 1);
INSERT INTO workspace VALUES ('2NV1-006', '2NV1-006', 1506, 16);
INSERT INTO workspacefeature VALUES ('2NV1-006', 1);
INSERT INTO workspacefeature VALUES ('2NV1-006', 2);
INSERT INTO workspacefeature VALUES ('2NV1-006', 3);
INSERT INTO workspace VALUES ('2NV1-007', '2NV1-007', 1507, 16);
INSERT INTO workspacefeature VALUES ('2NV1-007', 1);
INSERT INTO workspace VALUES ('2NV1-008', '2NV1-008', 1508, 16);
INSERT INTO workspacefeature VALUES ('2NV1-008', 1);
INSERT INTO workspacefeature VALUES ('2NV1-008', 2);
INSERT INTO workspace VALUES ('2NV1-009', '2NV1-009', 1509, 16);
INSERT INTO workspacefeature VALUES ('2NV1-009', 1);
INSERT INTO workspacefeature VALUES ('2NV1-009', 3);
INSERT INTO workspace VALUES ('2NV1-010', '2NV1-010', 1510, 16);
INSERT INTO workspace VALUES ('2NV1-011', '2NV1-011', 1511, 16);
INSERT INTO workspacefeature VALUES ('2NV1-011', 1);
INSERT INTO workspace VALUES ('2NV1-012', '2NV1-012', 1512, 16);
INSERT INTO workspacefeature VALUES ('2NV1-012', 1);
INSERT INTO workspacefeature VALUES ('2NV1-012', 2);
INSERT INTO workspacefeature VALUES ('2NV1-012', 3);
INSERT INTO workspace VALUES ('2NV1-013', '2NV1-013', 1513, 16);
INSERT INTO workspacefeature VALUES ('2NV1-013', 1);
INSERT INTO workspace VALUES ('2NV1-014', '2NV1-014', 1514, 16);
INSERT INTO workspacefeature VALUES ('2NV1-014', 1);
INSERT INTO workspacefeature VALUES ('2NV1-014', 2);
INSERT INTO workspace VALUES ('2NV1-015', '2NV1-015', 1515, 16);
INSERT INTO workspacefeature VALUES ('2NV1-015', 1);
INSERT INTO workspacefeature VALUES ('2NV1-015', 3);
INSERT INTO workspace VALUES ('2NV1-016', '2NV1-016', 1516, 16);
INSERT INTO workspacefeature VALUES ('2NV1-016', 1);
INSERT INTO workspacefeature VALUES ('2NV1-016', 2);
INSERT INTO workspace VALUES ('2NV1-017', '2NV1-017', 1517, 16);
INSERT INTO workspacefeature VALUES ('2NV1-017', 1);
INSERT INTO workspace VALUES ('2NV1-018', '2NV1-018', 1518, 16);
INSERT INTO workspacefeature VALUES ('2NV1-018', 1);
INSERT INTO workspacefeature VALUES ('2NV1-018', 2);
INSERT INTO workspacefeature VALUES ('2NV1-018', 3);
INSERT INTO workspace VALUES ('2NV1-019', '2NV1-019', 1519, 16);
INSERT INTO workspacefeature VALUES ('2NV1-019', 1);
INSERT INTO workspace VALUES ('2NV1-020', '2NV1-020', 1520, 16);
INSERT INTO workspace VALUES ('2NV1-021', '2NV1-021', 1521, 16);
INSERT INTO workspacefeature VALUES ('2NV1-021', 1);
INSERT INTO workspacefeature VALUES ('2NV1-021', 3);
INSERT INTO workspace VALUES ('2NV1-022', '2NV1-022', 1522, 16);
INSERT INTO workspacefeature VALUES ('2NV1-022', 1);
INSERT INTO workspacefeature VALUES ('2NV1-022', 2);
INSERT INTO workspace VALUES ('2NV1-023', '2NV1-023', 1523, 16);
INSERT INTO workspacefeature VALUES ('2NV1-023', 1);
INSERT INTO workspace VALUES ('2NV1-024', '2NV1-024', 1524, 16);
INSERT INTO workspacefeature VALUES ('2NV1-024', 1);
INSERT INTO workspacefeature VALUES ('2NV1-024', 2);
INSERT INTO workspacefeature VALUES ('2NV1-024', 3);
INSERT INTO workspace VALUES ('2NV1-025', '2NV1-025', 1525, 16);
INSERT INTO workspacefeature VALUES ('2NV1-025', 1);
INSERT INTO workspace VALUES ('2NV1-026', '2NV1-026', 1526, 16);
INSERT INTO workspacefeature VALUES ('2NV1-026', 1);
INSERT INTO workspacefeature VALUES ('2NV1-026', 2);
INSERT INTO workspace VALUES ('2NV1-027', '2NV1-027', 1527, 16);
INSERT INTO workspacefeature VALUES ('2NV1-027', 1);
INSERT INTO workspacefeature VALUES ('2NV1-027', 3);
INSERT INTO workspace VALUES ('2NV1-028', '2NV1-028', 1528, 16);
INSERT INTO workspacefeature VALUES ('2NV1-028', 1);
INSERT INTO workspacefeature VALUES ('2NV1-028', 2);
INSERT INTO workspace VALUES ('2NV1-029', '2NV1-029', 1529, 16);
INSERT INTO workspacefeature VALUES ('2NV1-029', 1);
INSERT INTO workspace VALUES ('2NV1-030', '2NV1-030', 1530, 16);
INSERT INTO workspace VALUES ('2NV1-031', '2NV1-031', 1531, 16);
INSERT INTO workspacefeature VALUES ('2NV1-031', 1);
INSERT INTO workspace VALUES ('2NV1-032', '2NV1-032', 1532, 16);
INSERT INTO workspacefeature VALUES ('2NV1-032', 1);
INSERT INTO workspacefeature VALUES ('2NV1-032', 2);
INSERT INTO workspace VALUES ('2NV1-033', '2NV1-033', 1533, 16);
INSERT INTO workspacefeature VALUES ('2NV1-033', 1);
INSERT INTO workspacefeature VALUES ('2NV1-033', 3);
INSERT INTO workspace VALUES ('2NV1-034', '2NV1-034', 1534, 16);
INSERT INTO workspacefeature VALUES ('2NV1-034', 1);
INSERT INTO workspacefeature VALUES ('2NV1-034', 2);
INSERT INTO workspace VALUES ('2NV1-035', '2NV1-035', 1535, 16);
INSERT INTO workspacefeature VALUES ('2NV1-035', 1);
INSERT INTO workspace VALUES ('2NV1-036', '2NV1-036', 1536, 16);
INSERT INTO workspacefeature VALUES ('2NV1-036', 1);
INSERT INTO workspacefeature VALUES ('2NV1-036', 2);
INSERT INTO workspacefeature VALUES ('2NV1-036', 3);
INSERT INTO workspace VALUES ('2NV1-037', '2NV1-037', 1537, 16);
INSERT INTO workspacefeature VALUES ('2NV1-037', 1);
INSERT INTO workspace VALUES ('2NV1-038', '2NV1-038', 1538, 16);
INSERT INTO workspacefeature VALUES ('2NV1-038', 1);
INSERT INTO workspacefeature VALUES ('2NV1-038', 2);
INSERT INTO workspace VALUES ('2NV1-039', '2NV1-039', 1539, 16);
INSERT INTO workspacefeature VALUES ('2NV1-039', 1);
INSERT INTO workspacefeature VALUES ('2NV1-039', 3);
INSERT INTO workspace VALUES ('2NV1-040', '2NV1-040', 1540, 16);
INSERT INTO workspace VALUES ('2NV1-041', '2NV1-041', 1541, 16);
INSERT INTO workspacefeature VALUES ('2NV1-041', 1);
INSERT INTO workspace VALUES ('2NV1-042', '2NV1-042', 1542, 16);
INSERT INTO workspacefeature VALUES ('2NV1-042', 1);
INSERT INTO workspacefeature VALUES ('2NV1-042', 2);
INSERT INTO workspacefeature VALUES ('2NV1-042', 3);
INSERT INTO workspace VALUES ('2NV1-043', '2NV1-043', 1543, 16);
INSERT INTO workspacefeature VALUES ('2NV1-043', 1);
INSERT INTO workspace VALUES ('2NV1-044', '2NV1-044', 1544, 16);
INSERT INTO workspacefeature VALUES ('2NV1-044', 1);
INSERT INTO workspacefeature VALUES ('2NV1-044', 2);
INSERT INTO workspace VALUES ('2NV1-045', '2NV1-045', 1545, 16);
INSERT INTO workspacefeature VALUES ('2NV1-045', 1);
INSERT INTO workspacefeature VALUES ('2NV1-045', 3);
INSERT INTO workspace VALUES ('2NV1-046', '2NV1-046', 1546, 16);
INSERT INTO workspacefeature VALUES ('2NV1-046', 1);
INSERT INTO workspacefeature VALUES ('2NV1-046', 2);
INSERT INTO workspace VALUES ('2NV1-047', '2NV1-047', 1547, 16);
INSERT INTO workspacefeature VALUES ('2NV1-047', 1);
INSERT INTO workspace VALUES ('2NV1-048', '2NV1-048', 1548, 16);
INSERT INTO workspacefeature VALUES ('2NV1-048', 1);
INSERT INTO workspacefeature VALUES ('2NV1-048', 2);
INSERT INTO workspacefeature VALUES ('2NV1-048', 3);
INSERT INTO workspace VALUES ('2NV1-049', '2NV1-049', 1549, 16);
INSERT INTO workspacefeature VALUES ('2NV1-049', 1);
INSERT INTO workspace VALUES ('2NV1-050', '2NV1-050', 1550, 16);
INSERT INTO workspace VALUES ('2NV1-051', '2NV1-051', 1551, 16);
INSERT INTO workspacefeature VALUES ('2NV1-051', 1);
INSERT INTO workspacefeature VALUES ('2NV1-051', 3);
INSERT INTO workspace VALUES ('2NV1-052', '2NV1-052', 1552, 16);
INSERT INTO workspacefeature VALUES ('2NV1-052', 1);
INSERT INTO workspacefeature VALUES ('2NV1-052', 2);
INSERT INTO workspace VALUES ('2NV1-053', '2NV1-053', 1553, 16);
INSERT INTO workspacefeature VALUES ('2NV1-053', 1);
INSERT INTO workspace VALUES ('2NV1-054', '2NV1-054', 1554, 16);
INSERT INTO workspacefeature VALUES ('2NV1-054', 1);
INSERT INTO workspacefeature VALUES ('2NV1-054', 2);
INSERT INTO workspacefeature VALUES ('2NV1-054', 3);
INSERT INTO workspace VALUES ('2NV1-055', '2NV1-055', 1555, 16);
INSERT INTO workspacefeature VALUES ('2NV1-055', 1);
INSERT INTO workspace VALUES ('2NV1-056', '2NV1-056', 1556, 16);
INSERT INTO workspacefeature VALUES ('2NV1-056', 1);
INSERT INTO workspacefeature VALUES ('2NV1-056', 2);
INSERT INTO workspace VALUES ('2NV1-057', '2NV1-057', 1557, 16);
INSERT INTO workspacefeature VALUES ('2NV1-057', 1);
INSERT INTO workspacefeature VALUES ('2NV1-057', 3);
INSERT INTO workspace VALUES ('2NV1-058', '2NV1-058', 1558, 16);
INSERT INTO workspacefeature VALUES ('2NV1-058', 1);
INSERT INTO workspacefeature VALUES ('2NV1-058', 2);
INSERT INTO workspace VALUES ('2NV1-059', '2NV1-059', 1559, 16);
INSERT INTO workspacefeature VALUES ('2NV1-059', 1);
INSERT INTO workspace VALUES ('2NV1-060', '2NV1-060', 1560, 16);
INSERT INTO workspace VALUES ('2NV1-061', '2NV1-061', 1561, 16);
INSERT INTO workspacefeature VALUES ('2NV1-061', 1);
INSERT INTO workspace VALUES ('2NV1-062', '2NV1-062', 1562, 16);
INSERT INTO workspacefeature VALUES ('2NV1-062', 1);
INSERT INTO workspacefeature VALUES ('2NV1-062', 2);
INSERT INTO workspace VALUES ('2NV1-063', '2NV1-063', 1563, 16);
INSERT INTO workspacefeature VALUES ('2NV1-063', 1);
INSERT INTO workspacefeature VALUES ('2NV1-063', 3);
INSERT INTO workspace VALUES ('2NV1-064', '2NV1-064', 1564, 16);
INSERT INTO workspacefeature VALUES ('2NV1-064', 1);
INSERT INTO workspacefeature VALUES ('2NV1-064', 2);
INSERT INTO workspace VALUES ('2NV1-065', '2NV1-065', 1565, 16);
INSERT INTO workspacefeature VALUES ('2NV1-065', 1);
INSERT INTO workspace VALUES ('2NV1-066', '2NV1-066', 1566, 16);
INSERT INTO workspacefeature VALUES ('2NV1-066', 1);
INSERT INTO workspacefeature VALUES ('2NV1-066', 2);
INSERT INTO workspacefeature VALUES ('2NV1-066', 3);
INSERT INTO workspace VALUES ('2NV1-067', '2NV1-067', 1567, 16);
INSERT INTO workspacefeature VALUES ('2NV1-067', 1);
INSERT INTO workspace VALUES ('2NV1-068', '2NV1-068', 1568, 16);
INSERT INTO workspacefeature VALUES ('2NV1-068', 1);
INSERT INTO workspacefeature VALUES ('2NV1-068', 2);
INSERT INTO workspace VALUES ('2NV1-069', '2NV1-069', 1569, 16);
INSERT INTO workspacefeature VALUES ('2NV1-069', 1);
INSERT INTO workspacefeature VALUES ('2NV1-069', 3);
INSERT INTO workspace VALUES ('2NV1-070', '2NV1-070', 1570, 16);
INSERT INTO workspace VALUES ('2NV1-071', '2NV1-071', 1571, 16);
INSERT INTO workspacefeature VALUES ('2NV1-071', 1);
INSERT INTO workspace VALUES ('2NV1-072', '2NV1-072', 1572, 16);
INSERT INTO workspacefeature VALUES ('2NV1-072', 1);
INSERT INTO workspacefeature VALUES ('2NV1-072', 2);
INSERT INTO workspacefeature VALUES ('2NV1-072', 3);
INSERT INTO workspace VALUES ('2NV1-073', '2NV1-073', 1573, 16);
INSERT INTO workspacefeature VALUES ('2NV1-073', 1);
INSERT INTO workspace VALUES ('2NV1-074', '2NV1-074', 1574, 16);
INSERT INTO workspacefeature VALUES ('2NV1-074', 1);
INSERT INTO workspacefeature VALUES ('2NV1-074', 2);
INSERT INTO workspace VALUES ('2NV1-075', '2NV1-075', 1575, 16);
INSERT INTO workspacefeature VALUES ('2NV1-075', 1);
INSERT INTO workspacefeature VALUES ('2NV1-075', 3);
INSERT INTO workspace VALUES ('2NV1-076', '2NV1-076', 1576, 16);
INSERT INTO workspacefeature VALUES ('2NV1-076', 1);
INSERT INTO workspacefeature VALUES ('2NV1-076', 2);
INSERT INTO workspace VALUES ('2NV1-077', '2NV1-077', 1577, 16);
INSERT INTO workspacefeature VALUES ('2NV1-077', 1);
INSERT INTO workspace VALUES ('2NV1-078', '2NV1-078', 1578, 16);
INSERT INTO workspacefeature VALUES ('2NV1-078', 1);
INSERT INTO workspacefeature VALUES ('2NV1-078', 2);
INSERT INTO workspacefeature VALUES ('2NV1-078', 3);
INSERT INTO workspace VALUES ('2NV1-079', '2NV1-079', 1579, 16);
INSERT INTO workspacefeature VALUES ('2NV1-079', 1);
INSERT INTO workspace VALUES ('2NV1-080', '2NV1-080', 1580, 16);
INSERT INTO workspace VALUES ('2NV1-081', '2NV1-081', 1581, 16);
INSERT INTO workspacefeature VALUES ('2NV1-081', 1);
INSERT INTO workspacefeature VALUES ('2NV1-081', 3);
INSERT INTO workspace VALUES ('2NV1-082', '2NV1-082', 1582, 16);
INSERT INTO workspacefeature VALUES ('2NV1-082', 1);
INSERT INTO workspacefeature VALUES ('2NV1-082', 2);
INSERT INTO workspace VALUES ('2NV1-083', '2NV1-083', 1583, 16);
INSERT INTO workspacefeature VALUES ('2NV1-083', 1);
INSERT INTO workspace VALUES ('2NV1-084', '2NV1-084', 1584, 16);
INSERT INTO workspacefeature VALUES ('2NV1-084', 1);
INSERT INTO workspacefeature VALUES ('2NV1-084', 2);
INSERT INTO workspacefeature VALUES ('2NV1-084', 3);
INSERT INTO workspace VALUES ('2NV1-085', '2NV1-085', 1585, 16);
INSERT INTO workspacefeature VALUES ('2NV1-085', 1);
INSERT INTO workspace VALUES ('2NV1-086', '2NV1-086', 1586, 16);
INSERT INTO workspacefeature VALUES ('2NV1-086', 1);
INSERT INTO workspacefeature VALUES ('2NV1-086', 2);
INSERT INTO workspace VALUES ('2NV1-087', '2NV1-087', 1587, 16);
INSERT INTO workspacefeature VALUES ('2NV1-087', 1);
INSERT INTO workspacefeature VALUES ('2NV1-087', 3);
INSERT INTO workspace VALUES ('2NV1-088', '2NV1-088', 1588, 16);
INSERT INTO workspacefeature VALUES ('2NV1-088', 1);
INSERT INTO workspacefeature VALUES ('2NV1-088', 2);
INSERT INTO workspace VALUES ('2NV1-089', '2NV1-089', 1589, 16);
INSERT INTO workspacefeature VALUES ('2NV1-089', 1);
INSERT INTO workspace VALUES ('2NV1-090', '2NV1-090', 1590, 16);
INSERT INTO workspace VALUES ('2NV1-091', '2NV1-091', 1591, 16);
INSERT INTO workspacefeature VALUES ('2NV1-091', 1);
INSERT INTO workspace VALUES ('2NV1-092', '2NV1-092', 1592, 16);
INSERT INTO workspacefeature VALUES ('2NV1-092', 1);
INSERT INTO workspacefeature VALUES ('2NV1-092', 2);
INSERT INTO workspace VALUES ('2NV1-093', '2NV1-093', 1593, 16);
INSERT INTO workspacefeature VALUES ('2NV1-093', 1);
INSERT INTO workspacefeature VALUES ('2NV1-093', 3);
INSERT INTO workspace VALUES ('2NV1-094', '2NV1-094', 1594, 16);
INSERT INTO workspacefeature VALUES ('2NV1-094', 1);
INSERT INTO workspacefeature VALUES ('2NV1-094', 2);
INSERT INTO workspace VALUES ('2NV1-095', '2NV1-095', 1595, 16);
INSERT INTO workspacefeature VALUES ('2NV1-095', 1);
INSERT INTO workspace VALUES ('2NV1-096', '2NV1-096', 1596, 16);
INSERT INTO workspacefeature VALUES ('2NV1-096', 1);
INSERT INTO workspacefeature VALUES ('2NV1-096', 2);
INSERT INTO workspacefeature VALUES ('2NV1-096', 3);
INSERT INTO workspace VALUES ('2NV1-097', '2NV1-097', 1597, 16);
INSERT INTO workspacefeature VALUES ('2NV1-097', 1);
INSERT INTO workspace VALUES ('2NV1-098', '2NV1-098', 1598, 16);
INSERT INTO workspacefeature VALUES ('2NV1-098', 1);
INSERT INTO workspacefeature VALUES ('2NV1-098', 2);
INSERT INTO workspace VALUES ('2NV1-099', '2NV1-099', 1599, 16);
INSERT INTO workspacefeature VALUES ('2NV1-099', 1);
INSERT INTO workspacefeature VALUES ('2NV1-099', 3);
INSERT INTO workspace VALUES ('2NV1-100', '2NV1-100', 1600, 16);
INSERT INTO floor VALUES (17, 2, 'North Vancouver Building 2', 'North Vancouver', '2', NULL);
INSERT INTO workspace VALUES ('2NV2-001', '2NV2-001', 1601, 17);
INSERT INTO workspacefeature VALUES ('2NV2-001', 1);
INSERT INTO workspace VALUES ('2NV2-002', '2NV2-002', 1602, 17);
INSERT INTO workspacefeature VALUES ('2NV2-002', 1);
INSERT INTO workspacefeature VALUES ('2NV2-002', 2);
INSERT INTO workspace VALUES ('2NV2-003', '2NV2-003', 1603, 17);
INSERT INTO workspacefeature VALUES ('2NV2-003', 1);
INSERT INTO workspacefeature VALUES ('2NV2-003', 3);
INSERT INTO workspace VALUES ('2NV2-004', '2NV2-004', 1604, 17);
INSERT INTO workspacefeature VALUES ('2NV2-004', 1);
INSERT INTO workspacefeature VALUES ('2NV2-004', 2);
INSERT INTO workspace VALUES ('2NV2-005', '2NV2-005', 1605, 17);
INSERT INTO workspacefeature VALUES ('2NV2-005', 1);
INSERT INTO workspace VALUES ('2NV2-006', '2NV2-006', 1606, 17);
INSERT INTO workspacefeature VALUES ('2NV2-006', 1);
INSERT INTO workspacefeature VALUES ('2NV2-006', 2);
INSERT INTO workspacefeature VALUES ('2NV2-006', 3);
INSERT INTO workspace VALUES ('2NV2-007', '2NV2-007', 1607, 17);
INSERT INTO workspacefeature VALUES ('2NV2-007', 1);
INSERT INTO workspace VALUES ('2NV2-008', '2NV2-008', 1608, 17);
INSERT INTO workspacefeature VALUES ('2NV2-008', 1);
INSERT INTO workspacefeature VALUES ('2NV2-008', 2);
INSERT INTO workspace VALUES ('2NV2-009', '2NV2-009', 1609, 17);
INSERT INTO workspacefeature VALUES ('2NV2-009', 1);
INSERT INTO workspacefeature VALUES ('2NV2-009', 3);
INSERT INTO workspace VALUES ('2NV2-010', '2NV2-010', 1610, 17);
INSERT INTO workspace VALUES ('2NV2-011', '2NV2-011', 1611, 17);
INSERT INTO workspacefeature VALUES ('2NV2-011', 1);
INSERT INTO workspace VALUES ('2NV2-012', '2NV2-012', 1612, 17);
INSERT INTO workspacefeature VALUES ('2NV2-012', 1);
INSERT INTO workspacefeature VALUES ('2NV2-012', 2);
INSERT INTO workspacefeature VALUES ('2NV2-012', 3);
INSERT INTO workspace VALUES ('2NV2-013', '2NV2-013', 1613, 17);
INSERT INTO workspacefeature VALUES ('2NV2-013', 1);
INSERT INTO workspace VALUES ('2NV2-014', '2NV2-014', 1614, 17);
INSERT INTO workspacefeature VALUES ('2NV2-014', 1);
INSERT INTO workspacefeature VALUES ('2NV2-014', 2);
INSERT INTO workspace VALUES ('2NV2-015', '2NV2-015', 1615, 17);
INSERT INTO workspacefeature VALUES ('2NV2-015', 1);
INSERT INTO workspacefeature VALUES ('2NV2-015', 3);
INSERT INTO workspace VALUES ('2NV2-016', '2NV2-016', 1616, 17);
INSERT INTO workspacefeature VALUES ('2NV2-016', 1);
INSERT INTO workspacefeature VALUES ('2NV2-016', 2);
INSERT INTO workspace VALUES ('2NV2-017', '2NV2-017', 1617, 17);
INSERT INTO workspacefeature VALUES ('2NV2-017', 1);
INSERT INTO workspace VALUES ('2NV2-018', '2NV2-018', 1618, 17);
INSERT INTO workspacefeature VALUES ('2NV2-018', 1);
INSERT INTO workspacefeature VALUES ('2NV2-018', 2);
INSERT INTO workspacefeature VALUES ('2NV2-018', 3);
INSERT INTO workspace VALUES ('2NV2-019', '2NV2-019', 1619, 17);
INSERT INTO workspacefeature VALUES ('2NV2-019', 1);
INSERT INTO workspace VALUES ('2NV2-020', '2NV2-020', 1620, 17);
INSERT INTO workspace VALUES ('2NV2-021', '2NV2-021', 1621, 17);
INSERT INTO workspacefeature VALUES ('2NV2-021', 1);
INSERT INTO workspacefeature VALUES ('2NV2-021', 3);
INSERT INTO workspace VALUES ('2NV2-022', '2NV2-022', 1622, 17);
INSERT INTO workspacefeature VALUES ('2NV2-022', 1);
INSERT INTO workspacefeature VALUES ('2NV2-022', 2);
INSERT INTO workspace VALUES ('2NV2-023', '2NV2-023', 1623, 17);
INSERT INTO workspacefeature VALUES ('2NV2-023', 1);
INSERT INTO workspace VALUES ('2NV2-024', '2NV2-024', 1624, 17);
INSERT INTO workspacefeature VALUES ('2NV2-024', 1);
INSERT INTO workspacefeature VALUES ('2NV2-024', 2);
INSERT INTO workspacefeature VALUES ('2NV2-024', 3);
INSERT INTO workspace VALUES ('2NV2-025', '2NV2-025', 1625, 17);
INSERT INTO workspacefeature VALUES ('2NV2-025', 1);
INSERT INTO workspace VALUES ('2NV2-026', '2NV2-026', 1626, 17);
INSERT INTO workspacefeature VALUES ('2NV2-026', 1);
INSERT INTO workspacefeature VALUES ('2NV2-026', 2);
INSERT INTO workspace VALUES ('2NV2-027', '2NV2-027', 1627, 17);
INSERT INTO workspacefeature VALUES ('2NV2-027', 1);
INSERT INTO workspacefeature VALUES ('2NV2-027', 3);
INSERT INTO workspace VALUES ('2NV2-028', '2NV2-028', 1628, 17);
INSERT INTO workspacefeature VALUES ('2NV2-028', 1);
INSERT INTO workspacefeature VALUES ('2NV2-028', 2);
INSERT INTO workspace VALUES ('2NV2-029', '2NV2-029', 1629, 17);
INSERT INTO workspacefeature VALUES ('2NV2-029', 1);
INSERT INTO workspace VALUES ('2NV2-030', '2NV2-030', 1630, 17);
INSERT INTO workspace VALUES ('2NV2-031', '2NV2-031', 1631, 17);
INSERT INTO workspacefeature VALUES ('2NV2-031', 1);
INSERT INTO workspace VALUES ('2NV2-032', '2NV2-032', 1632, 17);
INSERT INTO workspacefeature VALUES ('2NV2-032', 1);
INSERT INTO workspacefeature VALUES ('2NV2-032', 2);
INSERT INTO workspace VALUES ('2NV2-033', '2NV2-033', 1633, 17);
INSERT INTO workspacefeature VALUES ('2NV2-033', 1);
INSERT INTO workspacefeature VALUES ('2NV2-033', 3);
INSERT INTO workspace VALUES ('2NV2-034', '2NV2-034', 1634, 17);
INSERT INTO workspacefeature VALUES ('2NV2-034', 1);
INSERT INTO workspacefeature VALUES ('2NV2-034', 2);
INSERT INTO workspace VALUES ('2NV2-035', '2NV2-035', 1635, 17);
INSERT INTO workspacefeature VALUES ('2NV2-035', 1);
INSERT INTO workspace VALUES ('2NV2-036', '2NV2-036', 1636, 17);
INSERT INTO workspacefeature VALUES ('2NV2-036', 1);
INSERT INTO workspacefeature VALUES ('2NV2-036', 2);
INSERT INTO workspacefeature VALUES ('2NV2-036', 3);
INSERT INTO workspace VALUES ('2NV2-037', '2NV2-037', 1637, 17);
INSERT INTO workspacefeature VALUES ('2NV2-037', 1);
INSERT INTO workspace VALUES ('2NV2-038', '2NV2-038', 1638, 17);
INSERT INTO workspacefeature VALUES ('2NV2-038', 1);
INSERT INTO workspacefeature VALUES ('2NV2-038', 2);
INSERT INTO workspace VALUES ('2NV2-039', '2NV2-039', 1639, 17);
INSERT INTO workspacefeature VALUES ('2NV2-039', 1);
INSERT INTO workspacefeature VALUES ('2NV2-039', 3);
INSERT INTO workspace VALUES ('2NV2-040', '2NV2-040', 1640, 17);
INSERT INTO workspace VALUES ('2NV2-041', '2NV2-041', 1641, 17);
INSERT INTO workspacefeature VALUES ('2NV2-041', 1);
INSERT INTO workspace VALUES ('2NV2-042', '2NV2-042', 1642, 17);
INSERT INTO workspacefeature VALUES ('2NV2-042', 1);
INSERT INTO workspacefeature VALUES ('2NV2-042', 2);
INSERT INTO workspacefeature VALUES ('2NV2-042', 3);
INSERT INTO workspace VALUES ('2NV2-043', '2NV2-043', 1643, 17);
INSERT INTO workspacefeature VALUES ('2NV2-043', 1);
INSERT INTO workspace VALUES ('2NV2-044', '2NV2-044', 1644, 17);
INSERT INTO workspacefeature VALUES ('2NV2-044', 1);
INSERT INTO workspacefeature VALUES ('2NV2-044', 2);
INSERT INTO workspace VALUES ('2NV2-045', '2NV2-045', 1645, 17);
INSERT INTO workspacefeature VALUES ('2NV2-045', 1);
INSERT INTO workspacefeature VALUES ('2NV2-045', 3);
INSERT INTO workspace VALUES ('2NV2-046', '2NV2-046', 1646, 17);
INSERT INTO workspacefeature VALUES ('2NV2-046', 1);
INSERT INTO workspacefeature VALUES ('2NV2-046', 2);
INSERT INTO workspace VALUES ('2NV2-047', '2NV2-047', 1647, 17);
INSERT INTO workspacefeature VALUES ('2NV2-047', 1);
INSERT INTO workspace VALUES ('2NV2-048', '2NV2-048', 1648, 17);
INSERT INTO workspacefeature VALUES ('2NV2-048', 1);
INSERT INTO workspacefeature VALUES ('2NV2-048', 2);
INSERT INTO workspacefeature VALUES ('2NV2-048', 3);
INSERT INTO workspace VALUES ('2NV2-049', '2NV2-049', 1649, 17);
INSERT INTO workspacefeature VALUES ('2NV2-049', 1);
INSERT INTO workspace VALUES ('2NV2-050', '2NV2-050', 1650, 17);
INSERT INTO workspace VALUES ('2NV2-051', '2NV2-051', 1651, 17);
INSERT INTO workspacefeature VALUES ('2NV2-051', 1);
INSERT INTO workspacefeature VALUES ('2NV2-051', 3);
INSERT INTO workspace VALUES ('2NV2-052', '2NV2-052', 1652, 17);
INSERT INTO workspacefeature VALUES ('2NV2-052', 1);
INSERT INTO workspacefeature VALUES ('2NV2-052', 2);
INSERT INTO workspace VALUES ('2NV2-053', '2NV2-053', 1653, 17);
INSERT INTO workspacefeature VALUES ('2NV2-053', 1);
INSERT INTO workspace VALUES ('2NV2-054', '2NV2-054', 1654, 17);
INSERT INTO workspacefeature VALUES ('2NV2-054', 1);
INSERT INTO workspacefeature VALUES ('2NV2-054', 2);
INSERT INTO workspacefeature VALUES ('2NV2-054', 3);
INSERT INTO workspace VALUES ('2NV2-055', '2NV2-055', 1655, 17);
INSERT INTO workspacefeature VALUES ('2NV2-055', 1);
INSERT INTO workspace VALUES ('2NV2-056', '2NV2-056', 1656, 17);
INSERT INTO workspacefeature VALUES ('2NV2-056', 1);
INSERT INTO workspacefeature VALUES ('2NV2-056', 2);
INSERT INTO workspace VALUES ('2NV2-057', '2NV2-057', 1657, 17);
INSERT INTO workspacefeature VALUES ('2NV2-057', 1);
INSERT INTO workspacefeature VALUES ('2NV2-057', 3);
INSERT INTO workspace VALUES ('2NV2-058', '2NV2-058', 1658, 17);
INSERT INTO workspacefeature VALUES ('2NV2-058', 1);
INSERT INTO workspacefeature VALUES ('2NV2-058', 2);
INSERT INTO workspace VALUES ('2NV2-059', '2NV2-059', 1659, 17);
INSERT INTO workspacefeature VALUES ('2NV2-059', 1);
INSERT INTO workspace VALUES ('2NV2-060', '2NV2-060', 1660, 17);
INSERT INTO workspace VALUES ('2NV2-061', '2NV2-061', 1661, 17);
INSERT INTO workspacefeature VALUES ('2NV2-061', 1);
INSERT INTO workspace VALUES ('2NV2-062', '2NV2-062', 1662, 17);
INSERT INTO workspacefeature VALUES ('2NV2-062', 1);
INSERT INTO workspacefeature VALUES ('2NV2-062', 2);
INSERT INTO workspace VALUES ('2NV2-063', '2NV2-063', 1663, 17);
INSERT INTO workspacefeature VALUES ('2NV2-063', 1);
INSERT INTO workspacefeature VALUES ('2NV2-063', 3);
INSERT INTO workspace VALUES ('2NV2-064', '2NV2-064', 1664, 17);
INSERT INTO workspacefeature VALUES ('2NV2-064', 1);
INSERT INTO workspacefeature VALUES ('2NV2-064', 2);
INSERT INTO workspace VALUES ('2NV2-065', '2NV2-065', 1665, 17);
INSERT INTO workspacefeature VALUES ('2NV2-065', 1);
INSERT INTO workspace VALUES ('2NV2-066', '2NV2-066', 1666, 17);
INSERT INTO workspacefeature VALUES ('2NV2-066', 1);
INSERT INTO workspacefeature VALUES ('2NV2-066', 2);
INSERT INTO workspacefeature VALUES ('2NV2-066', 3);
INSERT INTO workspace VALUES ('2NV2-067', '2NV2-067', 1667, 17);
INSERT INTO workspacefeature VALUES ('2NV2-067', 1);
INSERT INTO workspace VALUES ('2NV2-068', '2NV2-068', 1668, 17);
INSERT INTO workspacefeature VALUES ('2NV2-068', 1);
INSERT INTO workspacefeature VALUES ('2NV2-068', 2);
INSERT INTO workspace VALUES ('2NV2-069', '2NV2-069', 1669, 17);
INSERT INTO workspacefeature VALUES ('2NV2-069', 1);
INSERT INTO workspacefeature VALUES ('2NV2-069', 3);
INSERT INTO workspace VALUES ('2NV2-070', '2NV2-070', 1670, 17);
INSERT INTO workspace VALUES ('2NV2-071', '2NV2-071', 1671, 17);
INSERT INTO workspacefeature VALUES ('2NV2-071', 1);
INSERT INTO workspace VALUES ('2NV2-072', '2NV2-072', 1672, 17);
INSERT INTO workspacefeature VALUES ('2NV2-072', 1);
INSERT INTO workspacefeature VALUES ('2NV2-072', 2);
INSERT INTO workspacefeature VALUES ('2NV2-072', 3);
INSERT INTO workspace VALUES ('2NV2-073', '2NV2-073', 1673, 17);
INSERT INTO workspacefeature VALUES ('2NV2-073', 1);
INSERT INTO workspace VALUES ('2NV2-074', '2NV2-074', 1674, 17);
INSERT INTO workspacefeature VALUES ('2NV2-074', 1);
INSERT INTO workspacefeature VALUES ('2NV2-074', 2);
INSERT INTO workspace VALUES ('2NV2-075', '2NV2-075', 1675, 17);
INSERT INTO workspacefeature VALUES ('2NV2-075', 1);
INSERT INTO workspacefeature VALUES ('2NV2-075', 3);
INSERT INTO workspace VALUES ('2NV2-076', '2NV2-076', 1676, 17);
INSERT INTO workspacefeature VALUES ('2NV2-076', 1);
INSERT INTO workspacefeature VALUES ('2NV2-076', 2);
INSERT INTO workspace VALUES ('2NV2-077', '2NV2-077', 1677, 17);
INSERT INTO workspacefeature VALUES ('2NV2-077', 1);
INSERT INTO workspace VALUES ('2NV2-078', '2NV2-078', 1678, 17);
INSERT INTO workspacefeature VALUES ('2NV2-078', 1);
INSERT INTO workspacefeature VALUES ('2NV2-078', 2);
INSERT INTO workspacefeature VALUES ('2NV2-078', 3);
INSERT INTO workspace VALUES ('2NV2-079', '2NV2-079', 1679, 17);
INSERT INTO workspacefeature VALUES ('2NV2-079', 1);
INSERT INTO workspace VALUES ('2NV2-080', '2NV2-080', 1680, 17);
INSERT INTO workspace VALUES ('2NV2-081', '2NV2-081', 1681, 17);
INSERT INTO workspacefeature VALUES ('2NV2-081', 1);
INSERT INTO workspacefeature VALUES ('2NV2-081', 3);
INSERT INTO workspace VALUES ('2NV2-082', '2NV2-082', 1682, 17);
INSERT INTO workspacefeature VALUES ('2NV2-082', 1);
INSERT INTO workspacefeature VALUES ('2NV2-082', 2);
INSERT INTO workspace VALUES ('2NV2-083', '2NV2-083', 1683, 17);
INSERT INTO workspacefeature VALUES ('2NV2-083', 1);
INSERT INTO workspace VALUES ('2NV2-084', '2NV2-084', 1684, 17);
INSERT INTO workspacefeature VALUES ('2NV2-084', 1);
INSERT INTO workspacefeature VALUES ('2NV2-084', 2);
INSERT INTO workspacefeature VALUES ('2NV2-084', 3);
INSERT INTO workspace VALUES ('2NV2-085', '2NV2-085', 1685, 17);
INSERT INTO workspacefeature VALUES ('2NV2-085', 1);
INSERT INTO workspace VALUES ('2NV2-086', '2NV2-086', 1686, 17);
INSERT INTO workspacefeature VALUES ('2NV2-086', 1);
INSERT INTO workspacefeature VALUES ('2NV2-086', 2);
INSERT INTO workspace VALUES ('2NV2-087', '2NV2-087', 1687, 17);
INSERT INTO workspacefeature VALUES ('2NV2-087', 1);
INSERT INTO workspacefeature VALUES ('2NV2-087', 3);
INSERT INTO workspace VALUES ('2NV2-088', '2NV2-088', 1688, 17);
INSERT INTO workspacefeature VALUES ('2NV2-088', 1);
INSERT INTO workspacefeature VALUES ('2NV2-088', 2);
INSERT INTO workspace VALUES ('2NV2-089', '2NV2-089', 1689, 17);
INSERT INTO workspacefeature VALUES ('2NV2-089', 1);
INSERT INTO workspace VALUES ('2NV2-090', '2NV2-090', 1690, 17);
INSERT INTO workspace VALUES ('2NV2-091', '2NV2-091', 1691, 17);
INSERT INTO workspacefeature VALUES ('2NV2-091', 1);
INSERT INTO workspace VALUES ('2NV2-092', '2NV2-092', 1692, 17);
INSERT INTO workspacefeature VALUES ('2NV2-092', 1);
INSERT INTO workspacefeature VALUES ('2NV2-092', 2);
INSERT INTO workspace VALUES ('2NV2-093', '2NV2-093', 1693, 17);
INSERT INTO workspacefeature VALUES ('2NV2-093', 1);
INSERT INTO workspacefeature VALUES ('2NV2-093', 3);
INSERT INTO workspace VALUES ('2NV2-094', '2NV2-094', 1694, 17);
INSERT INTO workspacefeature VALUES ('2NV2-094', 1);
INSERT INTO workspacefeature VALUES ('2NV2-094', 2);
INSERT INTO workspace VALUES ('2NV2-095', '2NV2-095', 1695, 17);
INSERT INTO workspacefeature VALUES ('2NV2-095', 1);
INSERT INTO workspace VALUES ('2NV2-096', '2NV2-096', 1696, 17);
INSERT INTO workspacefeature VALUES ('2NV2-096', 1);
INSERT INTO workspacefeature VALUES ('2NV2-096', 2);
INSERT INTO workspacefeature VALUES ('2NV2-096', 3);
INSERT INTO workspace VALUES ('2NV2-097', '2NV2-097', 1697, 17);
INSERT INTO workspacefeature VALUES ('2NV2-097', 1);
INSERT INTO workspace VALUES ('2NV2-098', '2NV2-098', 1698, 17);
INSERT INTO workspacefeature VALUES ('2NV2-098', 1);
INSERT INTO workspacefeature VALUES ('2NV2-098', 2);
INSERT INTO workspace VALUES ('2NV2-099', '2NV2-099', 1699, 17);
INSERT INTO workspacefeature VALUES ('2NV2-099', 1);
INSERT INTO workspacefeature VALUES ('2NV2-099', 3);
INSERT INTO workspace VALUES ('2NV2-100', '2NV2-100', 1700, 17);
INSERT INTO floor VALUES (18, 3, 'North Vancouver Building 2', 'North Vancouver', '2', NULL);
INSERT INTO workspace VALUES ('2NV3-001', '2NV3-001', 1701, 18);
INSERT INTO workspacefeature VALUES ('2NV3-001', 1);
INSERT INTO workspace VALUES ('2NV3-002', '2NV3-002', 1702, 18);
INSERT INTO workspacefeature VALUES ('2NV3-002', 1);
INSERT INTO workspacefeature VALUES ('2NV3-002', 2);
INSERT INTO workspace VALUES ('2NV3-003', '2NV3-003', 1703, 18);
INSERT INTO workspacefeature VALUES ('2NV3-003', 1);
INSERT INTO workspacefeature VALUES ('2NV3-003', 3);
INSERT INTO workspace VALUES ('2NV3-004', '2NV3-004', 1704, 18);
INSERT INTO workspacefeature VALUES ('2NV3-004', 1);
INSERT INTO workspacefeature VALUES ('2NV3-004', 2);
INSERT INTO workspace VALUES ('2NV3-005', '2NV3-005', 1705, 18);
INSERT INTO workspacefeature VALUES ('2NV3-005', 1);
INSERT INTO workspace VALUES ('2NV3-006', '2NV3-006', 1706, 18);
INSERT INTO workspacefeature VALUES ('2NV3-006', 1);
INSERT INTO workspacefeature VALUES ('2NV3-006', 2);
INSERT INTO workspacefeature VALUES ('2NV3-006', 3);
INSERT INTO workspace VALUES ('2NV3-007', '2NV3-007', 1707, 18);
INSERT INTO workspacefeature VALUES ('2NV3-007', 1);
INSERT INTO workspace VALUES ('2NV3-008', '2NV3-008', 1708, 18);
INSERT INTO workspacefeature VALUES ('2NV3-008', 1);
INSERT INTO workspacefeature VALUES ('2NV3-008', 2);
INSERT INTO workspace VALUES ('2NV3-009', '2NV3-009', 1709, 18);
INSERT INTO workspacefeature VALUES ('2NV3-009', 1);
INSERT INTO workspacefeature VALUES ('2NV3-009', 3);
INSERT INTO workspace VALUES ('2NV3-010', '2NV3-010', 1710, 18);
INSERT INTO workspace VALUES ('2NV3-011', '2NV3-011', 1711, 18);
INSERT INTO workspacefeature VALUES ('2NV3-011', 1);
INSERT INTO workspace VALUES ('2NV3-012', '2NV3-012', 1712, 18);
INSERT INTO workspacefeature VALUES ('2NV3-012', 1);
INSERT INTO workspacefeature VALUES ('2NV3-012', 2);
INSERT INTO workspacefeature VALUES ('2NV3-012', 3);
INSERT INTO workspace VALUES ('2NV3-013', '2NV3-013', 1713, 18);
INSERT INTO workspacefeature VALUES ('2NV3-013', 1);
INSERT INTO workspace VALUES ('2NV3-014', '2NV3-014', 1714, 18);
INSERT INTO workspacefeature VALUES ('2NV3-014', 1);
INSERT INTO workspacefeature VALUES ('2NV3-014', 2);
INSERT INTO workspace VALUES ('2NV3-015', '2NV3-015', 1715, 18);
INSERT INTO workspacefeature VALUES ('2NV3-015', 1);
INSERT INTO workspacefeature VALUES ('2NV3-015', 3);
INSERT INTO workspace VALUES ('2NV3-016', '2NV3-016', 1716, 18);
INSERT INTO workspacefeature VALUES ('2NV3-016', 1);
INSERT INTO workspacefeature VALUES ('2NV3-016', 2);
INSERT INTO workspace VALUES ('2NV3-017', '2NV3-017', 1717, 18);
INSERT INTO workspacefeature VALUES ('2NV3-017', 1);
INSERT INTO workspace VALUES ('2NV3-018', '2NV3-018', 1718, 18);
INSERT INTO workspacefeature VALUES ('2NV3-018', 1);
INSERT INTO workspacefeature VALUES ('2NV3-018', 2);
INSERT INTO workspacefeature VALUES ('2NV3-018', 3);
INSERT INTO workspace VALUES ('2NV3-019', '2NV3-019', 1719, 18);
INSERT INTO workspacefeature VALUES ('2NV3-019', 1);
INSERT INTO workspace VALUES ('2NV3-020', '2NV3-020', 1720, 18);
INSERT INTO workspace VALUES ('2NV3-021', '2NV3-021', 1721, 18);
INSERT INTO workspacefeature VALUES ('2NV3-021', 1);
INSERT INTO workspacefeature VALUES ('2NV3-021', 3);
INSERT INTO workspace VALUES ('2NV3-022', '2NV3-022', 1722, 18);
INSERT INTO workspacefeature VALUES ('2NV3-022', 1);
INSERT INTO workspacefeature VALUES ('2NV3-022', 2);
INSERT INTO workspace VALUES ('2NV3-023', '2NV3-023', 1723, 18);
INSERT INTO workspacefeature VALUES ('2NV3-023', 1);
INSERT INTO workspace VALUES ('2NV3-024', '2NV3-024', 1724, 18);
INSERT INTO workspacefeature VALUES ('2NV3-024', 1);
INSERT INTO workspacefeature VALUES ('2NV3-024', 2);
INSERT INTO workspacefeature VALUES ('2NV3-024', 3);
INSERT INTO workspace VALUES ('2NV3-025', '2NV3-025', 1725, 18);
INSERT INTO workspacefeature VALUES ('2NV3-025', 1);
INSERT INTO workspace VALUES ('2NV3-026', '2NV3-026', 1726, 18);
INSERT INTO workspacefeature VALUES ('2NV3-026', 1);
INSERT INTO workspacefeature VALUES ('2NV3-026', 2);
INSERT INTO workspace VALUES ('2NV3-027', '2NV3-027', 1727, 18);
INSERT INTO workspacefeature VALUES ('2NV3-027', 1);
INSERT INTO workspacefeature VALUES ('2NV3-027', 3);
INSERT INTO workspace VALUES ('2NV3-028', '2NV3-028', 1728, 18);
INSERT INTO workspacefeature VALUES ('2NV3-028', 1);
INSERT INTO workspacefeature VALUES ('2NV3-028', 2);
INSERT INTO workspace VALUES ('2NV3-029', '2NV3-029', 1729, 18);
INSERT INTO workspacefeature VALUES ('2NV3-029', 1);
INSERT INTO workspace VALUES ('2NV3-030', '2NV3-030', 1730, 18);
INSERT INTO workspace VALUES ('2NV3-031', '2NV3-031', 1731, 18);
INSERT INTO workspacefeature VALUES ('2NV3-031', 1);
INSERT INTO workspace VALUES ('2NV3-032', '2NV3-032', 1732, 18);
INSERT INTO workspacefeature VALUES ('2NV3-032', 1);
INSERT INTO workspacefeature VALUES ('2NV3-032', 2);
INSERT INTO workspace VALUES ('2NV3-033', '2NV3-033', 1733, 18);
INSERT INTO workspacefeature VALUES ('2NV3-033', 1);
INSERT INTO workspacefeature VALUES ('2NV3-033', 3);
INSERT INTO workspace VALUES ('2NV3-034', '2NV3-034', 1734, 18);
INSERT INTO workspacefeature VALUES ('2NV3-034', 1);
INSERT INTO workspacefeature VALUES ('2NV3-034', 2);
INSERT INTO workspace VALUES ('2NV3-035', '2NV3-035', 1735, 18);
INSERT INTO workspacefeature VALUES ('2NV3-035', 1);
INSERT INTO workspace VALUES ('2NV3-036', '2NV3-036', 1736, 18);
INSERT INTO workspacefeature VALUES ('2NV3-036', 1);
INSERT INTO workspacefeature VALUES ('2NV3-036', 2);
INSERT INTO workspacefeature VALUES ('2NV3-036', 3);
INSERT INTO workspace VALUES ('2NV3-037', '2NV3-037', 1737, 18);
INSERT INTO workspacefeature VALUES ('2NV3-037', 1);
INSERT INTO workspace VALUES ('2NV3-038', '2NV3-038', 1738, 18);
INSERT INTO workspacefeature VALUES ('2NV3-038', 1);
INSERT INTO workspacefeature VALUES ('2NV3-038', 2);
INSERT INTO workspace VALUES ('2NV3-039', '2NV3-039', 1739, 18);
INSERT INTO workspacefeature VALUES ('2NV3-039', 1);
INSERT INTO workspacefeature VALUES ('2NV3-039', 3);
INSERT INTO workspace VALUES ('2NV3-040', '2NV3-040', 1740, 18);
INSERT INTO workspace VALUES ('2NV3-041', '2NV3-041', 1741, 18);
INSERT INTO workspacefeature VALUES ('2NV3-041', 1);
INSERT INTO workspace VALUES ('2NV3-042', '2NV3-042', 1742, 18);
INSERT INTO workspacefeature VALUES ('2NV3-042', 1);
INSERT INTO workspacefeature VALUES ('2NV3-042', 2);
INSERT INTO workspacefeature VALUES ('2NV3-042', 3);
INSERT INTO workspace VALUES ('2NV3-043', '2NV3-043', 1743, 18);
INSERT INTO workspacefeature VALUES ('2NV3-043', 1);
INSERT INTO workspace VALUES ('2NV3-044', '2NV3-044', 1744, 18);
INSERT INTO workspacefeature VALUES ('2NV3-044', 1);
INSERT INTO workspacefeature VALUES ('2NV3-044', 2);
INSERT INTO workspace VALUES ('2NV3-045', '2NV3-045', 1745, 18);
INSERT INTO workspacefeature VALUES ('2NV3-045', 1);
INSERT INTO workspacefeature VALUES ('2NV3-045', 3);
INSERT INTO workspace VALUES ('2NV3-046', '2NV3-046', 1746, 18);
INSERT INTO workspacefeature VALUES ('2NV3-046', 1);
INSERT INTO workspacefeature VALUES ('2NV3-046', 2);
INSERT INTO workspace VALUES ('2NV3-047', '2NV3-047', 1747, 18);
INSERT INTO workspacefeature VALUES ('2NV3-047', 1);
INSERT INTO workspace VALUES ('2NV3-048', '2NV3-048', 1748, 18);
INSERT INTO workspacefeature VALUES ('2NV3-048', 1);
INSERT INTO workspacefeature VALUES ('2NV3-048', 2);
INSERT INTO workspacefeature VALUES ('2NV3-048', 3);
INSERT INTO workspace VALUES ('2NV3-049', '2NV3-049', 1749, 18);
INSERT INTO workspacefeature VALUES ('2NV3-049', 1);
INSERT INTO workspace VALUES ('2NV3-050', '2NV3-050', 1750, 18);
INSERT INTO workspace VALUES ('2NV3-051', '2NV3-051', 1751, 18);
INSERT INTO workspacefeature VALUES ('2NV3-051', 1);
INSERT INTO workspacefeature VALUES ('2NV3-051', 3);
INSERT INTO workspace VALUES ('2NV3-052', '2NV3-052', 1752, 18);
INSERT INTO workspacefeature VALUES ('2NV3-052', 1);
INSERT INTO workspacefeature VALUES ('2NV3-052', 2);
INSERT INTO workspace VALUES ('2NV3-053', '2NV3-053', 1753, 18);
INSERT INTO workspacefeature VALUES ('2NV3-053', 1);
INSERT INTO workspace VALUES ('2NV3-054', '2NV3-054', 1754, 18);
INSERT INTO workspacefeature VALUES ('2NV3-054', 1);
INSERT INTO workspacefeature VALUES ('2NV3-054', 2);
INSERT INTO workspacefeature VALUES ('2NV3-054', 3);
INSERT INTO workspace VALUES ('2NV3-055', '2NV3-055', 1755, 18);
INSERT INTO workspacefeature VALUES ('2NV3-055', 1);
INSERT INTO workspace VALUES ('2NV3-056', '2NV3-056', 1756, 18);
INSERT INTO workspacefeature VALUES ('2NV3-056', 1);
INSERT INTO workspacefeature VALUES ('2NV3-056', 2);
INSERT INTO workspace VALUES ('2NV3-057', '2NV3-057', 1757, 18);
INSERT INTO workspacefeature VALUES ('2NV3-057', 1);
INSERT INTO workspacefeature VALUES ('2NV3-057', 3);
INSERT INTO workspace VALUES ('2NV3-058', '2NV3-058', 1758, 18);
INSERT INTO workspacefeature VALUES ('2NV3-058', 1);
INSERT INTO workspacefeature VALUES ('2NV3-058', 2);
INSERT INTO workspace VALUES ('2NV3-059', '2NV3-059', 1759, 18);
INSERT INTO workspacefeature VALUES ('2NV3-059', 1);
INSERT INTO workspace VALUES ('2NV3-060', '2NV3-060', 1760, 18);
INSERT INTO workspace VALUES ('2NV3-061', '2NV3-061', 1761, 18);
INSERT INTO workspacefeature VALUES ('2NV3-061', 1);
INSERT INTO workspace VALUES ('2NV3-062', '2NV3-062', 1762, 18);
INSERT INTO workspacefeature VALUES ('2NV3-062', 1);
INSERT INTO workspacefeature VALUES ('2NV3-062', 2);
INSERT INTO workspace VALUES ('2NV3-063', '2NV3-063', 1763, 18);
INSERT INTO workspacefeature VALUES ('2NV3-063', 1);
INSERT INTO workspacefeature VALUES ('2NV3-063', 3);
INSERT INTO workspace VALUES ('2NV3-064', '2NV3-064', 1764, 18);
INSERT INTO workspacefeature VALUES ('2NV3-064', 1);
INSERT INTO workspacefeature VALUES ('2NV3-064', 2);
INSERT INTO workspace VALUES ('2NV3-065', '2NV3-065', 1765, 18);
INSERT INTO workspacefeature VALUES ('2NV3-065', 1);
INSERT INTO workspace VALUES ('2NV3-066', '2NV3-066', 1766, 18);
INSERT INTO workspacefeature VALUES ('2NV3-066', 1);
INSERT INTO workspacefeature VALUES ('2NV3-066', 2);
INSERT INTO workspacefeature VALUES ('2NV3-066', 3);
INSERT INTO workspace VALUES ('2NV3-067', '2NV3-067', 1767, 18);
INSERT INTO workspacefeature VALUES ('2NV3-067', 1);
INSERT INTO workspace VALUES ('2NV3-068', '2NV3-068', 1768, 18);
INSERT INTO workspacefeature VALUES ('2NV3-068', 1);
INSERT INTO workspacefeature VALUES ('2NV3-068', 2);
INSERT INTO workspace VALUES ('2NV3-069', '2NV3-069', 1769, 18);
INSERT INTO workspacefeature VALUES ('2NV3-069', 1);
INSERT INTO workspacefeature VALUES ('2NV3-069', 3);
INSERT INTO workspace VALUES ('2NV3-070', '2NV3-070', 1770, 18);
INSERT INTO workspace VALUES ('2NV3-071', '2NV3-071', 1771, 18);
INSERT INTO workspacefeature VALUES ('2NV3-071', 1);
INSERT INTO workspace VALUES ('2NV3-072', '2NV3-072', 1772, 18);
INSERT INTO workspacefeature VALUES ('2NV3-072', 1);
INSERT INTO workspacefeature VALUES ('2NV3-072', 2);
INSERT INTO workspacefeature VALUES ('2NV3-072', 3);
INSERT INTO workspace VALUES ('2NV3-073', '2NV3-073', 1773, 18);
INSERT INTO workspacefeature VALUES ('2NV3-073', 1);
INSERT INTO workspace VALUES ('2NV3-074', '2NV3-074', 1774, 18);
INSERT INTO workspacefeature VALUES ('2NV3-074', 1);
INSERT INTO workspacefeature VALUES ('2NV3-074', 2);
INSERT INTO workspace VALUES ('2NV3-075', '2NV3-075', 1775, 18);
INSERT INTO workspacefeature VALUES ('2NV3-075', 1);
INSERT INTO workspacefeature VALUES ('2NV3-075', 3);
INSERT INTO workspace VALUES ('2NV3-076', '2NV3-076', 1776, 18);
INSERT INTO workspacefeature VALUES ('2NV3-076', 1);
INSERT INTO workspacefeature VALUES ('2NV3-076', 2);
INSERT INTO workspace VALUES ('2NV3-077', '2NV3-077', 1777, 18);
INSERT INTO workspacefeature VALUES ('2NV3-077', 1);
INSERT INTO workspace VALUES ('2NV3-078', '2NV3-078', 1778, 18);
INSERT INTO workspacefeature VALUES ('2NV3-078', 1);
INSERT INTO workspacefeature VALUES ('2NV3-078', 2);
INSERT INTO workspacefeature VALUES ('2NV3-078', 3);
INSERT INTO workspace VALUES ('2NV3-079', '2NV3-079', 1779, 18);
INSERT INTO workspacefeature VALUES ('2NV3-079', 1);
INSERT INTO workspace VALUES ('2NV3-080', '2NV3-080', 1780, 18);
INSERT INTO workspace VALUES ('2NV3-081', '2NV3-081', 1781, 18);
INSERT INTO workspacefeature VALUES ('2NV3-081', 1);
INSERT INTO workspacefeature VALUES ('2NV3-081', 3);
INSERT INTO workspace VALUES ('2NV3-082', '2NV3-082', 1782, 18);
INSERT INTO workspacefeature VALUES ('2NV3-082', 1);
INSERT INTO workspacefeature VALUES ('2NV3-082', 2);
INSERT INTO workspace VALUES ('2NV3-083', '2NV3-083', 1783, 18);
INSERT INTO workspacefeature VALUES ('2NV3-083', 1);
INSERT INTO workspace VALUES ('2NV3-084', '2NV3-084', 1784, 18);
INSERT INTO workspacefeature VALUES ('2NV3-084', 1);
INSERT INTO workspacefeature VALUES ('2NV3-084', 2);
INSERT INTO workspacefeature VALUES ('2NV3-084', 3);
INSERT INTO workspace VALUES ('2NV3-085', '2NV3-085', 1785, 18);
INSERT INTO workspacefeature VALUES ('2NV3-085', 1);
INSERT INTO workspace VALUES ('2NV3-086', '2NV3-086', 1786, 18);
INSERT INTO workspacefeature VALUES ('2NV3-086', 1);
INSERT INTO workspacefeature VALUES ('2NV3-086', 2);
INSERT INTO workspace VALUES ('2NV3-087', '2NV3-087', 1787, 18);
INSERT INTO workspacefeature VALUES ('2NV3-087', 1);
INSERT INTO workspacefeature VALUES ('2NV3-087', 3);
INSERT INTO workspace VALUES ('2NV3-088', '2NV3-088', 1788, 18);
INSERT INTO workspacefeature VALUES ('2NV3-088', 1);
INSERT INTO workspacefeature VALUES ('2NV3-088', 2);
INSERT INTO workspace VALUES ('2NV3-089', '2NV3-089', 1789, 18);
INSERT INTO workspacefeature VALUES ('2NV3-089', 1);
INSERT INTO workspace VALUES ('2NV3-090', '2NV3-090', 1790, 18);
INSERT INTO workspace VALUES ('2NV3-091', '2NV3-091', 1791, 18);
INSERT INTO workspacefeature VALUES ('2NV3-091', 1);
INSERT INTO workspace VALUES ('2NV3-092', '2NV3-092', 1792, 18);
INSERT INTO workspacefeature VALUES ('2NV3-092', 1);
INSERT INTO workspacefeature VALUES ('2NV3-092', 2);
INSERT INTO workspace VALUES ('2NV3-093', '2NV3-093', 1793, 18);
INSERT INTO workspacefeature VALUES ('2NV3-093', 1);
INSERT INTO workspacefeature VALUES ('2NV3-093', 3);
INSERT INTO workspace VALUES ('2NV3-094', '2NV3-094', 1794, 18);
INSERT INTO workspacefeature VALUES ('2NV3-094', 1);
INSERT INTO workspacefeature VALUES ('2NV3-094', 2);
INSERT INTO workspace VALUES ('2NV3-095', '2NV3-095', 1795, 18);
INSERT INTO workspacefeature VALUES ('2NV3-095', 1);
INSERT INTO workspace VALUES ('2NV3-096', '2NV3-096', 1796, 18);
INSERT INTO workspacefeature VALUES ('2NV3-096', 1);
INSERT INTO workspacefeature VALUES ('2NV3-096', 2);
INSERT INTO workspacefeature VALUES ('2NV3-096', 3);
INSERT INTO workspace VALUES ('2NV3-097', '2NV3-097', 1797, 18);
INSERT INTO workspacefeature VALUES ('2NV3-097', 1);
INSERT INTO workspace VALUES ('2NV3-098', '2NV3-098', 1798, 18);
INSERT INTO workspacefeature VALUES ('2NV3-098', 1);
INSERT INTO workspacefeature VALUES ('2NV3-098', 2);
INSERT INTO workspace VALUES ('2NV3-099', '2NV3-099', 1799, 18);
INSERT INTO workspacefeature VALUES ('2NV3-099', 1);
INSERT INTO workspacefeature VALUES ('2NV3-099', 3);
INSERT INTO workspace VALUES ('2NV3-100', '2NV3-100', 1800, 18);
INSERT INTO floor VALUES (19, 4, 'North Vancouver Building 2', 'North Vancouver', '2', NULL);
INSERT INTO workspace VALUES ('2NV4-001', '2NV4-001', 1801, 19);
INSERT INTO workspacefeature VALUES ('2NV4-001', 1);
INSERT INTO workspace VALUES ('2NV4-002', '2NV4-002', 1802, 19);
INSERT INTO workspacefeature VALUES ('2NV4-002', 1);
INSERT INTO workspacefeature VALUES ('2NV4-002', 2);
INSERT INTO workspace VALUES ('2NV4-003', '2NV4-003', 1803, 19);
INSERT INTO workspacefeature VALUES ('2NV4-003', 1);
INSERT INTO workspacefeature VALUES ('2NV4-003', 3);
INSERT INTO workspace VALUES ('2NV4-004', '2NV4-004', 1804, 19);
INSERT INTO workspacefeature VALUES ('2NV4-004', 1);
INSERT INTO workspacefeature VALUES ('2NV4-004', 2);
INSERT INTO workspace VALUES ('2NV4-005', '2NV4-005', 1805, 19);
INSERT INTO workspacefeature VALUES ('2NV4-005', 1);
INSERT INTO workspace VALUES ('2NV4-006', '2NV4-006', 1806, 19);
INSERT INTO workspacefeature VALUES ('2NV4-006', 1);
INSERT INTO workspacefeature VALUES ('2NV4-006', 2);
INSERT INTO workspacefeature VALUES ('2NV4-006', 3);
INSERT INTO workspace VALUES ('2NV4-007', '2NV4-007', 1807, 19);
INSERT INTO workspacefeature VALUES ('2NV4-007', 1);
INSERT INTO workspace VALUES ('2NV4-008', '2NV4-008', 1808, 19);
INSERT INTO workspacefeature VALUES ('2NV4-008', 1);
INSERT INTO workspacefeature VALUES ('2NV4-008', 2);
INSERT INTO workspace VALUES ('2NV4-009', '2NV4-009', 1809, 19);
INSERT INTO workspacefeature VALUES ('2NV4-009', 1);
INSERT INTO workspacefeature VALUES ('2NV4-009', 3);
INSERT INTO workspace VALUES ('2NV4-010', '2NV4-010', 1810, 19);
INSERT INTO workspace VALUES ('2NV4-011', '2NV4-011', 1811, 19);
INSERT INTO workspacefeature VALUES ('2NV4-011', 1);
INSERT INTO workspace VALUES ('2NV4-012', '2NV4-012', 1812, 19);
INSERT INTO workspacefeature VALUES ('2NV4-012', 1);
INSERT INTO workspacefeature VALUES ('2NV4-012', 2);
INSERT INTO workspacefeature VALUES ('2NV4-012', 3);
INSERT INTO workspace VALUES ('2NV4-013', '2NV4-013', 1813, 19);
INSERT INTO workspacefeature VALUES ('2NV4-013', 1);
INSERT INTO workspace VALUES ('2NV4-014', '2NV4-014', 1814, 19);
INSERT INTO workspacefeature VALUES ('2NV4-014', 1);
INSERT INTO workspacefeature VALUES ('2NV4-014', 2);
INSERT INTO workspace VALUES ('2NV4-015', '2NV4-015', 1815, 19);
INSERT INTO workspacefeature VALUES ('2NV4-015', 1);
INSERT INTO workspacefeature VALUES ('2NV4-015', 3);
INSERT INTO workspace VALUES ('2NV4-016', '2NV4-016', 1816, 19);
INSERT INTO workspacefeature VALUES ('2NV4-016', 1);
INSERT INTO workspacefeature VALUES ('2NV4-016', 2);
INSERT INTO workspace VALUES ('2NV4-017', '2NV4-017', 1817, 19);
INSERT INTO workspacefeature VALUES ('2NV4-017', 1);
INSERT INTO workspace VALUES ('2NV4-018', '2NV4-018', 1818, 19);
INSERT INTO workspacefeature VALUES ('2NV4-018', 1);
INSERT INTO workspacefeature VALUES ('2NV4-018', 2);
INSERT INTO workspacefeature VALUES ('2NV4-018', 3);
INSERT INTO workspace VALUES ('2NV4-019', '2NV4-019', 1819, 19);
INSERT INTO workspacefeature VALUES ('2NV4-019', 1);
INSERT INTO workspace VALUES ('2NV4-020', '2NV4-020', 1820, 19);
INSERT INTO workspace VALUES ('2NV4-021', '2NV4-021', 1821, 19);
INSERT INTO workspacefeature VALUES ('2NV4-021', 1);
INSERT INTO workspacefeature VALUES ('2NV4-021', 3);
INSERT INTO workspace VALUES ('2NV4-022', '2NV4-022', 1822, 19);
INSERT INTO workspacefeature VALUES ('2NV4-022', 1);
INSERT INTO workspacefeature VALUES ('2NV4-022', 2);
INSERT INTO workspace VALUES ('2NV4-023', '2NV4-023', 1823, 19);
INSERT INTO workspacefeature VALUES ('2NV4-023', 1);
INSERT INTO workspace VALUES ('2NV4-024', '2NV4-024', 1824, 19);
INSERT INTO workspacefeature VALUES ('2NV4-024', 1);
INSERT INTO workspacefeature VALUES ('2NV4-024', 2);
INSERT INTO workspacefeature VALUES ('2NV4-024', 3);
INSERT INTO workspace VALUES ('2NV4-025', '2NV4-025', 1825, 19);
INSERT INTO workspacefeature VALUES ('2NV4-025', 1);
INSERT INTO workspace VALUES ('2NV4-026', '2NV4-026', 1826, 19);
INSERT INTO workspacefeature VALUES ('2NV4-026', 1);
INSERT INTO workspacefeature VALUES ('2NV4-026', 2);
INSERT INTO workspace VALUES ('2NV4-027', '2NV4-027', 1827, 19);
INSERT INTO workspacefeature VALUES ('2NV4-027', 1);
INSERT INTO workspacefeature VALUES ('2NV4-027', 3);
INSERT INTO workspace VALUES ('2NV4-028', '2NV4-028', 1828, 19);
INSERT INTO workspacefeature VALUES ('2NV4-028', 1);
INSERT INTO workspacefeature VALUES ('2NV4-028', 2);
INSERT INTO workspace VALUES ('2NV4-029', '2NV4-029', 1829, 19);
INSERT INTO workspacefeature VALUES ('2NV4-029', 1);
INSERT INTO workspace VALUES ('2NV4-030', '2NV4-030', 1830, 19);
INSERT INTO workspace VALUES ('2NV4-031', '2NV4-031', 1831, 19);
INSERT INTO workspacefeature VALUES ('2NV4-031', 1);
INSERT INTO workspace VALUES ('2NV4-032', '2NV4-032', 1832, 19);
INSERT INTO workspacefeature VALUES ('2NV4-032', 1);
INSERT INTO workspacefeature VALUES ('2NV4-032', 2);
INSERT INTO workspace VALUES ('2NV4-033', '2NV4-033', 1833, 19);
INSERT INTO workspacefeature VALUES ('2NV4-033', 1);
INSERT INTO workspacefeature VALUES ('2NV4-033', 3);
INSERT INTO workspace VALUES ('2NV4-034', '2NV4-034', 1834, 19);
INSERT INTO workspacefeature VALUES ('2NV4-034', 1);
INSERT INTO workspacefeature VALUES ('2NV4-034', 2);
INSERT INTO workspace VALUES ('2NV4-035', '2NV4-035', 1835, 19);
INSERT INTO workspacefeature VALUES ('2NV4-035', 1);
INSERT INTO workspace VALUES ('2NV4-036', '2NV4-036', 1836, 19);
INSERT INTO workspacefeature VALUES ('2NV4-036', 1);
INSERT INTO workspacefeature VALUES ('2NV4-036', 2);
INSERT INTO workspacefeature VALUES ('2NV4-036', 3);
INSERT INTO workspace VALUES ('2NV4-037', '2NV4-037', 1837, 19);
INSERT INTO workspacefeature VALUES ('2NV4-037', 1);
INSERT INTO workspace VALUES ('2NV4-038', '2NV4-038', 1838, 19);
INSERT INTO workspacefeature VALUES ('2NV4-038', 1);
INSERT INTO workspacefeature VALUES ('2NV4-038', 2);
INSERT INTO workspace VALUES ('2NV4-039', '2NV4-039', 1839, 19);
INSERT INTO workspacefeature VALUES ('2NV4-039', 1);
INSERT INTO workspacefeature VALUES ('2NV4-039', 3);
INSERT INTO workspace VALUES ('2NV4-040', '2NV4-040', 1840, 19);
INSERT INTO workspace VALUES ('2NV4-041', '2NV4-041', 1841, 19);
INSERT INTO workspacefeature VALUES ('2NV4-041', 1);
INSERT INTO workspace VALUES ('2NV4-042', '2NV4-042', 1842, 19);
INSERT INTO workspacefeature VALUES ('2NV4-042', 1);
INSERT INTO workspacefeature VALUES ('2NV4-042', 2);
INSERT INTO workspacefeature VALUES ('2NV4-042', 3);
INSERT INTO workspace VALUES ('2NV4-043', '2NV4-043', 1843, 19);
INSERT INTO workspacefeature VALUES ('2NV4-043', 1);
INSERT INTO workspace VALUES ('2NV4-044', '2NV4-044', 1844, 19);
INSERT INTO workspacefeature VALUES ('2NV4-044', 1);
INSERT INTO workspacefeature VALUES ('2NV4-044', 2);
INSERT INTO workspace VALUES ('2NV4-045', '2NV4-045', 1845, 19);
INSERT INTO workspacefeature VALUES ('2NV4-045', 1);
INSERT INTO workspacefeature VALUES ('2NV4-045', 3);
INSERT INTO workspace VALUES ('2NV4-046', '2NV4-046', 1846, 19);
INSERT INTO workspacefeature VALUES ('2NV4-046', 1);
INSERT INTO workspacefeature VALUES ('2NV4-046', 2);
INSERT INTO workspace VALUES ('2NV4-047', '2NV4-047', 1847, 19);
INSERT INTO workspacefeature VALUES ('2NV4-047', 1);
INSERT INTO workspace VALUES ('2NV4-048', '2NV4-048', 1848, 19);
INSERT INTO workspacefeature VALUES ('2NV4-048', 1);
INSERT INTO workspacefeature VALUES ('2NV4-048', 2);
INSERT INTO workspacefeature VALUES ('2NV4-048', 3);
INSERT INTO workspace VALUES ('2NV4-049', '2NV4-049', 1849, 19);
INSERT INTO workspacefeature VALUES ('2NV4-049', 1);
INSERT INTO workspace VALUES ('2NV4-050', '2NV4-050', 1850, 19);
INSERT INTO workspace VALUES ('2NV4-051', '2NV4-051', 1851, 19);
INSERT INTO workspacefeature VALUES ('2NV4-051', 1);
INSERT INTO workspacefeature VALUES ('2NV4-051', 3);
INSERT INTO workspace VALUES ('2NV4-052', '2NV4-052', 1852, 19);
INSERT INTO workspacefeature VALUES ('2NV4-052', 1);
INSERT INTO workspacefeature VALUES ('2NV4-052', 2);
INSERT INTO workspace VALUES ('2NV4-053', '2NV4-053', 1853, 19);
INSERT INTO workspacefeature VALUES ('2NV4-053', 1);
INSERT INTO workspace VALUES ('2NV4-054', '2NV4-054', 1854, 19);
INSERT INTO workspacefeature VALUES ('2NV4-054', 1);
INSERT INTO workspacefeature VALUES ('2NV4-054', 2);
INSERT INTO workspacefeature VALUES ('2NV4-054', 3);
INSERT INTO workspace VALUES ('2NV4-055', '2NV4-055', 1855, 19);
INSERT INTO workspacefeature VALUES ('2NV4-055', 1);
INSERT INTO workspace VALUES ('2NV4-056', '2NV4-056', 1856, 19);
INSERT INTO workspacefeature VALUES ('2NV4-056', 1);
INSERT INTO workspacefeature VALUES ('2NV4-056', 2);
INSERT INTO workspace VALUES ('2NV4-057', '2NV4-057', 1857, 19);
INSERT INTO workspacefeature VALUES ('2NV4-057', 1);
INSERT INTO workspacefeature VALUES ('2NV4-057', 3);
INSERT INTO workspace VALUES ('2NV4-058', '2NV4-058', 1858, 19);
INSERT INTO workspacefeature VALUES ('2NV4-058', 1);
INSERT INTO workspacefeature VALUES ('2NV4-058', 2);
INSERT INTO workspace VALUES ('2NV4-059', '2NV4-059', 1859, 19);
INSERT INTO workspacefeature VALUES ('2NV4-059', 1);
INSERT INTO workspace VALUES ('2NV4-060', '2NV4-060', 1860, 19);
INSERT INTO workspace VALUES ('2NV4-061', '2NV4-061', 1861, 19);
INSERT INTO workspacefeature VALUES ('2NV4-061', 1);
INSERT INTO workspace VALUES ('2NV4-062', '2NV4-062', 1862, 19);
INSERT INTO workspacefeature VALUES ('2NV4-062', 1);
INSERT INTO workspacefeature VALUES ('2NV4-062', 2);
INSERT INTO workspace VALUES ('2NV4-063', '2NV4-063', 1863, 19);
INSERT INTO workspacefeature VALUES ('2NV4-063', 1);
INSERT INTO workspacefeature VALUES ('2NV4-063', 3);
INSERT INTO workspace VALUES ('2NV4-064', '2NV4-064', 1864, 19);
INSERT INTO workspacefeature VALUES ('2NV4-064', 1);
INSERT INTO workspacefeature VALUES ('2NV4-064', 2);
INSERT INTO workspace VALUES ('2NV4-065', '2NV4-065', 1865, 19);
INSERT INTO workspacefeature VALUES ('2NV4-065', 1);
INSERT INTO workspace VALUES ('2NV4-066', '2NV4-066', 1866, 19);
INSERT INTO workspacefeature VALUES ('2NV4-066', 1);
INSERT INTO workspacefeature VALUES ('2NV4-066', 2);
INSERT INTO workspacefeature VALUES ('2NV4-066', 3);
INSERT INTO workspace VALUES ('2NV4-067', '2NV4-067', 1867, 19);
INSERT INTO workspacefeature VALUES ('2NV4-067', 1);
INSERT INTO workspace VALUES ('2NV4-068', '2NV4-068', 1868, 19);
INSERT INTO workspacefeature VALUES ('2NV4-068', 1);
INSERT INTO workspacefeature VALUES ('2NV4-068', 2);
INSERT INTO workspace VALUES ('2NV4-069', '2NV4-069', 1869, 19);
INSERT INTO workspacefeature VALUES ('2NV4-069', 1);
INSERT INTO workspacefeature VALUES ('2NV4-069', 3);
INSERT INTO workspace VALUES ('2NV4-070', '2NV4-070', 1870, 19);
INSERT INTO workspace VALUES ('2NV4-071', '2NV4-071', 1871, 19);
INSERT INTO workspacefeature VALUES ('2NV4-071', 1);
INSERT INTO workspace VALUES ('2NV4-072', '2NV4-072', 1872, 19);
INSERT INTO workspacefeature VALUES ('2NV4-072', 1);
INSERT INTO workspacefeature VALUES ('2NV4-072', 2);
INSERT INTO workspacefeature VALUES ('2NV4-072', 3);
INSERT INTO workspace VALUES ('2NV4-073', '2NV4-073', 1873, 19);
INSERT INTO workspacefeature VALUES ('2NV4-073', 1);
INSERT INTO workspace VALUES ('2NV4-074', '2NV4-074', 1874, 19);
INSERT INTO workspacefeature VALUES ('2NV4-074', 1);
INSERT INTO workspacefeature VALUES ('2NV4-074', 2);
INSERT INTO workspace VALUES ('2NV4-075', '2NV4-075', 1875, 19);
INSERT INTO workspacefeature VALUES ('2NV4-075', 1);
INSERT INTO workspacefeature VALUES ('2NV4-075', 3);
INSERT INTO workspace VALUES ('2NV4-076', '2NV4-076', 1876, 19);
INSERT INTO workspacefeature VALUES ('2NV4-076', 1);
INSERT INTO workspacefeature VALUES ('2NV4-076', 2);
INSERT INTO workspace VALUES ('2NV4-077', '2NV4-077', 1877, 19);
INSERT INTO workspacefeature VALUES ('2NV4-077', 1);
INSERT INTO workspace VALUES ('2NV4-078', '2NV4-078', 1878, 19);
INSERT INTO workspacefeature VALUES ('2NV4-078', 1);
INSERT INTO workspacefeature VALUES ('2NV4-078', 2);
INSERT INTO workspacefeature VALUES ('2NV4-078', 3);
INSERT INTO workspace VALUES ('2NV4-079', '2NV4-079', 1879, 19);
INSERT INTO workspacefeature VALUES ('2NV4-079', 1);
INSERT INTO workspace VALUES ('2NV4-080', '2NV4-080', 1880, 19);
INSERT INTO workspace VALUES ('2NV4-081', '2NV4-081', 1881, 19);
INSERT INTO workspacefeature VALUES ('2NV4-081', 1);
INSERT INTO workspacefeature VALUES ('2NV4-081', 3);
INSERT INTO workspace VALUES ('2NV4-082', '2NV4-082', 1882, 19);
INSERT INTO workspacefeature VALUES ('2NV4-082', 1);
INSERT INTO workspacefeature VALUES ('2NV4-082', 2);
INSERT INTO workspace VALUES ('2NV4-083', '2NV4-083', 1883, 19);
INSERT INTO workspacefeature VALUES ('2NV4-083', 1);
INSERT INTO workspace VALUES ('2NV4-084', '2NV4-084', 1884, 19);
INSERT INTO workspacefeature VALUES ('2NV4-084', 1);
INSERT INTO workspacefeature VALUES ('2NV4-084', 2);
INSERT INTO workspacefeature VALUES ('2NV4-084', 3);
INSERT INTO workspace VALUES ('2NV4-085', '2NV4-085', 1885, 19);
INSERT INTO workspacefeature VALUES ('2NV4-085', 1);
INSERT INTO workspace VALUES ('2NV4-086', '2NV4-086', 1886, 19);
INSERT INTO workspacefeature VALUES ('2NV4-086', 1);
INSERT INTO workspacefeature VALUES ('2NV4-086', 2);
INSERT INTO workspace VALUES ('2NV4-087', '2NV4-087', 1887, 19);
INSERT INTO workspacefeature VALUES ('2NV4-087', 1);
INSERT INTO workspacefeature VALUES ('2NV4-087', 3);
INSERT INTO workspace VALUES ('2NV4-088', '2NV4-088', 1888, 19);
INSERT INTO workspacefeature VALUES ('2NV4-088', 1);
INSERT INTO workspacefeature VALUES ('2NV4-088', 2);
INSERT INTO workspace VALUES ('2NV4-089', '2NV4-089', 1889, 19);
INSERT INTO workspacefeature VALUES ('2NV4-089', 1);
INSERT INTO workspace VALUES ('2NV4-090', '2NV4-090', 1890, 19);
INSERT INTO workspace VALUES ('2NV4-091', '2NV4-091', 1891, 19);
INSERT INTO workspacefeature VALUES ('2NV4-091', 1);
INSERT INTO workspace VALUES ('2NV4-092', '2NV4-092', 1892, 19);
INSERT INTO workspacefeature VALUES ('2NV4-092', 1);
INSERT INTO workspacefeature VALUES ('2NV4-092', 2);
INSERT INTO workspace VALUES ('2NV4-093', '2NV4-093', 1893, 19);
INSERT INTO workspacefeature VALUES ('2NV4-093', 1);
INSERT INTO workspacefeature VALUES ('2NV4-093', 3);
INSERT INTO workspace VALUES ('2NV4-094', '2NV4-094', 1894, 19);
INSERT INTO workspacefeature VALUES ('2NV4-094', 1);
INSERT INTO workspacefeature VALUES ('2NV4-094', 2);
INSERT INTO workspace VALUES ('2NV4-095', '2NV4-095', 1895, 19);
INSERT INTO workspacefeature VALUES ('2NV4-095', 1);
INSERT INTO workspace VALUES ('2NV4-096', '2NV4-096', 1896, 19);
INSERT INTO workspacefeature VALUES ('2NV4-096', 1);
INSERT INTO workspacefeature VALUES ('2NV4-096', 2);
INSERT INTO workspacefeature VALUES ('2NV4-096', 3);
INSERT INTO workspace VALUES ('2NV4-097', '2NV4-097', 1897, 19);
INSERT INTO workspacefeature VALUES ('2NV4-097', 1);
INSERT INTO workspace VALUES ('2NV4-098', '2NV4-098', 1898, 19);
INSERT INTO workspacefeature VALUES ('2NV4-098', 1);
INSERT INTO workspacefeature VALUES ('2NV4-098', 2);
INSERT INTO workspace VALUES ('2NV4-099', '2NV4-099', 1899, 19);
INSERT INTO workspacefeature VALUES ('2NV4-099', 1);
INSERT INTO workspacefeature VALUES ('2NV4-099', 3);
INSERT INTO workspace VALUES ('2NV4-100', '2NV4-100', 1900, 19);
INSERT INTO floor VALUES (20, 5, 'North Vancouver Building 2', 'North Vancouver', '2', NULL);
INSERT INTO workspace VALUES ('2NV5-001', '2NV5-001', 1901, 20);
INSERT INTO workspacefeature VALUES ('2NV5-001', 1);
INSERT INTO workspace VALUES ('2NV5-002', '2NV5-002', 1902, 20);
INSERT INTO workspacefeature VALUES ('2NV5-002', 1);
INSERT INTO workspacefeature VALUES ('2NV5-002', 2);
INSERT INTO workspace VALUES ('2NV5-003', '2NV5-003', 1903, 20);
INSERT INTO workspacefeature VALUES ('2NV5-003', 1);
INSERT INTO workspacefeature VALUES ('2NV5-003', 3);
INSERT INTO workspace VALUES ('2NV5-004', '2NV5-004', 1904, 20);
INSERT INTO workspacefeature VALUES ('2NV5-004', 1);
INSERT INTO workspacefeature VALUES ('2NV5-004', 2);
INSERT INTO workspace VALUES ('2NV5-005', '2NV5-005', 1905, 20);
INSERT INTO workspacefeature VALUES ('2NV5-005', 1);
INSERT INTO workspace VALUES ('2NV5-006', '2NV5-006', 1906, 20);
INSERT INTO workspacefeature VALUES ('2NV5-006', 1);
INSERT INTO workspacefeature VALUES ('2NV5-006', 2);
INSERT INTO workspacefeature VALUES ('2NV5-006', 3);
INSERT INTO workspace VALUES ('2NV5-007', '2NV5-007', 1907, 20);
INSERT INTO workspacefeature VALUES ('2NV5-007', 1);
INSERT INTO workspace VALUES ('2NV5-008', '2NV5-008', 1908, 20);
INSERT INTO workspacefeature VALUES ('2NV5-008', 1);
INSERT INTO workspacefeature VALUES ('2NV5-008', 2);
INSERT INTO workspace VALUES ('2NV5-009', '2NV5-009', 1909, 20);
INSERT INTO workspacefeature VALUES ('2NV5-009', 1);
INSERT INTO workspacefeature VALUES ('2NV5-009', 3);
INSERT INTO workspace VALUES ('2NV5-010', '2NV5-010', 1910, 20);
INSERT INTO workspace VALUES ('2NV5-011', '2NV5-011', 1911, 20);
INSERT INTO workspacefeature VALUES ('2NV5-011', 1);
INSERT INTO workspace VALUES ('2NV5-012', '2NV5-012', 1912, 20);
INSERT INTO workspacefeature VALUES ('2NV5-012', 1);
INSERT INTO workspacefeature VALUES ('2NV5-012', 2);
INSERT INTO workspacefeature VALUES ('2NV5-012', 3);
INSERT INTO workspace VALUES ('2NV5-013', '2NV5-013', 1913, 20);
INSERT INTO workspacefeature VALUES ('2NV5-013', 1);
INSERT INTO workspace VALUES ('2NV5-014', '2NV5-014', 1914, 20);
INSERT INTO workspacefeature VALUES ('2NV5-014', 1);
INSERT INTO workspacefeature VALUES ('2NV5-014', 2);
INSERT INTO workspace VALUES ('2NV5-015', '2NV5-015', 1915, 20);
INSERT INTO workspacefeature VALUES ('2NV5-015', 1);
INSERT INTO workspacefeature VALUES ('2NV5-015', 3);
INSERT INTO workspace VALUES ('2NV5-016', '2NV5-016', 1916, 20);
INSERT INTO workspacefeature VALUES ('2NV5-016', 1);
INSERT INTO workspacefeature VALUES ('2NV5-016', 2);
INSERT INTO workspace VALUES ('2NV5-017', '2NV5-017', 1917, 20);
INSERT INTO workspacefeature VALUES ('2NV5-017', 1);
INSERT INTO workspace VALUES ('2NV5-018', '2NV5-018', 1918, 20);
INSERT INTO workspacefeature VALUES ('2NV5-018', 1);
INSERT INTO workspacefeature VALUES ('2NV5-018', 2);
INSERT INTO workspacefeature VALUES ('2NV5-018', 3);
INSERT INTO workspace VALUES ('2NV5-019', '2NV5-019', 1919, 20);
INSERT INTO workspacefeature VALUES ('2NV5-019', 1);
INSERT INTO workspace VALUES ('2NV5-020', '2NV5-020', 1920, 20);
INSERT INTO workspace VALUES ('2NV5-021', '2NV5-021', 1921, 20);
INSERT INTO workspacefeature VALUES ('2NV5-021', 1);
INSERT INTO workspacefeature VALUES ('2NV5-021', 3);
INSERT INTO workspace VALUES ('2NV5-022', '2NV5-022', 1922, 20);
INSERT INTO workspacefeature VALUES ('2NV5-022', 1);
INSERT INTO workspacefeature VALUES ('2NV5-022', 2);
INSERT INTO workspace VALUES ('2NV5-023', '2NV5-023', 1923, 20);
INSERT INTO workspacefeature VALUES ('2NV5-023', 1);
INSERT INTO workspace VALUES ('2NV5-024', '2NV5-024', 1924, 20);
INSERT INTO workspacefeature VALUES ('2NV5-024', 1);
INSERT INTO workspacefeature VALUES ('2NV5-024', 2);
INSERT INTO workspacefeature VALUES ('2NV5-024', 3);
INSERT INTO workspace VALUES ('2NV5-025', '2NV5-025', 1925, 20);
INSERT INTO workspacefeature VALUES ('2NV5-025', 1);
INSERT INTO workspace VALUES ('2NV5-026', '2NV5-026', 1926, 20);
INSERT INTO workspacefeature VALUES ('2NV5-026', 1);
INSERT INTO workspacefeature VALUES ('2NV5-026', 2);
INSERT INTO workspace VALUES ('2NV5-027', '2NV5-027', 1927, 20);
INSERT INTO workspacefeature VALUES ('2NV5-027', 1);
INSERT INTO workspacefeature VALUES ('2NV5-027', 3);
INSERT INTO workspace VALUES ('2NV5-028', '2NV5-028', 1928, 20);
INSERT INTO workspacefeature VALUES ('2NV5-028', 1);
INSERT INTO workspacefeature VALUES ('2NV5-028', 2);
INSERT INTO workspace VALUES ('2NV5-029', '2NV5-029', 1929, 20);
INSERT INTO workspacefeature VALUES ('2NV5-029', 1);
INSERT INTO workspace VALUES ('2NV5-030', '2NV5-030', 1930, 20);
INSERT INTO workspace VALUES ('2NV5-031', '2NV5-031', 1931, 20);
INSERT INTO workspacefeature VALUES ('2NV5-031', 1);
INSERT INTO workspace VALUES ('2NV5-032', '2NV5-032', 1932, 20);
INSERT INTO workspacefeature VALUES ('2NV5-032', 1);
INSERT INTO workspacefeature VALUES ('2NV5-032', 2);
INSERT INTO workspace VALUES ('2NV5-033', '2NV5-033', 1933, 20);
INSERT INTO workspacefeature VALUES ('2NV5-033', 1);
INSERT INTO workspacefeature VALUES ('2NV5-033', 3);
INSERT INTO workspace VALUES ('2NV5-034', '2NV5-034', 1934, 20);
INSERT INTO workspacefeature VALUES ('2NV5-034', 1);
INSERT INTO workspacefeature VALUES ('2NV5-034', 2);
INSERT INTO workspace VALUES ('2NV5-035', '2NV5-035', 1935, 20);
INSERT INTO workspacefeature VALUES ('2NV5-035', 1);
INSERT INTO workspace VALUES ('2NV5-036', '2NV5-036', 1936, 20);
INSERT INTO workspacefeature VALUES ('2NV5-036', 1);
INSERT INTO workspacefeature VALUES ('2NV5-036', 2);
INSERT INTO workspacefeature VALUES ('2NV5-036', 3);
INSERT INTO workspace VALUES ('2NV5-037', '2NV5-037', 1937, 20);
INSERT INTO workspacefeature VALUES ('2NV5-037', 1);
INSERT INTO workspace VALUES ('2NV5-038', '2NV5-038', 1938, 20);
INSERT INTO workspacefeature VALUES ('2NV5-038', 1);
INSERT INTO workspacefeature VALUES ('2NV5-038', 2);
INSERT INTO workspace VALUES ('2NV5-039', '2NV5-039', 1939, 20);
INSERT INTO workspacefeature VALUES ('2NV5-039', 1);
INSERT INTO workspacefeature VALUES ('2NV5-039', 3);
INSERT INTO workspace VALUES ('2NV5-040', '2NV5-040', 1940, 20);
INSERT INTO workspace VALUES ('2NV5-041', '2NV5-041', 1941, 20);
INSERT INTO workspacefeature VALUES ('2NV5-041', 1);
INSERT INTO workspace VALUES ('2NV5-042', '2NV5-042', 1942, 20);
INSERT INTO workspacefeature VALUES ('2NV5-042', 1);
INSERT INTO workspacefeature VALUES ('2NV5-042', 2);
INSERT INTO workspacefeature VALUES ('2NV5-042', 3);
INSERT INTO workspace VALUES ('2NV5-043', '2NV5-043', 1943, 20);
INSERT INTO workspacefeature VALUES ('2NV5-043', 1);
INSERT INTO workspace VALUES ('2NV5-044', '2NV5-044', 1944, 20);
INSERT INTO workspacefeature VALUES ('2NV5-044', 1);
INSERT INTO workspacefeature VALUES ('2NV5-044', 2);
INSERT INTO workspace VALUES ('2NV5-045', '2NV5-045', 1945, 20);
INSERT INTO workspacefeature VALUES ('2NV5-045', 1);
INSERT INTO workspacefeature VALUES ('2NV5-045', 3);
INSERT INTO workspace VALUES ('2NV5-046', '2NV5-046', 1946, 20);
INSERT INTO workspacefeature VALUES ('2NV5-046', 1);
INSERT INTO workspacefeature VALUES ('2NV5-046', 2);
INSERT INTO workspace VALUES ('2NV5-047', '2NV5-047', 1947, 20);
INSERT INTO workspacefeature VALUES ('2NV5-047', 1);
INSERT INTO workspace VALUES ('2NV5-048', '2NV5-048', 1948, 20);
INSERT INTO workspacefeature VALUES ('2NV5-048', 1);
INSERT INTO workspacefeature VALUES ('2NV5-048', 2);
INSERT INTO workspacefeature VALUES ('2NV5-048', 3);
INSERT INTO workspace VALUES ('2NV5-049', '2NV5-049', 1949, 20);
INSERT INTO workspacefeature VALUES ('2NV5-049', 1);
INSERT INTO workspace VALUES ('2NV5-050', '2NV5-050', 1950, 20);
INSERT INTO workspace VALUES ('2NV5-051', '2NV5-051', 1951, 20);
INSERT INTO workspacefeature VALUES ('2NV5-051', 1);
INSERT INTO workspacefeature VALUES ('2NV5-051', 3);
INSERT INTO workspace VALUES ('2NV5-052', '2NV5-052', 1952, 20);
INSERT INTO workspacefeature VALUES ('2NV5-052', 1);
INSERT INTO workspacefeature VALUES ('2NV5-052', 2);
INSERT INTO workspace VALUES ('2NV5-053', '2NV5-053', 1953, 20);
INSERT INTO workspacefeature VALUES ('2NV5-053', 1);
INSERT INTO workspace VALUES ('2NV5-054', '2NV5-054', 1954, 20);
INSERT INTO workspacefeature VALUES ('2NV5-054', 1);
INSERT INTO workspacefeature VALUES ('2NV5-054', 2);
INSERT INTO workspacefeature VALUES ('2NV5-054', 3);
INSERT INTO workspace VALUES ('2NV5-055', '2NV5-055', 1955, 20);
INSERT INTO workspacefeature VALUES ('2NV5-055', 1);
INSERT INTO workspace VALUES ('2NV5-056', '2NV5-056', 1956, 20);
INSERT INTO workspacefeature VALUES ('2NV5-056', 1);
INSERT INTO workspacefeature VALUES ('2NV5-056', 2);
INSERT INTO workspace VALUES ('2NV5-057', '2NV5-057', 1957, 20);
INSERT INTO workspacefeature VALUES ('2NV5-057', 1);
INSERT INTO workspacefeature VALUES ('2NV5-057', 3);
INSERT INTO workspace VALUES ('2NV5-058', '2NV5-058', 1958, 20);
INSERT INTO workspacefeature VALUES ('2NV5-058', 1);
INSERT INTO workspacefeature VALUES ('2NV5-058', 2);
INSERT INTO workspace VALUES ('2NV5-059', '2NV5-059', 1959, 20);
INSERT INTO workspacefeature VALUES ('2NV5-059', 1);
INSERT INTO workspace VALUES ('2NV5-060', '2NV5-060', 1960, 20);
INSERT INTO workspace VALUES ('2NV5-061', '2NV5-061', 1961, 20);
INSERT INTO workspacefeature VALUES ('2NV5-061', 1);
INSERT INTO workspace VALUES ('2NV5-062', '2NV5-062', 1962, 20);
INSERT INTO workspacefeature VALUES ('2NV5-062', 1);
INSERT INTO workspacefeature VALUES ('2NV5-062', 2);
INSERT INTO workspace VALUES ('2NV5-063', '2NV5-063', 1963, 20);
INSERT INTO workspacefeature VALUES ('2NV5-063', 1);
INSERT INTO workspacefeature VALUES ('2NV5-063', 3);
INSERT INTO workspace VALUES ('2NV5-064', '2NV5-064', 1964, 20);
INSERT INTO workspacefeature VALUES ('2NV5-064', 1);
INSERT INTO workspacefeature VALUES ('2NV5-064', 2);
INSERT INTO workspace VALUES ('2NV5-065', '2NV5-065', 1965, 20);
INSERT INTO workspacefeature VALUES ('2NV5-065', 1);
INSERT INTO workspace VALUES ('2NV5-066', '2NV5-066', 1966, 20);
INSERT INTO workspacefeature VALUES ('2NV5-066', 1);
INSERT INTO workspacefeature VALUES ('2NV5-066', 2);
INSERT INTO workspacefeature VALUES ('2NV5-066', 3);
INSERT INTO workspace VALUES ('2NV5-067', '2NV5-067', 1967, 20);
INSERT INTO workspacefeature VALUES ('2NV5-067', 1);
INSERT INTO workspace VALUES ('2NV5-068', '2NV5-068', 1968, 20);
INSERT INTO workspacefeature VALUES ('2NV5-068', 1);
INSERT INTO workspacefeature VALUES ('2NV5-068', 2);
INSERT INTO workspace VALUES ('2NV5-069', '2NV5-069', 1969, 20);
INSERT INTO workspacefeature VALUES ('2NV5-069', 1);
INSERT INTO workspacefeature VALUES ('2NV5-069', 3);
INSERT INTO workspace VALUES ('2NV5-070', '2NV5-070', 1970, 20);
INSERT INTO workspace VALUES ('2NV5-071', '2NV5-071', 1971, 20);
INSERT INTO workspacefeature VALUES ('2NV5-071', 1);
INSERT INTO workspace VALUES ('2NV5-072', '2NV5-072', 1972, 20);
INSERT INTO workspacefeature VALUES ('2NV5-072', 1);
INSERT INTO workspacefeature VALUES ('2NV5-072', 2);
INSERT INTO workspacefeature VALUES ('2NV5-072', 3);
INSERT INTO workspace VALUES ('2NV5-073', '2NV5-073', 1973, 20);
INSERT INTO workspacefeature VALUES ('2NV5-073', 1);
INSERT INTO workspace VALUES ('2NV5-074', '2NV5-074', 1974, 20);
INSERT INTO workspacefeature VALUES ('2NV5-074', 1);
INSERT INTO workspacefeature VALUES ('2NV5-074', 2);
INSERT INTO workspace VALUES ('2NV5-075', '2NV5-075', 1975, 20);
INSERT INTO workspacefeature VALUES ('2NV5-075', 1);
INSERT INTO workspacefeature VALUES ('2NV5-075', 3);
INSERT INTO workspace VALUES ('2NV5-076', '2NV5-076', 1976, 20);
INSERT INTO workspacefeature VALUES ('2NV5-076', 1);
INSERT INTO workspacefeature VALUES ('2NV5-076', 2);
INSERT INTO workspace VALUES ('2NV5-077', '2NV5-077', 1977, 20);
INSERT INTO workspacefeature VALUES ('2NV5-077', 1);
INSERT INTO workspace VALUES ('2NV5-078', '2NV5-078', 1978, 20);
INSERT INTO workspacefeature VALUES ('2NV5-078', 1);
INSERT INTO workspacefeature VALUES ('2NV5-078', 2);
INSERT INTO workspacefeature VALUES ('2NV5-078', 3);
INSERT INTO workspace VALUES ('2NV5-079', '2NV5-079', 1979, 20);
INSERT INTO workspacefeature VALUES ('2NV5-079', 1);
INSERT INTO workspace VALUES ('2NV5-080', '2NV5-080', 1980, 20);
INSERT INTO workspace VALUES ('2NV5-081', '2NV5-081', 1981, 20);
INSERT INTO workspacefeature VALUES ('2NV5-081', 1);
INSERT INTO workspacefeature VALUES ('2NV5-081', 3);
INSERT INTO workspace VALUES ('2NV5-082', '2NV5-082', 1982, 20);
INSERT INTO workspacefeature VALUES ('2NV5-082', 1);
INSERT INTO workspacefeature VALUES ('2NV5-082', 2);
INSERT INTO workspace VALUES ('2NV5-083', '2NV5-083', 1983, 20);
INSERT INTO workspacefeature VALUES ('2NV5-083', 1);
INSERT INTO workspace VALUES ('2NV5-084', '2NV5-084', 1984, 20);
INSERT INTO workspacefeature VALUES ('2NV5-084', 1);
INSERT INTO workspacefeature VALUES ('2NV5-084', 2);
INSERT INTO workspacefeature VALUES ('2NV5-084', 3);
INSERT INTO workspace VALUES ('2NV5-085', '2NV5-085', 1985, 20);
INSERT INTO workspacefeature VALUES ('2NV5-085', 1);
INSERT INTO workspace VALUES ('2NV5-086', '2NV5-086', 1986, 20);
INSERT INTO workspacefeature VALUES ('2NV5-086', 1);
INSERT INTO workspacefeature VALUES ('2NV5-086', 2);
INSERT INTO workspace VALUES ('2NV5-087', '2NV5-087', 1987, 20);
INSERT INTO workspacefeature VALUES ('2NV5-087', 1);
INSERT INTO workspacefeature VALUES ('2NV5-087', 3);
INSERT INTO workspace VALUES ('2NV5-088', '2NV5-088', 1988, 20);
INSERT INTO workspacefeature VALUES ('2NV5-088', 1);
INSERT INTO workspacefeature VALUES ('2NV5-088', 2);
INSERT INTO workspace VALUES ('2NV5-089', '2NV5-089', 1989, 20);
INSERT INTO workspacefeature VALUES ('2NV5-089', 1);
INSERT INTO workspace VALUES ('2NV5-090', '2NV5-090', 1990, 20);
INSERT INTO workspace VALUES ('2NV5-091', '2NV5-091', 1991, 20);
INSERT INTO workspacefeature VALUES ('2NV5-091', 1);
INSERT INTO workspace VALUES ('2NV5-092', '2NV5-092', 1992, 20);
INSERT INTO workspacefeature VALUES ('2NV5-092', 1);
INSERT INTO workspacefeature VALUES ('2NV5-092', 2);
INSERT INTO workspace VALUES ('2NV5-093', '2NV5-093', 1993, 20);
INSERT INTO workspacefeature VALUES ('2NV5-093', 1);
INSERT INTO workspacefeature VALUES ('2NV5-093', 3);
INSERT INTO workspace VALUES ('2NV5-094', '2NV5-094', 1994, 20);
INSERT INTO workspacefeature VALUES ('2NV5-094', 1);
INSERT INTO workspacefeature VALUES ('2NV5-094', 2);
INSERT INTO workspace VALUES ('2NV5-095', '2NV5-095', 1995, 20);
INSERT INTO workspacefeature VALUES ('2NV5-095', 1);
INSERT INTO workspace VALUES ('2NV5-096', '2NV5-096', 1996, 20);
INSERT INTO workspacefeature VALUES ('2NV5-096', 1);
INSERT INTO workspacefeature VALUES ('2NV5-096', 2);
INSERT INTO workspacefeature VALUES ('2NV5-096', 3);
INSERT INTO workspace VALUES ('2NV5-097', '2NV5-097', 1997, 20);
INSERT INTO workspacefeature VALUES ('2NV5-097', 1);
INSERT INTO workspace VALUES ('2NV5-098', '2NV5-098', 1998, 20);
INSERT INTO workspacefeature VALUES ('2NV5-098', 1);
INSERT INTO workspacefeature VALUES ('2NV5-098', 2);
INSERT INTO workspace VALUES ('2NV5-099', '2NV5-099', 1999, 20);
INSERT INTO workspacefeature VALUES ('2NV5-099', 1);
INSERT INTO workspacefeature VALUES ('2NV5-099', 3);
INSERT INTO workspace VALUES ('2NV5-100', '2NV5-100', 2000, 20);
INSERT INTO floor VALUES (21, 1, 'West Vancouver Building 1', 'West Vancouver', '1', NULL);
INSERT INTO workspace VALUES ('1WV1-001', '1WV1-001', 2001, 21);
INSERT INTO workspacefeature VALUES ('1WV1-001', 1);
INSERT INTO workspace VALUES ('1WV1-002', '1WV1-002', 2002, 21);
INSERT INTO workspacefeature VALUES ('1WV1-002', 1);
INSERT INTO workspacefeature VALUES ('1WV1-002', 2);
INSERT INTO workspace VALUES ('1WV1-003', '1WV1-003', 2003, 21);
INSERT INTO workspacefeature VALUES ('1WV1-003', 1);
INSERT INTO workspacefeature VALUES ('1WV1-003', 3);
INSERT INTO workspace VALUES ('1WV1-004', '1WV1-004', 2004, 21);
INSERT INTO workspacefeature VALUES ('1WV1-004', 1);
INSERT INTO workspacefeature VALUES ('1WV1-004', 2);
INSERT INTO workspace VALUES ('1WV1-005', '1WV1-005', 2005, 21);
INSERT INTO workspacefeature VALUES ('1WV1-005', 1);
INSERT INTO workspace VALUES ('1WV1-006', '1WV1-006', 2006, 21);
INSERT INTO workspacefeature VALUES ('1WV1-006', 1);
INSERT INTO workspacefeature VALUES ('1WV1-006', 2);
INSERT INTO workspacefeature VALUES ('1WV1-006', 3);
INSERT INTO workspace VALUES ('1WV1-007', '1WV1-007', 2007, 21);
INSERT INTO workspacefeature VALUES ('1WV1-007', 1);
INSERT INTO workspace VALUES ('1WV1-008', '1WV1-008', 2008, 21);
INSERT INTO workspacefeature VALUES ('1WV1-008', 1);
INSERT INTO workspacefeature VALUES ('1WV1-008', 2);
INSERT INTO workspace VALUES ('1WV1-009', '1WV1-009', 2009, 21);
INSERT INTO workspacefeature VALUES ('1WV1-009', 1);
INSERT INTO workspacefeature VALUES ('1WV1-009', 3);
INSERT INTO workspace VALUES ('1WV1-010', '1WV1-010', 2010, 21);
INSERT INTO workspace VALUES ('1WV1-011', '1WV1-011', 2011, 21);
INSERT INTO workspacefeature VALUES ('1WV1-011', 1);
INSERT INTO workspace VALUES ('1WV1-012', '1WV1-012', 2012, 21);
INSERT INTO workspacefeature VALUES ('1WV1-012', 1);
INSERT INTO workspacefeature VALUES ('1WV1-012', 2);
INSERT INTO workspacefeature VALUES ('1WV1-012', 3);
INSERT INTO workspace VALUES ('1WV1-013', '1WV1-013', 2013, 21);
INSERT INTO workspacefeature VALUES ('1WV1-013', 1);
INSERT INTO workspace VALUES ('1WV1-014', '1WV1-014', 2014, 21);
INSERT INTO workspacefeature VALUES ('1WV1-014', 1);
INSERT INTO workspacefeature VALUES ('1WV1-014', 2);
INSERT INTO workspace VALUES ('1WV1-015', '1WV1-015', 2015, 21);
INSERT INTO workspacefeature VALUES ('1WV1-015', 1);
INSERT INTO workspacefeature VALUES ('1WV1-015', 3);
INSERT INTO workspace VALUES ('1WV1-016', '1WV1-016', 2016, 21);
INSERT INTO workspacefeature VALUES ('1WV1-016', 1);
INSERT INTO workspacefeature VALUES ('1WV1-016', 2);
INSERT INTO workspace VALUES ('1WV1-017', '1WV1-017', 2017, 21);
INSERT INTO workspacefeature VALUES ('1WV1-017', 1);
INSERT INTO workspace VALUES ('1WV1-018', '1WV1-018', 2018, 21);
INSERT INTO workspacefeature VALUES ('1WV1-018', 1);
INSERT INTO workspacefeature VALUES ('1WV1-018', 2);
INSERT INTO workspacefeature VALUES ('1WV1-018', 3);
INSERT INTO workspace VALUES ('1WV1-019', '1WV1-019', 2019, 21);
INSERT INTO workspacefeature VALUES ('1WV1-019', 1);
INSERT INTO workspace VALUES ('1WV1-020', '1WV1-020', 2020, 21);
INSERT INTO workspace VALUES ('1WV1-021', '1WV1-021', 2021, 21);
INSERT INTO workspacefeature VALUES ('1WV1-021', 1);
INSERT INTO workspacefeature VALUES ('1WV1-021', 3);
INSERT INTO workspace VALUES ('1WV1-022', '1WV1-022', 2022, 21);
INSERT INTO workspacefeature VALUES ('1WV1-022', 1);
INSERT INTO workspacefeature VALUES ('1WV1-022', 2);
INSERT INTO workspace VALUES ('1WV1-023', '1WV1-023', 2023, 21);
INSERT INTO workspacefeature VALUES ('1WV1-023', 1);
INSERT INTO workspace VALUES ('1WV1-024', '1WV1-024', 2024, 21);
INSERT INTO workspacefeature VALUES ('1WV1-024', 1);
INSERT INTO workspacefeature VALUES ('1WV1-024', 2);
INSERT INTO workspacefeature VALUES ('1WV1-024', 3);
INSERT INTO workspace VALUES ('1WV1-025', '1WV1-025', 2025, 21);
INSERT INTO workspacefeature VALUES ('1WV1-025', 1);
INSERT INTO workspace VALUES ('1WV1-026', '1WV1-026', 2026, 21);
INSERT INTO workspacefeature VALUES ('1WV1-026', 1);
INSERT INTO workspacefeature VALUES ('1WV1-026', 2);
INSERT INTO workspace VALUES ('1WV1-027', '1WV1-027', 2027, 21);
INSERT INTO workspacefeature VALUES ('1WV1-027', 1);
INSERT INTO workspacefeature VALUES ('1WV1-027', 3);
INSERT INTO workspace VALUES ('1WV1-028', '1WV1-028', 2028, 21);
INSERT INTO workspacefeature VALUES ('1WV1-028', 1);
INSERT INTO workspacefeature VALUES ('1WV1-028', 2);
INSERT INTO workspace VALUES ('1WV1-029', '1WV1-029', 2029, 21);
INSERT INTO workspacefeature VALUES ('1WV1-029', 1);
INSERT INTO workspace VALUES ('1WV1-030', '1WV1-030', 2030, 21);
INSERT INTO workspace VALUES ('1WV1-031', '1WV1-031', 2031, 21);
INSERT INTO workspacefeature VALUES ('1WV1-031', 1);
INSERT INTO workspace VALUES ('1WV1-032', '1WV1-032', 2032, 21);
INSERT INTO workspacefeature VALUES ('1WV1-032', 1);
INSERT INTO workspacefeature VALUES ('1WV1-032', 2);
INSERT INTO workspace VALUES ('1WV1-033', '1WV1-033', 2033, 21);
INSERT INTO workspacefeature VALUES ('1WV1-033', 1);
INSERT INTO workspacefeature VALUES ('1WV1-033', 3);
INSERT INTO workspace VALUES ('1WV1-034', '1WV1-034', 2034, 21);
INSERT INTO workspacefeature VALUES ('1WV1-034', 1);
INSERT INTO workspacefeature VALUES ('1WV1-034', 2);
INSERT INTO workspace VALUES ('1WV1-035', '1WV1-035', 2035, 21);
INSERT INTO workspacefeature VALUES ('1WV1-035', 1);
INSERT INTO workspace VALUES ('1WV1-036', '1WV1-036', 2036, 21);
INSERT INTO workspacefeature VALUES ('1WV1-036', 1);
INSERT INTO workspacefeature VALUES ('1WV1-036', 2);
INSERT INTO workspacefeature VALUES ('1WV1-036', 3);
INSERT INTO workspace VALUES ('1WV1-037', '1WV1-037', 2037, 21);
INSERT INTO workspacefeature VALUES ('1WV1-037', 1);
INSERT INTO workspace VALUES ('1WV1-038', '1WV1-038', 2038, 21);
INSERT INTO workspacefeature VALUES ('1WV1-038', 1);
INSERT INTO workspacefeature VALUES ('1WV1-038', 2);
INSERT INTO workspace VALUES ('1WV1-039', '1WV1-039', 2039, 21);
INSERT INTO workspacefeature VALUES ('1WV1-039', 1);
INSERT INTO workspacefeature VALUES ('1WV1-039', 3);
INSERT INTO workspace VALUES ('1WV1-040', '1WV1-040', 2040, 21);
INSERT INTO workspace VALUES ('1WV1-041', '1WV1-041', 2041, 21);
INSERT INTO workspacefeature VALUES ('1WV1-041', 1);
INSERT INTO workspace VALUES ('1WV1-042', '1WV1-042', 2042, 21);
INSERT INTO workspacefeature VALUES ('1WV1-042', 1);
INSERT INTO workspacefeature VALUES ('1WV1-042', 2);
INSERT INTO workspacefeature VALUES ('1WV1-042', 3);
INSERT INTO workspace VALUES ('1WV1-043', '1WV1-043', 2043, 21);
INSERT INTO workspacefeature VALUES ('1WV1-043', 1);
INSERT INTO workspace VALUES ('1WV1-044', '1WV1-044', 2044, 21);
INSERT INTO workspacefeature VALUES ('1WV1-044', 1);
INSERT INTO workspacefeature VALUES ('1WV1-044', 2);
INSERT INTO workspace VALUES ('1WV1-045', '1WV1-045', 2045, 21);
INSERT INTO workspacefeature VALUES ('1WV1-045', 1);
INSERT INTO workspacefeature VALUES ('1WV1-045', 3);
INSERT INTO workspace VALUES ('1WV1-046', '1WV1-046', 2046, 21);
INSERT INTO workspacefeature VALUES ('1WV1-046', 1);
INSERT INTO workspacefeature VALUES ('1WV1-046', 2);
INSERT INTO workspace VALUES ('1WV1-047', '1WV1-047', 2047, 21);
INSERT INTO workspacefeature VALUES ('1WV1-047', 1);
INSERT INTO workspace VALUES ('1WV1-048', '1WV1-048', 2048, 21);
INSERT INTO workspacefeature VALUES ('1WV1-048', 1);
INSERT INTO workspacefeature VALUES ('1WV1-048', 2);
INSERT INTO workspacefeature VALUES ('1WV1-048', 3);
INSERT INTO workspace VALUES ('1WV1-049', '1WV1-049', 2049, 21);
INSERT INTO workspacefeature VALUES ('1WV1-049', 1);
INSERT INTO workspace VALUES ('1WV1-050', '1WV1-050', 2050, 21);
INSERT INTO workspace VALUES ('1WV1-051', '1WV1-051', 2051, 21);
INSERT INTO workspacefeature VALUES ('1WV1-051', 1);
INSERT INTO workspacefeature VALUES ('1WV1-051', 3);
INSERT INTO workspace VALUES ('1WV1-052', '1WV1-052', 2052, 21);
INSERT INTO workspacefeature VALUES ('1WV1-052', 1);
INSERT INTO workspacefeature VALUES ('1WV1-052', 2);
INSERT INTO workspace VALUES ('1WV1-053', '1WV1-053', 2053, 21);
INSERT INTO workspacefeature VALUES ('1WV1-053', 1);
INSERT INTO workspace VALUES ('1WV1-054', '1WV1-054', 2054, 21);
INSERT INTO workspacefeature VALUES ('1WV1-054', 1);
INSERT INTO workspacefeature VALUES ('1WV1-054', 2);
INSERT INTO workspacefeature VALUES ('1WV1-054', 3);
INSERT INTO workspace VALUES ('1WV1-055', '1WV1-055', 2055, 21);
INSERT INTO workspacefeature VALUES ('1WV1-055', 1);
INSERT INTO workspace VALUES ('1WV1-056', '1WV1-056', 2056, 21);
INSERT INTO workspacefeature VALUES ('1WV1-056', 1);
INSERT INTO workspacefeature VALUES ('1WV1-056', 2);
INSERT INTO workspace VALUES ('1WV1-057', '1WV1-057', 2057, 21);
INSERT INTO workspacefeature VALUES ('1WV1-057', 1);
INSERT INTO workspacefeature VALUES ('1WV1-057', 3);
INSERT INTO workspace VALUES ('1WV1-058', '1WV1-058', 2058, 21);
INSERT INTO workspacefeature VALUES ('1WV1-058', 1);
INSERT INTO workspacefeature VALUES ('1WV1-058', 2);
INSERT INTO workspace VALUES ('1WV1-059', '1WV1-059', 2059, 21);
INSERT INTO workspacefeature VALUES ('1WV1-059', 1);
INSERT INTO workspace VALUES ('1WV1-060', '1WV1-060', 2060, 21);
INSERT INTO workspace VALUES ('1WV1-061', '1WV1-061', 2061, 21);
INSERT INTO workspacefeature VALUES ('1WV1-061', 1);
INSERT INTO workspace VALUES ('1WV1-062', '1WV1-062', 2062, 21);
INSERT INTO workspacefeature VALUES ('1WV1-062', 1);
INSERT INTO workspacefeature VALUES ('1WV1-062', 2);
INSERT INTO workspace VALUES ('1WV1-063', '1WV1-063', 2063, 21);
INSERT INTO workspacefeature VALUES ('1WV1-063', 1);
INSERT INTO workspacefeature VALUES ('1WV1-063', 3);
INSERT INTO workspace VALUES ('1WV1-064', '1WV1-064', 2064, 21);
INSERT INTO workspacefeature VALUES ('1WV1-064', 1);
INSERT INTO workspacefeature VALUES ('1WV1-064', 2);
INSERT INTO workspace VALUES ('1WV1-065', '1WV1-065', 2065, 21);
INSERT INTO workspacefeature VALUES ('1WV1-065', 1);
INSERT INTO workspace VALUES ('1WV1-066', '1WV1-066', 2066, 21);
INSERT INTO workspacefeature VALUES ('1WV1-066', 1);
INSERT INTO workspacefeature VALUES ('1WV1-066', 2);
INSERT INTO workspacefeature VALUES ('1WV1-066', 3);
INSERT INTO workspace VALUES ('1WV1-067', '1WV1-067', 2067, 21);
INSERT INTO workspacefeature VALUES ('1WV1-067', 1);
INSERT INTO workspace VALUES ('1WV1-068', '1WV1-068', 2068, 21);
INSERT INTO workspacefeature VALUES ('1WV1-068', 1);
INSERT INTO workspacefeature VALUES ('1WV1-068', 2);
INSERT INTO workspace VALUES ('1WV1-069', '1WV1-069', 2069, 21);
INSERT INTO workspacefeature VALUES ('1WV1-069', 1);
INSERT INTO workspacefeature VALUES ('1WV1-069', 3);
INSERT INTO workspace VALUES ('1WV1-070', '1WV1-070', 2070, 21);
INSERT INTO workspace VALUES ('1WV1-071', '1WV1-071', 2071, 21);
INSERT INTO workspacefeature VALUES ('1WV1-071', 1);
INSERT INTO workspace VALUES ('1WV1-072', '1WV1-072', 2072, 21);
INSERT INTO workspacefeature VALUES ('1WV1-072', 1);
INSERT INTO workspacefeature VALUES ('1WV1-072', 2);
INSERT INTO workspacefeature VALUES ('1WV1-072', 3);
INSERT INTO workspace VALUES ('1WV1-073', '1WV1-073', 2073, 21);
INSERT INTO workspacefeature VALUES ('1WV1-073', 1);
INSERT INTO workspace VALUES ('1WV1-074', '1WV1-074', 2074, 21);
INSERT INTO workspacefeature VALUES ('1WV1-074', 1);
INSERT INTO workspacefeature VALUES ('1WV1-074', 2);
INSERT INTO workspace VALUES ('1WV1-075', '1WV1-075', 2075, 21);
INSERT INTO workspacefeature VALUES ('1WV1-075', 1);
INSERT INTO workspacefeature VALUES ('1WV1-075', 3);
INSERT INTO workspace VALUES ('1WV1-076', '1WV1-076', 2076, 21);
INSERT INTO workspacefeature VALUES ('1WV1-076', 1);
INSERT INTO workspacefeature VALUES ('1WV1-076', 2);
INSERT INTO workspace VALUES ('1WV1-077', '1WV1-077', 2077, 21);
INSERT INTO workspacefeature VALUES ('1WV1-077', 1);
INSERT INTO workspace VALUES ('1WV1-078', '1WV1-078', 2078, 21);
INSERT INTO workspacefeature VALUES ('1WV1-078', 1);
INSERT INTO workspacefeature VALUES ('1WV1-078', 2);
INSERT INTO workspacefeature VALUES ('1WV1-078', 3);
INSERT INTO workspace VALUES ('1WV1-079', '1WV1-079', 2079, 21);
INSERT INTO workspacefeature VALUES ('1WV1-079', 1);
INSERT INTO workspace VALUES ('1WV1-080', '1WV1-080', 2080, 21);
INSERT INTO workspace VALUES ('1WV1-081', '1WV1-081', 2081, 21);
INSERT INTO workspacefeature VALUES ('1WV1-081', 1);
INSERT INTO workspacefeature VALUES ('1WV1-081', 3);
INSERT INTO workspace VALUES ('1WV1-082', '1WV1-082', 2082, 21);
INSERT INTO workspacefeature VALUES ('1WV1-082', 1);
INSERT INTO workspacefeature VALUES ('1WV1-082', 2);
INSERT INTO workspace VALUES ('1WV1-083', '1WV1-083', 2083, 21);
INSERT INTO workspacefeature VALUES ('1WV1-083', 1);
INSERT INTO workspace VALUES ('1WV1-084', '1WV1-084', 2084, 21);
INSERT INTO workspacefeature VALUES ('1WV1-084', 1);
INSERT INTO workspacefeature VALUES ('1WV1-084', 2);
INSERT INTO workspacefeature VALUES ('1WV1-084', 3);
INSERT INTO workspace VALUES ('1WV1-085', '1WV1-085', 2085, 21);
INSERT INTO workspacefeature VALUES ('1WV1-085', 1);
INSERT INTO workspace VALUES ('1WV1-086', '1WV1-086', 2086, 21);
INSERT INTO workspacefeature VALUES ('1WV1-086', 1);
INSERT INTO workspacefeature VALUES ('1WV1-086', 2);
INSERT INTO workspace VALUES ('1WV1-087', '1WV1-087', 2087, 21);
INSERT INTO workspacefeature VALUES ('1WV1-087', 1);
INSERT INTO workspacefeature VALUES ('1WV1-087', 3);
INSERT INTO workspace VALUES ('1WV1-088', '1WV1-088', 2088, 21);
INSERT INTO workspacefeature VALUES ('1WV1-088', 1);
INSERT INTO workspacefeature VALUES ('1WV1-088', 2);
INSERT INTO workspace VALUES ('1WV1-089', '1WV1-089', 2089, 21);
INSERT INTO workspacefeature VALUES ('1WV1-089', 1);
INSERT INTO workspace VALUES ('1WV1-090', '1WV1-090', 2090, 21);
INSERT INTO workspace VALUES ('1WV1-091', '1WV1-091', 2091, 21);
INSERT INTO workspacefeature VALUES ('1WV1-091', 1);
INSERT INTO workspace VALUES ('1WV1-092', '1WV1-092', 2092, 21);
INSERT INTO workspacefeature VALUES ('1WV1-092', 1);
INSERT INTO workspacefeature VALUES ('1WV1-092', 2);
INSERT INTO workspace VALUES ('1WV1-093', '1WV1-093', 2093, 21);
INSERT INTO workspacefeature VALUES ('1WV1-093', 1);
INSERT INTO workspacefeature VALUES ('1WV1-093', 3);
INSERT INTO workspace VALUES ('1WV1-094', '1WV1-094', 2094, 21);
INSERT INTO workspacefeature VALUES ('1WV1-094', 1);
INSERT INTO workspacefeature VALUES ('1WV1-094', 2);
INSERT INTO workspace VALUES ('1WV1-095', '1WV1-095', 2095, 21);
INSERT INTO workspacefeature VALUES ('1WV1-095', 1);
INSERT INTO workspace VALUES ('1WV1-096', '1WV1-096', 2096, 21);
INSERT INTO workspacefeature VALUES ('1WV1-096', 1);
INSERT INTO workspacefeature VALUES ('1WV1-096', 2);
INSERT INTO workspacefeature VALUES ('1WV1-096', 3);
INSERT INTO workspace VALUES ('1WV1-097', '1WV1-097', 2097, 21);
INSERT INTO workspacefeature VALUES ('1WV1-097', 1);
INSERT INTO workspace VALUES ('1WV1-098', '1WV1-098', 2098, 21);
INSERT INTO workspacefeature VALUES ('1WV1-098', 1);
INSERT INTO workspacefeature VALUES ('1WV1-098', 2);
INSERT INTO workspace VALUES ('1WV1-099', '1WV1-099', 2099, 21);
INSERT INTO workspacefeature VALUES ('1WV1-099', 1);
INSERT INTO workspacefeature VALUES ('1WV1-099', 3);
INSERT INTO workspace VALUES ('1WV1-100', '1WV1-100', 2100, 21);
INSERT INTO floor VALUES (22, 2, 'West Vancouver Building 1', 'West Vancouver', '1', NULL);
INSERT INTO workspace VALUES ('1WV2-001', '1WV2-001', 2101, 22);
INSERT INTO workspacefeature VALUES ('1WV2-001', 1);
INSERT INTO workspace VALUES ('1WV2-002', '1WV2-002', 2102, 22);
INSERT INTO workspacefeature VALUES ('1WV2-002', 1);
INSERT INTO workspacefeature VALUES ('1WV2-002', 2);
INSERT INTO workspace VALUES ('1WV2-003', '1WV2-003', 2103, 22);
INSERT INTO workspacefeature VALUES ('1WV2-003', 1);
INSERT INTO workspacefeature VALUES ('1WV2-003', 3);
INSERT INTO workspace VALUES ('1WV2-004', '1WV2-004', 2104, 22);
INSERT INTO workspacefeature VALUES ('1WV2-004', 1);
INSERT INTO workspacefeature VALUES ('1WV2-004', 2);
INSERT INTO workspace VALUES ('1WV2-005', '1WV2-005', 2105, 22);
INSERT INTO workspacefeature VALUES ('1WV2-005', 1);
INSERT INTO workspace VALUES ('1WV2-006', '1WV2-006', 2106, 22);
INSERT INTO workspacefeature VALUES ('1WV2-006', 1);
INSERT INTO workspacefeature VALUES ('1WV2-006', 2);
INSERT INTO workspacefeature VALUES ('1WV2-006', 3);
INSERT INTO workspace VALUES ('1WV2-007', '1WV2-007', 2107, 22);
INSERT INTO workspacefeature VALUES ('1WV2-007', 1);
INSERT INTO workspace VALUES ('1WV2-008', '1WV2-008', 2108, 22);
INSERT INTO workspacefeature VALUES ('1WV2-008', 1);
INSERT INTO workspacefeature VALUES ('1WV2-008', 2);
INSERT INTO workspace VALUES ('1WV2-009', '1WV2-009', 2109, 22);
INSERT INTO workspacefeature VALUES ('1WV2-009', 1);
INSERT INTO workspacefeature VALUES ('1WV2-009', 3);
INSERT INTO workspace VALUES ('1WV2-010', '1WV2-010', 2110, 22);
INSERT INTO workspace VALUES ('1WV2-011', '1WV2-011', 2111, 22);
INSERT INTO workspacefeature VALUES ('1WV2-011', 1);
INSERT INTO workspace VALUES ('1WV2-012', '1WV2-012', 2112, 22);
INSERT INTO workspacefeature VALUES ('1WV2-012', 1);
INSERT INTO workspacefeature VALUES ('1WV2-012', 2);
INSERT INTO workspacefeature VALUES ('1WV2-012', 3);
INSERT INTO workspace VALUES ('1WV2-013', '1WV2-013', 2113, 22);
INSERT INTO workspacefeature VALUES ('1WV2-013', 1);
INSERT INTO workspace VALUES ('1WV2-014', '1WV2-014', 2114, 22);
INSERT INTO workspacefeature VALUES ('1WV2-014', 1);
INSERT INTO workspacefeature VALUES ('1WV2-014', 2);
INSERT INTO workspace VALUES ('1WV2-015', '1WV2-015', 2115, 22);
INSERT INTO workspacefeature VALUES ('1WV2-015', 1);
INSERT INTO workspacefeature VALUES ('1WV2-015', 3);
INSERT INTO workspace VALUES ('1WV2-016', '1WV2-016', 2116, 22);
INSERT INTO workspacefeature VALUES ('1WV2-016', 1);
INSERT INTO workspacefeature VALUES ('1WV2-016', 2);
INSERT INTO workspace VALUES ('1WV2-017', '1WV2-017', 2117, 22);
INSERT INTO workspacefeature VALUES ('1WV2-017', 1);
INSERT INTO workspace VALUES ('1WV2-018', '1WV2-018', 2118, 22);
INSERT INTO workspacefeature VALUES ('1WV2-018', 1);
INSERT INTO workspacefeature VALUES ('1WV2-018', 2);
INSERT INTO workspacefeature VALUES ('1WV2-018', 3);
INSERT INTO workspace VALUES ('1WV2-019', '1WV2-019', 2119, 22);
INSERT INTO workspacefeature VALUES ('1WV2-019', 1);
INSERT INTO workspace VALUES ('1WV2-020', '1WV2-020', 2120, 22);
INSERT INTO workspace VALUES ('1WV2-021', '1WV2-021', 2121, 22);
INSERT INTO workspacefeature VALUES ('1WV2-021', 1);
INSERT INTO workspacefeature VALUES ('1WV2-021', 3);
INSERT INTO workspace VALUES ('1WV2-022', '1WV2-022', 2122, 22);
INSERT INTO workspacefeature VALUES ('1WV2-022', 1);
INSERT INTO workspacefeature VALUES ('1WV2-022', 2);
INSERT INTO workspace VALUES ('1WV2-023', '1WV2-023', 2123, 22);
INSERT INTO workspacefeature VALUES ('1WV2-023', 1);
INSERT INTO workspace VALUES ('1WV2-024', '1WV2-024', 2124, 22);
INSERT INTO workspacefeature VALUES ('1WV2-024', 1);
INSERT INTO workspacefeature VALUES ('1WV2-024', 2);
INSERT INTO workspacefeature VALUES ('1WV2-024', 3);
INSERT INTO workspace VALUES ('1WV2-025', '1WV2-025', 2125, 22);
INSERT INTO workspacefeature VALUES ('1WV2-025', 1);
INSERT INTO workspace VALUES ('1WV2-026', '1WV2-026', 2126, 22);
INSERT INTO workspacefeature VALUES ('1WV2-026', 1);
INSERT INTO workspacefeature VALUES ('1WV2-026', 2);
INSERT INTO workspace VALUES ('1WV2-027', '1WV2-027', 2127, 22);
INSERT INTO workspacefeature VALUES ('1WV2-027', 1);
INSERT INTO workspacefeature VALUES ('1WV2-027', 3);
INSERT INTO workspace VALUES ('1WV2-028', '1WV2-028', 2128, 22);
INSERT INTO workspacefeature VALUES ('1WV2-028', 1);
INSERT INTO workspacefeature VALUES ('1WV2-028', 2);
INSERT INTO workspace VALUES ('1WV2-029', '1WV2-029', 2129, 22);
INSERT INTO workspacefeature VALUES ('1WV2-029', 1);
INSERT INTO workspace VALUES ('1WV2-030', '1WV2-030', 2130, 22);
INSERT INTO workspace VALUES ('1WV2-031', '1WV2-031', 2131, 22);
INSERT INTO workspacefeature VALUES ('1WV2-031', 1);
INSERT INTO workspace VALUES ('1WV2-032', '1WV2-032', 2132, 22);
INSERT INTO workspacefeature VALUES ('1WV2-032', 1);
INSERT INTO workspacefeature VALUES ('1WV2-032', 2);
INSERT INTO workspace VALUES ('1WV2-033', '1WV2-033', 2133, 22);
INSERT INTO workspacefeature VALUES ('1WV2-033', 1);
INSERT INTO workspacefeature VALUES ('1WV2-033', 3);
INSERT INTO workspace VALUES ('1WV2-034', '1WV2-034', 2134, 22);
INSERT INTO workspacefeature VALUES ('1WV2-034', 1);
INSERT INTO workspacefeature VALUES ('1WV2-034', 2);
INSERT INTO workspace VALUES ('1WV2-035', '1WV2-035', 2135, 22);
INSERT INTO workspacefeature VALUES ('1WV2-035', 1);
INSERT INTO workspace VALUES ('1WV2-036', '1WV2-036', 2136, 22);
INSERT INTO workspacefeature VALUES ('1WV2-036', 1);
INSERT INTO workspacefeature VALUES ('1WV2-036', 2);
INSERT INTO workspacefeature VALUES ('1WV2-036', 3);
INSERT INTO workspace VALUES ('1WV2-037', '1WV2-037', 2137, 22);
INSERT INTO workspacefeature VALUES ('1WV2-037', 1);
INSERT INTO workspace VALUES ('1WV2-038', '1WV2-038', 2138, 22);
INSERT INTO workspacefeature VALUES ('1WV2-038', 1);
INSERT INTO workspacefeature VALUES ('1WV2-038', 2);
INSERT INTO workspace VALUES ('1WV2-039', '1WV2-039', 2139, 22);
INSERT INTO workspacefeature VALUES ('1WV2-039', 1);
INSERT INTO workspacefeature VALUES ('1WV2-039', 3);
INSERT INTO workspace VALUES ('1WV2-040', '1WV2-040', 2140, 22);
INSERT INTO workspace VALUES ('1WV2-041', '1WV2-041', 2141, 22);
INSERT INTO workspacefeature VALUES ('1WV2-041', 1);
INSERT INTO workspace VALUES ('1WV2-042', '1WV2-042', 2142, 22);
INSERT INTO workspacefeature VALUES ('1WV2-042', 1);
INSERT INTO workspacefeature VALUES ('1WV2-042', 2);
INSERT INTO workspacefeature VALUES ('1WV2-042', 3);
INSERT INTO workspace VALUES ('1WV2-043', '1WV2-043', 2143, 22);
INSERT INTO workspacefeature VALUES ('1WV2-043', 1);
INSERT INTO workspace VALUES ('1WV2-044', '1WV2-044', 2144, 22);
INSERT INTO workspacefeature VALUES ('1WV2-044', 1);
INSERT INTO workspacefeature VALUES ('1WV2-044', 2);
INSERT INTO workspace VALUES ('1WV2-045', '1WV2-045', 2145, 22);
INSERT INTO workspacefeature VALUES ('1WV2-045', 1);
INSERT INTO workspacefeature VALUES ('1WV2-045', 3);
INSERT INTO workspace VALUES ('1WV2-046', '1WV2-046', 2146, 22);
INSERT INTO workspacefeature VALUES ('1WV2-046', 1);
INSERT INTO workspacefeature VALUES ('1WV2-046', 2);
INSERT INTO workspace VALUES ('1WV2-047', '1WV2-047', 2147, 22);
INSERT INTO workspacefeature VALUES ('1WV2-047', 1);
INSERT INTO workspace VALUES ('1WV2-048', '1WV2-048', 2148, 22);
INSERT INTO workspacefeature VALUES ('1WV2-048', 1);
INSERT INTO workspacefeature VALUES ('1WV2-048', 2);
INSERT INTO workspacefeature VALUES ('1WV2-048', 3);
INSERT INTO workspace VALUES ('1WV2-049', '1WV2-049', 2149, 22);
INSERT INTO workspacefeature VALUES ('1WV2-049', 1);
INSERT INTO workspace VALUES ('1WV2-050', '1WV2-050', 2150, 22);
INSERT INTO workspace VALUES ('1WV2-051', '1WV2-051', 2151, 22);
INSERT INTO workspacefeature VALUES ('1WV2-051', 1);
INSERT INTO workspacefeature VALUES ('1WV2-051', 3);
INSERT INTO workspace VALUES ('1WV2-052', '1WV2-052', 2152, 22);
INSERT INTO workspacefeature VALUES ('1WV2-052', 1);
INSERT INTO workspacefeature VALUES ('1WV2-052', 2);
INSERT INTO workspace VALUES ('1WV2-053', '1WV2-053', 2153, 22);
INSERT INTO workspacefeature VALUES ('1WV2-053', 1);
INSERT INTO workspace VALUES ('1WV2-054', '1WV2-054', 2154, 22);
INSERT INTO workspacefeature VALUES ('1WV2-054', 1);
INSERT INTO workspacefeature VALUES ('1WV2-054', 2);
INSERT INTO workspacefeature VALUES ('1WV2-054', 3);
INSERT INTO workspace VALUES ('1WV2-055', '1WV2-055', 2155, 22);
INSERT INTO workspacefeature VALUES ('1WV2-055', 1);
INSERT INTO workspace VALUES ('1WV2-056', '1WV2-056', 2156, 22);
INSERT INTO workspacefeature VALUES ('1WV2-056', 1);
INSERT INTO workspacefeature VALUES ('1WV2-056', 2);
INSERT INTO workspace VALUES ('1WV2-057', '1WV2-057', 2157, 22);
INSERT INTO workspacefeature VALUES ('1WV2-057', 1);
INSERT INTO workspacefeature VALUES ('1WV2-057', 3);
INSERT INTO workspace VALUES ('1WV2-058', '1WV2-058', 2158, 22);
INSERT INTO workspacefeature VALUES ('1WV2-058', 1);
INSERT INTO workspacefeature VALUES ('1WV2-058', 2);
INSERT INTO workspace VALUES ('1WV2-059', '1WV2-059', 2159, 22);
INSERT INTO workspacefeature VALUES ('1WV2-059', 1);
INSERT INTO workspace VALUES ('1WV2-060', '1WV2-060', 2160, 22);
INSERT INTO workspace VALUES ('1WV2-061', '1WV2-061', 2161, 22);
INSERT INTO workspacefeature VALUES ('1WV2-061', 1);
INSERT INTO workspace VALUES ('1WV2-062', '1WV2-062', 2162, 22);
INSERT INTO workspacefeature VALUES ('1WV2-062', 1);
INSERT INTO workspacefeature VALUES ('1WV2-062', 2);
INSERT INTO workspace VALUES ('1WV2-063', '1WV2-063', 2163, 22);
INSERT INTO workspacefeature VALUES ('1WV2-063', 1);
INSERT INTO workspacefeature VALUES ('1WV2-063', 3);
INSERT INTO workspace VALUES ('1WV2-064', '1WV2-064', 2164, 22);
INSERT INTO workspacefeature VALUES ('1WV2-064', 1);
INSERT INTO workspacefeature VALUES ('1WV2-064', 2);
INSERT INTO workspace VALUES ('1WV2-065', '1WV2-065', 2165, 22);
INSERT INTO workspacefeature VALUES ('1WV2-065', 1);
INSERT INTO workspace VALUES ('1WV2-066', '1WV2-066', 2166, 22);
INSERT INTO workspacefeature VALUES ('1WV2-066', 1);
INSERT INTO workspacefeature VALUES ('1WV2-066', 2);
INSERT INTO workspacefeature VALUES ('1WV2-066', 3);
INSERT INTO workspace VALUES ('1WV2-067', '1WV2-067', 2167, 22);
INSERT INTO workspacefeature VALUES ('1WV2-067', 1);
INSERT INTO workspace VALUES ('1WV2-068', '1WV2-068', 2168, 22);
INSERT INTO workspacefeature VALUES ('1WV2-068', 1);
INSERT INTO workspacefeature VALUES ('1WV2-068', 2);
INSERT INTO workspace VALUES ('1WV2-069', '1WV2-069', 2169, 22);
INSERT INTO workspacefeature VALUES ('1WV2-069', 1);
INSERT INTO workspacefeature VALUES ('1WV2-069', 3);
INSERT INTO workspace VALUES ('1WV2-070', '1WV2-070', 2170, 22);
INSERT INTO workspace VALUES ('1WV2-071', '1WV2-071', 2171, 22);
INSERT INTO workspacefeature VALUES ('1WV2-071', 1);
INSERT INTO workspace VALUES ('1WV2-072', '1WV2-072', 2172, 22);
INSERT INTO workspacefeature VALUES ('1WV2-072', 1);
INSERT INTO workspacefeature VALUES ('1WV2-072', 2);
INSERT INTO workspacefeature VALUES ('1WV2-072', 3);
INSERT INTO workspace VALUES ('1WV2-073', '1WV2-073', 2173, 22);
INSERT INTO workspacefeature VALUES ('1WV2-073', 1);
INSERT INTO workspace VALUES ('1WV2-074', '1WV2-074', 2174, 22);
INSERT INTO workspacefeature VALUES ('1WV2-074', 1);
INSERT INTO workspacefeature VALUES ('1WV2-074', 2);
INSERT INTO workspace VALUES ('1WV2-075', '1WV2-075', 2175, 22);
INSERT INTO workspacefeature VALUES ('1WV2-075', 1);
INSERT INTO workspacefeature VALUES ('1WV2-075', 3);
INSERT INTO workspace VALUES ('1WV2-076', '1WV2-076', 2176, 22);
INSERT INTO workspacefeature VALUES ('1WV2-076', 1);
INSERT INTO workspacefeature VALUES ('1WV2-076', 2);
INSERT INTO workspace VALUES ('1WV2-077', '1WV2-077', 2177, 22);
INSERT INTO workspacefeature VALUES ('1WV2-077', 1);
INSERT INTO workspace VALUES ('1WV2-078', '1WV2-078', 2178, 22);
INSERT INTO workspacefeature VALUES ('1WV2-078', 1);
INSERT INTO workspacefeature VALUES ('1WV2-078', 2);
INSERT INTO workspacefeature VALUES ('1WV2-078', 3);
INSERT INTO workspace VALUES ('1WV2-079', '1WV2-079', 2179, 22);
INSERT INTO workspacefeature VALUES ('1WV2-079', 1);
INSERT INTO workspace VALUES ('1WV2-080', '1WV2-080', 2180, 22);
INSERT INTO workspace VALUES ('1WV2-081', '1WV2-081', 2181, 22);
INSERT INTO workspacefeature VALUES ('1WV2-081', 1);
INSERT INTO workspacefeature VALUES ('1WV2-081', 3);
INSERT INTO workspace VALUES ('1WV2-082', '1WV2-082', 2182, 22);
INSERT INTO workspacefeature VALUES ('1WV2-082', 1);
INSERT INTO workspacefeature VALUES ('1WV2-082', 2);
INSERT INTO workspace VALUES ('1WV2-083', '1WV2-083', 2183, 22);
INSERT INTO workspacefeature VALUES ('1WV2-083', 1);
INSERT INTO workspace VALUES ('1WV2-084', '1WV2-084', 2184, 22);
INSERT INTO workspacefeature VALUES ('1WV2-084', 1);
INSERT INTO workspacefeature VALUES ('1WV2-084', 2);
INSERT INTO workspacefeature VALUES ('1WV2-084', 3);
INSERT INTO workspace VALUES ('1WV2-085', '1WV2-085', 2185, 22);
INSERT INTO workspacefeature VALUES ('1WV2-085', 1);
INSERT INTO workspace VALUES ('1WV2-086', '1WV2-086', 2186, 22);
INSERT INTO workspacefeature VALUES ('1WV2-086', 1);
INSERT INTO workspacefeature VALUES ('1WV2-086', 2);
INSERT INTO workspace VALUES ('1WV2-087', '1WV2-087', 2187, 22);
INSERT INTO workspacefeature VALUES ('1WV2-087', 1);
INSERT INTO workspacefeature VALUES ('1WV2-087', 3);
INSERT INTO workspace VALUES ('1WV2-088', '1WV2-088', 2188, 22);
INSERT INTO workspacefeature VALUES ('1WV2-088', 1);
INSERT INTO workspacefeature VALUES ('1WV2-088', 2);
INSERT INTO workspace VALUES ('1WV2-089', '1WV2-089', 2189, 22);
INSERT INTO workspacefeature VALUES ('1WV2-089', 1);
INSERT INTO workspace VALUES ('1WV2-090', '1WV2-090', 2190, 22);
INSERT INTO workspace VALUES ('1WV2-091', '1WV2-091', 2191, 22);
INSERT INTO workspacefeature VALUES ('1WV2-091', 1);
INSERT INTO workspace VALUES ('1WV2-092', '1WV2-092', 2192, 22);
INSERT INTO workspacefeature VALUES ('1WV2-092', 1);
INSERT INTO workspacefeature VALUES ('1WV2-092', 2);
INSERT INTO workspace VALUES ('1WV2-093', '1WV2-093', 2193, 22);
INSERT INTO workspacefeature VALUES ('1WV2-093', 1);
INSERT INTO workspacefeature VALUES ('1WV2-093', 3);
INSERT INTO workspace VALUES ('1WV2-094', '1WV2-094', 2194, 22);
INSERT INTO workspacefeature VALUES ('1WV2-094', 1);
INSERT INTO workspacefeature VALUES ('1WV2-094', 2);
INSERT INTO workspace VALUES ('1WV2-095', '1WV2-095', 2195, 22);
INSERT INTO workspacefeature VALUES ('1WV2-095', 1);
INSERT INTO workspace VALUES ('1WV2-096', '1WV2-096', 2196, 22);
INSERT INTO workspacefeature VALUES ('1WV2-096', 1);
INSERT INTO workspacefeature VALUES ('1WV2-096', 2);
INSERT INTO workspacefeature VALUES ('1WV2-096', 3);
INSERT INTO workspace VALUES ('1WV2-097', '1WV2-097', 2197, 22);
INSERT INTO workspacefeature VALUES ('1WV2-097', 1);
INSERT INTO workspace VALUES ('1WV2-098', '1WV2-098', 2198, 22);
INSERT INTO workspacefeature VALUES ('1WV2-098', 1);
INSERT INTO workspacefeature VALUES ('1WV2-098', 2);
INSERT INTO workspace VALUES ('1WV2-099', '1WV2-099', 2199, 22);
INSERT INTO workspacefeature VALUES ('1WV2-099', 1);
INSERT INTO workspacefeature VALUES ('1WV2-099', 3);
INSERT INTO workspace VALUES ('1WV2-100', '1WV2-100', 2200, 22);
INSERT INTO floor VALUES (23, 3, 'West Vancouver Building 1', 'West Vancouver', '1', NULL);
INSERT INTO workspace VALUES ('1WV3-001', '1WV3-001', 2201, 23);
INSERT INTO workspacefeature VALUES ('1WV3-001', 1);
INSERT INTO workspace VALUES ('1WV3-002', '1WV3-002', 2202, 23);
INSERT INTO workspacefeature VALUES ('1WV3-002', 1);
INSERT INTO workspacefeature VALUES ('1WV3-002', 2);
INSERT INTO workspace VALUES ('1WV3-003', '1WV3-003', 2203, 23);
INSERT INTO workspacefeature VALUES ('1WV3-003', 1);
INSERT INTO workspacefeature VALUES ('1WV3-003', 3);
INSERT INTO workspace VALUES ('1WV3-004', '1WV3-004', 2204, 23);
INSERT INTO workspacefeature VALUES ('1WV3-004', 1);
INSERT INTO workspacefeature VALUES ('1WV3-004', 2);
INSERT INTO workspace VALUES ('1WV3-005', '1WV3-005', 2205, 23);
INSERT INTO workspacefeature VALUES ('1WV3-005', 1);
INSERT INTO workspace VALUES ('1WV3-006', '1WV3-006', 2206, 23);
INSERT INTO workspacefeature VALUES ('1WV3-006', 1);
INSERT INTO workspacefeature VALUES ('1WV3-006', 2);
INSERT INTO workspacefeature VALUES ('1WV3-006', 3);
INSERT INTO workspace VALUES ('1WV3-007', '1WV3-007', 2207, 23);
INSERT INTO workspacefeature VALUES ('1WV3-007', 1);
INSERT INTO workspace VALUES ('1WV3-008', '1WV3-008', 2208, 23);
INSERT INTO workspacefeature VALUES ('1WV3-008', 1);
INSERT INTO workspacefeature VALUES ('1WV3-008', 2);
INSERT INTO workspace VALUES ('1WV3-009', '1WV3-009', 2209, 23);
INSERT INTO workspacefeature VALUES ('1WV3-009', 1);
INSERT INTO workspacefeature VALUES ('1WV3-009', 3);
INSERT INTO workspace VALUES ('1WV3-010', '1WV3-010', 2210, 23);
INSERT INTO workspace VALUES ('1WV3-011', '1WV3-011', 2211, 23);
INSERT INTO workspacefeature VALUES ('1WV3-011', 1);
INSERT INTO workspace VALUES ('1WV3-012', '1WV3-012', 2212, 23);
INSERT INTO workspacefeature VALUES ('1WV3-012', 1);
INSERT INTO workspacefeature VALUES ('1WV3-012', 2);
INSERT INTO workspacefeature VALUES ('1WV3-012', 3);
INSERT INTO workspace VALUES ('1WV3-013', '1WV3-013', 2213, 23);
INSERT INTO workspacefeature VALUES ('1WV3-013', 1);
INSERT INTO workspace VALUES ('1WV3-014', '1WV3-014', 2214, 23);
INSERT INTO workspacefeature VALUES ('1WV3-014', 1);
INSERT INTO workspacefeature VALUES ('1WV3-014', 2);
INSERT INTO workspace VALUES ('1WV3-015', '1WV3-015', 2215, 23);
INSERT INTO workspacefeature VALUES ('1WV3-015', 1);
INSERT INTO workspacefeature VALUES ('1WV3-015', 3);
INSERT INTO workspace VALUES ('1WV3-016', '1WV3-016', 2216, 23);
INSERT INTO workspacefeature VALUES ('1WV3-016', 1);
INSERT INTO workspacefeature VALUES ('1WV3-016', 2);
INSERT INTO workspace VALUES ('1WV3-017', '1WV3-017', 2217, 23);
INSERT INTO workspacefeature VALUES ('1WV3-017', 1);
INSERT INTO workspace VALUES ('1WV3-018', '1WV3-018', 2218, 23);
INSERT INTO workspacefeature VALUES ('1WV3-018', 1);
INSERT INTO workspacefeature VALUES ('1WV3-018', 2);
INSERT INTO workspacefeature VALUES ('1WV3-018', 3);
INSERT INTO workspace VALUES ('1WV3-019', '1WV3-019', 2219, 23);
INSERT INTO workspacefeature VALUES ('1WV3-019', 1);
INSERT INTO workspace VALUES ('1WV3-020', '1WV3-020', 2220, 23);
INSERT INTO workspace VALUES ('1WV3-021', '1WV3-021', 2221, 23);
INSERT INTO workspacefeature VALUES ('1WV3-021', 1);
INSERT INTO workspacefeature VALUES ('1WV3-021', 3);
INSERT INTO workspace VALUES ('1WV3-022', '1WV3-022', 2222, 23);
INSERT INTO workspacefeature VALUES ('1WV3-022', 1);
INSERT INTO workspacefeature VALUES ('1WV3-022', 2);
INSERT INTO workspace VALUES ('1WV3-023', '1WV3-023', 2223, 23);
INSERT INTO workspacefeature VALUES ('1WV3-023', 1);
INSERT INTO workspace VALUES ('1WV3-024', '1WV3-024', 2224, 23);
INSERT INTO workspacefeature VALUES ('1WV3-024', 1);
INSERT INTO workspacefeature VALUES ('1WV3-024', 2);
INSERT INTO workspacefeature VALUES ('1WV3-024', 3);
INSERT INTO workspace VALUES ('1WV3-025', '1WV3-025', 2225, 23);
INSERT INTO workspacefeature VALUES ('1WV3-025', 1);
INSERT INTO workspace VALUES ('1WV3-026', '1WV3-026', 2226, 23);
INSERT INTO workspacefeature VALUES ('1WV3-026', 1);
INSERT INTO workspacefeature VALUES ('1WV3-026', 2);
INSERT INTO workspace VALUES ('1WV3-027', '1WV3-027', 2227, 23);
INSERT INTO workspacefeature VALUES ('1WV3-027', 1);
INSERT INTO workspacefeature VALUES ('1WV3-027', 3);
INSERT INTO workspace VALUES ('1WV3-028', '1WV3-028', 2228, 23);
INSERT INTO workspacefeature VALUES ('1WV3-028', 1);
INSERT INTO workspacefeature VALUES ('1WV3-028', 2);
INSERT INTO workspace VALUES ('1WV3-029', '1WV3-029', 2229, 23);
INSERT INTO workspacefeature VALUES ('1WV3-029', 1);
INSERT INTO workspace VALUES ('1WV3-030', '1WV3-030', 2230, 23);
INSERT INTO workspace VALUES ('1WV3-031', '1WV3-031', 2231, 23);
INSERT INTO workspacefeature VALUES ('1WV3-031', 1);
INSERT INTO workspace VALUES ('1WV3-032', '1WV3-032', 2232, 23);
INSERT INTO workspacefeature VALUES ('1WV3-032', 1);
INSERT INTO workspacefeature VALUES ('1WV3-032', 2);
INSERT INTO workspace VALUES ('1WV3-033', '1WV3-033', 2233, 23);
INSERT INTO workspacefeature VALUES ('1WV3-033', 1);
INSERT INTO workspacefeature VALUES ('1WV3-033', 3);
INSERT INTO workspace VALUES ('1WV3-034', '1WV3-034', 2234, 23);
INSERT INTO workspacefeature VALUES ('1WV3-034', 1);
INSERT INTO workspacefeature VALUES ('1WV3-034', 2);
INSERT INTO workspace VALUES ('1WV3-035', '1WV3-035', 2235, 23);
INSERT INTO workspacefeature VALUES ('1WV3-035', 1);
INSERT INTO workspace VALUES ('1WV3-036', '1WV3-036', 2236, 23);
INSERT INTO workspacefeature VALUES ('1WV3-036', 1);
INSERT INTO workspacefeature VALUES ('1WV3-036', 2);
INSERT INTO workspacefeature VALUES ('1WV3-036', 3);
INSERT INTO workspace VALUES ('1WV3-037', '1WV3-037', 2237, 23);
INSERT INTO workspacefeature VALUES ('1WV3-037', 1);
INSERT INTO workspace VALUES ('1WV3-038', '1WV3-038', 2238, 23);
INSERT INTO workspacefeature VALUES ('1WV3-038', 1);
INSERT INTO workspacefeature VALUES ('1WV3-038', 2);
INSERT INTO workspace VALUES ('1WV3-039', '1WV3-039', 2239, 23);
INSERT INTO workspacefeature VALUES ('1WV3-039', 1);
INSERT INTO workspacefeature VALUES ('1WV3-039', 3);
INSERT INTO workspace VALUES ('1WV3-040', '1WV3-040', 2240, 23);
INSERT INTO workspace VALUES ('1WV3-041', '1WV3-041', 2241, 23);
INSERT INTO workspacefeature VALUES ('1WV3-041', 1);
INSERT INTO workspace VALUES ('1WV3-042', '1WV3-042', 2242, 23);
INSERT INTO workspacefeature VALUES ('1WV3-042', 1);
INSERT INTO workspacefeature VALUES ('1WV3-042', 2);
INSERT INTO workspacefeature VALUES ('1WV3-042', 3);
INSERT INTO workspace VALUES ('1WV3-043', '1WV3-043', 2243, 23);
INSERT INTO workspacefeature VALUES ('1WV3-043', 1);
INSERT INTO workspace VALUES ('1WV3-044', '1WV3-044', 2244, 23);
INSERT INTO workspacefeature VALUES ('1WV3-044', 1);
INSERT INTO workspacefeature VALUES ('1WV3-044', 2);
INSERT INTO workspace VALUES ('1WV3-045', '1WV3-045', 2245, 23);
INSERT INTO workspacefeature VALUES ('1WV3-045', 1);
INSERT INTO workspacefeature VALUES ('1WV3-045', 3);
INSERT INTO workspace VALUES ('1WV3-046', '1WV3-046', 2246, 23);
INSERT INTO workspacefeature VALUES ('1WV3-046', 1);
INSERT INTO workspacefeature VALUES ('1WV3-046', 2);
INSERT INTO workspace VALUES ('1WV3-047', '1WV3-047', 2247, 23);
INSERT INTO workspacefeature VALUES ('1WV3-047', 1);
INSERT INTO workspace VALUES ('1WV3-048', '1WV3-048', 2248, 23);
INSERT INTO workspacefeature VALUES ('1WV3-048', 1);
INSERT INTO workspacefeature VALUES ('1WV3-048', 2);
INSERT INTO workspacefeature VALUES ('1WV3-048', 3);
INSERT INTO workspace VALUES ('1WV3-049', '1WV3-049', 2249, 23);
INSERT INTO workspacefeature VALUES ('1WV3-049', 1);
INSERT INTO workspace VALUES ('1WV3-050', '1WV3-050', 2250, 23);
INSERT INTO workspace VALUES ('1WV3-051', '1WV3-051', 2251, 23);
INSERT INTO workspacefeature VALUES ('1WV3-051', 1);
INSERT INTO workspacefeature VALUES ('1WV3-051', 3);
INSERT INTO workspace VALUES ('1WV3-052', '1WV3-052', 2252, 23);
INSERT INTO workspacefeature VALUES ('1WV3-052', 1);
INSERT INTO workspacefeature VALUES ('1WV3-052', 2);
INSERT INTO workspace VALUES ('1WV3-053', '1WV3-053', 2253, 23);
INSERT INTO workspacefeature VALUES ('1WV3-053', 1);
INSERT INTO workspace VALUES ('1WV3-054', '1WV3-054', 2254, 23);
INSERT INTO workspacefeature VALUES ('1WV3-054', 1);
INSERT INTO workspacefeature VALUES ('1WV3-054', 2);
INSERT INTO workspacefeature VALUES ('1WV3-054', 3);
INSERT INTO workspace VALUES ('1WV3-055', '1WV3-055', 2255, 23);
INSERT INTO workspacefeature VALUES ('1WV3-055', 1);
INSERT INTO workspace VALUES ('1WV3-056', '1WV3-056', 2256, 23);
INSERT INTO workspacefeature VALUES ('1WV3-056', 1);
INSERT INTO workspacefeature VALUES ('1WV3-056', 2);
INSERT INTO workspace VALUES ('1WV3-057', '1WV3-057', 2257, 23);
INSERT INTO workspacefeature VALUES ('1WV3-057', 1);
INSERT INTO workspacefeature VALUES ('1WV3-057', 3);
INSERT INTO workspace VALUES ('1WV3-058', '1WV3-058', 2258, 23);
INSERT INTO workspacefeature VALUES ('1WV3-058', 1);
INSERT INTO workspacefeature VALUES ('1WV3-058', 2);
INSERT INTO workspace VALUES ('1WV3-059', '1WV3-059', 2259, 23);
INSERT INTO workspacefeature VALUES ('1WV3-059', 1);
INSERT INTO workspace VALUES ('1WV3-060', '1WV3-060', 2260, 23);
INSERT INTO workspace VALUES ('1WV3-061', '1WV3-061', 2261, 23);
INSERT INTO workspacefeature VALUES ('1WV3-061', 1);
INSERT INTO workspace VALUES ('1WV3-062', '1WV3-062', 2262, 23);
INSERT INTO workspacefeature VALUES ('1WV3-062', 1);
INSERT INTO workspacefeature VALUES ('1WV3-062', 2);
INSERT INTO workspace VALUES ('1WV3-063', '1WV3-063', 2263, 23);
INSERT INTO workspacefeature VALUES ('1WV3-063', 1);
INSERT INTO workspacefeature VALUES ('1WV3-063', 3);
INSERT INTO workspace VALUES ('1WV3-064', '1WV3-064', 2264, 23);
INSERT INTO workspacefeature VALUES ('1WV3-064', 1);
INSERT INTO workspacefeature VALUES ('1WV3-064', 2);
INSERT INTO workspace VALUES ('1WV3-065', '1WV3-065', 2265, 23);
INSERT INTO workspacefeature VALUES ('1WV3-065', 1);
INSERT INTO workspace VALUES ('1WV3-066', '1WV3-066', 2266, 23);
INSERT INTO workspacefeature VALUES ('1WV3-066', 1);
INSERT INTO workspacefeature VALUES ('1WV3-066', 2);
INSERT INTO workspacefeature VALUES ('1WV3-066', 3);
INSERT INTO workspace VALUES ('1WV3-067', '1WV3-067', 2267, 23);
INSERT INTO workspacefeature VALUES ('1WV3-067', 1);
INSERT INTO workspace VALUES ('1WV3-068', '1WV3-068', 2268, 23);
INSERT INTO workspacefeature VALUES ('1WV3-068', 1);
INSERT INTO workspacefeature VALUES ('1WV3-068', 2);
INSERT INTO workspace VALUES ('1WV3-069', '1WV3-069', 2269, 23);
INSERT INTO workspacefeature VALUES ('1WV3-069', 1);
INSERT INTO workspacefeature VALUES ('1WV3-069', 3);
INSERT INTO workspace VALUES ('1WV3-070', '1WV3-070', 2270, 23);
INSERT INTO workspace VALUES ('1WV3-071', '1WV3-071', 2271, 23);
INSERT INTO workspacefeature VALUES ('1WV3-071', 1);
INSERT INTO workspace VALUES ('1WV3-072', '1WV3-072', 2272, 23);
INSERT INTO workspacefeature VALUES ('1WV3-072', 1);
INSERT INTO workspacefeature VALUES ('1WV3-072', 2);
INSERT INTO workspacefeature VALUES ('1WV3-072', 3);
INSERT INTO workspace VALUES ('1WV3-073', '1WV3-073', 2273, 23);
INSERT INTO workspacefeature VALUES ('1WV3-073', 1);
INSERT INTO workspace VALUES ('1WV3-074', '1WV3-074', 2274, 23);
INSERT INTO workspacefeature VALUES ('1WV3-074', 1);
INSERT INTO workspacefeature VALUES ('1WV3-074', 2);
INSERT INTO workspace VALUES ('1WV3-075', '1WV3-075', 2275, 23);
INSERT INTO workspacefeature VALUES ('1WV3-075', 1);
INSERT INTO workspacefeature VALUES ('1WV3-075', 3);
INSERT INTO workspace VALUES ('1WV3-076', '1WV3-076', 2276, 23);
INSERT INTO workspacefeature VALUES ('1WV3-076', 1);
INSERT INTO workspacefeature VALUES ('1WV3-076', 2);
INSERT INTO workspace VALUES ('1WV3-077', '1WV3-077', 2277, 23);
INSERT INTO workspacefeature VALUES ('1WV3-077', 1);
INSERT INTO workspace VALUES ('1WV3-078', '1WV3-078', 2278, 23);
INSERT INTO workspacefeature VALUES ('1WV3-078', 1);
INSERT INTO workspacefeature VALUES ('1WV3-078', 2);
INSERT INTO workspacefeature VALUES ('1WV3-078', 3);
INSERT INTO workspace VALUES ('1WV3-079', '1WV3-079', 2279, 23);
INSERT INTO workspacefeature VALUES ('1WV3-079', 1);
INSERT INTO workspace VALUES ('1WV3-080', '1WV3-080', 2280, 23);
INSERT INTO workspace VALUES ('1WV3-081', '1WV3-081', 2281, 23);
INSERT INTO workspacefeature VALUES ('1WV3-081', 1);
INSERT INTO workspacefeature VALUES ('1WV3-081', 3);
INSERT INTO workspace VALUES ('1WV3-082', '1WV3-082', 2282, 23);
INSERT INTO workspacefeature VALUES ('1WV3-082', 1);
INSERT INTO workspacefeature VALUES ('1WV3-082', 2);
INSERT INTO workspace VALUES ('1WV3-083', '1WV3-083', 2283, 23);
INSERT INTO workspacefeature VALUES ('1WV3-083', 1);
INSERT INTO workspace VALUES ('1WV3-084', '1WV3-084', 2284, 23);
INSERT INTO workspacefeature VALUES ('1WV3-084', 1);
INSERT INTO workspacefeature VALUES ('1WV3-084', 2);
INSERT INTO workspacefeature VALUES ('1WV3-084', 3);
INSERT INTO workspace VALUES ('1WV3-085', '1WV3-085', 2285, 23);
INSERT INTO workspacefeature VALUES ('1WV3-085', 1);
INSERT INTO workspace VALUES ('1WV3-086', '1WV3-086', 2286, 23);
INSERT INTO workspacefeature VALUES ('1WV3-086', 1);
INSERT INTO workspacefeature VALUES ('1WV3-086', 2);
INSERT INTO workspace VALUES ('1WV3-087', '1WV3-087', 2287, 23);
INSERT INTO workspacefeature VALUES ('1WV3-087', 1);
INSERT INTO workspacefeature VALUES ('1WV3-087', 3);
INSERT INTO workspace VALUES ('1WV3-088', '1WV3-088', 2288, 23);
INSERT INTO workspacefeature VALUES ('1WV3-088', 1);
INSERT INTO workspacefeature VALUES ('1WV3-088', 2);
INSERT INTO workspace VALUES ('1WV3-089', '1WV3-089', 2289, 23);
INSERT INTO workspacefeature VALUES ('1WV3-089', 1);
INSERT INTO workspace VALUES ('1WV3-090', '1WV3-090', 2290, 23);
INSERT INTO workspace VALUES ('1WV3-091', '1WV3-091', 2291, 23);
INSERT INTO workspacefeature VALUES ('1WV3-091', 1);
INSERT INTO workspace VALUES ('1WV3-092', '1WV3-092', 2292, 23);
INSERT INTO workspacefeature VALUES ('1WV3-092', 1);
INSERT INTO workspacefeature VALUES ('1WV3-092', 2);
INSERT INTO workspace VALUES ('1WV3-093', '1WV3-093', 2293, 23);
INSERT INTO workspacefeature VALUES ('1WV3-093', 1);
INSERT INTO workspacefeature VALUES ('1WV3-093', 3);
INSERT INTO workspace VALUES ('1WV3-094', '1WV3-094', 2294, 23);
INSERT INTO workspacefeature VALUES ('1WV3-094', 1);
INSERT INTO workspacefeature VALUES ('1WV3-094', 2);
INSERT INTO workspace VALUES ('1WV3-095', '1WV3-095', 2295, 23);
INSERT INTO workspacefeature VALUES ('1WV3-095', 1);
INSERT INTO workspace VALUES ('1WV3-096', '1WV3-096', 2296, 23);
INSERT INTO workspacefeature VALUES ('1WV3-096', 1);
INSERT INTO workspacefeature VALUES ('1WV3-096', 2);
INSERT INTO workspacefeature VALUES ('1WV3-096', 3);
INSERT INTO workspace VALUES ('1WV3-097', '1WV3-097', 2297, 23);
INSERT INTO workspacefeature VALUES ('1WV3-097', 1);
INSERT INTO workspace VALUES ('1WV3-098', '1WV3-098', 2298, 23);
INSERT INTO workspacefeature VALUES ('1WV3-098', 1);
INSERT INTO workspacefeature VALUES ('1WV3-098', 2);
INSERT INTO workspace VALUES ('1WV3-099', '1WV3-099', 2299, 23);
INSERT INTO workspacefeature VALUES ('1WV3-099', 1);
INSERT INTO workspacefeature VALUES ('1WV3-099', 3);
INSERT INTO workspace VALUES ('1WV3-100', '1WV3-100', 2300, 23);
INSERT INTO floor VALUES (24, 4, 'West Vancouver Building 1', 'West Vancouver', '1', NULL);
INSERT INTO workspace VALUES ('1WV4-001', '1WV4-001', 2301, 24);
INSERT INTO workspacefeature VALUES ('1WV4-001', 1);
INSERT INTO workspace VALUES ('1WV4-002', '1WV4-002', 2302, 24);
INSERT INTO workspacefeature VALUES ('1WV4-002', 1);
INSERT INTO workspacefeature VALUES ('1WV4-002', 2);
INSERT INTO workspace VALUES ('1WV4-003', '1WV4-003', 2303, 24);
INSERT INTO workspacefeature VALUES ('1WV4-003', 1);
INSERT INTO workspacefeature VALUES ('1WV4-003', 3);
INSERT INTO workspace VALUES ('1WV4-004', '1WV4-004', 2304, 24);
INSERT INTO workspacefeature VALUES ('1WV4-004', 1);
INSERT INTO workspacefeature VALUES ('1WV4-004', 2);
INSERT INTO workspace VALUES ('1WV4-005', '1WV4-005', 2305, 24);
INSERT INTO workspacefeature VALUES ('1WV4-005', 1);
INSERT INTO workspace VALUES ('1WV4-006', '1WV4-006', 2306, 24);
INSERT INTO workspacefeature VALUES ('1WV4-006', 1);
INSERT INTO workspacefeature VALUES ('1WV4-006', 2);
INSERT INTO workspacefeature VALUES ('1WV4-006', 3);
INSERT INTO workspace VALUES ('1WV4-007', '1WV4-007', 2307, 24);
INSERT INTO workspacefeature VALUES ('1WV4-007', 1);
INSERT INTO workspace VALUES ('1WV4-008', '1WV4-008', 2308, 24);
INSERT INTO workspacefeature VALUES ('1WV4-008', 1);
INSERT INTO workspacefeature VALUES ('1WV4-008', 2);
INSERT INTO workspace VALUES ('1WV4-009', '1WV4-009', 2309, 24);
INSERT INTO workspacefeature VALUES ('1WV4-009', 1);
INSERT INTO workspacefeature VALUES ('1WV4-009', 3);
INSERT INTO workspace VALUES ('1WV4-010', '1WV4-010', 2310, 24);
INSERT INTO workspace VALUES ('1WV4-011', '1WV4-011', 2311, 24);
INSERT INTO workspacefeature VALUES ('1WV4-011', 1);
INSERT INTO workspace VALUES ('1WV4-012', '1WV4-012', 2312, 24);
INSERT INTO workspacefeature VALUES ('1WV4-012', 1);
INSERT INTO workspacefeature VALUES ('1WV4-012', 2);
INSERT INTO workspacefeature VALUES ('1WV4-012', 3);
INSERT INTO workspace VALUES ('1WV4-013', '1WV4-013', 2313, 24);
INSERT INTO workspacefeature VALUES ('1WV4-013', 1);
INSERT INTO workspace VALUES ('1WV4-014', '1WV4-014', 2314, 24);
INSERT INTO workspacefeature VALUES ('1WV4-014', 1);
INSERT INTO workspacefeature VALUES ('1WV4-014', 2);
INSERT INTO workspace VALUES ('1WV4-015', '1WV4-015', 2315, 24);
INSERT INTO workspacefeature VALUES ('1WV4-015', 1);
INSERT INTO workspacefeature VALUES ('1WV4-015', 3);
INSERT INTO workspace VALUES ('1WV4-016', '1WV4-016', 2316, 24);
INSERT INTO workspacefeature VALUES ('1WV4-016', 1);
INSERT INTO workspacefeature VALUES ('1WV4-016', 2);
INSERT INTO workspace VALUES ('1WV4-017', '1WV4-017', 2317, 24);
INSERT INTO workspacefeature VALUES ('1WV4-017', 1);
INSERT INTO workspace VALUES ('1WV4-018', '1WV4-018', 2318, 24);
INSERT INTO workspacefeature VALUES ('1WV4-018', 1);
INSERT INTO workspacefeature VALUES ('1WV4-018', 2);
INSERT INTO workspacefeature VALUES ('1WV4-018', 3);
INSERT INTO workspace VALUES ('1WV4-019', '1WV4-019', 2319, 24);
INSERT INTO workspacefeature VALUES ('1WV4-019', 1);
INSERT INTO workspace VALUES ('1WV4-020', '1WV4-020', 2320, 24);
INSERT INTO workspace VALUES ('1WV4-021', '1WV4-021', 2321, 24);
INSERT INTO workspacefeature VALUES ('1WV4-021', 1);
INSERT INTO workspacefeature VALUES ('1WV4-021', 3);
INSERT INTO workspace VALUES ('1WV4-022', '1WV4-022', 2322, 24);
INSERT INTO workspacefeature VALUES ('1WV4-022', 1);
INSERT INTO workspacefeature VALUES ('1WV4-022', 2);
INSERT INTO workspace VALUES ('1WV4-023', '1WV4-023', 2323, 24);
INSERT INTO workspacefeature VALUES ('1WV4-023', 1);
INSERT INTO workspace VALUES ('1WV4-024', '1WV4-024', 2324, 24);
INSERT INTO workspacefeature VALUES ('1WV4-024', 1);
INSERT INTO workspacefeature VALUES ('1WV4-024', 2);
INSERT INTO workspacefeature VALUES ('1WV4-024', 3);
INSERT INTO workspace VALUES ('1WV4-025', '1WV4-025', 2325, 24);
INSERT INTO workspacefeature VALUES ('1WV4-025', 1);
INSERT INTO workspace VALUES ('1WV4-026', '1WV4-026', 2326, 24);
INSERT INTO workspacefeature VALUES ('1WV4-026', 1);
INSERT INTO workspacefeature VALUES ('1WV4-026', 2);
INSERT INTO workspace VALUES ('1WV4-027', '1WV4-027', 2327, 24);
INSERT INTO workspacefeature VALUES ('1WV4-027', 1);
INSERT INTO workspacefeature VALUES ('1WV4-027', 3);
INSERT INTO workspace VALUES ('1WV4-028', '1WV4-028', 2328, 24);
INSERT INTO workspacefeature VALUES ('1WV4-028', 1);
INSERT INTO workspacefeature VALUES ('1WV4-028', 2);
INSERT INTO workspace VALUES ('1WV4-029', '1WV4-029', 2329, 24);
INSERT INTO workspacefeature VALUES ('1WV4-029', 1);
INSERT INTO workspace VALUES ('1WV4-030', '1WV4-030', 2330, 24);
INSERT INTO workspace VALUES ('1WV4-031', '1WV4-031', 2331, 24);
INSERT INTO workspacefeature VALUES ('1WV4-031', 1);
INSERT INTO workspace VALUES ('1WV4-032', '1WV4-032', 2332, 24);
INSERT INTO workspacefeature VALUES ('1WV4-032', 1);
INSERT INTO workspacefeature VALUES ('1WV4-032', 2);
INSERT INTO workspace VALUES ('1WV4-033', '1WV4-033', 2333, 24);
INSERT INTO workspacefeature VALUES ('1WV4-033', 1);
INSERT INTO workspacefeature VALUES ('1WV4-033', 3);
INSERT INTO workspace VALUES ('1WV4-034', '1WV4-034', 2334, 24);
INSERT INTO workspacefeature VALUES ('1WV4-034', 1);
INSERT INTO workspacefeature VALUES ('1WV4-034', 2);
INSERT INTO workspace VALUES ('1WV4-035', '1WV4-035', 2335, 24);
INSERT INTO workspacefeature VALUES ('1WV4-035', 1);
INSERT INTO workspace VALUES ('1WV4-036', '1WV4-036', 2336, 24);
INSERT INTO workspacefeature VALUES ('1WV4-036', 1);
INSERT INTO workspacefeature VALUES ('1WV4-036', 2);
INSERT INTO workspacefeature VALUES ('1WV4-036', 3);
INSERT INTO workspace VALUES ('1WV4-037', '1WV4-037', 2337, 24);
INSERT INTO workspacefeature VALUES ('1WV4-037', 1);
INSERT INTO workspace VALUES ('1WV4-038', '1WV4-038', 2338, 24);
INSERT INTO workspacefeature VALUES ('1WV4-038', 1);
INSERT INTO workspacefeature VALUES ('1WV4-038', 2);
INSERT INTO workspace VALUES ('1WV4-039', '1WV4-039', 2339, 24);
INSERT INTO workspacefeature VALUES ('1WV4-039', 1);
INSERT INTO workspacefeature VALUES ('1WV4-039', 3);
INSERT INTO workspace VALUES ('1WV4-040', '1WV4-040', 2340, 24);
INSERT INTO workspace VALUES ('1WV4-041', '1WV4-041', 2341, 24);
INSERT INTO workspacefeature VALUES ('1WV4-041', 1);
INSERT INTO workspace VALUES ('1WV4-042', '1WV4-042', 2342, 24);
INSERT INTO workspacefeature VALUES ('1WV4-042', 1);
INSERT INTO workspacefeature VALUES ('1WV4-042', 2);
INSERT INTO workspacefeature VALUES ('1WV4-042', 3);
INSERT INTO workspace VALUES ('1WV4-043', '1WV4-043', 2343, 24);
INSERT INTO workspacefeature VALUES ('1WV4-043', 1);
INSERT INTO workspace VALUES ('1WV4-044', '1WV4-044', 2344, 24);
INSERT INTO workspacefeature VALUES ('1WV4-044', 1);
INSERT INTO workspacefeature VALUES ('1WV4-044', 2);
INSERT INTO workspace VALUES ('1WV4-045', '1WV4-045', 2345, 24);
INSERT INTO workspacefeature VALUES ('1WV4-045', 1);
INSERT INTO workspacefeature VALUES ('1WV4-045', 3);
INSERT INTO workspace VALUES ('1WV4-046', '1WV4-046', 2346, 24);
INSERT INTO workspacefeature VALUES ('1WV4-046', 1);
INSERT INTO workspacefeature VALUES ('1WV4-046', 2);
INSERT INTO workspace VALUES ('1WV4-047', '1WV4-047', 2347, 24);
INSERT INTO workspacefeature VALUES ('1WV4-047', 1);
INSERT INTO workspace VALUES ('1WV4-048', '1WV4-048', 2348, 24);
INSERT INTO workspacefeature VALUES ('1WV4-048', 1);
INSERT INTO workspacefeature VALUES ('1WV4-048', 2);
INSERT INTO workspacefeature VALUES ('1WV4-048', 3);
INSERT INTO workspace VALUES ('1WV4-049', '1WV4-049', 2349, 24);
INSERT INTO workspacefeature VALUES ('1WV4-049', 1);
INSERT INTO workspace VALUES ('1WV4-050', '1WV4-050', 2350, 24);
INSERT INTO workspace VALUES ('1WV4-051', '1WV4-051', 2351, 24);
INSERT INTO workspacefeature VALUES ('1WV4-051', 1);
INSERT INTO workspacefeature VALUES ('1WV4-051', 3);
INSERT INTO workspace VALUES ('1WV4-052', '1WV4-052', 2352, 24);
INSERT INTO workspacefeature VALUES ('1WV4-052', 1);
INSERT INTO workspacefeature VALUES ('1WV4-052', 2);
INSERT INTO workspace VALUES ('1WV4-053', '1WV4-053', 2353, 24);
INSERT INTO workspacefeature VALUES ('1WV4-053', 1);
INSERT INTO workspace VALUES ('1WV4-054', '1WV4-054', 2354, 24);
INSERT INTO workspacefeature VALUES ('1WV4-054', 1);
INSERT INTO workspacefeature VALUES ('1WV4-054', 2);
INSERT INTO workspacefeature VALUES ('1WV4-054', 3);
INSERT INTO workspace VALUES ('1WV4-055', '1WV4-055', 2355, 24);
INSERT INTO workspacefeature VALUES ('1WV4-055', 1);
INSERT INTO workspace VALUES ('1WV4-056', '1WV4-056', 2356, 24);
INSERT INTO workspacefeature VALUES ('1WV4-056', 1);
INSERT INTO workspacefeature VALUES ('1WV4-056', 2);
INSERT INTO workspace VALUES ('1WV4-057', '1WV4-057', 2357, 24);
INSERT INTO workspacefeature VALUES ('1WV4-057', 1);
INSERT INTO workspacefeature VALUES ('1WV4-057', 3);
INSERT INTO workspace VALUES ('1WV4-058', '1WV4-058', 2358, 24);
INSERT INTO workspacefeature VALUES ('1WV4-058', 1);
INSERT INTO workspacefeature VALUES ('1WV4-058', 2);
INSERT INTO workspace VALUES ('1WV4-059', '1WV4-059', 2359, 24);
INSERT INTO workspacefeature VALUES ('1WV4-059', 1);
INSERT INTO workspace VALUES ('1WV4-060', '1WV4-060', 2360, 24);
INSERT INTO workspace VALUES ('1WV4-061', '1WV4-061', 2361, 24);
INSERT INTO workspacefeature VALUES ('1WV4-061', 1);
INSERT INTO workspace VALUES ('1WV4-062', '1WV4-062', 2362, 24);
INSERT INTO workspacefeature VALUES ('1WV4-062', 1);
INSERT INTO workspacefeature VALUES ('1WV4-062', 2);
INSERT INTO workspace VALUES ('1WV4-063', '1WV4-063', 2363, 24);
INSERT INTO workspacefeature VALUES ('1WV4-063', 1);
INSERT INTO workspacefeature VALUES ('1WV4-063', 3);
INSERT INTO workspace VALUES ('1WV4-064', '1WV4-064', 2364, 24);
INSERT INTO workspacefeature VALUES ('1WV4-064', 1);
INSERT INTO workspacefeature VALUES ('1WV4-064', 2);
INSERT INTO workspace VALUES ('1WV4-065', '1WV4-065', 2365, 24);
INSERT INTO workspacefeature VALUES ('1WV4-065', 1);
INSERT INTO workspace VALUES ('1WV4-066', '1WV4-066', 2366, 24);
INSERT INTO workspacefeature VALUES ('1WV4-066', 1);
INSERT INTO workspacefeature VALUES ('1WV4-066', 2);
INSERT INTO workspacefeature VALUES ('1WV4-066', 3);
INSERT INTO workspace VALUES ('1WV4-067', '1WV4-067', 2367, 24);
INSERT INTO workspacefeature VALUES ('1WV4-067', 1);
INSERT INTO workspace VALUES ('1WV4-068', '1WV4-068', 2368, 24);
INSERT INTO workspacefeature VALUES ('1WV4-068', 1);
INSERT INTO workspacefeature VALUES ('1WV4-068', 2);
INSERT INTO workspace VALUES ('1WV4-069', '1WV4-069', 2369, 24);
INSERT INTO workspacefeature VALUES ('1WV4-069', 1);
INSERT INTO workspacefeature VALUES ('1WV4-069', 3);
INSERT INTO workspace VALUES ('1WV4-070', '1WV4-070', 2370, 24);
INSERT INTO workspace VALUES ('1WV4-071', '1WV4-071', 2371, 24);
INSERT INTO workspacefeature VALUES ('1WV4-071', 1);
INSERT INTO workspace VALUES ('1WV4-072', '1WV4-072', 2372, 24);
INSERT INTO workspacefeature VALUES ('1WV4-072', 1);
INSERT INTO workspacefeature VALUES ('1WV4-072', 2);
INSERT INTO workspacefeature VALUES ('1WV4-072', 3);
INSERT INTO workspace VALUES ('1WV4-073', '1WV4-073', 2373, 24);
INSERT INTO workspacefeature VALUES ('1WV4-073', 1);
INSERT INTO workspace VALUES ('1WV4-074', '1WV4-074', 2374, 24);
INSERT INTO workspacefeature VALUES ('1WV4-074', 1);
INSERT INTO workspacefeature VALUES ('1WV4-074', 2);
INSERT INTO workspace VALUES ('1WV4-075', '1WV4-075', 2375, 24);
INSERT INTO workspacefeature VALUES ('1WV4-075', 1);
INSERT INTO workspacefeature VALUES ('1WV4-075', 3);
INSERT INTO workspace VALUES ('1WV4-076', '1WV4-076', 2376, 24);
INSERT INTO workspacefeature VALUES ('1WV4-076', 1);
INSERT INTO workspacefeature VALUES ('1WV4-076', 2);
INSERT INTO workspace VALUES ('1WV4-077', '1WV4-077', 2377, 24);
INSERT INTO workspacefeature VALUES ('1WV4-077', 1);
INSERT INTO workspace VALUES ('1WV4-078', '1WV4-078', 2378, 24);
INSERT INTO workspacefeature VALUES ('1WV4-078', 1);
INSERT INTO workspacefeature VALUES ('1WV4-078', 2);
INSERT INTO workspacefeature VALUES ('1WV4-078', 3);
INSERT INTO workspace VALUES ('1WV4-079', '1WV4-079', 2379, 24);
INSERT INTO workspacefeature VALUES ('1WV4-079', 1);
INSERT INTO workspace VALUES ('1WV4-080', '1WV4-080', 2380, 24);
INSERT INTO workspace VALUES ('1WV4-081', '1WV4-081', 2381, 24);
INSERT INTO workspacefeature VALUES ('1WV4-081', 1);
INSERT INTO workspacefeature VALUES ('1WV4-081', 3);
INSERT INTO workspace VALUES ('1WV4-082', '1WV4-082', 2382, 24);
INSERT INTO workspacefeature VALUES ('1WV4-082', 1);
INSERT INTO workspacefeature VALUES ('1WV4-082', 2);
INSERT INTO workspace VALUES ('1WV4-083', '1WV4-083', 2383, 24);
INSERT INTO workspacefeature VALUES ('1WV4-083', 1);
INSERT INTO workspace VALUES ('1WV4-084', '1WV4-084', 2384, 24);
INSERT INTO workspacefeature VALUES ('1WV4-084', 1);
INSERT INTO workspacefeature VALUES ('1WV4-084', 2);
INSERT INTO workspacefeature VALUES ('1WV4-084', 3);
INSERT INTO workspace VALUES ('1WV4-085', '1WV4-085', 2385, 24);
INSERT INTO workspacefeature VALUES ('1WV4-085', 1);
INSERT INTO workspace VALUES ('1WV4-086', '1WV4-086', 2386, 24);
INSERT INTO workspacefeature VALUES ('1WV4-086', 1);
INSERT INTO workspacefeature VALUES ('1WV4-086', 2);
INSERT INTO workspace VALUES ('1WV4-087', '1WV4-087', 2387, 24);
INSERT INTO workspacefeature VALUES ('1WV4-087', 1);
INSERT INTO workspacefeature VALUES ('1WV4-087', 3);
INSERT INTO workspace VALUES ('1WV4-088', '1WV4-088', 2388, 24);
INSERT INTO workspacefeature VALUES ('1WV4-088', 1);
INSERT INTO workspacefeature VALUES ('1WV4-088', 2);
INSERT INTO workspace VALUES ('1WV4-089', '1WV4-089', 2389, 24);
INSERT INTO workspacefeature VALUES ('1WV4-089', 1);
INSERT INTO workspace VALUES ('1WV4-090', '1WV4-090', 2390, 24);
INSERT INTO workspace VALUES ('1WV4-091', '1WV4-091', 2391, 24);
INSERT INTO workspacefeature VALUES ('1WV4-091', 1);
INSERT INTO workspace VALUES ('1WV4-092', '1WV4-092', 2392, 24);
INSERT INTO workspacefeature VALUES ('1WV4-092', 1);
INSERT INTO workspacefeature VALUES ('1WV4-092', 2);
INSERT INTO workspace VALUES ('1WV4-093', '1WV4-093', 2393, 24);
INSERT INTO workspacefeature VALUES ('1WV4-093', 1);
INSERT INTO workspacefeature VALUES ('1WV4-093', 3);
INSERT INTO workspace VALUES ('1WV4-094', '1WV4-094', 2394, 24);
INSERT INTO workspacefeature VALUES ('1WV4-094', 1);
INSERT INTO workspacefeature VALUES ('1WV4-094', 2);
INSERT INTO workspace VALUES ('1WV4-095', '1WV4-095', 2395, 24);
INSERT INTO workspacefeature VALUES ('1WV4-095', 1);
INSERT INTO workspace VALUES ('1WV4-096', '1WV4-096', 2396, 24);
INSERT INTO workspacefeature VALUES ('1WV4-096', 1);
INSERT INTO workspacefeature VALUES ('1WV4-096', 2);
INSERT INTO workspacefeature VALUES ('1WV4-096', 3);
INSERT INTO workspace VALUES ('1WV4-097', '1WV4-097', 2397, 24);
INSERT INTO workspacefeature VALUES ('1WV4-097', 1);
INSERT INTO workspace VALUES ('1WV4-098', '1WV4-098', 2398, 24);
INSERT INTO workspacefeature VALUES ('1WV4-098', 1);
INSERT INTO workspacefeature VALUES ('1WV4-098', 2);
INSERT INTO workspace VALUES ('1WV4-099', '1WV4-099', 2399, 24);
INSERT INTO workspacefeature VALUES ('1WV4-099', 1);
INSERT INTO workspacefeature VALUES ('1WV4-099', 3);
INSERT INTO workspace VALUES ('1WV4-100', '1WV4-100', 2400, 24);
INSERT INTO floor VALUES (25, 5, 'West Vancouver Building 1', 'West Vancouver', '1', NULL);
INSERT INTO workspace VALUES ('1WV5-001', '1WV5-001', 2401, 25);
INSERT INTO workspacefeature VALUES ('1WV5-001', 1);
INSERT INTO workspace VALUES ('1WV5-002', '1WV5-002', 2402, 25);
INSERT INTO workspacefeature VALUES ('1WV5-002', 1);
INSERT INTO workspacefeature VALUES ('1WV5-002', 2);
INSERT INTO workspace VALUES ('1WV5-003', '1WV5-003', 2403, 25);
INSERT INTO workspacefeature VALUES ('1WV5-003', 1);
INSERT INTO workspacefeature VALUES ('1WV5-003', 3);
INSERT INTO workspace VALUES ('1WV5-004', '1WV5-004', 2404, 25);
INSERT INTO workspacefeature VALUES ('1WV5-004', 1);
INSERT INTO workspacefeature VALUES ('1WV5-004', 2);
INSERT INTO workspace VALUES ('1WV5-005', '1WV5-005', 2405, 25);
INSERT INTO workspacefeature VALUES ('1WV5-005', 1);
INSERT INTO workspace VALUES ('1WV5-006', '1WV5-006', 2406, 25);
INSERT INTO workspacefeature VALUES ('1WV5-006', 1);
INSERT INTO workspacefeature VALUES ('1WV5-006', 2);
INSERT INTO workspacefeature VALUES ('1WV5-006', 3);
INSERT INTO workspace VALUES ('1WV5-007', '1WV5-007', 2407, 25);
INSERT INTO workspacefeature VALUES ('1WV5-007', 1);
INSERT INTO workspace VALUES ('1WV5-008', '1WV5-008', 2408, 25);
INSERT INTO workspacefeature VALUES ('1WV5-008', 1);
INSERT INTO workspacefeature VALUES ('1WV5-008', 2);
INSERT INTO workspace VALUES ('1WV5-009', '1WV5-009', 2409, 25);
INSERT INTO workspacefeature VALUES ('1WV5-009', 1);
INSERT INTO workspacefeature VALUES ('1WV5-009', 3);
INSERT INTO workspace VALUES ('1WV5-010', '1WV5-010', 2410, 25);
INSERT INTO workspace VALUES ('1WV5-011', '1WV5-011', 2411, 25);
INSERT INTO workspacefeature VALUES ('1WV5-011', 1);
INSERT INTO workspace VALUES ('1WV5-012', '1WV5-012', 2412, 25);
INSERT INTO workspacefeature VALUES ('1WV5-012', 1);
INSERT INTO workspacefeature VALUES ('1WV5-012', 2);
INSERT INTO workspacefeature VALUES ('1WV5-012', 3);
INSERT INTO workspace VALUES ('1WV5-013', '1WV5-013', 2413, 25);
INSERT INTO workspacefeature VALUES ('1WV5-013', 1);
INSERT INTO workspace VALUES ('1WV5-014', '1WV5-014', 2414, 25);
INSERT INTO workspacefeature VALUES ('1WV5-014', 1);
INSERT INTO workspacefeature VALUES ('1WV5-014', 2);
INSERT INTO workspace VALUES ('1WV5-015', '1WV5-015', 2415, 25);
INSERT INTO workspacefeature VALUES ('1WV5-015', 1);
INSERT INTO workspacefeature VALUES ('1WV5-015', 3);
INSERT INTO workspace VALUES ('1WV5-016', '1WV5-016', 2416, 25);
INSERT INTO workspacefeature VALUES ('1WV5-016', 1);
INSERT INTO workspacefeature VALUES ('1WV5-016', 2);
INSERT INTO workspace VALUES ('1WV5-017', '1WV5-017', 2417, 25);
INSERT INTO workspacefeature VALUES ('1WV5-017', 1);
INSERT INTO workspace VALUES ('1WV5-018', '1WV5-018', 2418, 25);
INSERT INTO workspacefeature VALUES ('1WV5-018', 1);
INSERT INTO workspacefeature VALUES ('1WV5-018', 2);
INSERT INTO workspacefeature VALUES ('1WV5-018', 3);
INSERT INTO workspace VALUES ('1WV5-019', '1WV5-019', 2419, 25);
INSERT INTO workspacefeature VALUES ('1WV5-019', 1);
INSERT INTO workspace VALUES ('1WV5-020', '1WV5-020', 2420, 25);
INSERT INTO workspace VALUES ('1WV5-021', '1WV5-021', 2421, 25);
INSERT INTO workspacefeature VALUES ('1WV5-021', 1);
INSERT INTO workspacefeature VALUES ('1WV5-021', 3);
INSERT INTO workspace VALUES ('1WV5-022', '1WV5-022', 2422, 25);
INSERT INTO workspacefeature VALUES ('1WV5-022', 1);
INSERT INTO workspacefeature VALUES ('1WV5-022', 2);
INSERT INTO workspace VALUES ('1WV5-023', '1WV5-023', 2423, 25);
INSERT INTO workspacefeature VALUES ('1WV5-023', 1);
INSERT INTO workspace VALUES ('1WV5-024', '1WV5-024', 2424, 25);
INSERT INTO workspacefeature VALUES ('1WV5-024', 1);
INSERT INTO workspacefeature VALUES ('1WV5-024', 2);
INSERT INTO workspacefeature VALUES ('1WV5-024', 3);
INSERT INTO workspace VALUES ('1WV5-025', '1WV5-025', 2425, 25);
INSERT INTO workspacefeature VALUES ('1WV5-025', 1);
INSERT INTO workspace VALUES ('1WV5-026', '1WV5-026', 2426, 25);
INSERT INTO workspacefeature VALUES ('1WV5-026', 1);
INSERT INTO workspacefeature VALUES ('1WV5-026', 2);
INSERT INTO workspace VALUES ('1WV5-027', '1WV5-027', 2427, 25);
INSERT INTO workspacefeature VALUES ('1WV5-027', 1);
INSERT INTO workspacefeature VALUES ('1WV5-027', 3);
INSERT INTO workspace VALUES ('1WV5-028', '1WV5-028', 2428, 25);
INSERT INTO workspacefeature VALUES ('1WV5-028', 1);
INSERT INTO workspacefeature VALUES ('1WV5-028', 2);
INSERT INTO workspace VALUES ('1WV5-029', '1WV5-029', 2429, 25);
INSERT INTO workspacefeature VALUES ('1WV5-029', 1);
INSERT INTO workspace VALUES ('1WV5-030', '1WV5-030', 2430, 25);
INSERT INTO workspace VALUES ('1WV5-031', '1WV5-031', 2431, 25);
INSERT INTO workspacefeature VALUES ('1WV5-031', 1);
INSERT INTO workspace VALUES ('1WV5-032', '1WV5-032', 2432, 25);
INSERT INTO workspacefeature VALUES ('1WV5-032', 1);
INSERT INTO workspacefeature VALUES ('1WV5-032', 2);
INSERT INTO workspace VALUES ('1WV5-033', '1WV5-033', 2433, 25);
INSERT INTO workspacefeature VALUES ('1WV5-033', 1);
INSERT INTO workspacefeature VALUES ('1WV5-033', 3);
INSERT INTO workspace VALUES ('1WV5-034', '1WV5-034', 2434, 25);
INSERT INTO workspacefeature VALUES ('1WV5-034', 1);
INSERT INTO workspacefeature VALUES ('1WV5-034', 2);
INSERT INTO workspace VALUES ('1WV5-035', '1WV5-035', 2435, 25);
INSERT INTO workspacefeature VALUES ('1WV5-035', 1);
INSERT INTO workspace VALUES ('1WV5-036', '1WV5-036', 2436, 25);
INSERT INTO workspacefeature VALUES ('1WV5-036', 1);
INSERT INTO workspacefeature VALUES ('1WV5-036', 2);
INSERT INTO workspacefeature VALUES ('1WV5-036', 3);
INSERT INTO workspace VALUES ('1WV5-037', '1WV5-037', 2437, 25);
INSERT INTO workspacefeature VALUES ('1WV5-037', 1);
INSERT INTO workspace VALUES ('1WV5-038', '1WV5-038', 2438, 25);
INSERT INTO workspacefeature VALUES ('1WV5-038', 1);
INSERT INTO workspacefeature VALUES ('1WV5-038', 2);
INSERT INTO workspace VALUES ('1WV5-039', '1WV5-039', 2439, 25);
INSERT INTO workspacefeature VALUES ('1WV5-039', 1);
INSERT INTO workspacefeature VALUES ('1WV5-039', 3);
INSERT INTO workspace VALUES ('1WV5-040', '1WV5-040', 2440, 25);
INSERT INTO workspace VALUES ('1WV5-041', '1WV5-041', 2441, 25);
INSERT INTO workspacefeature VALUES ('1WV5-041', 1);
INSERT INTO workspace VALUES ('1WV5-042', '1WV5-042', 2442, 25);
INSERT INTO workspacefeature VALUES ('1WV5-042', 1);
INSERT INTO workspacefeature VALUES ('1WV5-042', 2);
INSERT INTO workspacefeature VALUES ('1WV5-042', 3);
INSERT INTO workspace VALUES ('1WV5-043', '1WV5-043', 2443, 25);
INSERT INTO workspacefeature VALUES ('1WV5-043', 1);
INSERT INTO workspace VALUES ('1WV5-044', '1WV5-044', 2444, 25);
INSERT INTO workspacefeature VALUES ('1WV5-044', 1);
INSERT INTO workspacefeature VALUES ('1WV5-044', 2);
INSERT INTO workspace VALUES ('1WV5-045', '1WV5-045', 2445, 25);
INSERT INTO workspacefeature VALUES ('1WV5-045', 1);
INSERT INTO workspacefeature VALUES ('1WV5-045', 3);
INSERT INTO workspace VALUES ('1WV5-046', '1WV5-046', 2446, 25);
INSERT INTO workspacefeature VALUES ('1WV5-046', 1);
INSERT INTO workspacefeature VALUES ('1WV5-046', 2);
INSERT INTO workspace VALUES ('1WV5-047', '1WV5-047', 2447, 25);
INSERT INTO workspacefeature VALUES ('1WV5-047', 1);
INSERT INTO workspace VALUES ('1WV5-048', '1WV5-048', 2448, 25);
INSERT INTO workspacefeature VALUES ('1WV5-048', 1);
INSERT INTO workspacefeature VALUES ('1WV5-048', 2);
INSERT INTO workspacefeature VALUES ('1WV5-048', 3);
INSERT INTO workspace VALUES ('1WV5-049', '1WV5-049', 2449, 25);
INSERT INTO workspacefeature VALUES ('1WV5-049', 1);
INSERT INTO workspace VALUES ('1WV5-050', '1WV5-050', 2450, 25);
INSERT INTO workspace VALUES ('1WV5-051', '1WV5-051', 2451, 25);
INSERT INTO workspacefeature VALUES ('1WV5-051', 1);
INSERT INTO workspacefeature VALUES ('1WV5-051', 3);
INSERT INTO workspace VALUES ('1WV5-052', '1WV5-052', 2452, 25);
INSERT INTO workspacefeature VALUES ('1WV5-052', 1);
INSERT INTO workspacefeature VALUES ('1WV5-052', 2);
INSERT INTO workspace VALUES ('1WV5-053', '1WV5-053', 2453, 25);
INSERT INTO workspacefeature VALUES ('1WV5-053', 1);
INSERT INTO workspace VALUES ('1WV5-054', '1WV5-054', 2454, 25);
INSERT INTO workspacefeature VALUES ('1WV5-054', 1);
INSERT INTO workspacefeature VALUES ('1WV5-054', 2);
INSERT INTO workspacefeature VALUES ('1WV5-054', 3);
INSERT INTO workspace VALUES ('1WV5-055', '1WV5-055', 2455, 25);
INSERT INTO workspacefeature VALUES ('1WV5-055', 1);
INSERT INTO workspace VALUES ('1WV5-056', '1WV5-056', 2456, 25);
INSERT INTO workspacefeature VALUES ('1WV5-056', 1);
INSERT INTO workspacefeature VALUES ('1WV5-056', 2);
INSERT INTO workspace VALUES ('1WV5-057', '1WV5-057', 2457, 25);
INSERT INTO workspacefeature VALUES ('1WV5-057', 1);
INSERT INTO workspacefeature VALUES ('1WV5-057', 3);
INSERT INTO workspace VALUES ('1WV5-058', '1WV5-058', 2458, 25);
INSERT INTO workspacefeature VALUES ('1WV5-058', 1);
INSERT INTO workspacefeature VALUES ('1WV5-058', 2);
INSERT INTO workspace VALUES ('1WV5-059', '1WV5-059', 2459, 25);
INSERT INTO workspacefeature VALUES ('1WV5-059', 1);
INSERT INTO workspace VALUES ('1WV5-060', '1WV5-060', 2460, 25);
INSERT INTO workspace VALUES ('1WV5-061', '1WV5-061', 2461, 25);
INSERT INTO workspacefeature VALUES ('1WV5-061', 1);
INSERT INTO workspace VALUES ('1WV5-062', '1WV5-062', 2462, 25);
INSERT INTO workspacefeature VALUES ('1WV5-062', 1);
INSERT INTO workspacefeature VALUES ('1WV5-062', 2);
INSERT INTO workspace VALUES ('1WV5-063', '1WV5-063', 2463, 25);
INSERT INTO workspacefeature VALUES ('1WV5-063', 1);
INSERT INTO workspacefeature VALUES ('1WV5-063', 3);
INSERT INTO workspace VALUES ('1WV5-064', '1WV5-064', 2464, 25);
INSERT INTO workspacefeature VALUES ('1WV5-064', 1);
INSERT INTO workspacefeature VALUES ('1WV5-064', 2);
INSERT INTO workspace VALUES ('1WV5-065', '1WV5-065', 2465, 25);
INSERT INTO workspacefeature VALUES ('1WV5-065', 1);
INSERT INTO workspace VALUES ('1WV5-066', '1WV5-066', 2466, 25);
INSERT INTO workspacefeature VALUES ('1WV5-066', 1);
INSERT INTO workspacefeature VALUES ('1WV5-066', 2);
INSERT INTO workspacefeature VALUES ('1WV5-066', 3);
INSERT INTO workspace VALUES ('1WV5-067', '1WV5-067', 2467, 25);
INSERT INTO workspacefeature VALUES ('1WV5-067', 1);
INSERT INTO workspace VALUES ('1WV5-068', '1WV5-068', 2468, 25);
INSERT INTO workspacefeature VALUES ('1WV5-068', 1);
INSERT INTO workspacefeature VALUES ('1WV5-068', 2);
INSERT INTO workspace VALUES ('1WV5-069', '1WV5-069', 2469, 25);
INSERT INTO workspacefeature VALUES ('1WV5-069', 1);
INSERT INTO workspacefeature VALUES ('1WV5-069', 3);
INSERT INTO workspace VALUES ('1WV5-070', '1WV5-070', 2470, 25);
INSERT INTO workspace VALUES ('1WV5-071', '1WV5-071', 2471, 25);
INSERT INTO workspacefeature VALUES ('1WV5-071', 1);
INSERT INTO workspace VALUES ('1WV5-072', '1WV5-072', 2472, 25);
INSERT INTO workspacefeature VALUES ('1WV5-072', 1);
INSERT INTO workspacefeature VALUES ('1WV5-072', 2);
INSERT INTO workspacefeature VALUES ('1WV5-072', 3);
INSERT INTO workspace VALUES ('1WV5-073', '1WV5-073', 2473, 25);
INSERT INTO workspacefeature VALUES ('1WV5-073', 1);
INSERT INTO workspace VALUES ('1WV5-074', '1WV5-074', 2474, 25);
INSERT INTO workspacefeature VALUES ('1WV5-074', 1);
INSERT INTO workspacefeature VALUES ('1WV5-074', 2);
INSERT INTO workspace VALUES ('1WV5-075', '1WV5-075', 2475, 25);
INSERT INTO workspacefeature VALUES ('1WV5-075', 1);
INSERT INTO workspacefeature VALUES ('1WV5-075', 3);
INSERT INTO workspace VALUES ('1WV5-076', '1WV5-076', 2476, 25);
INSERT INTO workspacefeature VALUES ('1WV5-076', 1);
INSERT INTO workspacefeature VALUES ('1WV5-076', 2);
INSERT INTO workspace VALUES ('1WV5-077', '1WV5-077', 2477, 25);
INSERT INTO workspacefeature VALUES ('1WV5-077', 1);
INSERT INTO workspace VALUES ('1WV5-078', '1WV5-078', 2478, 25);
INSERT INTO workspacefeature VALUES ('1WV5-078', 1);
INSERT INTO workspacefeature VALUES ('1WV5-078', 2);
INSERT INTO workspacefeature VALUES ('1WV5-078', 3);
INSERT INTO workspace VALUES ('1WV5-079', '1WV5-079', 2479, 25);
INSERT INTO workspacefeature VALUES ('1WV5-079', 1);
INSERT INTO workspace VALUES ('1WV5-080', '1WV5-080', 2480, 25);
INSERT INTO workspace VALUES ('1WV5-081', '1WV5-081', 2481, 25);
INSERT INTO workspacefeature VALUES ('1WV5-081', 1);
INSERT INTO workspacefeature VALUES ('1WV5-081', 3);
INSERT INTO workspace VALUES ('1WV5-082', '1WV5-082', 2482, 25);
INSERT INTO workspacefeature VALUES ('1WV5-082', 1);
INSERT INTO workspacefeature VALUES ('1WV5-082', 2);
INSERT INTO workspace VALUES ('1WV5-083', '1WV5-083', 2483, 25);
INSERT INTO workspacefeature VALUES ('1WV5-083', 1);
INSERT INTO workspace VALUES ('1WV5-084', '1WV5-084', 2484, 25);
INSERT INTO workspacefeature VALUES ('1WV5-084', 1);
INSERT INTO workspacefeature VALUES ('1WV5-084', 2);
INSERT INTO workspacefeature VALUES ('1WV5-084', 3);
INSERT INTO workspace VALUES ('1WV5-085', '1WV5-085', 2485, 25);
INSERT INTO workspacefeature VALUES ('1WV5-085', 1);
INSERT INTO workspace VALUES ('1WV5-086', '1WV5-086', 2486, 25);
INSERT INTO workspacefeature VALUES ('1WV5-086', 1);
INSERT INTO workspacefeature VALUES ('1WV5-086', 2);
INSERT INTO workspace VALUES ('1WV5-087', '1WV5-087', 2487, 25);
INSERT INTO workspacefeature VALUES ('1WV5-087', 1);
INSERT INTO workspacefeature VALUES ('1WV5-087', 3);
INSERT INTO workspace VALUES ('1WV5-088', '1WV5-088', 2488, 25);
INSERT INTO workspacefeature VALUES ('1WV5-088', 1);
INSERT INTO workspacefeature VALUES ('1WV5-088', 2);
INSERT INTO workspace VALUES ('1WV5-089', '1WV5-089', 2489, 25);
INSERT INTO workspacefeature VALUES ('1WV5-089', 1);
INSERT INTO workspace VALUES ('1WV5-090', '1WV5-090', 2490, 25);
INSERT INTO workspace VALUES ('1WV5-091', '1WV5-091', 2491, 25);
INSERT INTO workspacefeature VALUES ('1WV5-091', 1);
INSERT INTO workspace VALUES ('1WV5-092', '1WV5-092', 2492, 25);
INSERT INTO workspacefeature VALUES ('1WV5-092', 1);
INSERT INTO workspacefeature VALUES ('1WV5-092', 2);
INSERT INTO workspace VALUES ('1WV5-093', '1WV5-093', 2493, 25);
INSERT INTO workspacefeature VALUES ('1WV5-093', 1);
INSERT INTO workspacefeature VALUES ('1WV5-093', 3);
INSERT INTO workspace VALUES ('1WV5-094', '1WV5-094', 2494, 25);
INSERT INTO workspacefeature VALUES ('1WV5-094', 1);
INSERT INTO workspacefeature VALUES ('1WV5-094', 2);
INSERT INTO workspace VALUES ('1WV5-095', '1WV5-095', 2495, 25);
INSERT INTO workspacefeature VALUES ('1WV5-095', 1);
INSERT INTO workspace VALUES ('1WV5-096', '1WV5-096', 2496, 25);
INSERT INTO workspacefeature VALUES ('1WV5-096', 1);
INSERT INTO workspacefeature VALUES ('1WV5-096', 2);
INSERT INTO workspacefeature VALUES ('1WV5-096', 3);
INSERT INTO workspace VALUES ('1WV5-097', '1WV5-097', 2497, 25);
INSERT INTO workspacefeature VALUES ('1WV5-097', 1);
INSERT INTO workspace VALUES ('1WV5-098', '1WV5-098', 2498, 25);
INSERT INTO workspacefeature VALUES ('1WV5-098', 1);
INSERT INTO workspacefeature VALUES ('1WV5-098', 2);
INSERT INTO workspace VALUES ('1WV5-099', '1WV5-099', 2499, 25);
INSERT INTO workspacefeature VALUES ('1WV5-099', 1);
INSERT INTO workspacefeature VALUES ('1WV5-099', 3);
INSERT INTO workspace VALUES ('1WV5-100', '1WV5-100', 2500, 25);
INSERT INTO floor VALUES (26, 1, 'West Vancouver Building 2', 'West Vancouver', '2', NULL);
INSERT INTO workspace VALUES ('2WV1-001', '2WV1-001', 2501, 26);
INSERT INTO workspacefeature VALUES ('2WV1-001', 1);
INSERT INTO workspace VALUES ('2WV1-002', '2WV1-002', 2502, 26);
INSERT INTO workspacefeature VALUES ('2WV1-002', 1);
INSERT INTO workspacefeature VALUES ('2WV1-002', 2);
INSERT INTO workspace VALUES ('2WV1-003', '2WV1-003', 2503, 26);
INSERT INTO workspacefeature VALUES ('2WV1-003', 1);
INSERT INTO workspacefeature VALUES ('2WV1-003', 3);
INSERT INTO workspace VALUES ('2WV1-004', '2WV1-004', 2504, 26);
INSERT INTO workspacefeature VALUES ('2WV1-004', 1);
INSERT INTO workspacefeature VALUES ('2WV1-004', 2);
INSERT INTO workspace VALUES ('2WV1-005', '2WV1-005', 2505, 26);
INSERT INTO workspacefeature VALUES ('2WV1-005', 1);
INSERT INTO workspace VALUES ('2WV1-006', '2WV1-006', 2506, 26);
INSERT INTO workspacefeature VALUES ('2WV1-006', 1);
INSERT INTO workspacefeature VALUES ('2WV1-006', 2);
INSERT INTO workspacefeature VALUES ('2WV1-006', 3);
INSERT INTO workspace VALUES ('2WV1-007', '2WV1-007', 2507, 26);
INSERT INTO workspacefeature VALUES ('2WV1-007', 1);
INSERT INTO workspace VALUES ('2WV1-008', '2WV1-008', 2508, 26);
INSERT INTO workspacefeature VALUES ('2WV1-008', 1);
INSERT INTO workspacefeature VALUES ('2WV1-008', 2);
INSERT INTO workspace VALUES ('2WV1-009', '2WV1-009', 2509, 26);
INSERT INTO workspacefeature VALUES ('2WV1-009', 1);
INSERT INTO workspacefeature VALUES ('2WV1-009', 3);
INSERT INTO workspace VALUES ('2WV1-010', '2WV1-010', 2510, 26);
INSERT INTO workspace VALUES ('2WV1-011', '2WV1-011', 2511, 26);
INSERT INTO workspacefeature VALUES ('2WV1-011', 1);
INSERT INTO workspace VALUES ('2WV1-012', '2WV1-012', 2512, 26);
INSERT INTO workspacefeature VALUES ('2WV1-012', 1);
INSERT INTO workspacefeature VALUES ('2WV1-012', 2);
INSERT INTO workspacefeature VALUES ('2WV1-012', 3);
INSERT INTO workspace VALUES ('2WV1-013', '2WV1-013', 2513, 26);
INSERT INTO workspacefeature VALUES ('2WV1-013', 1);
INSERT INTO workspace VALUES ('2WV1-014', '2WV1-014', 2514, 26);
INSERT INTO workspacefeature VALUES ('2WV1-014', 1);
INSERT INTO workspacefeature VALUES ('2WV1-014', 2);
INSERT INTO workspace VALUES ('2WV1-015', '2WV1-015', 2515, 26);
INSERT INTO workspacefeature VALUES ('2WV1-015', 1);
INSERT INTO workspacefeature VALUES ('2WV1-015', 3);
INSERT INTO workspace VALUES ('2WV1-016', '2WV1-016', 2516, 26);
INSERT INTO workspacefeature VALUES ('2WV1-016', 1);
INSERT INTO workspacefeature VALUES ('2WV1-016', 2);
INSERT INTO workspace VALUES ('2WV1-017', '2WV1-017', 2517, 26);
INSERT INTO workspacefeature VALUES ('2WV1-017', 1);
INSERT INTO workspace VALUES ('2WV1-018', '2WV1-018', 2518, 26);
INSERT INTO workspacefeature VALUES ('2WV1-018', 1);
INSERT INTO workspacefeature VALUES ('2WV1-018', 2);
INSERT INTO workspacefeature VALUES ('2WV1-018', 3);
INSERT INTO workspace VALUES ('2WV1-019', '2WV1-019', 2519, 26);
INSERT INTO workspacefeature VALUES ('2WV1-019', 1);
INSERT INTO workspace VALUES ('2WV1-020', '2WV1-020', 2520, 26);
INSERT INTO workspace VALUES ('2WV1-021', '2WV1-021', 2521, 26);
INSERT INTO workspacefeature VALUES ('2WV1-021', 1);
INSERT INTO workspacefeature VALUES ('2WV1-021', 3);
INSERT INTO workspace VALUES ('2WV1-022', '2WV1-022', 2522, 26);
INSERT INTO workspacefeature VALUES ('2WV1-022', 1);
INSERT INTO workspacefeature VALUES ('2WV1-022', 2);
INSERT INTO workspace VALUES ('2WV1-023', '2WV1-023', 2523, 26);
INSERT INTO workspacefeature VALUES ('2WV1-023', 1);
INSERT INTO workspace VALUES ('2WV1-024', '2WV1-024', 2524, 26);
INSERT INTO workspacefeature VALUES ('2WV1-024', 1);
INSERT INTO workspacefeature VALUES ('2WV1-024', 2);
INSERT INTO workspacefeature VALUES ('2WV1-024', 3);
INSERT INTO workspace VALUES ('2WV1-025', '2WV1-025', 2525, 26);
INSERT INTO workspacefeature VALUES ('2WV1-025', 1);
INSERT INTO workspace VALUES ('2WV1-026', '2WV1-026', 2526, 26);
INSERT INTO workspacefeature VALUES ('2WV1-026', 1);
INSERT INTO workspacefeature VALUES ('2WV1-026', 2);
INSERT INTO workspace VALUES ('2WV1-027', '2WV1-027', 2527, 26);
INSERT INTO workspacefeature VALUES ('2WV1-027', 1);
INSERT INTO workspacefeature VALUES ('2WV1-027', 3);
INSERT INTO workspace VALUES ('2WV1-028', '2WV1-028', 2528, 26);
INSERT INTO workspacefeature VALUES ('2WV1-028', 1);
INSERT INTO workspacefeature VALUES ('2WV1-028', 2);
INSERT INTO workspace VALUES ('2WV1-029', '2WV1-029', 2529, 26);
INSERT INTO workspacefeature VALUES ('2WV1-029', 1);
INSERT INTO workspace VALUES ('2WV1-030', '2WV1-030', 2530, 26);
INSERT INTO workspace VALUES ('2WV1-031', '2WV1-031', 2531, 26);
INSERT INTO workspacefeature VALUES ('2WV1-031', 1);
INSERT INTO workspace VALUES ('2WV1-032', '2WV1-032', 2532, 26);
INSERT INTO workspacefeature VALUES ('2WV1-032', 1);
INSERT INTO workspacefeature VALUES ('2WV1-032', 2);
INSERT INTO workspace VALUES ('2WV1-033', '2WV1-033', 2533, 26);
INSERT INTO workspacefeature VALUES ('2WV1-033', 1);
INSERT INTO workspacefeature VALUES ('2WV1-033', 3);
INSERT INTO workspace VALUES ('2WV1-034', '2WV1-034', 2534, 26);
INSERT INTO workspacefeature VALUES ('2WV1-034', 1);
INSERT INTO workspacefeature VALUES ('2WV1-034', 2);
INSERT INTO workspace VALUES ('2WV1-035', '2WV1-035', 2535, 26);
INSERT INTO workspacefeature VALUES ('2WV1-035', 1);
INSERT INTO workspace VALUES ('2WV1-036', '2WV1-036', 2536, 26);
INSERT INTO workspacefeature VALUES ('2WV1-036', 1);
INSERT INTO workspacefeature VALUES ('2WV1-036', 2);
INSERT INTO workspacefeature VALUES ('2WV1-036', 3);
INSERT INTO workspace VALUES ('2WV1-037', '2WV1-037', 2537, 26);
INSERT INTO workspacefeature VALUES ('2WV1-037', 1);
INSERT INTO workspace VALUES ('2WV1-038', '2WV1-038', 2538, 26);
INSERT INTO workspacefeature VALUES ('2WV1-038', 1);
INSERT INTO workspacefeature VALUES ('2WV1-038', 2);
INSERT INTO workspace VALUES ('2WV1-039', '2WV1-039', 2539, 26);
INSERT INTO workspacefeature VALUES ('2WV1-039', 1);
INSERT INTO workspacefeature VALUES ('2WV1-039', 3);
INSERT INTO workspace VALUES ('2WV1-040', '2WV1-040', 2540, 26);
INSERT INTO workspace VALUES ('2WV1-041', '2WV1-041', 2541, 26);
INSERT INTO workspacefeature VALUES ('2WV1-041', 1);
INSERT INTO workspace VALUES ('2WV1-042', '2WV1-042', 2542, 26);
INSERT INTO workspacefeature VALUES ('2WV1-042', 1);
INSERT INTO workspacefeature VALUES ('2WV1-042', 2);
INSERT INTO workspacefeature VALUES ('2WV1-042', 3);
INSERT INTO workspace VALUES ('2WV1-043', '2WV1-043', 2543, 26);
INSERT INTO workspacefeature VALUES ('2WV1-043', 1);
INSERT INTO workspace VALUES ('2WV1-044', '2WV1-044', 2544, 26);
INSERT INTO workspacefeature VALUES ('2WV1-044', 1);
INSERT INTO workspacefeature VALUES ('2WV1-044', 2);
INSERT INTO workspace VALUES ('2WV1-045', '2WV1-045', 2545, 26);
INSERT INTO workspacefeature VALUES ('2WV1-045', 1);
INSERT INTO workspacefeature VALUES ('2WV1-045', 3);
INSERT INTO workspace VALUES ('2WV1-046', '2WV1-046', 2546, 26);
INSERT INTO workspacefeature VALUES ('2WV1-046', 1);
INSERT INTO workspacefeature VALUES ('2WV1-046', 2);
INSERT INTO workspace VALUES ('2WV1-047', '2WV1-047', 2547, 26);
INSERT INTO workspacefeature VALUES ('2WV1-047', 1);
INSERT INTO workspace VALUES ('2WV1-048', '2WV1-048', 2548, 26);
INSERT INTO workspacefeature VALUES ('2WV1-048', 1);
INSERT INTO workspacefeature VALUES ('2WV1-048', 2);
INSERT INTO workspacefeature VALUES ('2WV1-048', 3);
INSERT INTO workspace VALUES ('2WV1-049', '2WV1-049', 2549, 26);
INSERT INTO workspacefeature VALUES ('2WV1-049', 1);
INSERT INTO workspace VALUES ('2WV1-050', '2WV1-050', 2550, 26);
INSERT INTO workspace VALUES ('2WV1-051', '2WV1-051', 2551, 26);
INSERT INTO workspacefeature VALUES ('2WV1-051', 1);
INSERT INTO workspacefeature VALUES ('2WV1-051', 3);
INSERT INTO workspace VALUES ('2WV1-052', '2WV1-052', 2552, 26);
INSERT INTO workspacefeature VALUES ('2WV1-052', 1);
INSERT INTO workspacefeature VALUES ('2WV1-052', 2);
INSERT INTO workspace VALUES ('2WV1-053', '2WV1-053', 2553, 26);
INSERT INTO workspacefeature VALUES ('2WV1-053', 1);
INSERT INTO workspace VALUES ('2WV1-054', '2WV1-054', 2554, 26);
INSERT INTO workspacefeature VALUES ('2WV1-054', 1);
INSERT INTO workspacefeature VALUES ('2WV1-054', 2);
INSERT INTO workspacefeature VALUES ('2WV1-054', 3);
INSERT INTO workspace VALUES ('2WV1-055', '2WV1-055', 2555, 26);
INSERT INTO workspacefeature VALUES ('2WV1-055', 1);
INSERT INTO workspace VALUES ('2WV1-056', '2WV1-056', 2556, 26);
INSERT INTO workspacefeature VALUES ('2WV1-056', 1);
INSERT INTO workspacefeature VALUES ('2WV1-056', 2);
INSERT INTO workspace VALUES ('2WV1-057', '2WV1-057', 2557, 26);
INSERT INTO workspacefeature VALUES ('2WV1-057', 1);
INSERT INTO workspacefeature VALUES ('2WV1-057', 3);
INSERT INTO workspace VALUES ('2WV1-058', '2WV1-058', 2558, 26);
INSERT INTO workspacefeature VALUES ('2WV1-058', 1);
INSERT INTO workspacefeature VALUES ('2WV1-058', 2);
INSERT INTO workspace VALUES ('2WV1-059', '2WV1-059', 2559, 26);
INSERT INTO workspacefeature VALUES ('2WV1-059', 1);
INSERT INTO workspace VALUES ('2WV1-060', '2WV1-060', 2560, 26);
INSERT INTO workspace VALUES ('2WV1-061', '2WV1-061', 2561, 26);
INSERT INTO workspacefeature VALUES ('2WV1-061', 1);
INSERT INTO workspace VALUES ('2WV1-062', '2WV1-062', 2562, 26);
INSERT INTO workspacefeature VALUES ('2WV1-062', 1);
INSERT INTO workspacefeature VALUES ('2WV1-062', 2);
INSERT INTO workspace VALUES ('2WV1-063', '2WV1-063', 2563, 26);
INSERT INTO workspacefeature VALUES ('2WV1-063', 1);
INSERT INTO workspacefeature VALUES ('2WV1-063', 3);
INSERT INTO workspace VALUES ('2WV1-064', '2WV1-064', 2564, 26);
INSERT INTO workspacefeature VALUES ('2WV1-064', 1);
INSERT INTO workspacefeature VALUES ('2WV1-064', 2);
INSERT INTO workspace VALUES ('2WV1-065', '2WV1-065', 2565, 26);
INSERT INTO workspacefeature VALUES ('2WV1-065', 1);
INSERT INTO workspace VALUES ('2WV1-066', '2WV1-066', 2566, 26);
INSERT INTO workspacefeature VALUES ('2WV1-066', 1);
INSERT INTO workspacefeature VALUES ('2WV1-066', 2);
INSERT INTO workspacefeature VALUES ('2WV1-066', 3);
INSERT INTO workspace VALUES ('2WV1-067', '2WV1-067', 2567, 26);
INSERT INTO workspacefeature VALUES ('2WV1-067', 1);
INSERT INTO workspace VALUES ('2WV1-068', '2WV1-068', 2568, 26);
INSERT INTO workspacefeature VALUES ('2WV1-068', 1);
INSERT INTO workspacefeature VALUES ('2WV1-068', 2);
INSERT INTO workspace VALUES ('2WV1-069', '2WV1-069', 2569, 26);
INSERT INTO workspacefeature VALUES ('2WV1-069', 1);
INSERT INTO workspacefeature VALUES ('2WV1-069', 3);
INSERT INTO workspace VALUES ('2WV1-070', '2WV1-070', 2570, 26);
INSERT INTO workspace VALUES ('2WV1-071', '2WV1-071', 2571, 26);
INSERT INTO workspacefeature VALUES ('2WV1-071', 1);
INSERT INTO workspace VALUES ('2WV1-072', '2WV1-072', 2572, 26);
INSERT INTO workspacefeature VALUES ('2WV1-072', 1);
INSERT INTO workspacefeature VALUES ('2WV1-072', 2);
INSERT INTO workspacefeature VALUES ('2WV1-072', 3);
INSERT INTO workspace VALUES ('2WV1-073', '2WV1-073', 2573, 26);
INSERT INTO workspacefeature VALUES ('2WV1-073', 1);
INSERT INTO workspace VALUES ('2WV1-074', '2WV1-074', 2574, 26);
INSERT INTO workspacefeature VALUES ('2WV1-074', 1);
INSERT INTO workspacefeature VALUES ('2WV1-074', 2);
INSERT INTO workspace VALUES ('2WV1-075', '2WV1-075', 2575, 26);
INSERT INTO workspacefeature VALUES ('2WV1-075', 1);
INSERT INTO workspacefeature VALUES ('2WV1-075', 3);
INSERT INTO workspace VALUES ('2WV1-076', '2WV1-076', 2576, 26);
INSERT INTO workspacefeature VALUES ('2WV1-076', 1);
INSERT INTO workspacefeature VALUES ('2WV1-076', 2);
INSERT INTO workspace VALUES ('2WV1-077', '2WV1-077', 2577, 26);
INSERT INTO workspacefeature VALUES ('2WV1-077', 1);
INSERT INTO workspace VALUES ('2WV1-078', '2WV1-078', 2578, 26);
INSERT INTO workspacefeature VALUES ('2WV1-078', 1);
INSERT INTO workspacefeature VALUES ('2WV1-078', 2);
INSERT INTO workspacefeature VALUES ('2WV1-078', 3);
INSERT INTO workspace VALUES ('2WV1-079', '2WV1-079', 2579, 26);
INSERT INTO workspacefeature VALUES ('2WV1-079', 1);
INSERT INTO workspace VALUES ('2WV1-080', '2WV1-080', 2580, 26);
INSERT INTO workspace VALUES ('2WV1-081', '2WV1-081', 2581, 26);
INSERT INTO workspacefeature VALUES ('2WV1-081', 1);
INSERT INTO workspacefeature VALUES ('2WV1-081', 3);
INSERT INTO workspace VALUES ('2WV1-082', '2WV1-082', 2582, 26);
INSERT INTO workspacefeature VALUES ('2WV1-082', 1);
INSERT INTO workspacefeature VALUES ('2WV1-082', 2);
INSERT INTO workspace VALUES ('2WV1-083', '2WV1-083', 2583, 26);
INSERT INTO workspacefeature VALUES ('2WV1-083', 1);
INSERT INTO workspace VALUES ('2WV1-084', '2WV1-084', 2584, 26);
INSERT INTO workspacefeature VALUES ('2WV1-084', 1);
INSERT INTO workspacefeature VALUES ('2WV1-084', 2);
INSERT INTO workspacefeature VALUES ('2WV1-084', 3);
INSERT INTO workspace VALUES ('2WV1-085', '2WV1-085', 2585, 26);
INSERT INTO workspacefeature VALUES ('2WV1-085', 1);
INSERT INTO workspace VALUES ('2WV1-086', '2WV1-086', 2586, 26);
INSERT INTO workspacefeature VALUES ('2WV1-086', 1);
INSERT INTO workspacefeature VALUES ('2WV1-086', 2);
INSERT INTO workspace VALUES ('2WV1-087', '2WV1-087', 2587, 26);
INSERT INTO workspacefeature VALUES ('2WV1-087', 1);
INSERT INTO workspacefeature VALUES ('2WV1-087', 3);
INSERT INTO workspace VALUES ('2WV1-088', '2WV1-088', 2588, 26);
INSERT INTO workspacefeature VALUES ('2WV1-088', 1);
INSERT INTO workspacefeature VALUES ('2WV1-088', 2);
INSERT INTO workspace VALUES ('2WV1-089', '2WV1-089', 2589, 26);
INSERT INTO workspacefeature VALUES ('2WV1-089', 1);
INSERT INTO workspace VALUES ('2WV1-090', '2WV1-090', 2590, 26);
INSERT INTO workspace VALUES ('2WV1-091', '2WV1-091', 2591, 26);
INSERT INTO workspacefeature VALUES ('2WV1-091', 1);
INSERT INTO workspace VALUES ('2WV1-092', '2WV1-092', 2592, 26);
INSERT INTO workspacefeature VALUES ('2WV1-092', 1);
INSERT INTO workspacefeature VALUES ('2WV1-092', 2);
INSERT INTO workspace VALUES ('2WV1-093', '2WV1-093', 2593, 26);
INSERT INTO workspacefeature VALUES ('2WV1-093', 1);
INSERT INTO workspacefeature VALUES ('2WV1-093', 3);
INSERT INTO workspace VALUES ('2WV1-094', '2WV1-094', 2594, 26);
INSERT INTO workspacefeature VALUES ('2WV1-094', 1);
INSERT INTO workspacefeature VALUES ('2WV1-094', 2);
INSERT INTO workspace VALUES ('2WV1-095', '2WV1-095', 2595, 26);
INSERT INTO workspacefeature VALUES ('2WV1-095', 1);
INSERT INTO workspace VALUES ('2WV1-096', '2WV1-096', 2596, 26);
INSERT INTO workspacefeature VALUES ('2WV1-096', 1);
INSERT INTO workspacefeature VALUES ('2WV1-096', 2);
INSERT INTO workspacefeature VALUES ('2WV1-096', 3);
INSERT INTO workspace VALUES ('2WV1-097', '2WV1-097', 2597, 26);
INSERT INTO workspacefeature VALUES ('2WV1-097', 1);
INSERT INTO workspace VALUES ('2WV1-098', '2WV1-098', 2598, 26);
INSERT INTO workspacefeature VALUES ('2WV1-098', 1);
INSERT INTO workspacefeature VALUES ('2WV1-098', 2);
INSERT INTO workspace VALUES ('2WV1-099', '2WV1-099', 2599, 26);
INSERT INTO workspacefeature VALUES ('2WV1-099', 1);
INSERT INTO workspacefeature VALUES ('2WV1-099', 3);
INSERT INTO workspace VALUES ('2WV1-100', '2WV1-100', 2600, 26);
INSERT INTO floor VALUES (27, 2, 'West Vancouver Building 2', 'West Vancouver', '2', NULL);
INSERT INTO workspace VALUES ('2WV2-001', '2WV2-001', 2601, 27);
INSERT INTO workspacefeature VALUES ('2WV2-001', 1);
INSERT INTO workspace VALUES ('2WV2-002', '2WV2-002', 2602, 27);
INSERT INTO workspacefeature VALUES ('2WV2-002', 1);
INSERT INTO workspacefeature VALUES ('2WV2-002', 2);
INSERT INTO workspace VALUES ('2WV2-003', '2WV2-003', 2603, 27);
INSERT INTO workspacefeature VALUES ('2WV2-003', 1);
INSERT INTO workspacefeature VALUES ('2WV2-003', 3);
INSERT INTO workspace VALUES ('2WV2-004', '2WV2-004', 2604, 27);
INSERT INTO workspacefeature VALUES ('2WV2-004', 1);
INSERT INTO workspacefeature VALUES ('2WV2-004', 2);
INSERT INTO workspace VALUES ('2WV2-005', '2WV2-005', 2605, 27);
INSERT INTO workspacefeature VALUES ('2WV2-005', 1);
INSERT INTO workspace VALUES ('2WV2-006', '2WV2-006', 2606, 27);
INSERT INTO workspacefeature VALUES ('2WV2-006', 1);
INSERT INTO workspacefeature VALUES ('2WV2-006', 2);
INSERT INTO workspacefeature VALUES ('2WV2-006', 3);
INSERT INTO workspace VALUES ('2WV2-007', '2WV2-007', 2607, 27);
INSERT INTO workspacefeature VALUES ('2WV2-007', 1);
INSERT INTO workspace VALUES ('2WV2-008', '2WV2-008', 2608, 27);
INSERT INTO workspacefeature VALUES ('2WV2-008', 1);
INSERT INTO workspacefeature VALUES ('2WV2-008', 2);
INSERT INTO workspace VALUES ('2WV2-009', '2WV2-009', 2609, 27);
INSERT INTO workspacefeature VALUES ('2WV2-009', 1);
INSERT INTO workspacefeature VALUES ('2WV2-009', 3);
INSERT INTO workspace VALUES ('2WV2-010', '2WV2-010', 2610, 27);
INSERT INTO workspace VALUES ('2WV2-011', '2WV2-011', 2611, 27);
INSERT INTO workspacefeature VALUES ('2WV2-011', 1);
INSERT INTO workspace VALUES ('2WV2-012', '2WV2-012', 2612, 27);
INSERT INTO workspacefeature VALUES ('2WV2-012', 1);
INSERT INTO workspacefeature VALUES ('2WV2-012', 2);
INSERT INTO workspacefeature VALUES ('2WV2-012', 3);
INSERT INTO workspace VALUES ('2WV2-013', '2WV2-013', 2613, 27);
INSERT INTO workspacefeature VALUES ('2WV2-013', 1);
INSERT INTO workspace VALUES ('2WV2-014', '2WV2-014', 2614, 27);
INSERT INTO workspacefeature VALUES ('2WV2-014', 1);
INSERT INTO workspacefeature VALUES ('2WV2-014', 2);
INSERT INTO workspace VALUES ('2WV2-015', '2WV2-015', 2615, 27);
INSERT INTO workspacefeature VALUES ('2WV2-015', 1);
INSERT INTO workspacefeature VALUES ('2WV2-015', 3);
INSERT INTO workspace VALUES ('2WV2-016', '2WV2-016', 2616, 27);
INSERT INTO workspacefeature VALUES ('2WV2-016', 1);
INSERT INTO workspacefeature VALUES ('2WV2-016', 2);
INSERT INTO workspace VALUES ('2WV2-017', '2WV2-017', 2617, 27);
INSERT INTO workspacefeature VALUES ('2WV2-017', 1);
INSERT INTO workspace VALUES ('2WV2-018', '2WV2-018', 2618, 27);
INSERT INTO workspacefeature VALUES ('2WV2-018', 1);
INSERT INTO workspacefeature VALUES ('2WV2-018', 2);
INSERT INTO workspacefeature VALUES ('2WV2-018', 3);
INSERT INTO workspace VALUES ('2WV2-019', '2WV2-019', 2619, 27);
INSERT INTO workspacefeature VALUES ('2WV2-019', 1);
INSERT INTO workspace VALUES ('2WV2-020', '2WV2-020', 2620, 27);
INSERT INTO workspace VALUES ('2WV2-021', '2WV2-021', 2621, 27);
INSERT INTO workspacefeature VALUES ('2WV2-021', 1);
INSERT INTO workspacefeature VALUES ('2WV2-021', 3);
INSERT INTO workspace VALUES ('2WV2-022', '2WV2-022', 2622, 27);
INSERT INTO workspacefeature VALUES ('2WV2-022', 1);
INSERT INTO workspacefeature VALUES ('2WV2-022', 2);
INSERT INTO workspace VALUES ('2WV2-023', '2WV2-023', 2623, 27);
INSERT INTO workspacefeature VALUES ('2WV2-023', 1);
INSERT INTO workspace VALUES ('2WV2-024', '2WV2-024', 2624, 27);
INSERT INTO workspacefeature VALUES ('2WV2-024', 1);
INSERT INTO workspacefeature VALUES ('2WV2-024', 2);
INSERT INTO workspacefeature VALUES ('2WV2-024', 3);
INSERT INTO workspace VALUES ('2WV2-025', '2WV2-025', 2625, 27);
INSERT INTO workspacefeature VALUES ('2WV2-025', 1);
INSERT INTO workspace VALUES ('2WV2-026', '2WV2-026', 2626, 27);
INSERT INTO workspacefeature VALUES ('2WV2-026', 1);
INSERT INTO workspacefeature VALUES ('2WV2-026', 2);
INSERT INTO workspace VALUES ('2WV2-027', '2WV2-027', 2627, 27);
INSERT INTO workspacefeature VALUES ('2WV2-027', 1);
INSERT INTO workspacefeature VALUES ('2WV2-027', 3);
INSERT INTO workspace VALUES ('2WV2-028', '2WV2-028', 2628, 27);
INSERT INTO workspacefeature VALUES ('2WV2-028', 1);
INSERT INTO workspacefeature VALUES ('2WV2-028', 2);
INSERT INTO workspace VALUES ('2WV2-029', '2WV2-029', 2629, 27);
INSERT INTO workspacefeature VALUES ('2WV2-029', 1);
INSERT INTO workspace VALUES ('2WV2-030', '2WV2-030', 2630, 27);
INSERT INTO workspace VALUES ('2WV2-031', '2WV2-031', 2631, 27);
INSERT INTO workspacefeature VALUES ('2WV2-031', 1);
INSERT INTO workspace VALUES ('2WV2-032', '2WV2-032', 2632, 27);
INSERT INTO workspacefeature VALUES ('2WV2-032', 1);
INSERT INTO workspacefeature VALUES ('2WV2-032', 2);
INSERT INTO workspace VALUES ('2WV2-033', '2WV2-033', 2633, 27);
INSERT INTO workspacefeature VALUES ('2WV2-033', 1);
INSERT INTO workspacefeature VALUES ('2WV2-033', 3);
INSERT INTO workspace VALUES ('2WV2-034', '2WV2-034', 2634, 27);
INSERT INTO workspacefeature VALUES ('2WV2-034', 1);
INSERT INTO workspacefeature VALUES ('2WV2-034', 2);
INSERT INTO workspace VALUES ('2WV2-035', '2WV2-035', 2635, 27);
INSERT INTO workspacefeature VALUES ('2WV2-035', 1);
INSERT INTO workspace VALUES ('2WV2-036', '2WV2-036', 2636, 27);
INSERT INTO workspacefeature VALUES ('2WV2-036', 1);
INSERT INTO workspacefeature VALUES ('2WV2-036', 2);
INSERT INTO workspacefeature VALUES ('2WV2-036', 3);
INSERT INTO workspace VALUES ('2WV2-037', '2WV2-037', 2637, 27);
INSERT INTO workspacefeature VALUES ('2WV2-037', 1);
INSERT INTO workspace VALUES ('2WV2-038', '2WV2-038', 2638, 27);
INSERT INTO workspacefeature VALUES ('2WV2-038', 1);
INSERT INTO workspacefeature VALUES ('2WV2-038', 2);
INSERT INTO workspace VALUES ('2WV2-039', '2WV2-039', 2639, 27);
INSERT INTO workspacefeature VALUES ('2WV2-039', 1);
INSERT INTO workspacefeature VALUES ('2WV2-039', 3);
INSERT INTO workspace VALUES ('2WV2-040', '2WV2-040', 2640, 27);
INSERT INTO workspace VALUES ('2WV2-041', '2WV2-041', 2641, 27);
INSERT INTO workspacefeature VALUES ('2WV2-041', 1);
INSERT INTO workspace VALUES ('2WV2-042', '2WV2-042', 2642, 27);
INSERT INTO workspacefeature VALUES ('2WV2-042', 1);
INSERT INTO workspacefeature VALUES ('2WV2-042', 2);
INSERT INTO workspacefeature VALUES ('2WV2-042', 3);
INSERT INTO workspace VALUES ('2WV2-043', '2WV2-043', 2643, 27);
INSERT INTO workspacefeature VALUES ('2WV2-043', 1);
INSERT INTO workspace VALUES ('2WV2-044', '2WV2-044', 2644, 27);
INSERT INTO workspacefeature VALUES ('2WV2-044', 1);
INSERT INTO workspacefeature VALUES ('2WV2-044', 2);
INSERT INTO workspace VALUES ('2WV2-045', '2WV2-045', 2645, 27);
INSERT INTO workspacefeature VALUES ('2WV2-045', 1);
INSERT INTO workspacefeature VALUES ('2WV2-045', 3);
INSERT INTO workspace VALUES ('2WV2-046', '2WV2-046', 2646, 27);
INSERT INTO workspacefeature VALUES ('2WV2-046', 1);
INSERT INTO workspacefeature VALUES ('2WV2-046', 2);
INSERT INTO workspace VALUES ('2WV2-047', '2WV2-047', 2647, 27);
INSERT INTO workspacefeature VALUES ('2WV2-047', 1);
INSERT INTO workspace VALUES ('2WV2-048', '2WV2-048', 2648, 27);
INSERT INTO workspacefeature VALUES ('2WV2-048', 1);
INSERT INTO workspacefeature VALUES ('2WV2-048', 2);
INSERT INTO workspacefeature VALUES ('2WV2-048', 3);
INSERT INTO workspace VALUES ('2WV2-049', '2WV2-049', 2649, 27);
INSERT INTO workspacefeature VALUES ('2WV2-049', 1);
INSERT INTO workspace VALUES ('2WV2-050', '2WV2-050', 2650, 27);
INSERT INTO workspace VALUES ('2WV2-051', '2WV2-051', 2651, 27);
INSERT INTO workspacefeature VALUES ('2WV2-051', 1);
INSERT INTO workspacefeature VALUES ('2WV2-051', 3);
INSERT INTO workspace VALUES ('2WV2-052', '2WV2-052', 2652, 27);
INSERT INTO workspacefeature VALUES ('2WV2-052', 1);
INSERT INTO workspacefeature VALUES ('2WV2-052', 2);
INSERT INTO workspace VALUES ('2WV2-053', '2WV2-053', 2653, 27);
INSERT INTO workspacefeature VALUES ('2WV2-053', 1);
INSERT INTO workspace VALUES ('2WV2-054', '2WV2-054', 2654, 27);
INSERT INTO workspacefeature VALUES ('2WV2-054', 1);
INSERT INTO workspacefeature VALUES ('2WV2-054', 2);
INSERT INTO workspacefeature VALUES ('2WV2-054', 3);
INSERT INTO workspace VALUES ('2WV2-055', '2WV2-055', 2655, 27);
INSERT INTO workspacefeature VALUES ('2WV2-055', 1);
INSERT INTO workspace VALUES ('2WV2-056', '2WV2-056', 2656, 27);
INSERT INTO workspacefeature VALUES ('2WV2-056', 1);
INSERT INTO workspacefeature VALUES ('2WV2-056', 2);
INSERT INTO workspace VALUES ('2WV2-057', '2WV2-057', 2657, 27);
INSERT INTO workspacefeature VALUES ('2WV2-057', 1);
INSERT INTO workspacefeature VALUES ('2WV2-057', 3);
INSERT INTO workspace VALUES ('2WV2-058', '2WV2-058', 2658, 27);
INSERT INTO workspacefeature VALUES ('2WV2-058', 1);
INSERT INTO workspacefeature VALUES ('2WV2-058', 2);
INSERT INTO workspace VALUES ('2WV2-059', '2WV2-059', 2659, 27);
INSERT INTO workspacefeature VALUES ('2WV2-059', 1);
INSERT INTO workspace VALUES ('2WV2-060', '2WV2-060', 2660, 27);
INSERT INTO workspace VALUES ('2WV2-061', '2WV2-061', 2661, 27);
INSERT INTO workspacefeature VALUES ('2WV2-061', 1);
INSERT INTO workspace VALUES ('2WV2-062', '2WV2-062', 2662, 27);
INSERT INTO workspacefeature VALUES ('2WV2-062', 1);
INSERT INTO workspacefeature VALUES ('2WV2-062', 2);
INSERT INTO workspace VALUES ('2WV2-063', '2WV2-063', 2663, 27);
INSERT INTO workspacefeature VALUES ('2WV2-063', 1);
INSERT INTO workspacefeature VALUES ('2WV2-063', 3);
INSERT INTO workspace VALUES ('2WV2-064', '2WV2-064', 2664, 27);
INSERT INTO workspacefeature VALUES ('2WV2-064', 1);
INSERT INTO workspacefeature VALUES ('2WV2-064', 2);
INSERT INTO workspace VALUES ('2WV2-065', '2WV2-065', 2665, 27);
INSERT INTO workspacefeature VALUES ('2WV2-065', 1);
INSERT INTO workspace VALUES ('2WV2-066', '2WV2-066', 2666, 27);
INSERT INTO workspacefeature VALUES ('2WV2-066', 1);
INSERT INTO workspacefeature VALUES ('2WV2-066', 2);
INSERT INTO workspacefeature VALUES ('2WV2-066', 3);
INSERT INTO workspace VALUES ('2WV2-067', '2WV2-067', 2667, 27);
INSERT INTO workspacefeature VALUES ('2WV2-067', 1);
INSERT INTO workspace VALUES ('2WV2-068', '2WV2-068', 2668, 27);
INSERT INTO workspacefeature VALUES ('2WV2-068', 1);
INSERT INTO workspacefeature VALUES ('2WV2-068', 2);
INSERT INTO workspace VALUES ('2WV2-069', '2WV2-069', 2669, 27);
INSERT INTO workspacefeature VALUES ('2WV2-069', 1);
INSERT INTO workspacefeature VALUES ('2WV2-069', 3);
INSERT INTO workspace VALUES ('2WV2-070', '2WV2-070', 2670, 27);
INSERT INTO workspace VALUES ('2WV2-071', '2WV2-071', 2671, 27);
INSERT INTO workspacefeature VALUES ('2WV2-071', 1);
INSERT INTO workspace VALUES ('2WV2-072', '2WV2-072', 2672, 27);
INSERT INTO workspacefeature VALUES ('2WV2-072', 1);
INSERT INTO workspacefeature VALUES ('2WV2-072', 2);
INSERT INTO workspacefeature VALUES ('2WV2-072', 3);
INSERT INTO workspace VALUES ('2WV2-073', '2WV2-073', 2673, 27);
INSERT INTO workspacefeature VALUES ('2WV2-073', 1);
INSERT INTO workspace VALUES ('2WV2-074', '2WV2-074', 2674, 27);
INSERT INTO workspacefeature VALUES ('2WV2-074', 1);
INSERT INTO workspacefeature VALUES ('2WV2-074', 2);
INSERT INTO workspace VALUES ('2WV2-075', '2WV2-075', 2675, 27);
INSERT INTO workspacefeature VALUES ('2WV2-075', 1);
INSERT INTO workspacefeature VALUES ('2WV2-075', 3);
INSERT INTO workspace VALUES ('2WV2-076', '2WV2-076', 2676, 27);
INSERT INTO workspacefeature VALUES ('2WV2-076', 1);
INSERT INTO workspacefeature VALUES ('2WV2-076', 2);
INSERT INTO workspace VALUES ('2WV2-077', '2WV2-077', 2677, 27);
INSERT INTO workspacefeature VALUES ('2WV2-077', 1);
INSERT INTO workspace VALUES ('2WV2-078', '2WV2-078', 2678, 27);
INSERT INTO workspacefeature VALUES ('2WV2-078', 1);
INSERT INTO workspacefeature VALUES ('2WV2-078', 2);
INSERT INTO workspacefeature VALUES ('2WV2-078', 3);
INSERT INTO workspace VALUES ('2WV2-079', '2WV2-079', 2679, 27);
INSERT INTO workspacefeature VALUES ('2WV2-079', 1);
INSERT INTO workspace VALUES ('2WV2-080', '2WV2-080', 2680, 27);
INSERT INTO workspace VALUES ('2WV2-081', '2WV2-081', 2681, 27);
INSERT INTO workspacefeature VALUES ('2WV2-081', 1);
INSERT INTO workspacefeature VALUES ('2WV2-081', 3);
INSERT INTO workspace VALUES ('2WV2-082', '2WV2-082', 2682, 27);
INSERT INTO workspacefeature VALUES ('2WV2-082', 1);
INSERT INTO workspacefeature VALUES ('2WV2-082', 2);
INSERT INTO workspace VALUES ('2WV2-083', '2WV2-083', 2683, 27);
INSERT INTO workspacefeature VALUES ('2WV2-083', 1);
INSERT INTO workspace VALUES ('2WV2-084', '2WV2-084', 2684, 27);
INSERT INTO workspacefeature VALUES ('2WV2-084', 1);
INSERT INTO workspacefeature VALUES ('2WV2-084', 2);
INSERT INTO workspacefeature VALUES ('2WV2-084', 3);
INSERT INTO workspace VALUES ('2WV2-085', '2WV2-085', 2685, 27);
INSERT INTO workspacefeature VALUES ('2WV2-085', 1);
INSERT INTO workspace VALUES ('2WV2-086', '2WV2-086', 2686, 27);
INSERT INTO workspacefeature VALUES ('2WV2-086', 1);
INSERT INTO workspacefeature VALUES ('2WV2-086', 2);
INSERT INTO workspace VALUES ('2WV2-087', '2WV2-087', 2687, 27);
INSERT INTO workspacefeature VALUES ('2WV2-087', 1);
INSERT INTO workspacefeature VALUES ('2WV2-087', 3);
INSERT INTO workspace VALUES ('2WV2-088', '2WV2-088', 2688, 27);
INSERT INTO workspacefeature VALUES ('2WV2-088', 1);
INSERT INTO workspacefeature VALUES ('2WV2-088', 2);
INSERT INTO workspace VALUES ('2WV2-089', '2WV2-089', 2689, 27);
INSERT INTO workspacefeature VALUES ('2WV2-089', 1);
INSERT INTO workspace VALUES ('2WV2-090', '2WV2-090', 2690, 27);
INSERT INTO workspace VALUES ('2WV2-091', '2WV2-091', 2691, 27);
INSERT INTO workspacefeature VALUES ('2WV2-091', 1);
INSERT INTO workspace VALUES ('2WV2-092', '2WV2-092', 2692, 27);
INSERT INTO workspacefeature VALUES ('2WV2-092', 1);
INSERT INTO workspacefeature VALUES ('2WV2-092', 2);
INSERT INTO workspace VALUES ('2WV2-093', '2WV2-093', 2693, 27);
INSERT INTO workspacefeature VALUES ('2WV2-093', 1);
INSERT INTO workspacefeature VALUES ('2WV2-093', 3);
INSERT INTO workspace VALUES ('2WV2-094', '2WV2-094', 2694, 27);
INSERT INTO workspacefeature VALUES ('2WV2-094', 1);
INSERT INTO workspacefeature VALUES ('2WV2-094', 2);
INSERT INTO workspace VALUES ('2WV2-095', '2WV2-095', 2695, 27);
INSERT INTO workspacefeature VALUES ('2WV2-095', 1);
INSERT INTO workspace VALUES ('2WV2-096', '2WV2-096', 2696, 27);
INSERT INTO workspacefeature VALUES ('2WV2-096', 1);
INSERT INTO workspacefeature VALUES ('2WV2-096', 2);
INSERT INTO workspacefeature VALUES ('2WV2-096', 3);
INSERT INTO workspace VALUES ('2WV2-097', '2WV2-097', 2697, 27);
INSERT INTO workspacefeature VALUES ('2WV2-097', 1);
INSERT INTO workspace VALUES ('2WV2-098', '2WV2-098', 2698, 27);
INSERT INTO workspacefeature VALUES ('2WV2-098', 1);
INSERT INTO workspacefeature VALUES ('2WV2-098', 2);
INSERT INTO workspace VALUES ('2WV2-099', '2WV2-099', 2699, 27);
INSERT INTO workspacefeature VALUES ('2WV2-099', 1);
INSERT INTO workspacefeature VALUES ('2WV2-099', 3);
INSERT INTO workspace VALUES ('2WV2-100', '2WV2-100', 2700, 27);
INSERT INTO floor VALUES (28, 3, 'West Vancouver Building 2', 'West Vancouver', '2', NULL);
INSERT INTO workspace VALUES ('2WV3-001', '2WV3-001', 2701, 28);
INSERT INTO workspacefeature VALUES ('2WV3-001', 1);
INSERT INTO workspace VALUES ('2WV3-002', '2WV3-002', 2702, 28);
INSERT INTO workspacefeature VALUES ('2WV3-002', 1);
INSERT INTO workspacefeature VALUES ('2WV3-002', 2);
INSERT INTO workspace VALUES ('2WV3-003', '2WV3-003', 2703, 28);
INSERT INTO workspacefeature VALUES ('2WV3-003', 1);
INSERT INTO workspacefeature VALUES ('2WV3-003', 3);
INSERT INTO workspace VALUES ('2WV3-004', '2WV3-004', 2704, 28);
INSERT INTO workspacefeature VALUES ('2WV3-004', 1);
INSERT INTO workspacefeature VALUES ('2WV3-004', 2);
INSERT INTO workspace VALUES ('2WV3-005', '2WV3-005', 2705, 28);
INSERT INTO workspacefeature VALUES ('2WV3-005', 1);
INSERT INTO workspace VALUES ('2WV3-006', '2WV3-006', 2706, 28);
INSERT INTO workspacefeature VALUES ('2WV3-006', 1);
INSERT INTO workspacefeature VALUES ('2WV3-006', 2);
INSERT INTO workspacefeature VALUES ('2WV3-006', 3);
INSERT INTO workspace VALUES ('2WV3-007', '2WV3-007', 2707, 28);
INSERT INTO workspacefeature VALUES ('2WV3-007', 1);
INSERT INTO workspace VALUES ('2WV3-008', '2WV3-008', 2708, 28);
INSERT INTO workspacefeature VALUES ('2WV3-008', 1);
INSERT INTO workspacefeature VALUES ('2WV3-008', 2);
INSERT INTO workspace VALUES ('2WV3-009', '2WV3-009', 2709, 28);
INSERT INTO workspacefeature VALUES ('2WV3-009', 1);
INSERT INTO workspacefeature VALUES ('2WV3-009', 3);
INSERT INTO workspace VALUES ('2WV3-010', '2WV3-010', 2710, 28);
INSERT INTO workspace VALUES ('2WV3-011', '2WV3-011', 2711, 28);
INSERT INTO workspacefeature VALUES ('2WV3-011', 1);
INSERT INTO workspace VALUES ('2WV3-012', '2WV3-012', 2712, 28);
INSERT INTO workspacefeature VALUES ('2WV3-012', 1);
INSERT INTO workspacefeature VALUES ('2WV3-012', 2);
INSERT INTO workspacefeature VALUES ('2WV3-012', 3);
INSERT INTO workspace VALUES ('2WV3-013', '2WV3-013', 2713, 28);
INSERT INTO workspacefeature VALUES ('2WV3-013', 1);
INSERT INTO workspace VALUES ('2WV3-014', '2WV3-014', 2714, 28);
INSERT INTO workspacefeature VALUES ('2WV3-014', 1);
INSERT INTO workspacefeature VALUES ('2WV3-014', 2);
INSERT INTO workspace VALUES ('2WV3-015', '2WV3-015', 2715, 28);
INSERT INTO workspacefeature VALUES ('2WV3-015', 1);
INSERT INTO workspacefeature VALUES ('2WV3-015', 3);
INSERT INTO workspace VALUES ('2WV3-016', '2WV3-016', 2716, 28);
INSERT INTO workspacefeature VALUES ('2WV3-016', 1);
INSERT INTO workspacefeature VALUES ('2WV3-016', 2);
INSERT INTO workspace VALUES ('2WV3-017', '2WV3-017', 2717, 28);
INSERT INTO workspacefeature VALUES ('2WV3-017', 1);
INSERT INTO workspace VALUES ('2WV3-018', '2WV3-018', 2718, 28);
INSERT INTO workspacefeature VALUES ('2WV3-018', 1);
INSERT INTO workspacefeature VALUES ('2WV3-018', 2);
INSERT INTO workspacefeature VALUES ('2WV3-018', 3);
INSERT INTO workspace VALUES ('2WV3-019', '2WV3-019', 2719, 28);
INSERT INTO workspacefeature VALUES ('2WV3-019', 1);
INSERT INTO workspace VALUES ('2WV3-020', '2WV3-020', 2720, 28);
INSERT INTO workspace VALUES ('2WV3-021', '2WV3-021', 2721, 28);
INSERT INTO workspacefeature VALUES ('2WV3-021', 1);
INSERT INTO workspacefeature VALUES ('2WV3-021', 3);
INSERT INTO workspace VALUES ('2WV3-022', '2WV3-022', 2722, 28);
INSERT INTO workspacefeature VALUES ('2WV3-022', 1);
INSERT INTO workspacefeature VALUES ('2WV3-022', 2);
INSERT INTO workspace VALUES ('2WV3-023', '2WV3-023', 2723, 28);
INSERT INTO workspacefeature VALUES ('2WV3-023', 1);
INSERT INTO workspace VALUES ('2WV3-024', '2WV3-024', 2724, 28);
INSERT INTO workspacefeature VALUES ('2WV3-024', 1);
INSERT INTO workspacefeature VALUES ('2WV3-024', 2);
INSERT INTO workspacefeature VALUES ('2WV3-024', 3);
INSERT INTO workspace VALUES ('2WV3-025', '2WV3-025', 2725, 28);
INSERT INTO workspacefeature VALUES ('2WV3-025', 1);
INSERT INTO workspace VALUES ('2WV3-026', '2WV3-026', 2726, 28);
INSERT INTO workspacefeature VALUES ('2WV3-026', 1);
INSERT INTO workspacefeature VALUES ('2WV3-026', 2);
INSERT INTO workspace VALUES ('2WV3-027', '2WV3-027', 2727, 28);
INSERT INTO workspacefeature VALUES ('2WV3-027', 1);
INSERT INTO workspacefeature VALUES ('2WV3-027', 3);
INSERT INTO workspace VALUES ('2WV3-028', '2WV3-028', 2728, 28);
INSERT INTO workspacefeature VALUES ('2WV3-028', 1);
INSERT INTO workspacefeature VALUES ('2WV3-028', 2);
INSERT INTO workspace VALUES ('2WV3-029', '2WV3-029', 2729, 28);
INSERT INTO workspacefeature VALUES ('2WV3-029', 1);
INSERT INTO workspace VALUES ('2WV3-030', '2WV3-030', 2730, 28);
INSERT INTO workspace VALUES ('2WV3-031', '2WV3-031', 2731, 28);
INSERT INTO workspacefeature VALUES ('2WV3-031', 1);
INSERT INTO workspace VALUES ('2WV3-032', '2WV3-032', 2732, 28);
INSERT INTO workspacefeature VALUES ('2WV3-032', 1);
INSERT INTO workspacefeature VALUES ('2WV3-032', 2);
INSERT INTO workspace VALUES ('2WV3-033', '2WV3-033', 2733, 28);
INSERT INTO workspacefeature VALUES ('2WV3-033', 1);
INSERT INTO workspacefeature VALUES ('2WV3-033', 3);
INSERT INTO workspace VALUES ('2WV3-034', '2WV3-034', 2734, 28);
INSERT INTO workspacefeature VALUES ('2WV3-034', 1);
INSERT INTO workspacefeature VALUES ('2WV3-034', 2);
INSERT INTO workspace VALUES ('2WV3-035', '2WV3-035', 2735, 28);
INSERT INTO workspacefeature VALUES ('2WV3-035', 1);
INSERT INTO workspace VALUES ('2WV3-036', '2WV3-036', 2736, 28);
INSERT INTO workspacefeature VALUES ('2WV3-036', 1);
INSERT INTO workspacefeature VALUES ('2WV3-036', 2);
INSERT INTO workspacefeature VALUES ('2WV3-036', 3);
INSERT INTO workspace VALUES ('2WV3-037', '2WV3-037', 2737, 28);
INSERT INTO workspacefeature VALUES ('2WV3-037', 1);
INSERT INTO workspace VALUES ('2WV3-038', '2WV3-038', 2738, 28);
INSERT INTO workspacefeature VALUES ('2WV3-038', 1);
INSERT INTO workspacefeature VALUES ('2WV3-038', 2);
INSERT INTO workspace VALUES ('2WV3-039', '2WV3-039', 2739, 28);
INSERT INTO workspacefeature VALUES ('2WV3-039', 1);
INSERT INTO workspacefeature VALUES ('2WV3-039', 3);
INSERT INTO workspace VALUES ('2WV3-040', '2WV3-040', 2740, 28);
INSERT INTO workspace VALUES ('2WV3-041', '2WV3-041', 2741, 28);
INSERT INTO workspacefeature VALUES ('2WV3-041', 1);
INSERT INTO workspace VALUES ('2WV3-042', '2WV3-042', 2742, 28);
INSERT INTO workspacefeature VALUES ('2WV3-042', 1);
INSERT INTO workspacefeature VALUES ('2WV3-042', 2);
INSERT INTO workspacefeature VALUES ('2WV3-042', 3);
INSERT INTO workspace VALUES ('2WV3-043', '2WV3-043', 2743, 28);
INSERT INTO workspacefeature VALUES ('2WV3-043', 1);
INSERT INTO workspace VALUES ('2WV3-044', '2WV3-044', 2744, 28);
INSERT INTO workspacefeature VALUES ('2WV3-044', 1);
INSERT INTO workspacefeature VALUES ('2WV3-044', 2);
INSERT INTO workspace VALUES ('2WV3-045', '2WV3-045', 2745, 28);
INSERT INTO workspacefeature VALUES ('2WV3-045', 1);
INSERT INTO workspacefeature VALUES ('2WV3-045', 3);
INSERT INTO workspace VALUES ('2WV3-046', '2WV3-046', 2746, 28);
INSERT INTO workspacefeature VALUES ('2WV3-046', 1);
INSERT INTO workspacefeature VALUES ('2WV3-046', 2);
INSERT INTO workspace VALUES ('2WV3-047', '2WV3-047', 2747, 28);
INSERT INTO workspacefeature VALUES ('2WV3-047', 1);
INSERT INTO workspace VALUES ('2WV3-048', '2WV3-048', 2748, 28);
INSERT INTO workspacefeature VALUES ('2WV3-048', 1);
INSERT INTO workspacefeature VALUES ('2WV3-048', 2);
INSERT INTO workspacefeature VALUES ('2WV3-048', 3);
INSERT INTO workspace VALUES ('2WV3-049', '2WV3-049', 2749, 28);
INSERT INTO workspacefeature VALUES ('2WV3-049', 1);
INSERT INTO workspace VALUES ('2WV3-050', '2WV3-050', 2750, 28);
INSERT INTO workspace VALUES ('2WV3-051', '2WV3-051', 2751, 28);
INSERT INTO workspacefeature VALUES ('2WV3-051', 1);
INSERT INTO workspacefeature VALUES ('2WV3-051', 3);
INSERT INTO workspace VALUES ('2WV3-052', '2WV3-052', 2752, 28);
INSERT INTO workspacefeature VALUES ('2WV3-052', 1);
INSERT INTO workspacefeature VALUES ('2WV3-052', 2);
INSERT INTO workspace VALUES ('2WV3-053', '2WV3-053', 2753, 28);
INSERT INTO workspacefeature VALUES ('2WV3-053', 1);
INSERT INTO workspace VALUES ('2WV3-054', '2WV3-054', 2754, 28);
INSERT INTO workspacefeature VALUES ('2WV3-054', 1);
INSERT INTO workspacefeature VALUES ('2WV3-054', 2);
INSERT INTO workspacefeature VALUES ('2WV3-054', 3);
INSERT INTO workspace VALUES ('2WV3-055', '2WV3-055', 2755, 28);
INSERT INTO workspacefeature VALUES ('2WV3-055', 1);
INSERT INTO workspace VALUES ('2WV3-056', '2WV3-056', 2756, 28);
INSERT INTO workspacefeature VALUES ('2WV3-056', 1);
INSERT INTO workspacefeature VALUES ('2WV3-056', 2);
INSERT INTO workspace VALUES ('2WV3-057', '2WV3-057', 2757, 28);
INSERT INTO workspacefeature VALUES ('2WV3-057', 1);
INSERT INTO workspacefeature VALUES ('2WV3-057', 3);
INSERT INTO workspace VALUES ('2WV3-058', '2WV3-058', 2758, 28);
INSERT INTO workspacefeature VALUES ('2WV3-058', 1);
INSERT INTO workspacefeature VALUES ('2WV3-058', 2);
INSERT INTO workspace VALUES ('2WV3-059', '2WV3-059', 2759, 28);
INSERT INTO workspacefeature VALUES ('2WV3-059', 1);
INSERT INTO workspace VALUES ('2WV3-060', '2WV3-060', 2760, 28);
INSERT INTO workspace VALUES ('2WV3-061', '2WV3-061', 2761, 28);
INSERT INTO workspacefeature VALUES ('2WV3-061', 1);
INSERT INTO workspace VALUES ('2WV3-062', '2WV3-062', 2762, 28);
INSERT INTO workspacefeature VALUES ('2WV3-062', 1);
INSERT INTO workspacefeature VALUES ('2WV3-062', 2);
INSERT INTO workspace VALUES ('2WV3-063', '2WV3-063', 2763, 28);
INSERT INTO workspacefeature VALUES ('2WV3-063', 1);
INSERT INTO workspacefeature VALUES ('2WV3-063', 3);
INSERT INTO workspace VALUES ('2WV3-064', '2WV3-064', 2764, 28);
INSERT INTO workspacefeature VALUES ('2WV3-064', 1);
INSERT INTO workspacefeature VALUES ('2WV3-064', 2);
INSERT INTO workspace VALUES ('2WV3-065', '2WV3-065', 2765, 28);
INSERT INTO workspacefeature VALUES ('2WV3-065', 1);
INSERT INTO workspace VALUES ('2WV3-066', '2WV3-066', 2766, 28);
INSERT INTO workspacefeature VALUES ('2WV3-066', 1);
INSERT INTO workspacefeature VALUES ('2WV3-066', 2);
INSERT INTO workspacefeature VALUES ('2WV3-066', 3);
INSERT INTO workspace VALUES ('2WV3-067', '2WV3-067', 2767, 28);
INSERT INTO workspacefeature VALUES ('2WV3-067', 1);
INSERT INTO workspace VALUES ('2WV3-068', '2WV3-068', 2768, 28);
INSERT INTO workspacefeature VALUES ('2WV3-068', 1);
INSERT INTO workspacefeature VALUES ('2WV3-068', 2);
INSERT INTO workspace VALUES ('2WV3-069', '2WV3-069', 2769, 28);
INSERT INTO workspacefeature VALUES ('2WV3-069', 1);
INSERT INTO workspacefeature VALUES ('2WV3-069', 3);
INSERT INTO workspace VALUES ('2WV3-070', '2WV3-070', 2770, 28);
INSERT INTO workspace VALUES ('2WV3-071', '2WV3-071', 2771, 28);
INSERT INTO workspacefeature VALUES ('2WV3-071', 1);
INSERT INTO workspace VALUES ('2WV3-072', '2WV3-072', 2772, 28);
INSERT INTO workspacefeature VALUES ('2WV3-072', 1);
INSERT INTO workspacefeature VALUES ('2WV3-072', 2);
INSERT INTO workspacefeature VALUES ('2WV3-072', 3);
INSERT INTO workspace VALUES ('2WV3-073', '2WV3-073', 2773, 28);
INSERT INTO workspacefeature VALUES ('2WV3-073', 1);
INSERT INTO workspace VALUES ('2WV3-074', '2WV3-074', 2774, 28);
INSERT INTO workspacefeature VALUES ('2WV3-074', 1);
INSERT INTO workspacefeature VALUES ('2WV3-074', 2);
INSERT INTO workspace VALUES ('2WV3-075', '2WV3-075', 2775, 28);
INSERT INTO workspacefeature VALUES ('2WV3-075', 1);
INSERT INTO workspacefeature VALUES ('2WV3-075', 3);
INSERT INTO workspace VALUES ('2WV3-076', '2WV3-076', 2776, 28);
INSERT INTO workspacefeature VALUES ('2WV3-076', 1);
INSERT INTO workspacefeature VALUES ('2WV3-076', 2);
INSERT INTO workspace VALUES ('2WV3-077', '2WV3-077', 2777, 28);
INSERT INTO workspacefeature VALUES ('2WV3-077', 1);
INSERT INTO workspace VALUES ('2WV3-078', '2WV3-078', 2778, 28);
INSERT INTO workspacefeature VALUES ('2WV3-078', 1);
INSERT INTO workspacefeature VALUES ('2WV3-078', 2);
INSERT INTO workspacefeature VALUES ('2WV3-078', 3);
INSERT INTO workspace VALUES ('2WV3-079', '2WV3-079', 2779, 28);
INSERT INTO workspacefeature VALUES ('2WV3-079', 1);
INSERT INTO workspace VALUES ('2WV3-080', '2WV3-080', 2780, 28);
INSERT INTO workspace VALUES ('2WV3-081', '2WV3-081', 2781, 28);
INSERT INTO workspacefeature VALUES ('2WV3-081', 1);
INSERT INTO workspacefeature VALUES ('2WV3-081', 3);
INSERT INTO workspace VALUES ('2WV3-082', '2WV3-082', 2782, 28);
INSERT INTO workspacefeature VALUES ('2WV3-082', 1);
INSERT INTO workspacefeature VALUES ('2WV3-082', 2);
INSERT INTO workspace VALUES ('2WV3-083', '2WV3-083', 2783, 28);
INSERT INTO workspacefeature VALUES ('2WV3-083', 1);
INSERT INTO workspace VALUES ('2WV3-084', '2WV3-084', 2784, 28);
INSERT INTO workspacefeature VALUES ('2WV3-084', 1);
INSERT INTO workspacefeature VALUES ('2WV3-084', 2);
INSERT INTO workspacefeature VALUES ('2WV3-084', 3);
INSERT INTO workspace VALUES ('2WV3-085', '2WV3-085', 2785, 28);
INSERT INTO workspacefeature VALUES ('2WV3-085', 1);
INSERT INTO workspace VALUES ('2WV3-086', '2WV3-086', 2786, 28);
INSERT INTO workspacefeature VALUES ('2WV3-086', 1);
INSERT INTO workspacefeature VALUES ('2WV3-086', 2);
INSERT INTO workspace VALUES ('2WV3-087', '2WV3-087', 2787, 28);
INSERT INTO workspacefeature VALUES ('2WV3-087', 1);
INSERT INTO workspacefeature VALUES ('2WV3-087', 3);
INSERT INTO workspace VALUES ('2WV3-088', '2WV3-088', 2788, 28);
INSERT INTO workspacefeature VALUES ('2WV3-088', 1);
INSERT INTO workspacefeature VALUES ('2WV3-088', 2);
INSERT INTO workspace VALUES ('2WV3-089', '2WV3-089', 2789, 28);
INSERT INTO workspacefeature VALUES ('2WV3-089', 1);
INSERT INTO workspace VALUES ('2WV3-090', '2WV3-090', 2790, 28);
INSERT INTO workspace VALUES ('2WV3-091', '2WV3-091', 2791, 28);
INSERT INTO workspacefeature VALUES ('2WV3-091', 1);
INSERT INTO workspace VALUES ('2WV3-092', '2WV3-092', 2792, 28);
INSERT INTO workspacefeature VALUES ('2WV3-092', 1);
INSERT INTO workspacefeature VALUES ('2WV3-092', 2);
INSERT INTO workspace VALUES ('2WV3-093', '2WV3-093', 2793, 28);
INSERT INTO workspacefeature VALUES ('2WV3-093', 1);
INSERT INTO workspacefeature VALUES ('2WV3-093', 3);
INSERT INTO workspace VALUES ('2WV3-094', '2WV3-094', 2794, 28);
INSERT INTO workspacefeature VALUES ('2WV3-094', 1);
INSERT INTO workspacefeature VALUES ('2WV3-094', 2);
INSERT INTO workspace VALUES ('2WV3-095', '2WV3-095', 2795, 28);
INSERT INTO workspacefeature VALUES ('2WV3-095', 1);
INSERT INTO workspace VALUES ('2WV3-096', '2WV3-096', 2796, 28);
INSERT INTO workspacefeature VALUES ('2WV3-096', 1);
INSERT INTO workspacefeature VALUES ('2WV3-096', 2);
INSERT INTO workspacefeature VALUES ('2WV3-096', 3);
INSERT INTO workspace VALUES ('2WV3-097', '2WV3-097', 2797, 28);
INSERT INTO workspacefeature VALUES ('2WV3-097', 1);
INSERT INTO workspace VALUES ('2WV3-098', '2WV3-098', 2798, 28);
INSERT INTO workspacefeature VALUES ('2WV3-098', 1);
INSERT INTO workspacefeature VALUES ('2WV3-098', 2);
INSERT INTO workspace VALUES ('2WV3-099', '2WV3-099', 2799, 28);
INSERT INTO workspacefeature VALUES ('2WV3-099', 1);
INSERT INTO workspacefeature VALUES ('2WV3-099', 3);
INSERT INTO workspace VALUES ('2WV3-100', '2WV3-100', 2800, 28);
INSERT INTO floor VALUES (29, 4, 'West Vancouver Building 2', 'West Vancouver', '2', NULL);
INSERT INTO workspace VALUES ('2WV4-001', '2WV4-001', 2801, 29);
INSERT INTO workspacefeature VALUES ('2WV4-001', 1);
INSERT INTO workspace VALUES ('2WV4-002', '2WV4-002', 2802, 29);
INSERT INTO workspacefeature VALUES ('2WV4-002', 1);
INSERT INTO workspacefeature VALUES ('2WV4-002', 2);
INSERT INTO workspace VALUES ('2WV4-003', '2WV4-003', 2803, 29);
INSERT INTO workspacefeature VALUES ('2WV4-003', 1);
INSERT INTO workspacefeature VALUES ('2WV4-003', 3);
INSERT INTO workspace VALUES ('2WV4-004', '2WV4-004', 2804, 29);
INSERT INTO workspacefeature VALUES ('2WV4-004', 1);
INSERT INTO workspacefeature VALUES ('2WV4-004', 2);
INSERT INTO workspace VALUES ('2WV4-005', '2WV4-005', 2805, 29);
INSERT INTO workspacefeature VALUES ('2WV4-005', 1);
INSERT INTO workspace VALUES ('2WV4-006', '2WV4-006', 2806, 29);
INSERT INTO workspacefeature VALUES ('2WV4-006', 1);
INSERT INTO workspacefeature VALUES ('2WV4-006', 2);
INSERT INTO workspacefeature VALUES ('2WV4-006', 3);
INSERT INTO workspace VALUES ('2WV4-007', '2WV4-007', 2807, 29);
INSERT INTO workspacefeature VALUES ('2WV4-007', 1);
INSERT INTO workspace VALUES ('2WV4-008', '2WV4-008', 2808, 29);
INSERT INTO workspacefeature VALUES ('2WV4-008', 1);
INSERT INTO workspacefeature VALUES ('2WV4-008', 2);
INSERT INTO workspace VALUES ('2WV4-009', '2WV4-009', 2809, 29);
INSERT INTO workspacefeature VALUES ('2WV4-009', 1);
INSERT INTO workspacefeature VALUES ('2WV4-009', 3);
INSERT INTO workspace VALUES ('2WV4-010', '2WV4-010', 2810, 29);
INSERT INTO workspace VALUES ('2WV4-011', '2WV4-011', 2811, 29);
INSERT INTO workspacefeature VALUES ('2WV4-011', 1);
INSERT INTO workspace VALUES ('2WV4-012', '2WV4-012', 2812, 29);
INSERT INTO workspacefeature VALUES ('2WV4-012', 1);
INSERT INTO workspacefeature VALUES ('2WV4-012', 2);
INSERT INTO workspacefeature VALUES ('2WV4-012', 3);
INSERT INTO workspace VALUES ('2WV4-013', '2WV4-013', 2813, 29);
INSERT INTO workspacefeature VALUES ('2WV4-013', 1);
INSERT INTO workspace VALUES ('2WV4-014', '2WV4-014', 2814, 29);
INSERT INTO workspacefeature VALUES ('2WV4-014', 1);
INSERT INTO workspacefeature VALUES ('2WV4-014', 2);
INSERT INTO workspace VALUES ('2WV4-015', '2WV4-015', 2815, 29);
INSERT INTO workspacefeature VALUES ('2WV4-015', 1);
INSERT INTO workspacefeature VALUES ('2WV4-015', 3);
INSERT INTO workspace VALUES ('2WV4-016', '2WV4-016', 2816, 29);
INSERT INTO workspacefeature VALUES ('2WV4-016', 1);
INSERT INTO workspacefeature VALUES ('2WV4-016', 2);
INSERT INTO workspace VALUES ('2WV4-017', '2WV4-017', 2817, 29);
INSERT INTO workspacefeature VALUES ('2WV4-017', 1);
INSERT INTO workspace VALUES ('2WV4-018', '2WV4-018', 2818, 29);
INSERT INTO workspacefeature VALUES ('2WV4-018', 1);
INSERT INTO workspacefeature VALUES ('2WV4-018', 2);
INSERT INTO workspacefeature VALUES ('2WV4-018', 3);
INSERT INTO workspace VALUES ('2WV4-019', '2WV4-019', 2819, 29);
INSERT INTO workspacefeature VALUES ('2WV4-019', 1);
INSERT INTO workspace VALUES ('2WV4-020', '2WV4-020', 2820, 29);
INSERT INTO workspace VALUES ('2WV4-021', '2WV4-021', 2821, 29);
INSERT INTO workspacefeature VALUES ('2WV4-021', 1);
INSERT INTO workspacefeature VALUES ('2WV4-021', 3);
INSERT INTO workspace VALUES ('2WV4-022', '2WV4-022', 2822, 29);
INSERT INTO workspacefeature VALUES ('2WV4-022', 1);
INSERT INTO workspacefeature VALUES ('2WV4-022', 2);
INSERT INTO workspace VALUES ('2WV4-023', '2WV4-023', 2823, 29);
INSERT INTO workspacefeature VALUES ('2WV4-023', 1);
INSERT INTO workspace VALUES ('2WV4-024', '2WV4-024', 2824, 29);
INSERT INTO workspacefeature VALUES ('2WV4-024', 1);
INSERT INTO workspacefeature VALUES ('2WV4-024', 2);
INSERT INTO workspacefeature VALUES ('2WV4-024', 3);
INSERT INTO workspace VALUES ('2WV4-025', '2WV4-025', 2825, 29);
INSERT INTO workspacefeature VALUES ('2WV4-025', 1);
INSERT INTO workspace VALUES ('2WV4-026', '2WV4-026', 2826, 29);
INSERT INTO workspacefeature VALUES ('2WV4-026', 1);
INSERT INTO workspacefeature VALUES ('2WV4-026', 2);
INSERT INTO workspace VALUES ('2WV4-027', '2WV4-027', 2827, 29);
INSERT INTO workspacefeature VALUES ('2WV4-027', 1);
INSERT INTO workspacefeature VALUES ('2WV4-027', 3);
INSERT INTO workspace VALUES ('2WV4-028', '2WV4-028', 2828, 29);
INSERT INTO workspacefeature VALUES ('2WV4-028', 1);
INSERT INTO workspacefeature VALUES ('2WV4-028', 2);
INSERT INTO workspace VALUES ('2WV4-029', '2WV4-029', 2829, 29);
INSERT INTO workspacefeature VALUES ('2WV4-029', 1);
INSERT INTO workspace VALUES ('2WV4-030', '2WV4-030', 2830, 29);
INSERT INTO workspace VALUES ('2WV4-031', '2WV4-031', 2831, 29);
INSERT INTO workspacefeature VALUES ('2WV4-031', 1);
INSERT INTO workspace VALUES ('2WV4-032', '2WV4-032', 2832, 29);
INSERT INTO workspacefeature VALUES ('2WV4-032', 1);
INSERT INTO workspacefeature VALUES ('2WV4-032', 2);
INSERT INTO workspace VALUES ('2WV4-033', '2WV4-033', 2833, 29);
INSERT INTO workspacefeature VALUES ('2WV4-033', 1);
INSERT INTO workspacefeature VALUES ('2WV4-033', 3);
INSERT INTO workspace VALUES ('2WV4-034', '2WV4-034', 2834, 29);
INSERT INTO workspacefeature VALUES ('2WV4-034', 1);
INSERT INTO workspacefeature VALUES ('2WV4-034', 2);
INSERT INTO workspace VALUES ('2WV4-035', '2WV4-035', 2835, 29);
INSERT INTO workspacefeature VALUES ('2WV4-035', 1);
INSERT INTO workspace VALUES ('2WV4-036', '2WV4-036', 2836, 29);
INSERT INTO workspacefeature VALUES ('2WV4-036', 1);
INSERT INTO workspacefeature VALUES ('2WV4-036', 2);
INSERT INTO workspacefeature VALUES ('2WV4-036', 3);
INSERT INTO workspace VALUES ('2WV4-037', '2WV4-037', 2837, 29);
INSERT INTO workspacefeature VALUES ('2WV4-037', 1);
INSERT INTO workspace VALUES ('2WV4-038', '2WV4-038', 2838, 29);
INSERT INTO workspacefeature VALUES ('2WV4-038', 1);
INSERT INTO workspacefeature VALUES ('2WV4-038', 2);
INSERT INTO workspace VALUES ('2WV4-039', '2WV4-039', 2839, 29);
INSERT INTO workspacefeature VALUES ('2WV4-039', 1);
INSERT INTO workspacefeature VALUES ('2WV4-039', 3);
INSERT INTO workspace VALUES ('2WV4-040', '2WV4-040', 2840, 29);
INSERT INTO workspace VALUES ('2WV4-041', '2WV4-041', 2841, 29);
INSERT INTO workspacefeature VALUES ('2WV4-041', 1);
INSERT INTO workspace VALUES ('2WV4-042', '2WV4-042', 2842, 29);
INSERT INTO workspacefeature VALUES ('2WV4-042', 1);
INSERT INTO workspacefeature VALUES ('2WV4-042', 2);
INSERT INTO workspacefeature VALUES ('2WV4-042', 3);
INSERT INTO workspace VALUES ('2WV4-043', '2WV4-043', 2843, 29);
INSERT INTO workspacefeature VALUES ('2WV4-043', 1);
INSERT INTO workspace VALUES ('2WV4-044', '2WV4-044', 2844, 29);
INSERT INTO workspacefeature VALUES ('2WV4-044', 1);
INSERT INTO workspacefeature VALUES ('2WV4-044', 2);
INSERT INTO workspace VALUES ('2WV4-045', '2WV4-045', 2845, 29);
INSERT INTO workspacefeature VALUES ('2WV4-045', 1);
INSERT INTO workspacefeature VALUES ('2WV4-045', 3);
INSERT INTO workspace VALUES ('2WV4-046', '2WV4-046', 2846, 29);
INSERT INTO workspacefeature VALUES ('2WV4-046', 1);
INSERT INTO workspacefeature VALUES ('2WV4-046', 2);
INSERT INTO workspace VALUES ('2WV4-047', '2WV4-047', 2847, 29);
INSERT INTO workspacefeature VALUES ('2WV4-047', 1);
INSERT INTO workspace VALUES ('2WV4-048', '2WV4-048', 2848, 29);
INSERT INTO workspacefeature VALUES ('2WV4-048', 1);
INSERT INTO workspacefeature VALUES ('2WV4-048', 2);
INSERT INTO workspacefeature VALUES ('2WV4-048', 3);
INSERT INTO workspace VALUES ('2WV4-049', '2WV4-049', 2849, 29);
INSERT INTO workspacefeature VALUES ('2WV4-049', 1);
INSERT INTO workspace VALUES ('2WV4-050', '2WV4-050', 2850, 29);
INSERT INTO workspace VALUES ('2WV4-051', '2WV4-051', 2851, 29);
INSERT INTO workspacefeature VALUES ('2WV4-051', 1);
INSERT INTO workspacefeature VALUES ('2WV4-051', 3);
INSERT INTO workspace VALUES ('2WV4-052', '2WV4-052', 2852, 29);
INSERT INTO workspacefeature VALUES ('2WV4-052', 1);
INSERT INTO workspacefeature VALUES ('2WV4-052', 2);
INSERT INTO workspace VALUES ('2WV4-053', '2WV4-053', 2853, 29);
INSERT INTO workspacefeature VALUES ('2WV4-053', 1);
INSERT INTO workspace VALUES ('2WV4-054', '2WV4-054', 2854, 29);
INSERT INTO workspacefeature VALUES ('2WV4-054', 1);
INSERT INTO workspacefeature VALUES ('2WV4-054', 2);
INSERT INTO workspacefeature VALUES ('2WV4-054', 3);
INSERT INTO workspace VALUES ('2WV4-055', '2WV4-055', 2855, 29);
INSERT INTO workspacefeature VALUES ('2WV4-055', 1);
INSERT INTO workspace VALUES ('2WV4-056', '2WV4-056', 2856, 29);
INSERT INTO workspacefeature VALUES ('2WV4-056', 1);
INSERT INTO workspacefeature VALUES ('2WV4-056', 2);
INSERT INTO workspace VALUES ('2WV4-057', '2WV4-057', 2857, 29);
INSERT INTO workspacefeature VALUES ('2WV4-057', 1);
INSERT INTO workspacefeature VALUES ('2WV4-057', 3);
INSERT INTO workspace VALUES ('2WV4-058', '2WV4-058', 2858, 29);
INSERT INTO workspacefeature VALUES ('2WV4-058', 1);
INSERT INTO workspacefeature VALUES ('2WV4-058', 2);
INSERT INTO workspace VALUES ('2WV4-059', '2WV4-059', 2859, 29);
INSERT INTO workspacefeature VALUES ('2WV4-059', 1);
INSERT INTO workspace VALUES ('2WV4-060', '2WV4-060', 2860, 29);
INSERT INTO workspace VALUES ('2WV4-061', '2WV4-061', 2861, 29);
INSERT INTO workspacefeature VALUES ('2WV4-061', 1);
INSERT INTO workspace VALUES ('2WV4-062', '2WV4-062', 2862, 29);
INSERT INTO workspacefeature VALUES ('2WV4-062', 1);
INSERT INTO workspacefeature VALUES ('2WV4-062', 2);
INSERT INTO workspace VALUES ('2WV4-063', '2WV4-063', 2863, 29);
INSERT INTO workspacefeature VALUES ('2WV4-063', 1);
INSERT INTO workspacefeature VALUES ('2WV4-063', 3);
INSERT INTO workspace VALUES ('2WV4-064', '2WV4-064', 2864, 29);
INSERT INTO workspacefeature VALUES ('2WV4-064', 1);
INSERT INTO workspacefeature VALUES ('2WV4-064', 2);
INSERT INTO workspace VALUES ('2WV4-065', '2WV4-065', 2865, 29);
INSERT INTO workspacefeature VALUES ('2WV4-065', 1);
INSERT INTO workspace VALUES ('2WV4-066', '2WV4-066', 2866, 29);
INSERT INTO workspacefeature VALUES ('2WV4-066', 1);
INSERT INTO workspacefeature VALUES ('2WV4-066', 2);
INSERT INTO workspacefeature VALUES ('2WV4-066', 3);
INSERT INTO workspace VALUES ('2WV4-067', '2WV4-067', 2867, 29);
INSERT INTO workspacefeature VALUES ('2WV4-067', 1);
INSERT INTO workspace VALUES ('2WV4-068', '2WV4-068', 2868, 29);
INSERT INTO workspacefeature VALUES ('2WV4-068', 1);
INSERT INTO workspacefeature VALUES ('2WV4-068', 2);
INSERT INTO workspace VALUES ('2WV4-069', '2WV4-069', 2869, 29);
INSERT INTO workspacefeature VALUES ('2WV4-069', 1);
INSERT INTO workspacefeature VALUES ('2WV4-069', 3);
INSERT INTO workspace VALUES ('2WV4-070', '2WV4-070', 2870, 29);
INSERT INTO workspace VALUES ('2WV4-071', '2WV4-071', 2871, 29);
INSERT INTO workspacefeature VALUES ('2WV4-071', 1);
INSERT INTO workspace VALUES ('2WV4-072', '2WV4-072', 2872, 29);
INSERT INTO workspacefeature VALUES ('2WV4-072', 1);
INSERT INTO workspacefeature VALUES ('2WV4-072', 2);
INSERT INTO workspacefeature VALUES ('2WV4-072', 3);
INSERT INTO workspace VALUES ('2WV4-073', '2WV4-073', 2873, 29);
INSERT INTO workspacefeature VALUES ('2WV4-073', 1);
INSERT INTO workspace VALUES ('2WV4-074', '2WV4-074', 2874, 29);
INSERT INTO workspacefeature VALUES ('2WV4-074', 1);
INSERT INTO workspacefeature VALUES ('2WV4-074', 2);
INSERT INTO workspace VALUES ('2WV4-075', '2WV4-075', 2875, 29);
INSERT INTO workspacefeature VALUES ('2WV4-075', 1);
INSERT INTO workspacefeature VALUES ('2WV4-075', 3);
INSERT INTO workspace VALUES ('2WV4-076', '2WV4-076', 2876, 29);
INSERT INTO workspacefeature VALUES ('2WV4-076', 1);
INSERT INTO workspacefeature VALUES ('2WV4-076', 2);
INSERT INTO workspace VALUES ('2WV4-077', '2WV4-077', 2877, 29);
INSERT INTO workspacefeature VALUES ('2WV4-077', 1);
INSERT INTO workspace VALUES ('2WV4-078', '2WV4-078', 2878, 29);
INSERT INTO workspacefeature VALUES ('2WV4-078', 1);
INSERT INTO workspacefeature VALUES ('2WV4-078', 2);
INSERT INTO workspacefeature VALUES ('2WV4-078', 3);
INSERT INTO workspace VALUES ('2WV4-079', '2WV4-079', 2879, 29);
INSERT INTO workspacefeature VALUES ('2WV4-079', 1);
INSERT INTO workspace VALUES ('2WV4-080', '2WV4-080', 2880, 29);
INSERT INTO workspace VALUES ('2WV4-081', '2WV4-081', 2881, 29);
INSERT INTO workspacefeature VALUES ('2WV4-081', 1);
INSERT INTO workspacefeature VALUES ('2WV4-081', 3);
INSERT INTO workspace VALUES ('2WV4-082', '2WV4-082', 2882, 29);
INSERT INTO workspacefeature VALUES ('2WV4-082', 1);
INSERT INTO workspacefeature VALUES ('2WV4-082', 2);
INSERT INTO workspace VALUES ('2WV4-083', '2WV4-083', 2883, 29);
INSERT INTO workspacefeature VALUES ('2WV4-083', 1);
INSERT INTO workspace VALUES ('2WV4-084', '2WV4-084', 2884, 29);
INSERT INTO workspacefeature VALUES ('2WV4-084', 1);
INSERT INTO workspacefeature VALUES ('2WV4-084', 2);
INSERT INTO workspacefeature VALUES ('2WV4-084', 3);
INSERT INTO workspace VALUES ('2WV4-085', '2WV4-085', 2885, 29);
INSERT INTO workspacefeature VALUES ('2WV4-085', 1);
INSERT INTO workspace VALUES ('2WV4-086', '2WV4-086', 2886, 29);
INSERT INTO workspacefeature VALUES ('2WV4-086', 1);
INSERT INTO workspacefeature VALUES ('2WV4-086', 2);
INSERT INTO workspace VALUES ('2WV4-087', '2WV4-087', 2887, 29);
INSERT INTO workspacefeature VALUES ('2WV4-087', 1);
INSERT INTO workspacefeature VALUES ('2WV4-087', 3);
INSERT INTO workspace VALUES ('2WV4-088', '2WV4-088', 2888, 29);
INSERT INTO workspacefeature VALUES ('2WV4-088', 1);
INSERT INTO workspacefeature VALUES ('2WV4-088', 2);
INSERT INTO workspace VALUES ('2WV4-089', '2WV4-089', 2889, 29);
INSERT INTO workspacefeature VALUES ('2WV4-089', 1);
INSERT INTO workspace VALUES ('2WV4-090', '2WV4-090', 2890, 29);
INSERT INTO workspace VALUES ('2WV4-091', '2WV4-091', 2891, 29);
INSERT INTO workspacefeature VALUES ('2WV4-091', 1);
INSERT INTO workspace VALUES ('2WV4-092', '2WV4-092', 2892, 29);
INSERT INTO workspacefeature VALUES ('2WV4-092', 1);
INSERT INTO workspacefeature VALUES ('2WV4-092', 2);
INSERT INTO workspace VALUES ('2WV4-093', '2WV4-093', 2893, 29);
INSERT INTO workspacefeature VALUES ('2WV4-093', 1);
INSERT INTO workspacefeature VALUES ('2WV4-093', 3);
INSERT INTO workspace VALUES ('2WV4-094', '2WV4-094', 2894, 29);
INSERT INTO workspacefeature VALUES ('2WV4-094', 1);
INSERT INTO workspacefeature VALUES ('2WV4-094', 2);
INSERT INTO workspace VALUES ('2WV4-095', '2WV4-095', 2895, 29);
INSERT INTO workspacefeature VALUES ('2WV4-095', 1);
INSERT INTO workspace VALUES ('2WV4-096', '2WV4-096', 2896, 29);
INSERT INTO workspacefeature VALUES ('2WV4-096', 1);
INSERT INTO workspacefeature VALUES ('2WV4-096', 2);
INSERT INTO workspacefeature VALUES ('2WV4-096', 3);
INSERT INTO workspace VALUES ('2WV4-097', '2WV4-097', 2897, 29);
INSERT INTO workspacefeature VALUES ('2WV4-097', 1);
INSERT INTO workspace VALUES ('2WV4-098', '2WV4-098', 2898, 29);
INSERT INTO workspacefeature VALUES ('2WV4-098', 1);
INSERT INTO workspacefeature VALUES ('2WV4-098', 2);
INSERT INTO workspace VALUES ('2WV4-099', '2WV4-099', 2899, 29);
INSERT INTO workspacefeature VALUES ('2WV4-099', 1);
INSERT INTO workspacefeature VALUES ('2WV4-099', 3);
INSERT INTO workspace VALUES ('2WV4-100', '2WV4-100', 2900, 29);
INSERT INTO floor VALUES (30, 5, 'West Vancouver Building 2', 'West Vancouver', '2', NULL);
INSERT INTO workspace VALUES ('2WV5-001', '2WV5-001', 2901, 30);
INSERT INTO workspacefeature VALUES ('2WV5-001', 1);
INSERT INTO workspace VALUES ('2WV5-002', '2WV5-002', 2902, 30);
INSERT INTO workspacefeature VALUES ('2WV5-002', 1);
INSERT INTO workspacefeature VALUES ('2WV5-002', 2);
INSERT INTO workspace VALUES ('2WV5-003', '2WV5-003', 2903, 30);
INSERT INTO workspacefeature VALUES ('2WV5-003', 1);
INSERT INTO workspacefeature VALUES ('2WV5-003', 3);
INSERT INTO workspace VALUES ('2WV5-004', '2WV5-004', 2904, 30);
INSERT INTO workspacefeature VALUES ('2WV5-004', 1);
INSERT INTO workspacefeature VALUES ('2WV5-004', 2);
INSERT INTO workspace VALUES ('2WV5-005', '2WV5-005', 2905, 30);
INSERT INTO workspacefeature VALUES ('2WV5-005', 1);
INSERT INTO workspace VALUES ('2WV5-006', '2WV5-006', 2906, 30);
INSERT INTO workspacefeature VALUES ('2WV5-006', 1);
INSERT INTO workspacefeature VALUES ('2WV5-006', 2);
INSERT INTO workspacefeature VALUES ('2WV5-006', 3);
INSERT INTO workspace VALUES ('2WV5-007', '2WV5-007', 2907, 30);
INSERT INTO workspacefeature VALUES ('2WV5-007', 1);
INSERT INTO workspace VALUES ('2WV5-008', '2WV5-008', 2908, 30);
INSERT INTO workspacefeature VALUES ('2WV5-008', 1);
INSERT INTO workspacefeature VALUES ('2WV5-008', 2);
INSERT INTO workspace VALUES ('2WV5-009', '2WV5-009', 2909, 30);
INSERT INTO workspacefeature VALUES ('2WV5-009', 1);
INSERT INTO workspacefeature VALUES ('2WV5-009', 3);
INSERT INTO workspace VALUES ('2WV5-010', '2WV5-010', 2910, 30);
INSERT INTO workspace VALUES ('2WV5-011', '2WV5-011', 2911, 30);
INSERT INTO workspacefeature VALUES ('2WV5-011', 1);
INSERT INTO workspace VALUES ('2WV5-012', '2WV5-012', 2912, 30);
INSERT INTO workspacefeature VALUES ('2WV5-012', 1);
INSERT INTO workspacefeature VALUES ('2WV5-012', 2);
INSERT INTO workspacefeature VALUES ('2WV5-012', 3);
INSERT INTO workspace VALUES ('2WV5-013', '2WV5-013', 2913, 30);
INSERT INTO workspacefeature VALUES ('2WV5-013', 1);
INSERT INTO workspace VALUES ('2WV5-014', '2WV5-014', 2914, 30);
INSERT INTO workspacefeature VALUES ('2WV5-014', 1);
INSERT INTO workspacefeature VALUES ('2WV5-014', 2);
INSERT INTO workspace VALUES ('2WV5-015', '2WV5-015', 2915, 30);
INSERT INTO workspacefeature VALUES ('2WV5-015', 1);
INSERT INTO workspacefeature VALUES ('2WV5-015', 3);
INSERT INTO workspace VALUES ('2WV5-016', '2WV5-016', 2916, 30);
INSERT INTO workspacefeature VALUES ('2WV5-016', 1);
INSERT INTO workspacefeature VALUES ('2WV5-016', 2);
INSERT INTO workspace VALUES ('2WV5-017', '2WV5-017', 2917, 30);
INSERT INTO workspacefeature VALUES ('2WV5-017', 1);
INSERT INTO workspace VALUES ('2WV5-018', '2WV5-018', 2918, 30);
INSERT INTO workspacefeature VALUES ('2WV5-018', 1);
INSERT INTO workspacefeature VALUES ('2WV5-018', 2);
INSERT INTO workspacefeature VALUES ('2WV5-018', 3);
INSERT INTO workspace VALUES ('2WV5-019', '2WV5-019', 2919, 30);
INSERT INTO workspacefeature VALUES ('2WV5-019', 1);
INSERT INTO workspace VALUES ('2WV5-020', '2WV5-020', 2920, 30);
INSERT INTO workspace VALUES ('2WV5-021', '2WV5-021', 2921, 30);
INSERT INTO workspacefeature VALUES ('2WV5-021', 1);
INSERT INTO workspacefeature VALUES ('2WV5-021', 3);
INSERT INTO workspace VALUES ('2WV5-022', '2WV5-022', 2922, 30);
INSERT INTO workspacefeature VALUES ('2WV5-022', 1);
INSERT INTO workspacefeature VALUES ('2WV5-022', 2);
INSERT INTO workspace VALUES ('2WV5-023', '2WV5-023', 2923, 30);
INSERT INTO workspacefeature VALUES ('2WV5-023', 1);
INSERT INTO workspace VALUES ('2WV5-024', '2WV5-024', 2924, 30);
INSERT INTO workspacefeature VALUES ('2WV5-024', 1);
INSERT INTO workspacefeature VALUES ('2WV5-024', 2);
INSERT INTO workspacefeature VALUES ('2WV5-024', 3);
INSERT INTO workspace VALUES ('2WV5-025', '2WV5-025', 2925, 30);
INSERT INTO workspacefeature VALUES ('2WV5-025', 1);
INSERT INTO workspace VALUES ('2WV5-026', '2WV5-026', 2926, 30);
INSERT INTO workspacefeature VALUES ('2WV5-026', 1);
INSERT INTO workspacefeature VALUES ('2WV5-026', 2);
INSERT INTO workspace VALUES ('2WV5-027', '2WV5-027', 2927, 30);
INSERT INTO workspacefeature VALUES ('2WV5-027', 1);
INSERT INTO workspacefeature VALUES ('2WV5-027', 3);
INSERT INTO workspace VALUES ('2WV5-028', '2WV5-028', 2928, 30);
INSERT INTO workspacefeature VALUES ('2WV5-028', 1);
INSERT INTO workspacefeature VALUES ('2WV5-028', 2);
INSERT INTO workspace VALUES ('2WV5-029', '2WV5-029', 2929, 30);
INSERT INTO workspacefeature VALUES ('2WV5-029', 1);
INSERT INTO workspace VALUES ('2WV5-030', '2WV5-030', 2930, 30);
INSERT INTO workspace VALUES ('2WV5-031', '2WV5-031', 2931, 30);
INSERT INTO workspacefeature VALUES ('2WV5-031', 1);
INSERT INTO workspace VALUES ('2WV5-032', '2WV5-032', 2932, 30);
INSERT INTO workspacefeature VALUES ('2WV5-032', 1);
INSERT INTO workspacefeature VALUES ('2WV5-032', 2);
INSERT INTO workspace VALUES ('2WV5-033', '2WV5-033', 2933, 30);
INSERT INTO workspacefeature VALUES ('2WV5-033', 1);
INSERT INTO workspacefeature VALUES ('2WV5-033', 3);
INSERT INTO workspace VALUES ('2WV5-034', '2WV5-034', 2934, 30);
INSERT INTO workspacefeature VALUES ('2WV5-034', 1);
INSERT INTO workspacefeature VALUES ('2WV5-034', 2);
INSERT INTO workspace VALUES ('2WV5-035', '2WV5-035', 2935, 30);
INSERT INTO workspacefeature VALUES ('2WV5-035', 1);
INSERT INTO workspace VALUES ('2WV5-036', '2WV5-036', 2936, 30);
INSERT INTO workspacefeature VALUES ('2WV5-036', 1);
INSERT INTO workspacefeature VALUES ('2WV5-036', 2);
INSERT INTO workspacefeature VALUES ('2WV5-036', 3);
INSERT INTO workspace VALUES ('2WV5-037', '2WV5-037', 2937, 30);
INSERT INTO workspacefeature VALUES ('2WV5-037', 1);
INSERT INTO workspace VALUES ('2WV5-038', '2WV5-038', 2938, 30);
INSERT INTO workspacefeature VALUES ('2WV5-038', 1);
INSERT INTO workspacefeature VALUES ('2WV5-038', 2);
INSERT INTO workspace VALUES ('2WV5-039', '2WV5-039', 2939, 30);
INSERT INTO workspacefeature VALUES ('2WV5-039', 1);
INSERT INTO workspacefeature VALUES ('2WV5-039', 3);
INSERT INTO workspace VALUES ('2WV5-040', '2WV5-040', 2940, 30);
INSERT INTO workspace VALUES ('2WV5-041', '2WV5-041', 2941, 30);
INSERT INTO workspacefeature VALUES ('2WV5-041', 1);
INSERT INTO workspace VALUES ('2WV5-042', '2WV5-042', 2942, 30);
INSERT INTO workspacefeature VALUES ('2WV5-042', 1);
INSERT INTO workspacefeature VALUES ('2WV5-042', 2);
INSERT INTO workspacefeature VALUES ('2WV5-042', 3);
INSERT INTO workspace VALUES ('2WV5-043', '2WV5-043', 2943, 30);
INSERT INTO workspacefeature VALUES ('2WV5-043', 1);
INSERT INTO workspace VALUES ('2WV5-044', '2WV5-044', 2944, 30);
INSERT INTO workspacefeature VALUES ('2WV5-044', 1);
INSERT INTO workspacefeature VALUES ('2WV5-044', 2);
INSERT INTO workspace VALUES ('2WV5-045', '2WV5-045', 2945, 30);
INSERT INTO workspacefeature VALUES ('2WV5-045', 1);
INSERT INTO workspacefeature VALUES ('2WV5-045', 3);
INSERT INTO workspace VALUES ('2WV5-046', '2WV5-046', 2946, 30);
INSERT INTO workspacefeature VALUES ('2WV5-046', 1);
INSERT INTO workspacefeature VALUES ('2WV5-046', 2);
INSERT INTO workspace VALUES ('2WV5-047', '2WV5-047', 2947, 30);
INSERT INTO workspacefeature VALUES ('2WV5-047', 1);
INSERT INTO workspace VALUES ('2WV5-048', '2WV5-048', 2948, 30);
INSERT INTO workspacefeature VALUES ('2WV5-048', 1);
INSERT INTO workspacefeature VALUES ('2WV5-048', 2);
INSERT INTO workspacefeature VALUES ('2WV5-048', 3);
INSERT INTO workspace VALUES ('2WV5-049', '2WV5-049', 2949, 30);
INSERT INTO workspacefeature VALUES ('2WV5-049', 1);
INSERT INTO workspace VALUES ('2WV5-050', '2WV5-050', 2950, 30);
INSERT INTO workspace VALUES ('2WV5-051', '2WV5-051', 2951, 30);
INSERT INTO workspacefeature VALUES ('2WV5-051', 1);
INSERT INTO workspacefeature VALUES ('2WV5-051', 3);
INSERT INTO workspace VALUES ('2WV5-052', '2WV5-052', 2952, 30);
INSERT INTO workspacefeature VALUES ('2WV5-052', 1);
INSERT INTO workspacefeature VALUES ('2WV5-052', 2);
INSERT INTO workspace VALUES ('2WV5-053', '2WV5-053', 2953, 30);
INSERT INTO workspacefeature VALUES ('2WV5-053', 1);
INSERT INTO workspace VALUES ('2WV5-054', '2WV5-054', 2954, 30);
INSERT INTO workspacefeature VALUES ('2WV5-054', 1);
INSERT INTO workspacefeature VALUES ('2WV5-054', 2);
INSERT INTO workspacefeature VALUES ('2WV5-054', 3);
INSERT INTO workspace VALUES ('2WV5-055', '2WV5-055', 2955, 30);
INSERT INTO workspacefeature VALUES ('2WV5-055', 1);
INSERT INTO workspace VALUES ('2WV5-056', '2WV5-056', 2956, 30);
INSERT INTO workspacefeature VALUES ('2WV5-056', 1);
INSERT INTO workspacefeature VALUES ('2WV5-056', 2);
INSERT INTO workspace VALUES ('2WV5-057', '2WV5-057', 2957, 30);
INSERT INTO workspacefeature VALUES ('2WV5-057', 1);
INSERT INTO workspacefeature VALUES ('2WV5-057', 3);
INSERT INTO workspace VALUES ('2WV5-058', '2WV5-058', 2958, 30);
INSERT INTO workspacefeature VALUES ('2WV5-058', 1);
INSERT INTO workspacefeature VALUES ('2WV5-058', 2);
INSERT INTO workspace VALUES ('2WV5-059', '2WV5-059', 2959, 30);
INSERT INTO workspacefeature VALUES ('2WV5-059', 1);
INSERT INTO workspace VALUES ('2WV5-060', '2WV5-060', 2960, 30);
INSERT INTO workspace VALUES ('2WV5-061', '2WV5-061', 2961, 30);
INSERT INTO workspacefeature VALUES ('2WV5-061', 1);
INSERT INTO workspace VALUES ('2WV5-062', '2WV5-062', 2962, 30);
INSERT INTO workspacefeature VALUES ('2WV5-062', 1);
INSERT INTO workspacefeature VALUES ('2WV5-062', 2);
INSERT INTO workspace VALUES ('2WV5-063', '2WV5-063', 2963, 30);
INSERT INTO workspacefeature VALUES ('2WV5-063', 1);
INSERT INTO workspacefeature VALUES ('2WV5-063', 3);
INSERT INTO workspace VALUES ('2WV5-064', '2WV5-064', 2964, 30);
INSERT INTO workspacefeature VALUES ('2WV5-064', 1);
INSERT INTO workspacefeature VALUES ('2WV5-064', 2);
INSERT INTO workspace VALUES ('2WV5-065', '2WV5-065', 2965, 30);
INSERT INTO workspacefeature VALUES ('2WV5-065', 1);
INSERT INTO workspace VALUES ('2WV5-066', '2WV5-066', 2966, 30);
INSERT INTO workspacefeature VALUES ('2WV5-066', 1);
INSERT INTO workspacefeature VALUES ('2WV5-066', 2);
INSERT INTO workspacefeature VALUES ('2WV5-066', 3);
INSERT INTO workspace VALUES ('2WV5-067', '2WV5-067', 2967, 30);
INSERT INTO workspacefeature VALUES ('2WV5-067', 1);
INSERT INTO workspace VALUES ('2WV5-068', '2WV5-068', 2968, 30);
INSERT INTO workspacefeature VALUES ('2WV5-068', 1);
INSERT INTO workspacefeature VALUES ('2WV5-068', 2);
INSERT INTO workspace VALUES ('2WV5-069', '2WV5-069', 2969, 30);
INSERT INTO workspacefeature VALUES ('2WV5-069', 1);
INSERT INTO workspacefeature VALUES ('2WV5-069', 3);
INSERT INTO workspace VALUES ('2WV5-070', '2WV5-070', 2970, 30);
INSERT INTO workspace VALUES ('2WV5-071', '2WV5-071', 2971, 30);
INSERT INTO workspacefeature VALUES ('2WV5-071', 1);
INSERT INTO workspace VALUES ('2WV5-072', '2WV5-072', 2972, 30);
INSERT INTO workspacefeature VALUES ('2WV5-072', 1);
INSERT INTO workspacefeature VALUES ('2WV5-072', 2);
INSERT INTO workspacefeature VALUES ('2WV5-072', 3);
INSERT INTO workspace VALUES ('2WV5-073', '2WV5-073', 2973, 30);
INSERT INTO workspacefeature VALUES ('2WV5-073', 1);
INSERT INTO workspace VALUES ('2WV5-074', '2WV5-074', 2974, 30);
INSERT INTO workspacefeature VALUES ('2WV5-074', 1);
INSERT INTO workspacefeature VALUES ('2WV5-074', 2);
INSERT INTO workspace VALUES ('2WV5-075', '2WV5-075', 2975, 30);
INSERT INTO workspacefeature VALUES ('2WV5-075', 1);
INSERT INTO workspacefeature VALUES ('2WV5-075', 3);
INSERT INTO workspace VALUES ('2WV5-076', '2WV5-076', 2976, 30);
INSERT INTO workspacefeature VALUES ('2WV5-076', 1);
INSERT INTO workspacefeature VALUES ('2WV5-076', 2);
INSERT INTO workspace VALUES ('2WV5-077', '2WV5-077', 2977, 30);
INSERT INTO workspacefeature VALUES ('2WV5-077', 1);
INSERT INTO workspace VALUES ('2WV5-078', '2WV5-078', 2978, 30);
INSERT INTO workspacefeature VALUES ('2WV5-078', 1);
INSERT INTO workspacefeature VALUES ('2WV5-078', 2);
INSERT INTO workspacefeature VALUES ('2WV5-078', 3);
INSERT INTO workspace VALUES ('2WV5-079', '2WV5-079', 2979, 30);
INSERT INTO workspacefeature VALUES ('2WV5-079', 1);
INSERT INTO workspace VALUES ('2WV5-080', '2WV5-080', 2980, 30);
INSERT INTO workspace VALUES ('2WV5-081', '2WV5-081', 2981, 30);
INSERT INTO workspacefeature VALUES ('2WV5-081', 1);
INSERT INTO workspacefeature VALUES ('2WV5-081', 3);
INSERT INTO workspace VALUES ('2WV5-082', '2WV5-082', 2982, 30);
INSERT INTO workspacefeature VALUES ('2WV5-082', 1);
INSERT INTO workspacefeature VALUES ('2WV5-082', 2);
INSERT INTO workspace VALUES ('2WV5-083', '2WV5-083', 2983, 30);
INSERT INTO workspacefeature VALUES ('2WV5-083', 1);
INSERT INTO workspace VALUES ('2WV5-084', '2WV5-084', 2984, 30);
INSERT INTO workspacefeature VALUES ('2WV5-084', 1);
INSERT INTO workspacefeature VALUES ('2WV5-084', 2);
INSERT INTO workspacefeature VALUES ('2WV5-084', 3);
INSERT INTO workspace VALUES ('2WV5-085', '2WV5-085', 2985, 30);
INSERT INTO workspacefeature VALUES ('2WV5-085', 1);
INSERT INTO workspace VALUES ('2WV5-086', '2WV5-086', 2986, 30);
INSERT INTO workspacefeature VALUES ('2WV5-086', 1);
INSERT INTO workspacefeature VALUES ('2WV5-086', 2);
INSERT INTO workspace VALUES ('2WV5-087', '2WV5-087', 2987, 30);
INSERT INTO workspacefeature VALUES ('2WV5-087', 1);
INSERT INTO workspacefeature VALUES ('2WV5-087', 3);
INSERT INTO workspace VALUES ('2WV5-088', '2WV5-088', 2988, 30);
INSERT INTO workspacefeature VALUES ('2WV5-088', 1);
INSERT INTO workspacefeature VALUES ('2WV5-088', 2);
INSERT INTO workspace VALUES ('2WV5-089', '2WV5-089', 2989, 30);
INSERT INTO workspacefeature VALUES ('2WV5-089', 1);
INSERT INTO workspace VALUES ('2WV5-090', '2WV5-090', 2990, 30);
INSERT INTO workspace VALUES ('2WV5-091', '2WV5-091', 2991, 30);
INSERT INTO workspacefeature VALUES ('2WV5-091', 1);
INSERT INTO workspace VALUES ('2WV5-092', '2WV5-092', 2992, 30);
INSERT INTO workspacefeature VALUES ('2WV5-092', 1);
INSERT INTO workspacefeature VALUES ('2WV5-092', 2);
INSERT INTO workspace VALUES ('2WV5-093', '2WV5-093', 2993, 30);
INSERT INTO workspacefeature VALUES ('2WV5-093', 1);
INSERT INTO workspacefeature VALUES ('2WV5-093', 3);
INSERT INTO workspace VALUES ('2WV5-094', '2WV5-094', 2994, 30);
INSERT INTO workspacefeature VALUES ('2WV5-094', 1);
INSERT INTO workspacefeature VALUES ('2WV5-094', 2);
INSERT INTO workspace VALUES ('2WV5-095', '2WV5-095', 2995, 30);
INSERT INTO workspacefeature VALUES ('2WV5-095', 1);
INSERT INTO workspace VALUES ('2WV5-096', '2WV5-096', 2996, 30);
INSERT INTO workspacefeature VALUES ('2WV5-096', 1);
INSERT INTO workspacefeature VALUES ('2WV5-096', 2);
INSERT INTO workspacefeature VALUES ('2WV5-096', 3);
INSERT INTO workspace VALUES ('2WV5-097', '2WV5-097', 2997, 30);
INSERT INTO workspacefeature VALUES ('2WV5-097', 1);
INSERT INTO workspace VALUES ('2WV5-098', '2WV5-098', 2998, 30);
INSERT INTO workspacefeature VALUES ('2WV5-098', 1);
INSERT INTO workspacefeature VALUES ('2WV5-098', 2);
INSERT INTO workspace VALUES ('2WV5-099', '2WV5-099', 2999, 30);
INSERT INTO workspacefeature VALUES ('2WV5-099', 1);
INSERT INTO workspacefeature VALUES ('2WV5-099', 3);
INSERT INTO workspace VALUES ('2WV5-100', '2WV5-100', 3000, 30);
INSERT INTO floor VALUES (31, 1, 'Surrey Building 1', 'Surrey', '1', NULL);
INSERT INTO workspace VALUES ('1S1-001', '1S1-001', 3001, 31);
INSERT INTO workspacefeature VALUES ('1S1-001', 1);
INSERT INTO workspace VALUES ('1S1-002', '1S1-002', 3002, 31);
INSERT INTO workspacefeature VALUES ('1S1-002', 1);
INSERT INTO workspacefeature VALUES ('1S1-002', 2);
INSERT INTO workspace VALUES ('1S1-003', '1S1-003', 3003, 31);
INSERT INTO workspacefeature VALUES ('1S1-003', 1);
INSERT INTO workspacefeature VALUES ('1S1-003', 3);
INSERT INTO workspace VALUES ('1S1-004', '1S1-004', 3004, 31);
INSERT INTO workspacefeature VALUES ('1S1-004', 1);
INSERT INTO workspacefeature VALUES ('1S1-004', 2);
INSERT INTO workspace VALUES ('1S1-005', '1S1-005', 3005, 31);
INSERT INTO workspacefeature VALUES ('1S1-005', 1);
INSERT INTO workspace VALUES ('1S1-006', '1S1-006', 3006, 31);
INSERT INTO workspacefeature VALUES ('1S1-006', 1);
INSERT INTO workspacefeature VALUES ('1S1-006', 2);
INSERT INTO workspacefeature VALUES ('1S1-006', 3);
INSERT INTO workspace VALUES ('1S1-007', '1S1-007', 3007, 31);
INSERT INTO workspacefeature VALUES ('1S1-007', 1);
INSERT INTO workspace VALUES ('1S1-008', '1S1-008', 3008, 31);
INSERT INTO workspacefeature VALUES ('1S1-008', 1);
INSERT INTO workspacefeature VALUES ('1S1-008', 2);
INSERT INTO workspace VALUES ('1S1-009', '1S1-009', 3009, 31);
INSERT INTO workspacefeature VALUES ('1S1-009', 1);
INSERT INTO workspacefeature VALUES ('1S1-009', 3);
INSERT INTO workspace VALUES ('1S1-010', '1S1-010', 3010, 31);
INSERT INTO workspace VALUES ('1S1-011', '1S1-011', 3011, 31);
INSERT INTO workspacefeature VALUES ('1S1-011', 1);
INSERT INTO workspace VALUES ('1S1-012', '1S1-012', 3012, 31);
INSERT INTO workspacefeature VALUES ('1S1-012', 1);
INSERT INTO workspacefeature VALUES ('1S1-012', 2);
INSERT INTO workspacefeature VALUES ('1S1-012', 3);
INSERT INTO workspace VALUES ('1S1-013', '1S1-013', 3013, 31);
INSERT INTO workspacefeature VALUES ('1S1-013', 1);
INSERT INTO workspace VALUES ('1S1-014', '1S1-014', 3014, 31);
INSERT INTO workspacefeature VALUES ('1S1-014', 1);
INSERT INTO workspacefeature VALUES ('1S1-014', 2);
INSERT INTO workspace VALUES ('1S1-015', '1S1-015', 3015, 31);
INSERT INTO workspacefeature VALUES ('1S1-015', 1);
INSERT INTO workspacefeature VALUES ('1S1-015', 3);
INSERT INTO workspace VALUES ('1S1-016', '1S1-016', 3016, 31);
INSERT INTO workspacefeature VALUES ('1S1-016', 1);
INSERT INTO workspacefeature VALUES ('1S1-016', 2);
INSERT INTO workspace VALUES ('1S1-017', '1S1-017', 3017, 31);
INSERT INTO workspacefeature VALUES ('1S1-017', 1);
INSERT INTO workspace VALUES ('1S1-018', '1S1-018', 3018, 31);
INSERT INTO workspacefeature VALUES ('1S1-018', 1);
INSERT INTO workspacefeature VALUES ('1S1-018', 2);
INSERT INTO workspacefeature VALUES ('1S1-018', 3);
INSERT INTO workspace VALUES ('1S1-019', '1S1-019', 3019, 31);
INSERT INTO workspacefeature VALUES ('1S1-019', 1);
INSERT INTO workspace VALUES ('1S1-020', '1S1-020', 3020, 31);
INSERT INTO workspace VALUES ('1S1-021', '1S1-021', 3021, 31);
INSERT INTO workspacefeature VALUES ('1S1-021', 1);
INSERT INTO workspacefeature VALUES ('1S1-021', 3);
INSERT INTO workspace VALUES ('1S1-022', '1S1-022', 3022, 31);
INSERT INTO workspacefeature VALUES ('1S1-022', 1);
INSERT INTO workspacefeature VALUES ('1S1-022', 2);
INSERT INTO workspace VALUES ('1S1-023', '1S1-023', 3023, 31);
INSERT INTO workspacefeature VALUES ('1S1-023', 1);
INSERT INTO workspace VALUES ('1S1-024', '1S1-024', 3024, 31);
INSERT INTO workspacefeature VALUES ('1S1-024', 1);
INSERT INTO workspacefeature VALUES ('1S1-024', 2);
INSERT INTO workspacefeature VALUES ('1S1-024', 3);
INSERT INTO workspace VALUES ('1S1-025', '1S1-025', 3025, 31);
INSERT INTO workspacefeature VALUES ('1S1-025', 1);
INSERT INTO workspace VALUES ('1S1-026', '1S1-026', 3026, 31);
INSERT INTO workspacefeature VALUES ('1S1-026', 1);
INSERT INTO workspacefeature VALUES ('1S1-026', 2);
INSERT INTO workspace VALUES ('1S1-027', '1S1-027', 3027, 31);
INSERT INTO workspacefeature VALUES ('1S1-027', 1);
INSERT INTO workspacefeature VALUES ('1S1-027', 3);
INSERT INTO workspace VALUES ('1S1-028', '1S1-028', 3028, 31);
INSERT INTO workspacefeature VALUES ('1S1-028', 1);
INSERT INTO workspacefeature VALUES ('1S1-028', 2);
INSERT INTO workspace VALUES ('1S1-029', '1S1-029', 3029, 31);
INSERT INTO workspacefeature VALUES ('1S1-029', 1);
INSERT INTO workspace VALUES ('1S1-030', '1S1-030', 3030, 31);
INSERT INTO workspace VALUES ('1S1-031', '1S1-031', 3031, 31);
INSERT INTO workspacefeature VALUES ('1S1-031', 1);
INSERT INTO workspace VALUES ('1S1-032', '1S1-032', 3032, 31);
INSERT INTO workspacefeature VALUES ('1S1-032', 1);
INSERT INTO workspacefeature VALUES ('1S1-032', 2);
INSERT INTO workspace VALUES ('1S1-033', '1S1-033', 3033, 31);
INSERT INTO workspacefeature VALUES ('1S1-033', 1);
INSERT INTO workspacefeature VALUES ('1S1-033', 3);
INSERT INTO workspace VALUES ('1S1-034', '1S1-034', 3034, 31);
INSERT INTO workspacefeature VALUES ('1S1-034', 1);
INSERT INTO workspacefeature VALUES ('1S1-034', 2);
INSERT INTO workspace VALUES ('1S1-035', '1S1-035', 3035, 31);
INSERT INTO workspacefeature VALUES ('1S1-035', 1);
INSERT INTO workspace VALUES ('1S1-036', '1S1-036', 3036, 31);
INSERT INTO workspacefeature VALUES ('1S1-036', 1);
INSERT INTO workspacefeature VALUES ('1S1-036', 2);
INSERT INTO workspacefeature VALUES ('1S1-036', 3);
INSERT INTO workspace VALUES ('1S1-037', '1S1-037', 3037, 31);
INSERT INTO workspacefeature VALUES ('1S1-037', 1);
INSERT INTO workspace VALUES ('1S1-038', '1S1-038', 3038, 31);
INSERT INTO workspacefeature VALUES ('1S1-038', 1);
INSERT INTO workspacefeature VALUES ('1S1-038', 2);
INSERT INTO workspace VALUES ('1S1-039', '1S1-039', 3039, 31);
INSERT INTO workspacefeature VALUES ('1S1-039', 1);
INSERT INTO workspacefeature VALUES ('1S1-039', 3);
INSERT INTO workspace VALUES ('1S1-040', '1S1-040', 3040, 31);
INSERT INTO workspace VALUES ('1S1-041', '1S1-041', 3041, 31);
INSERT INTO workspacefeature VALUES ('1S1-041', 1);
INSERT INTO workspace VALUES ('1S1-042', '1S1-042', 3042, 31);
INSERT INTO workspacefeature VALUES ('1S1-042', 1);
INSERT INTO workspacefeature VALUES ('1S1-042', 2);
INSERT INTO workspacefeature VALUES ('1S1-042', 3);
INSERT INTO workspace VALUES ('1S1-043', '1S1-043', 3043, 31);
INSERT INTO workspacefeature VALUES ('1S1-043', 1);
INSERT INTO workspace VALUES ('1S1-044', '1S1-044', 3044, 31);
INSERT INTO workspacefeature VALUES ('1S1-044', 1);
INSERT INTO workspacefeature VALUES ('1S1-044', 2);
INSERT INTO workspace VALUES ('1S1-045', '1S1-045', 3045, 31);
INSERT INTO workspacefeature VALUES ('1S1-045', 1);
INSERT INTO workspacefeature VALUES ('1S1-045', 3);
INSERT INTO workspace VALUES ('1S1-046', '1S1-046', 3046, 31);
INSERT INTO workspacefeature VALUES ('1S1-046', 1);
INSERT INTO workspacefeature VALUES ('1S1-046', 2);
INSERT INTO workspace VALUES ('1S1-047', '1S1-047', 3047, 31);
INSERT INTO workspacefeature VALUES ('1S1-047', 1);
INSERT INTO workspace VALUES ('1S1-048', '1S1-048', 3048, 31);
INSERT INTO workspacefeature VALUES ('1S1-048', 1);
INSERT INTO workspacefeature VALUES ('1S1-048', 2);
INSERT INTO workspacefeature VALUES ('1S1-048', 3);
INSERT INTO workspace VALUES ('1S1-049', '1S1-049', 3049, 31);
INSERT INTO workspacefeature VALUES ('1S1-049', 1);
INSERT INTO workspace VALUES ('1S1-050', '1S1-050', 3050, 31);
INSERT INTO workspace VALUES ('1S1-051', '1S1-051', 3051, 31);
INSERT INTO workspacefeature VALUES ('1S1-051', 1);
INSERT INTO workspacefeature VALUES ('1S1-051', 3);
INSERT INTO workspace VALUES ('1S1-052', '1S1-052', 3052, 31);
INSERT INTO workspacefeature VALUES ('1S1-052', 1);
INSERT INTO workspacefeature VALUES ('1S1-052', 2);
INSERT INTO workspace VALUES ('1S1-053', '1S1-053', 3053, 31);
INSERT INTO workspacefeature VALUES ('1S1-053', 1);
INSERT INTO workspace VALUES ('1S1-054', '1S1-054', 3054, 31);
INSERT INTO workspacefeature VALUES ('1S1-054', 1);
INSERT INTO workspacefeature VALUES ('1S1-054', 2);
INSERT INTO workspacefeature VALUES ('1S1-054', 3);
INSERT INTO workspace VALUES ('1S1-055', '1S1-055', 3055, 31);
INSERT INTO workspacefeature VALUES ('1S1-055', 1);
INSERT INTO workspace VALUES ('1S1-056', '1S1-056', 3056, 31);
INSERT INTO workspacefeature VALUES ('1S1-056', 1);
INSERT INTO workspacefeature VALUES ('1S1-056', 2);
INSERT INTO workspace VALUES ('1S1-057', '1S1-057', 3057, 31);
INSERT INTO workspacefeature VALUES ('1S1-057', 1);
INSERT INTO workspacefeature VALUES ('1S1-057', 3);
INSERT INTO workspace VALUES ('1S1-058', '1S1-058', 3058, 31);
INSERT INTO workspacefeature VALUES ('1S1-058', 1);
INSERT INTO workspacefeature VALUES ('1S1-058', 2);
INSERT INTO workspace VALUES ('1S1-059', '1S1-059', 3059, 31);
INSERT INTO workspacefeature VALUES ('1S1-059', 1);
INSERT INTO workspace VALUES ('1S1-060', '1S1-060', 3060, 31);
INSERT INTO workspace VALUES ('1S1-061', '1S1-061', 3061, 31);
INSERT INTO workspacefeature VALUES ('1S1-061', 1);
INSERT INTO workspace VALUES ('1S1-062', '1S1-062', 3062, 31);
INSERT INTO workspacefeature VALUES ('1S1-062', 1);
INSERT INTO workspacefeature VALUES ('1S1-062', 2);
INSERT INTO workspace VALUES ('1S1-063', '1S1-063', 3063, 31);
INSERT INTO workspacefeature VALUES ('1S1-063', 1);
INSERT INTO workspacefeature VALUES ('1S1-063', 3);
INSERT INTO workspace VALUES ('1S1-064', '1S1-064', 3064, 31);
INSERT INTO workspacefeature VALUES ('1S1-064', 1);
INSERT INTO workspacefeature VALUES ('1S1-064', 2);
INSERT INTO workspace VALUES ('1S1-065', '1S1-065', 3065, 31);
INSERT INTO workspacefeature VALUES ('1S1-065', 1);
INSERT INTO workspace VALUES ('1S1-066', '1S1-066', 3066, 31);
INSERT INTO workspacefeature VALUES ('1S1-066', 1);
INSERT INTO workspacefeature VALUES ('1S1-066', 2);
INSERT INTO workspacefeature VALUES ('1S1-066', 3);
INSERT INTO workspace VALUES ('1S1-067', '1S1-067', 3067, 31);
INSERT INTO workspacefeature VALUES ('1S1-067', 1);
INSERT INTO workspace VALUES ('1S1-068', '1S1-068', 3068, 31);
INSERT INTO workspacefeature VALUES ('1S1-068', 1);
INSERT INTO workspacefeature VALUES ('1S1-068', 2);
INSERT INTO workspace VALUES ('1S1-069', '1S1-069', 3069, 31);
INSERT INTO workspacefeature VALUES ('1S1-069', 1);
INSERT INTO workspacefeature VALUES ('1S1-069', 3);
INSERT INTO workspace VALUES ('1S1-070', '1S1-070', 3070, 31);
INSERT INTO workspace VALUES ('1S1-071', '1S1-071', 3071, 31);
INSERT INTO workspacefeature VALUES ('1S1-071', 1);
INSERT INTO workspace VALUES ('1S1-072', '1S1-072', 3072, 31);
INSERT INTO workspacefeature VALUES ('1S1-072', 1);
INSERT INTO workspacefeature VALUES ('1S1-072', 2);
INSERT INTO workspacefeature VALUES ('1S1-072', 3);
INSERT INTO workspace VALUES ('1S1-073', '1S1-073', 3073, 31);
INSERT INTO workspacefeature VALUES ('1S1-073', 1);
INSERT INTO workspace VALUES ('1S1-074', '1S1-074', 3074, 31);
INSERT INTO workspacefeature VALUES ('1S1-074', 1);
INSERT INTO workspacefeature VALUES ('1S1-074', 2);
INSERT INTO workspace VALUES ('1S1-075', '1S1-075', 3075, 31);
INSERT INTO workspacefeature VALUES ('1S1-075', 1);
INSERT INTO workspacefeature VALUES ('1S1-075', 3);
INSERT INTO workspace VALUES ('1S1-076', '1S1-076', 3076, 31);
INSERT INTO workspacefeature VALUES ('1S1-076', 1);
INSERT INTO workspacefeature VALUES ('1S1-076', 2);
INSERT INTO workspace VALUES ('1S1-077', '1S1-077', 3077, 31);
INSERT INTO workspacefeature VALUES ('1S1-077', 1);
INSERT INTO workspace VALUES ('1S1-078', '1S1-078', 3078, 31);
INSERT INTO workspacefeature VALUES ('1S1-078', 1);
INSERT INTO workspacefeature VALUES ('1S1-078', 2);
INSERT INTO workspacefeature VALUES ('1S1-078', 3);
INSERT INTO workspace VALUES ('1S1-079', '1S1-079', 3079, 31);
INSERT INTO workspacefeature VALUES ('1S1-079', 1);
INSERT INTO workspace VALUES ('1S1-080', '1S1-080', 3080, 31);
INSERT INTO workspace VALUES ('1S1-081', '1S1-081', 3081, 31);
INSERT INTO workspacefeature VALUES ('1S1-081', 1);
INSERT INTO workspacefeature VALUES ('1S1-081', 3);
INSERT INTO workspace VALUES ('1S1-082', '1S1-082', 3082, 31);
INSERT INTO workspacefeature VALUES ('1S1-082', 1);
INSERT INTO workspacefeature VALUES ('1S1-082', 2);
INSERT INTO workspace VALUES ('1S1-083', '1S1-083', 3083, 31);
INSERT INTO workspacefeature VALUES ('1S1-083', 1);
INSERT INTO workspace VALUES ('1S1-084', '1S1-084', 3084, 31);
INSERT INTO workspacefeature VALUES ('1S1-084', 1);
INSERT INTO workspacefeature VALUES ('1S1-084', 2);
INSERT INTO workspacefeature VALUES ('1S1-084', 3);
INSERT INTO workspace VALUES ('1S1-085', '1S1-085', 3085, 31);
INSERT INTO workspacefeature VALUES ('1S1-085', 1);
INSERT INTO workspace VALUES ('1S1-086', '1S1-086', 3086, 31);
INSERT INTO workspacefeature VALUES ('1S1-086', 1);
INSERT INTO workspacefeature VALUES ('1S1-086', 2);
INSERT INTO workspace VALUES ('1S1-087', '1S1-087', 3087, 31);
INSERT INTO workspacefeature VALUES ('1S1-087', 1);
INSERT INTO workspacefeature VALUES ('1S1-087', 3);
INSERT INTO workspace VALUES ('1S1-088', '1S1-088', 3088, 31);
INSERT INTO workspacefeature VALUES ('1S1-088', 1);
INSERT INTO workspacefeature VALUES ('1S1-088', 2);
INSERT INTO workspace VALUES ('1S1-089', '1S1-089', 3089, 31);
INSERT INTO workspacefeature VALUES ('1S1-089', 1);
INSERT INTO workspace VALUES ('1S1-090', '1S1-090', 3090, 31);
INSERT INTO workspace VALUES ('1S1-091', '1S1-091', 3091, 31);
INSERT INTO workspacefeature VALUES ('1S1-091', 1);
INSERT INTO workspace VALUES ('1S1-092', '1S1-092', 3092, 31);
INSERT INTO workspacefeature VALUES ('1S1-092', 1);
INSERT INTO workspacefeature VALUES ('1S1-092', 2);
INSERT INTO workspace VALUES ('1S1-093', '1S1-093', 3093, 31);
INSERT INTO workspacefeature VALUES ('1S1-093', 1);
INSERT INTO workspacefeature VALUES ('1S1-093', 3);
INSERT INTO workspace VALUES ('1S1-094', '1S1-094', 3094, 31);
INSERT INTO workspacefeature VALUES ('1S1-094', 1);
INSERT INTO workspacefeature VALUES ('1S1-094', 2);
INSERT INTO workspace VALUES ('1S1-095', '1S1-095', 3095, 31);
INSERT INTO workspacefeature VALUES ('1S1-095', 1);
INSERT INTO workspace VALUES ('1S1-096', '1S1-096', 3096, 31);
INSERT INTO workspacefeature VALUES ('1S1-096', 1);
INSERT INTO workspacefeature VALUES ('1S1-096', 2);
INSERT INTO workspacefeature VALUES ('1S1-096', 3);
INSERT INTO workspace VALUES ('1S1-097', '1S1-097', 3097, 31);
INSERT INTO workspacefeature VALUES ('1S1-097', 1);
INSERT INTO workspace VALUES ('1S1-098', '1S1-098', 3098, 31);
INSERT INTO workspacefeature VALUES ('1S1-098', 1);
INSERT INTO workspacefeature VALUES ('1S1-098', 2);
INSERT INTO workspace VALUES ('1S1-099', '1S1-099', 3099, 31);
INSERT INTO workspacefeature VALUES ('1S1-099', 1);
INSERT INTO workspacefeature VALUES ('1S1-099', 3);
INSERT INTO workspace VALUES ('1S1-100', '1S1-100', 3100, 31);
INSERT INTO floor VALUES (32, 2, 'Surrey Building 1', 'Surrey', '1', NULL);
INSERT INTO workspace VALUES ('1S2-001', '1S2-001', 3101, 32);
INSERT INTO workspacefeature VALUES ('1S2-001', 1);
INSERT INTO workspace VALUES ('1S2-002', '1S2-002', 3102, 32);
INSERT INTO workspacefeature VALUES ('1S2-002', 1);
INSERT INTO workspacefeature VALUES ('1S2-002', 2);
INSERT INTO workspace VALUES ('1S2-003', '1S2-003', 3103, 32);
INSERT INTO workspacefeature VALUES ('1S2-003', 1);
INSERT INTO workspacefeature VALUES ('1S2-003', 3);
INSERT INTO workspace VALUES ('1S2-004', '1S2-004', 3104, 32);
INSERT INTO workspacefeature VALUES ('1S2-004', 1);
INSERT INTO workspacefeature VALUES ('1S2-004', 2);
INSERT INTO workspace VALUES ('1S2-005', '1S2-005', 3105, 32);
INSERT INTO workspacefeature VALUES ('1S2-005', 1);
INSERT INTO workspace VALUES ('1S2-006', '1S2-006', 3106, 32);
INSERT INTO workspacefeature VALUES ('1S2-006', 1);
INSERT INTO workspacefeature VALUES ('1S2-006', 2);
INSERT INTO workspacefeature VALUES ('1S2-006', 3);
INSERT INTO workspace VALUES ('1S2-007', '1S2-007', 3107, 32);
INSERT INTO workspacefeature VALUES ('1S2-007', 1);
INSERT INTO workspace VALUES ('1S2-008', '1S2-008', 3108, 32);
INSERT INTO workspacefeature VALUES ('1S2-008', 1);
INSERT INTO workspacefeature VALUES ('1S2-008', 2);
INSERT INTO workspace VALUES ('1S2-009', '1S2-009', 3109, 32);
INSERT INTO workspacefeature VALUES ('1S2-009', 1);
INSERT INTO workspacefeature VALUES ('1S2-009', 3);
INSERT INTO workspace VALUES ('1S2-010', '1S2-010', 3110, 32);
INSERT INTO workspace VALUES ('1S2-011', '1S2-011', 3111, 32);
INSERT INTO workspacefeature VALUES ('1S2-011', 1);
INSERT INTO workspace VALUES ('1S2-012', '1S2-012', 3112, 32);
INSERT INTO workspacefeature VALUES ('1S2-012', 1);
INSERT INTO workspacefeature VALUES ('1S2-012', 2);
INSERT INTO workspacefeature VALUES ('1S2-012', 3);
INSERT INTO workspace VALUES ('1S2-013', '1S2-013', 3113, 32);
INSERT INTO workspacefeature VALUES ('1S2-013', 1);
INSERT INTO workspace VALUES ('1S2-014', '1S2-014', 3114, 32);
INSERT INTO workspacefeature VALUES ('1S2-014', 1);
INSERT INTO workspacefeature VALUES ('1S2-014', 2);
INSERT INTO workspace VALUES ('1S2-015', '1S2-015', 3115, 32);
INSERT INTO workspacefeature VALUES ('1S2-015', 1);
INSERT INTO workspacefeature VALUES ('1S2-015', 3);
INSERT INTO workspace VALUES ('1S2-016', '1S2-016', 3116, 32);
INSERT INTO workspacefeature VALUES ('1S2-016', 1);
INSERT INTO workspacefeature VALUES ('1S2-016', 2);
INSERT INTO workspace VALUES ('1S2-017', '1S2-017', 3117, 32);
INSERT INTO workspacefeature VALUES ('1S2-017', 1);
INSERT INTO workspace VALUES ('1S2-018', '1S2-018', 3118, 32);
INSERT INTO workspacefeature VALUES ('1S2-018', 1);
INSERT INTO workspacefeature VALUES ('1S2-018', 2);
INSERT INTO workspacefeature VALUES ('1S2-018', 3);
INSERT INTO workspace VALUES ('1S2-019', '1S2-019', 3119, 32);
INSERT INTO workspacefeature VALUES ('1S2-019', 1);
INSERT INTO workspace VALUES ('1S2-020', '1S2-020', 3120, 32);
INSERT INTO workspace VALUES ('1S2-021', '1S2-021', 3121, 32);
INSERT INTO workspacefeature VALUES ('1S2-021', 1);
INSERT INTO workspacefeature VALUES ('1S2-021', 3);
INSERT INTO workspace VALUES ('1S2-022', '1S2-022', 3122, 32);
INSERT INTO workspacefeature VALUES ('1S2-022', 1);
INSERT INTO workspacefeature VALUES ('1S2-022', 2);
INSERT INTO workspace VALUES ('1S2-023', '1S2-023', 3123, 32);
INSERT INTO workspacefeature VALUES ('1S2-023', 1);
INSERT INTO workspace VALUES ('1S2-024', '1S2-024', 3124, 32);
INSERT INTO workspacefeature VALUES ('1S2-024', 1);
INSERT INTO workspacefeature VALUES ('1S2-024', 2);
INSERT INTO workspacefeature VALUES ('1S2-024', 3);
INSERT INTO workspace VALUES ('1S2-025', '1S2-025', 3125, 32);
INSERT INTO workspacefeature VALUES ('1S2-025', 1);
INSERT INTO workspace VALUES ('1S2-026', '1S2-026', 3126, 32);
INSERT INTO workspacefeature VALUES ('1S2-026', 1);
INSERT INTO workspacefeature VALUES ('1S2-026', 2);
INSERT INTO workspace VALUES ('1S2-027', '1S2-027', 3127, 32);
INSERT INTO workspacefeature VALUES ('1S2-027', 1);
INSERT INTO workspacefeature VALUES ('1S2-027', 3);
INSERT INTO workspace VALUES ('1S2-028', '1S2-028', 3128, 32);
INSERT INTO workspacefeature VALUES ('1S2-028', 1);
INSERT INTO workspacefeature VALUES ('1S2-028', 2);
INSERT INTO workspace VALUES ('1S2-029', '1S2-029', 3129, 32);
INSERT INTO workspacefeature VALUES ('1S2-029', 1);
INSERT INTO workspace VALUES ('1S2-030', '1S2-030', 3130, 32);
INSERT INTO workspace VALUES ('1S2-031', '1S2-031', 3131, 32);
INSERT INTO workspacefeature VALUES ('1S2-031', 1);
INSERT INTO workspace VALUES ('1S2-032', '1S2-032', 3132, 32);
INSERT INTO workspacefeature VALUES ('1S2-032', 1);
INSERT INTO workspacefeature VALUES ('1S2-032', 2);
INSERT INTO workspace VALUES ('1S2-033', '1S2-033', 3133, 32);
INSERT INTO workspacefeature VALUES ('1S2-033', 1);
INSERT INTO workspacefeature VALUES ('1S2-033', 3);
INSERT INTO workspace VALUES ('1S2-034', '1S2-034', 3134, 32);
INSERT INTO workspacefeature VALUES ('1S2-034', 1);
INSERT INTO workspacefeature VALUES ('1S2-034', 2);
INSERT INTO workspace VALUES ('1S2-035', '1S2-035', 3135, 32);
INSERT INTO workspacefeature VALUES ('1S2-035', 1);
INSERT INTO workspace VALUES ('1S2-036', '1S2-036', 3136, 32);
INSERT INTO workspacefeature VALUES ('1S2-036', 1);
INSERT INTO workspacefeature VALUES ('1S2-036', 2);
INSERT INTO workspacefeature VALUES ('1S2-036', 3);
INSERT INTO workspace VALUES ('1S2-037', '1S2-037', 3137, 32);
INSERT INTO workspacefeature VALUES ('1S2-037', 1);
INSERT INTO workspace VALUES ('1S2-038', '1S2-038', 3138, 32);
INSERT INTO workspacefeature VALUES ('1S2-038', 1);
INSERT INTO workspacefeature VALUES ('1S2-038', 2);
INSERT INTO workspace VALUES ('1S2-039', '1S2-039', 3139, 32);
INSERT INTO workspacefeature VALUES ('1S2-039', 1);
INSERT INTO workspacefeature VALUES ('1S2-039', 3);
INSERT INTO workspace VALUES ('1S2-040', '1S2-040', 3140, 32);
INSERT INTO workspace VALUES ('1S2-041', '1S2-041', 3141, 32);
INSERT INTO workspacefeature VALUES ('1S2-041', 1);
INSERT INTO workspace VALUES ('1S2-042', '1S2-042', 3142, 32);
INSERT INTO workspacefeature VALUES ('1S2-042', 1);
INSERT INTO workspacefeature VALUES ('1S2-042', 2);
INSERT INTO workspacefeature VALUES ('1S2-042', 3);
INSERT INTO workspace VALUES ('1S2-043', '1S2-043', 3143, 32);
INSERT INTO workspacefeature VALUES ('1S2-043', 1);
INSERT INTO workspace VALUES ('1S2-044', '1S2-044', 3144, 32);
INSERT INTO workspacefeature VALUES ('1S2-044', 1);
INSERT INTO workspacefeature VALUES ('1S2-044', 2);
INSERT INTO workspace VALUES ('1S2-045', '1S2-045', 3145, 32);
INSERT INTO workspacefeature VALUES ('1S2-045', 1);
INSERT INTO workspacefeature VALUES ('1S2-045', 3);
INSERT INTO workspace VALUES ('1S2-046', '1S2-046', 3146, 32);
INSERT INTO workspacefeature VALUES ('1S2-046', 1);
INSERT INTO workspacefeature VALUES ('1S2-046', 2);
INSERT INTO workspace VALUES ('1S2-047', '1S2-047', 3147, 32);
INSERT INTO workspacefeature VALUES ('1S2-047', 1);
INSERT INTO workspace VALUES ('1S2-048', '1S2-048', 3148, 32);
INSERT INTO workspacefeature VALUES ('1S2-048', 1);
INSERT INTO workspacefeature VALUES ('1S2-048', 2);
INSERT INTO workspacefeature VALUES ('1S2-048', 3);
INSERT INTO workspace VALUES ('1S2-049', '1S2-049', 3149, 32);
INSERT INTO workspacefeature VALUES ('1S2-049', 1);
INSERT INTO workspace VALUES ('1S2-050', '1S2-050', 3150, 32);
INSERT INTO workspace VALUES ('1S2-051', '1S2-051', 3151, 32);
INSERT INTO workspacefeature VALUES ('1S2-051', 1);
INSERT INTO workspacefeature VALUES ('1S2-051', 3);
INSERT INTO workspace VALUES ('1S2-052', '1S2-052', 3152, 32);
INSERT INTO workspacefeature VALUES ('1S2-052', 1);
INSERT INTO workspacefeature VALUES ('1S2-052', 2);
INSERT INTO workspace VALUES ('1S2-053', '1S2-053', 3153, 32);
INSERT INTO workspacefeature VALUES ('1S2-053', 1);
INSERT INTO workspace VALUES ('1S2-054', '1S2-054', 3154, 32);
INSERT INTO workspacefeature VALUES ('1S2-054', 1);
INSERT INTO workspacefeature VALUES ('1S2-054', 2);
INSERT INTO workspacefeature VALUES ('1S2-054', 3);
INSERT INTO workspace VALUES ('1S2-055', '1S2-055', 3155, 32);
INSERT INTO workspacefeature VALUES ('1S2-055', 1);
INSERT INTO workspace VALUES ('1S2-056', '1S2-056', 3156, 32);
INSERT INTO workspacefeature VALUES ('1S2-056', 1);
INSERT INTO workspacefeature VALUES ('1S2-056', 2);
INSERT INTO workspace VALUES ('1S2-057', '1S2-057', 3157, 32);
INSERT INTO workspacefeature VALUES ('1S2-057', 1);
INSERT INTO workspacefeature VALUES ('1S2-057', 3);
INSERT INTO workspace VALUES ('1S2-058', '1S2-058', 3158, 32);
INSERT INTO workspacefeature VALUES ('1S2-058', 1);
INSERT INTO workspacefeature VALUES ('1S2-058', 2);
INSERT INTO workspace VALUES ('1S2-059', '1S2-059', 3159, 32);
INSERT INTO workspacefeature VALUES ('1S2-059', 1);
INSERT INTO workspace VALUES ('1S2-060', '1S2-060', 3160, 32);
INSERT INTO workspace VALUES ('1S2-061', '1S2-061', 3161, 32);
INSERT INTO workspacefeature VALUES ('1S2-061', 1);
INSERT INTO workspace VALUES ('1S2-062', '1S2-062', 3162, 32);
INSERT INTO workspacefeature VALUES ('1S2-062', 1);
INSERT INTO workspacefeature VALUES ('1S2-062', 2);
INSERT INTO workspace VALUES ('1S2-063', '1S2-063', 3163, 32);
INSERT INTO workspacefeature VALUES ('1S2-063', 1);
INSERT INTO workspacefeature VALUES ('1S2-063', 3);
INSERT INTO workspace VALUES ('1S2-064', '1S2-064', 3164, 32);
INSERT INTO workspacefeature VALUES ('1S2-064', 1);
INSERT INTO workspacefeature VALUES ('1S2-064', 2);
INSERT INTO workspace VALUES ('1S2-065', '1S2-065', 3165, 32);
INSERT INTO workspacefeature VALUES ('1S2-065', 1);
INSERT INTO workspace VALUES ('1S2-066', '1S2-066', 3166, 32);
INSERT INTO workspacefeature VALUES ('1S2-066', 1);
INSERT INTO workspacefeature VALUES ('1S2-066', 2);
INSERT INTO workspacefeature VALUES ('1S2-066', 3);
INSERT INTO workspace VALUES ('1S2-067', '1S2-067', 3167, 32);
INSERT INTO workspacefeature VALUES ('1S2-067', 1);
INSERT INTO workspace VALUES ('1S2-068', '1S2-068', 3168, 32);
INSERT INTO workspacefeature VALUES ('1S2-068', 1);
INSERT INTO workspacefeature VALUES ('1S2-068', 2);
INSERT INTO workspace VALUES ('1S2-069', '1S2-069', 3169, 32);
INSERT INTO workspacefeature VALUES ('1S2-069', 1);
INSERT INTO workspacefeature VALUES ('1S2-069', 3);
INSERT INTO workspace VALUES ('1S2-070', '1S2-070', 3170, 32);
INSERT INTO workspace VALUES ('1S2-071', '1S2-071', 3171, 32);
INSERT INTO workspacefeature VALUES ('1S2-071', 1);
INSERT INTO workspace VALUES ('1S2-072', '1S2-072', 3172, 32);
INSERT INTO workspacefeature VALUES ('1S2-072', 1);
INSERT INTO workspacefeature VALUES ('1S2-072', 2);
INSERT INTO workspacefeature VALUES ('1S2-072', 3);
INSERT INTO workspace VALUES ('1S2-073', '1S2-073', 3173, 32);
INSERT INTO workspacefeature VALUES ('1S2-073', 1);
INSERT INTO workspace VALUES ('1S2-074', '1S2-074', 3174, 32);
INSERT INTO workspacefeature VALUES ('1S2-074', 1);
INSERT INTO workspacefeature VALUES ('1S2-074', 2);
INSERT INTO workspace VALUES ('1S2-075', '1S2-075', 3175, 32);
INSERT INTO workspacefeature VALUES ('1S2-075', 1);
INSERT INTO workspacefeature VALUES ('1S2-075', 3);
INSERT INTO workspace VALUES ('1S2-076', '1S2-076', 3176, 32);
INSERT INTO workspacefeature VALUES ('1S2-076', 1);
INSERT INTO workspacefeature VALUES ('1S2-076', 2);
INSERT INTO workspace VALUES ('1S2-077', '1S2-077', 3177, 32);
INSERT INTO workspacefeature VALUES ('1S2-077', 1);
INSERT INTO workspace VALUES ('1S2-078', '1S2-078', 3178, 32);
INSERT INTO workspacefeature VALUES ('1S2-078', 1);
INSERT INTO workspacefeature VALUES ('1S2-078', 2);
INSERT INTO workspacefeature VALUES ('1S2-078', 3);
INSERT INTO workspace VALUES ('1S2-079', '1S2-079', 3179, 32);
INSERT INTO workspacefeature VALUES ('1S2-079', 1);
INSERT INTO workspace VALUES ('1S2-080', '1S2-080', 3180, 32);
INSERT INTO workspace VALUES ('1S2-081', '1S2-081', 3181, 32);
INSERT INTO workspacefeature VALUES ('1S2-081', 1);
INSERT INTO workspacefeature VALUES ('1S2-081', 3);
INSERT INTO workspace VALUES ('1S2-082', '1S2-082', 3182, 32);
INSERT INTO workspacefeature VALUES ('1S2-082', 1);
INSERT INTO workspacefeature VALUES ('1S2-082', 2);
INSERT INTO workspace VALUES ('1S2-083', '1S2-083', 3183, 32);
INSERT INTO workspacefeature VALUES ('1S2-083', 1);
INSERT INTO workspace VALUES ('1S2-084', '1S2-084', 3184, 32);
INSERT INTO workspacefeature VALUES ('1S2-084', 1);
INSERT INTO workspacefeature VALUES ('1S2-084', 2);
INSERT INTO workspacefeature VALUES ('1S2-084', 3);
INSERT INTO workspace VALUES ('1S2-085', '1S2-085', 3185, 32);
INSERT INTO workspacefeature VALUES ('1S2-085', 1);
INSERT INTO workspace VALUES ('1S2-086', '1S2-086', 3186, 32);
INSERT INTO workspacefeature VALUES ('1S2-086', 1);
INSERT INTO workspacefeature VALUES ('1S2-086', 2);
INSERT INTO workspace VALUES ('1S2-087', '1S2-087', 3187, 32);
INSERT INTO workspacefeature VALUES ('1S2-087', 1);
INSERT INTO workspacefeature VALUES ('1S2-087', 3);
INSERT INTO workspace VALUES ('1S2-088', '1S2-088', 3188, 32);
INSERT INTO workspacefeature VALUES ('1S2-088', 1);
INSERT INTO workspacefeature VALUES ('1S2-088', 2);
INSERT INTO workspace VALUES ('1S2-089', '1S2-089', 3189, 32);
INSERT INTO workspacefeature VALUES ('1S2-089', 1);
INSERT INTO workspace VALUES ('1S2-090', '1S2-090', 3190, 32);
INSERT INTO workspace VALUES ('1S2-091', '1S2-091', 3191, 32);
INSERT INTO workspacefeature VALUES ('1S2-091', 1);
INSERT INTO workspace VALUES ('1S2-092', '1S2-092', 3192, 32);
INSERT INTO workspacefeature VALUES ('1S2-092', 1);
INSERT INTO workspacefeature VALUES ('1S2-092', 2);
INSERT INTO workspace VALUES ('1S2-093', '1S2-093', 3193, 32);
INSERT INTO workspacefeature VALUES ('1S2-093', 1);
INSERT INTO workspacefeature VALUES ('1S2-093', 3);
INSERT INTO workspace VALUES ('1S2-094', '1S2-094', 3194, 32);
INSERT INTO workspacefeature VALUES ('1S2-094', 1);
INSERT INTO workspacefeature VALUES ('1S2-094', 2);
INSERT INTO workspace VALUES ('1S2-095', '1S2-095', 3195, 32);
INSERT INTO workspacefeature VALUES ('1S2-095', 1);
INSERT INTO workspace VALUES ('1S2-096', '1S2-096', 3196, 32);
INSERT INTO workspacefeature VALUES ('1S2-096', 1);
INSERT INTO workspacefeature VALUES ('1S2-096', 2);
INSERT INTO workspacefeature VALUES ('1S2-096', 3);
INSERT INTO workspace VALUES ('1S2-097', '1S2-097', 3197, 32);
INSERT INTO workspacefeature VALUES ('1S2-097', 1);
INSERT INTO workspace VALUES ('1S2-098', '1S2-098', 3198, 32);
INSERT INTO workspacefeature VALUES ('1S2-098', 1);
INSERT INTO workspacefeature VALUES ('1S2-098', 2);
INSERT INTO workspace VALUES ('1S2-099', '1S2-099', 3199, 32);
INSERT INTO workspacefeature VALUES ('1S2-099', 1);
INSERT INTO workspacefeature VALUES ('1S2-099', 3);
INSERT INTO workspace VALUES ('1S2-100', '1S2-100', 3200, 32);
INSERT INTO floor VALUES (33, 3, 'Surrey Building 1', 'Surrey', '1', NULL);
INSERT INTO workspace VALUES ('1S3-001', '1S3-001', 3201, 33);
INSERT INTO workspacefeature VALUES ('1S3-001', 1);
INSERT INTO workspace VALUES ('1S3-002', '1S3-002', 3202, 33);
INSERT INTO workspacefeature VALUES ('1S3-002', 1);
INSERT INTO workspacefeature VALUES ('1S3-002', 2);
INSERT INTO workspace VALUES ('1S3-003', '1S3-003', 3203, 33);
INSERT INTO workspacefeature VALUES ('1S3-003', 1);
INSERT INTO workspacefeature VALUES ('1S3-003', 3);
INSERT INTO workspace VALUES ('1S3-004', '1S3-004', 3204, 33);
INSERT INTO workspacefeature VALUES ('1S3-004', 1);
INSERT INTO workspacefeature VALUES ('1S3-004', 2);
INSERT INTO workspace VALUES ('1S3-005', '1S3-005', 3205, 33);
INSERT INTO workspacefeature VALUES ('1S3-005', 1);
INSERT INTO workspace VALUES ('1S3-006', '1S3-006', 3206, 33);
INSERT INTO workspacefeature VALUES ('1S3-006', 1);
INSERT INTO workspacefeature VALUES ('1S3-006', 2);
INSERT INTO workspacefeature VALUES ('1S3-006', 3);
INSERT INTO workspace VALUES ('1S3-007', '1S3-007', 3207, 33);
INSERT INTO workspacefeature VALUES ('1S3-007', 1);
INSERT INTO workspace VALUES ('1S3-008', '1S3-008', 3208, 33);
INSERT INTO workspacefeature VALUES ('1S3-008', 1);
INSERT INTO workspacefeature VALUES ('1S3-008', 2);
INSERT INTO workspace VALUES ('1S3-009', '1S3-009', 3209, 33);
INSERT INTO workspacefeature VALUES ('1S3-009', 1);
INSERT INTO workspacefeature VALUES ('1S3-009', 3);
INSERT INTO workspace VALUES ('1S3-010', '1S3-010', 3210, 33);
INSERT INTO workspace VALUES ('1S3-011', '1S3-011', 3211, 33);
INSERT INTO workspacefeature VALUES ('1S3-011', 1);
INSERT INTO workspace VALUES ('1S3-012', '1S3-012', 3212, 33);
INSERT INTO workspacefeature VALUES ('1S3-012', 1);
INSERT INTO workspacefeature VALUES ('1S3-012', 2);
INSERT INTO workspacefeature VALUES ('1S3-012', 3);
INSERT INTO workspace VALUES ('1S3-013', '1S3-013', 3213, 33);
INSERT INTO workspacefeature VALUES ('1S3-013', 1);
INSERT INTO workspace VALUES ('1S3-014', '1S3-014', 3214, 33);
INSERT INTO workspacefeature VALUES ('1S3-014', 1);
INSERT INTO workspacefeature VALUES ('1S3-014', 2);
INSERT INTO workspace VALUES ('1S3-015', '1S3-015', 3215, 33);
INSERT INTO workspacefeature VALUES ('1S3-015', 1);
INSERT INTO workspacefeature VALUES ('1S3-015', 3);
INSERT INTO workspace VALUES ('1S3-016', '1S3-016', 3216, 33);
INSERT INTO workspacefeature VALUES ('1S3-016', 1);
INSERT INTO workspacefeature VALUES ('1S3-016', 2);
INSERT INTO workspace VALUES ('1S3-017', '1S3-017', 3217, 33);
INSERT INTO workspacefeature VALUES ('1S3-017', 1);
INSERT INTO workspace VALUES ('1S3-018', '1S3-018', 3218, 33);
INSERT INTO workspacefeature VALUES ('1S3-018', 1);
INSERT INTO workspacefeature VALUES ('1S3-018', 2);
INSERT INTO workspacefeature VALUES ('1S3-018', 3);
INSERT INTO workspace VALUES ('1S3-019', '1S3-019', 3219, 33);
INSERT INTO workspacefeature VALUES ('1S3-019', 1);
INSERT INTO workspace VALUES ('1S3-020', '1S3-020', 3220, 33);
INSERT INTO workspace VALUES ('1S3-021', '1S3-021', 3221, 33);
INSERT INTO workspacefeature VALUES ('1S3-021', 1);
INSERT INTO workspacefeature VALUES ('1S3-021', 3);
INSERT INTO workspace VALUES ('1S3-022', '1S3-022', 3222, 33);
INSERT INTO workspacefeature VALUES ('1S3-022', 1);
INSERT INTO workspacefeature VALUES ('1S3-022', 2);
INSERT INTO workspace VALUES ('1S3-023', '1S3-023', 3223, 33);
INSERT INTO workspacefeature VALUES ('1S3-023', 1);
INSERT INTO workspace VALUES ('1S3-024', '1S3-024', 3224, 33);
INSERT INTO workspacefeature VALUES ('1S3-024', 1);
INSERT INTO workspacefeature VALUES ('1S3-024', 2);
INSERT INTO workspacefeature VALUES ('1S3-024', 3);
INSERT INTO workspace VALUES ('1S3-025', '1S3-025', 3225, 33);
INSERT INTO workspacefeature VALUES ('1S3-025', 1);
INSERT INTO workspace VALUES ('1S3-026', '1S3-026', 3226, 33);
INSERT INTO workspacefeature VALUES ('1S3-026', 1);
INSERT INTO workspacefeature VALUES ('1S3-026', 2);
INSERT INTO workspace VALUES ('1S3-027', '1S3-027', 3227, 33);
INSERT INTO workspacefeature VALUES ('1S3-027', 1);
INSERT INTO workspacefeature VALUES ('1S3-027', 3);
INSERT INTO workspace VALUES ('1S3-028', '1S3-028', 3228, 33);
INSERT INTO workspacefeature VALUES ('1S3-028', 1);
INSERT INTO workspacefeature VALUES ('1S3-028', 2);
INSERT INTO workspace VALUES ('1S3-029', '1S3-029', 3229, 33);
INSERT INTO workspacefeature VALUES ('1S3-029', 1);
INSERT INTO workspace VALUES ('1S3-030', '1S3-030', 3230, 33);
INSERT INTO workspace VALUES ('1S3-031', '1S3-031', 3231, 33);
INSERT INTO workspacefeature VALUES ('1S3-031', 1);
INSERT INTO workspace VALUES ('1S3-032', '1S3-032', 3232, 33);
INSERT INTO workspacefeature VALUES ('1S3-032', 1);
INSERT INTO workspacefeature VALUES ('1S3-032', 2);
INSERT INTO workspace VALUES ('1S3-033', '1S3-033', 3233, 33);
INSERT INTO workspacefeature VALUES ('1S3-033', 1);
INSERT INTO workspacefeature VALUES ('1S3-033', 3);
INSERT INTO workspace VALUES ('1S3-034', '1S3-034', 3234, 33);
INSERT INTO workspacefeature VALUES ('1S3-034', 1);
INSERT INTO workspacefeature VALUES ('1S3-034', 2);
INSERT INTO workspace VALUES ('1S3-035', '1S3-035', 3235, 33);
INSERT INTO workspacefeature VALUES ('1S3-035', 1);
INSERT INTO workspace VALUES ('1S3-036', '1S3-036', 3236, 33);
INSERT INTO workspacefeature VALUES ('1S3-036', 1);
INSERT INTO workspacefeature VALUES ('1S3-036', 2);
INSERT INTO workspacefeature VALUES ('1S3-036', 3);
INSERT INTO workspace VALUES ('1S3-037', '1S3-037', 3237, 33);
INSERT INTO workspacefeature VALUES ('1S3-037', 1);
INSERT INTO workspace VALUES ('1S3-038', '1S3-038', 3238, 33);
INSERT INTO workspacefeature VALUES ('1S3-038', 1);
INSERT INTO workspacefeature VALUES ('1S3-038', 2);
INSERT INTO workspace VALUES ('1S3-039', '1S3-039', 3239, 33);
INSERT INTO workspacefeature VALUES ('1S3-039', 1);
INSERT INTO workspacefeature VALUES ('1S3-039', 3);
INSERT INTO workspace VALUES ('1S3-040', '1S3-040', 3240, 33);
INSERT INTO workspace VALUES ('1S3-041', '1S3-041', 3241, 33);
INSERT INTO workspacefeature VALUES ('1S3-041', 1);
INSERT INTO workspace VALUES ('1S3-042', '1S3-042', 3242, 33);
INSERT INTO workspacefeature VALUES ('1S3-042', 1);
INSERT INTO workspacefeature VALUES ('1S3-042', 2);
INSERT INTO workspacefeature VALUES ('1S3-042', 3);
INSERT INTO workspace VALUES ('1S3-043', '1S3-043', 3243, 33);
INSERT INTO workspacefeature VALUES ('1S3-043', 1);
INSERT INTO workspace VALUES ('1S3-044', '1S3-044', 3244, 33);
INSERT INTO workspacefeature VALUES ('1S3-044', 1);
INSERT INTO workspacefeature VALUES ('1S3-044', 2);
INSERT INTO workspace VALUES ('1S3-045', '1S3-045', 3245, 33);
INSERT INTO workspacefeature VALUES ('1S3-045', 1);
INSERT INTO workspacefeature VALUES ('1S3-045', 3);
INSERT INTO workspace VALUES ('1S3-046', '1S3-046', 3246, 33);
INSERT INTO workspacefeature VALUES ('1S3-046', 1);
INSERT INTO workspacefeature VALUES ('1S3-046', 2);
INSERT INTO workspace VALUES ('1S3-047', '1S3-047', 3247, 33);
INSERT INTO workspacefeature VALUES ('1S3-047', 1);
INSERT INTO workspace VALUES ('1S3-048', '1S3-048', 3248, 33);
INSERT INTO workspacefeature VALUES ('1S3-048', 1);
INSERT INTO workspacefeature VALUES ('1S3-048', 2);
INSERT INTO workspacefeature VALUES ('1S3-048', 3);
INSERT INTO workspace VALUES ('1S3-049', '1S3-049', 3249, 33);
INSERT INTO workspacefeature VALUES ('1S3-049', 1);
INSERT INTO workspace VALUES ('1S3-050', '1S3-050', 3250, 33);
INSERT INTO workspace VALUES ('1S3-051', '1S3-051', 3251, 33);
INSERT INTO workspacefeature VALUES ('1S3-051', 1);
INSERT INTO workspacefeature VALUES ('1S3-051', 3);
INSERT INTO workspace VALUES ('1S3-052', '1S3-052', 3252, 33);
INSERT INTO workspacefeature VALUES ('1S3-052', 1);
INSERT INTO workspacefeature VALUES ('1S3-052', 2);
INSERT INTO workspace VALUES ('1S3-053', '1S3-053', 3253, 33);
INSERT INTO workspacefeature VALUES ('1S3-053', 1);
INSERT INTO workspace VALUES ('1S3-054', '1S3-054', 3254, 33);
INSERT INTO workspacefeature VALUES ('1S3-054', 1);
INSERT INTO workspacefeature VALUES ('1S3-054', 2);
INSERT INTO workspacefeature VALUES ('1S3-054', 3);
INSERT INTO workspace VALUES ('1S3-055', '1S3-055', 3255, 33);
INSERT INTO workspacefeature VALUES ('1S3-055', 1);
INSERT INTO workspace VALUES ('1S3-056', '1S3-056', 3256, 33);
INSERT INTO workspacefeature VALUES ('1S3-056', 1);
INSERT INTO workspacefeature VALUES ('1S3-056', 2);
INSERT INTO workspace VALUES ('1S3-057', '1S3-057', 3257, 33);
INSERT INTO workspacefeature VALUES ('1S3-057', 1);
INSERT INTO workspacefeature VALUES ('1S3-057', 3);
INSERT INTO workspace VALUES ('1S3-058', '1S3-058', 3258, 33);
INSERT INTO workspacefeature VALUES ('1S3-058', 1);
INSERT INTO workspacefeature VALUES ('1S3-058', 2);
INSERT INTO workspace VALUES ('1S3-059', '1S3-059', 3259, 33);
INSERT INTO workspacefeature VALUES ('1S3-059', 1);
INSERT INTO workspace VALUES ('1S3-060', '1S3-060', 3260, 33);
INSERT INTO workspace VALUES ('1S3-061', '1S3-061', 3261, 33);
INSERT INTO workspacefeature VALUES ('1S3-061', 1);
INSERT INTO workspace VALUES ('1S3-062', '1S3-062', 3262, 33);
INSERT INTO workspacefeature VALUES ('1S3-062', 1);
INSERT INTO workspacefeature VALUES ('1S3-062', 2);
INSERT INTO workspace VALUES ('1S3-063', '1S3-063', 3263, 33);
INSERT INTO workspacefeature VALUES ('1S3-063', 1);
INSERT INTO workspacefeature VALUES ('1S3-063', 3);
INSERT INTO workspace VALUES ('1S3-064', '1S3-064', 3264, 33);
INSERT INTO workspacefeature VALUES ('1S3-064', 1);
INSERT INTO workspacefeature VALUES ('1S3-064', 2);
INSERT INTO workspace VALUES ('1S3-065', '1S3-065', 3265, 33);
INSERT INTO workspacefeature VALUES ('1S3-065', 1);
INSERT INTO workspace VALUES ('1S3-066', '1S3-066', 3266, 33);
INSERT INTO workspacefeature VALUES ('1S3-066', 1);
INSERT INTO workspacefeature VALUES ('1S3-066', 2);
INSERT INTO workspacefeature VALUES ('1S3-066', 3);
INSERT INTO workspace VALUES ('1S3-067', '1S3-067', 3267, 33);
INSERT INTO workspacefeature VALUES ('1S3-067', 1);
INSERT INTO workspace VALUES ('1S3-068', '1S3-068', 3268, 33);
INSERT INTO workspacefeature VALUES ('1S3-068', 1);
INSERT INTO workspacefeature VALUES ('1S3-068', 2);
INSERT INTO workspace VALUES ('1S3-069', '1S3-069', 3269, 33);
INSERT INTO workspacefeature VALUES ('1S3-069', 1);
INSERT INTO workspacefeature VALUES ('1S3-069', 3);
INSERT INTO workspace VALUES ('1S3-070', '1S3-070', 3270, 33);
INSERT INTO workspace VALUES ('1S3-071', '1S3-071', 3271, 33);
INSERT INTO workspacefeature VALUES ('1S3-071', 1);
INSERT INTO workspace VALUES ('1S3-072', '1S3-072', 3272, 33);
INSERT INTO workspacefeature VALUES ('1S3-072', 1);
INSERT INTO workspacefeature VALUES ('1S3-072', 2);
INSERT INTO workspacefeature VALUES ('1S3-072', 3);
INSERT INTO workspace VALUES ('1S3-073', '1S3-073', 3273, 33);
INSERT INTO workspacefeature VALUES ('1S3-073', 1);
INSERT INTO workspace VALUES ('1S3-074', '1S3-074', 3274, 33);
INSERT INTO workspacefeature VALUES ('1S3-074', 1);
INSERT INTO workspacefeature VALUES ('1S3-074', 2);
INSERT INTO workspace VALUES ('1S3-075', '1S3-075', 3275, 33);
INSERT INTO workspacefeature VALUES ('1S3-075', 1);
INSERT INTO workspacefeature VALUES ('1S3-075', 3);
INSERT INTO workspace VALUES ('1S3-076', '1S3-076', 3276, 33);
INSERT INTO workspacefeature VALUES ('1S3-076', 1);
INSERT INTO workspacefeature VALUES ('1S3-076', 2);
INSERT INTO workspace VALUES ('1S3-077', '1S3-077', 3277, 33);
INSERT INTO workspacefeature VALUES ('1S3-077', 1);
INSERT INTO workspace VALUES ('1S3-078', '1S3-078', 3278, 33);
INSERT INTO workspacefeature VALUES ('1S3-078', 1);
INSERT INTO workspacefeature VALUES ('1S3-078', 2);
INSERT INTO workspacefeature VALUES ('1S3-078', 3);
INSERT INTO workspace VALUES ('1S3-079', '1S3-079', 3279, 33);
INSERT INTO workspacefeature VALUES ('1S3-079', 1);
INSERT INTO workspace VALUES ('1S3-080', '1S3-080', 3280, 33);
INSERT INTO workspace VALUES ('1S3-081', '1S3-081', 3281, 33);
INSERT INTO workspacefeature VALUES ('1S3-081', 1);
INSERT INTO workspacefeature VALUES ('1S3-081', 3);
INSERT INTO workspace VALUES ('1S3-082', '1S3-082', 3282, 33);
INSERT INTO workspacefeature VALUES ('1S3-082', 1);
INSERT INTO workspacefeature VALUES ('1S3-082', 2);
INSERT INTO workspace VALUES ('1S3-083', '1S3-083', 3283, 33);
INSERT INTO workspacefeature VALUES ('1S3-083', 1);
INSERT INTO workspace VALUES ('1S3-084', '1S3-084', 3284, 33);
INSERT INTO workspacefeature VALUES ('1S3-084', 1);
INSERT INTO workspacefeature VALUES ('1S3-084', 2);
INSERT INTO workspacefeature VALUES ('1S3-084', 3);
INSERT INTO workspace VALUES ('1S3-085', '1S3-085', 3285, 33);
INSERT INTO workspacefeature VALUES ('1S3-085', 1);
INSERT INTO workspace VALUES ('1S3-086', '1S3-086', 3286, 33);
INSERT INTO workspacefeature VALUES ('1S3-086', 1);
INSERT INTO workspacefeature VALUES ('1S3-086', 2);
INSERT INTO workspace VALUES ('1S3-087', '1S3-087', 3287, 33);
INSERT INTO workspacefeature VALUES ('1S3-087', 1);
INSERT INTO workspacefeature VALUES ('1S3-087', 3);
INSERT INTO workspace VALUES ('1S3-088', '1S3-088', 3288, 33);
INSERT INTO workspacefeature VALUES ('1S3-088', 1);
INSERT INTO workspacefeature VALUES ('1S3-088', 2);
INSERT INTO workspace VALUES ('1S3-089', '1S3-089', 3289, 33);
INSERT INTO workspacefeature VALUES ('1S3-089', 1);
INSERT INTO workspace VALUES ('1S3-090', '1S3-090', 3290, 33);
INSERT INTO workspace VALUES ('1S3-091', '1S3-091', 3291, 33);
INSERT INTO workspacefeature VALUES ('1S3-091', 1);
INSERT INTO workspace VALUES ('1S3-092', '1S3-092', 3292, 33);
INSERT INTO workspacefeature VALUES ('1S3-092', 1);
INSERT INTO workspacefeature VALUES ('1S3-092', 2);
INSERT INTO workspace VALUES ('1S3-093', '1S3-093', 3293, 33);
INSERT INTO workspacefeature VALUES ('1S3-093', 1);
INSERT INTO workspacefeature VALUES ('1S3-093', 3);
INSERT INTO workspace VALUES ('1S3-094', '1S3-094', 3294, 33);
INSERT INTO workspacefeature VALUES ('1S3-094', 1);
INSERT INTO workspacefeature VALUES ('1S3-094', 2);
INSERT INTO workspace VALUES ('1S3-095', '1S3-095', 3295, 33);
INSERT INTO workspacefeature VALUES ('1S3-095', 1);
INSERT INTO workspace VALUES ('1S3-096', '1S3-096', 3296, 33);
INSERT INTO workspacefeature VALUES ('1S3-096', 1);
INSERT INTO workspacefeature VALUES ('1S3-096', 2);
INSERT INTO workspacefeature VALUES ('1S3-096', 3);
INSERT INTO workspace VALUES ('1S3-097', '1S3-097', 3297, 33);
INSERT INTO workspacefeature VALUES ('1S3-097', 1);
INSERT INTO workspace VALUES ('1S3-098', '1S3-098', 3298, 33);
INSERT INTO workspacefeature VALUES ('1S3-098', 1);
INSERT INTO workspacefeature VALUES ('1S3-098', 2);
INSERT INTO workspace VALUES ('1S3-099', '1S3-099', 3299, 33);
INSERT INTO workspacefeature VALUES ('1S3-099', 1);
INSERT INTO workspacefeature VALUES ('1S3-099', 3);
INSERT INTO workspace VALUES ('1S3-100', '1S3-100', 3300, 33);
INSERT INTO floor VALUES (34, 4, 'Surrey Building 1', 'Surrey', '1', NULL);
INSERT INTO workspace VALUES ('1S4-001', '1S4-001', 3301, 34);
INSERT INTO workspacefeature VALUES ('1S4-001', 1);
INSERT INTO workspace VALUES ('1S4-002', '1S4-002', 3302, 34);
INSERT INTO workspacefeature VALUES ('1S4-002', 1);
INSERT INTO workspacefeature VALUES ('1S4-002', 2);
INSERT INTO workspace VALUES ('1S4-003', '1S4-003', 3303, 34);
INSERT INTO workspacefeature VALUES ('1S4-003', 1);
INSERT INTO workspacefeature VALUES ('1S4-003', 3);
INSERT INTO workspace VALUES ('1S4-004', '1S4-004', 3304, 34);
INSERT INTO workspacefeature VALUES ('1S4-004', 1);
INSERT INTO workspacefeature VALUES ('1S4-004', 2);
INSERT INTO workspace VALUES ('1S4-005', '1S4-005', 3305, 34);
INSERT INTO workspacefeature VALUES ('1S4-005', 1);
INSERT INTO workspace VALUES ('1S4-006', '1S4-006', 3306, 34);
INSERT INTO workspacefeature VALUES ('1S4-006', 1);
INSERT INTO workspacefeature VALUES ('1S4-006', 2);
INSERT INTO workspacefeature VALUES ('1S4-006', 3);
INSERT INTO workspace VALUES ('1S4-007', '1S4-007', 3307, 34);
INSERT INTO workspacefeature VALUES ('1S4-007', 1);
INSERT INTO workspace VALUES ('1S4-008', '1S4-008', 3308, 34);
INSERT INTO workspacefeature VALUES ('1S4-008', 1);
INSERT INTO workspacefeature VALUES ('1S4-008', 2);
INSERT INTO workspace VALUES ('1S4-009', '1S4-009', 3309, 34);
INSERT INTO workspacefeature VALUES ('1S4-009', 1);
INSERT INTO workspacefeature VALUES ('1S4-009', 3);
INSERT INTO workspace VALUES ('1S4-010', '1S4-010', 3310, 34);
INSERT INTO workspace VALUES ('1S4-011', '1S4-011', 3311, 34);
INSERT INTO workspacefeature VALUES ('1S4-011', 1);
INSERT INTO workspace VALUES ('1S4-012', '1S4-012', 3312, 34);
INSERT INTO workspacefeature VALUES ('1S4-012', 1);
INSERT INTO workspacefeature VALUES ('1S4-012', 2);
INSERT INTO workspacefeature VALUES ('1S4-012', 3);
INSERT INTO workspace VALUES ('1S4-013', '1S4-013', 3313, 34);
INSERT INTO workspacefeature VALUES ('1S4-013', 1);
INSERT INTO workspace VALUES ('1S4-014', '1S4-014', 3314, 34);
INSERT INTO workspacefeature VALUES ('1S4-014', 1);
INSERT INTO workspacefeature VALUES ('1S4-014', 2);
INSERT INTO workspace VALUES ('1S4-015', '1S4-015', 3315, 34);
INSERT INTO workspacefeature VALUES ('1S4-015', 1);
INSERT INTO workspacefeature VALUES ('1S4-015', 3);
INSERT INTO workspace VALUES ('1S4-016', '1S4-016', 3316, 34);
INSERT INTO workspacefeature VALUES ('1S4-016', 1);
INSERT INTO workspacefeature VALUES ('1S4-016', 2);
INSERT INTO workspace VALUES ('1S4-017', '1S4-017', 3317, 34);
INSERT INTO workspacefeature VALUES ('1S4-017', 1);
INSERT INTO workspace VALUES ('1S4-018', '1S4-018', 3318, 34);
INSERT INTO workspacefeature VALUES ('1S4-018', 1);
INSERT INTO workspacefeature VALUES ('1S4-018', 2);
INSERT INTO workspacefeature VALUES ('1S4-018', 3);
INSERT INTO workspace VALUES ('1S4-019', '1S4-019', 3319, 34);
INSERT INTO workspacefeature VALUES ('1S4-019', 1);
INSERT INTO workspace VALUES ('1S4-020', '1S4-020', 3320, 34);
INSERT INTO workspace VALUES ('1S4-021', '1S4-021', 3321, 34);
INSERT INTO workspacefeature VALUES ('1S4-021', 1);
INSERT INTO workspacefeature VALUES ('1S4-021', 3);
INSERT INTO workspace VALUES ('1S4-022', '1S4-022', 3322, 34);
INSERT INTO workspacefeature VALUES ('1S4-022', 1);
INSERT INTO workspacefeature VALUES ('1S4-022', 2);
INSERT INTO workspace VALUES ('1S4-023', '1S4-023', 3323, 34);
INSERT INTO workspacefeature VALUES ('1S4-023', 1);
INSERT INTO workspace VALUES ('1S4-024', '1S4-024', 3324, 34);
INSERT INTO workspacefeature VALUES ('1S4-024', 1);
INSERT INTO workspacefeature VALUES ('1S4-024', 2);
INSERT INTO workspacefeature VALUES ('1S4-024', 3);
INSERT INTO workspace VALUES ('1S4-025', '1S4-025', 3325, 34);
INSERT INTO workspacefeature VALUES ('1S4-025', 1);
INSERT INTO workspace VALUES ('1S4-026', '1S4-026', 3326, 34);
INSERT INTO workspacefeature VALUES ('1S4-026', 1);
INSERT INTO workspacefeature VALUES ('1S4-026', 2);
INSERT INTO workspace VALUES ('1S4-027', '1S4-027', 3327, 34);
INSERT INTO workspacefeature VALUES ('1S4-027', 1);
INSERT INTO workspacefeature VALUES ('1S4-027', 3);
INSERT INTO workspace VALUES ('1S4-028', '1S4-028', 3328, 34);
INSERT INTO workspacefeature VALUES ('1S4-028', 1);
INSERT INTO workspacefeature VALUES ('1S4-028', 2);
INSERT INTO workspace VALUES ('1S4-029', '1S4-029', 3329, 34);
INSERT INTO workspacefeature VALUES ('1S4-029', 1);
INSERT INTO workspace VALUES ('1S4-030', '1S4-030', 3330, 34);
INSERT INTO workspace VALUES ('1S4-031', '1S4-031', 3331, 34);
INSERT INTO workspacefeature VALUES ('1S4-031', 1);
INSERT INTO workspace VALUES ('1S4-032', '1S4-032', 3332, 34);
INSERT INTO workspacefeature VALUES ('1S4-032', 1);
INSERT INTO workspacefeature VALUES ('1S4-032', 2);
INSERT INTO workspace VALUES ('1S4-033', '1S4-033', 3333, 34);
INSERT INTO workspacefeature VALUES ('1S4-033', 1);
INSERT INTO workspacefeature VALUES ('1S4-033', 3);
INSERT INTO workspace VALUES ('1S4-034', '1S4-034', 3334, 34);
INSERT INTO workspacefeature VALUES ('1S4-034', 1);
INSERT INTO workspacefeature VALUES ('1S4-034', 2);
INSERT INTO workspace VALUES ('1S4-035', '1S4-035', 3335, 34);
INSERT INTO workspacefeature VALUES ('1S4-035', 1);
INSERT INTO workspace VALUES ('1S4-036', '1S4-036', 3336, 34);
INSERT INTO workspacefeature VALUES ('1S4-036', 1);
INSERT INTO workspacefeature VALUES ('1S4-036', 2);
INSERT INTO workspacefeature VALUES ('1S4-036', 3);
INSERT INTO workspace VALUES ('1S4-037', '1S4-037', 3337, 34);
INSERT INTO workspacefeature VALUES ('1S4-037', 1);
INSERT INTO workspace VALUES ('1S4-038', '1S4-038', 3338, 34);
INSERT INTO workspacefeature VALUES ('1S4-038', 1);
INSERT INTO workspacefeature VALUES ('1S4-038', 2);
INSERT INTO workspace VALUES ('1S4-039', '1S4-039', 3339, 34);
INSERT INTO workspacefeature VALUES ('1S4-039', 1);
INSERT INTO workspacefeature VALUES ('1S4-039', 3);
INSERT INTO workspace VALUES ('1S4-040', '1S4-040', 3340, 34);
INSERT INTO workspace VALUES ('1S4-041', '1S4-041', 3341, 34);
INSERT INTO workspacefeature VALUES ('1S4-041', 1);
INSERT INTO workspace VALUES ('1S4-042', '1S4-042', 3342, 34);
INSERT INTO workspacefeature VALUES ('1S4-042', 1);
INSERT INTO workspacefeature VALUES ('1S4-042', 2);
INSERT INTO workspacefeature VALUES ('1S4-042', 3);
INSERT INTO workspace VALUES ('1S4-043', '1S4-043', 3343, 34);
INSERT INTO workspacefeature VALUES ('1S4-043', 1);
INSERT INTO workspace VALUES ('1S4-044', '1S4-044', 3344, 34);
INSERT INTO workspacefeature VALUES ('1S4-044', 1);
INSERT INTO workspacefeature VALUES ('1S4-044', 2);
INSERT INTO workspace VALUES ('1S4-045', '1S4-045', 3345, 34);
INSERT INTO workspacefeature VALUES ('1S4-045', 1);
INSERT INTO workspacefeature VALUES ('1S4-045', 3);
INSERT INTO workspace VALUES ('1S4-046', '1S4-046', 3346, 34);
INSERT INTO workspacefeature VALUES ('1S4-046', 1);
INSERT INTO workspacefeature VALUES ('1S4-046', 2);
INSERT INTO workspace VALUES ('1S4-047', '1S4-047', 3347, 34);
INSERT INTO workspacefeature VALUES ('1S4-047', 1);
INSERT INTO workspace VALUES ('1S4-048', '1S4-048', 3348, 34);
INSERT INTO workspacefeature VALUES ('1S4-048', 1);
INSERT INTO workspacefeature VALUES ('1S4-048', 2);
INSERT INTO workspacefeature VALUES ('1S4-048', 3);
INSERT INTO workspace VALUES ('1S4-049', '1S4-049', 3349, 34);
INSERT INTO workspacefeature VALUES ('1S4-049', 1);
INSERT INTO workspace VALUES ('1S4-050', '1S4-050', 3350, 34);
INSERT INTO workspace VALUES ('1S4-051', '1S4-051', 3351, 34);
INSERT INTO workspacefeature VALUES ('1S4-051', 1);
INSERT INTO workspacefeature VALUES ('1S4-051', 3);
INSERT INTO workspace VALUES ('1S4-052', '1S4-052', 3352, 34);
INSERT INTO workspacefeature VALUES ('1S4-052', 1);
INSERT INTO workspacefeature VALUES ('1S4-052', 2);
INSERT INTO workspace VALUES ('1S4-053', '1S4-053', 3353, 34);
INSERT INTO workspacefeature VALUES ('1S4-053', 1);
INSERT INTO workspace VALUES ('1S4-054', '1S4-054', 3354, 34);
INSERT INTO workspacefeature VALUES ('1S4-054', 1);
INSERT INTO workspacefeature VALUES ('1S4-054', 2);
INSERT INTO workspacefeature VALUES ('1S4-054', 3);
INSERT INTO workspace VALUES ('1S4-055', '1S4-055', 3355, 34);
INSERT INTO workspacefeature VALUES ('1S4-055', 1);
INSERT INTO workspace VALUES ('1S4-056', '1S4-056', 3356, 34);
INSERT INTO workspacefeature VALUES ('1S4-056', 1);
INSERT INTO workspacefeature VALUES ('1S4-056', 2);
INSERT INTO workspace VALUES ('1S4-057', '1S4-057', 3357, 34);
INSERT INTO workspacefeature VALUES ('1S4-057', 1);
INSERT INTO workspacefeature VALUES ('1S4-057', 3);
INSERT INTO workspace VALUES ('1S4-058', '1S4-058', 3358, 34);
INSERT INTO workspacefeature VALUES ('1S4-058', 1);
INSERT INTO workspacefeature VALUES ('1S4-058', 2);
INSERT INTO workspace VALUES ('1S4-059', '1S4-059', 3359, 34);
INSERT INTO workspacefeature VALUES ('1S4-059', 1);
INSERT INTO workspace VALUES ('1S4-060', '1S4-060', 3360, 34);
INSERT INTO workspace VALUES ('1S4-061', '1S4-061', 3361, 34);
INSERT INTO workspacefeature VALUES ('1S4-061', 1);
INSERT INTO workspace VALUES ('1S4-062', '1S4-062', 3362, 34);
INSERT INTO workspacefeature VALUES ('1S4-062', 1);
INSERT INTO workspacefeature VALUES ('1S4-062', 2);
INSERT INTO workspace VALUES ('1S4-063', '1S4-063', 3363, 34);
INSERT INTO workspacefeature VALUES ('1S4-063', 1);
INSERT INTO workspacefeature VALUES ('1S4-063', 3);
INSERT INTO workspace VALUES ('1S4-064', '1S4-064', 3364, 34);
INSERT INTO workspacefeature VALUES ('1S4-064', 1);
INSERT INTO workspacefeature VALUES ('1S4-064', 2);
INSERT INTO workspace VALUES ('1S4-065', '1S4-065', 3365, 34);
INSERT INTO workspacefeature VALUES ('1S4-065', 1);
INSERT INTO workspace VALUES ('1S4-066', '1S4-066', 3366, 34);
INSERT INTO workspacefeature VALUES ('1S4-066', 1);
INSERT INTO workspacefeature VALUES ('1S4-066', 2);
INSERT INTO workspacefeature VALUES ('1S4-066', 3);
INSERT INTO workspace VALUES ('1S4-067', '1S4-067', 3367, 34);
INSERT INTO workspacefeature VALUES ('1S4-067', 1);
INSERT INTO workspace VALUES ('1S4-068', '1S4-068', 3368, 34);
INSERT INTO workspacefeature VALUES ('1S4-068', 1);
INSERT INTO workspacefeature VALUES ('1S4-068', 2);
INSERT INTO workspace VALUES ('1S4-069', '1S4-069', 3369, 34);
INSERT INTO workspacefeature VALUES ('1S4-069', 1);
INSERT INTO workspacefeature VALUES ('1S4-069', 3);
INSERT INTO workspace VALUES ('1S4-070', '1S4-070', 3370, 34);
INSERT INTO workspace VALUES ('1S4-071', '1S4-071', 3371, 34);
INSERT INTO workspacefeature VALUES ('1S4-071', 1);
INSERT INTO workspace VALUES ('1S4-072', '1S4-072', 3372, 34);
INSERT INTO workspacefeature VALUES ('1S4-072', 1);
INSERT INTO workspacefeature VALUES ('1S4-072', 2);
INSERT INTO workspacefeature VALUES ('1S4-072', 3);
INSERT INTO workspace VALUES ('1S4-073', '1S4-073', 3373, 34);
INSERT INTO workspacefeature VALUES ('1S4-073', 1);
INSERT INTO workspace VALUES ('1S4-074', '1S4-074', 3374, 34);
INSERT INTO workspacefeature VALUES ('1S4-074', 1);
INSERT INTO workspacefeature VALUES ('1S4-074', 2);
INSERT INTO workspace VALUES ('1S4-075', '1S4-075', 3375, 34);
INSERT INTO workspacefeature VALUES ('1S4-075', 1);
INSERT INTO workspacefeature VALUES ('1S4-075', 3);
INSERT INTO workspace VALUES ('1S4-076', '1S4-076', 3376, 34);
INSERT INTO workspacefeature VALUES ('1S4-076', 1);
INSERT INTO workspacefeature VALUES ('1S4-076', 2);
INSERT INTO workspace VALUES ('1S4-077', '1S4-077', 3377, 34);
INSERT INTO workspacefeature VALUES ('1S4-077', 1);
INSERT INTO workspace VALUES ('1S4-078', '1S4-078', 3378, 34);
INSERT INTO workspacefeature VALUES ('1S4-078', 1);
INSERT INTO workspacefeature VALUES ('1S4-078', 2);
INSERT INTO workspacefeature VALUES ('1S4-078', 3);
INSERT INTO workspace VALUES ('1S4-079', '1S4-079', 3379, 34);
INSERT INTO workspacefeature VALUES ('1S4-079', 1);
INSERT INTO workspace VALUES ('1S4-080', '1S4-080', 3380, 34);
INSERT INTO workspace VALUES ('1S4-081', '1S4-081', 3381, 34);
INSERT INTO workspacefeature VALUES ('1S4-081', 1);
INSERT INTO workspacefeature VALUES ('1S4-081', 3);
INSERT INTO workspace VALUES ('1S4-082', '1S4-082', 3382, 34);
INSERT INTO workspacefeature VALUES ('1S4-082', 1);
INSERT INTO workspacefeature VALUES ('1S4-082', 2);
INSERT INTO workspace VALUES ('1S4-083', '1S4-083', 3383, 34);
INSERT INTO workspacefeature VALUES ('1S4-083', 1);
INSERT INTO workspace VALUES ('1S4-084', '1S4-084', 3384, 34);
INSERT INTO workspacefeature VALUES ('1S4-084', 1);
INSERT INTO workspacefeature VALUES ('1S4-084', 2);
INSERT INTO workspacefeature VALUES ('1S4-084', 3);
INSERT INTO workspace VALUES ('1S4-085', '1S4-085', 3385, 34);
INSERT INTO workspacefeature VALUES ('1S4-085', 1);
INSERT INTO workspace VALUES ('1S4-086', '1S4-086', 3386, 34);
INSERT INTO workspacefeature VALUES ('1S4-086', 1);
INSERT INTO workspacefeature VALUES ('1S4-086', 2);
INSERT INTO workspace VALUES ('1S4-087', '1S4-087', 3387, 34);
INSERT INTO workspacefeature VALUES ('1S4-087', 1);
INSERT INTO workspacefeature VALUES ('1S4-087', 3);
INSERT INTO workspace VALUES ('1S4-088', '1S4-088', 3388, 34);
INSERT INTO workspacefeature VALUES ('1S4-088', 1);
INSERT INTO workspacefeature VALUES ('1S4-088', 2);
INSERT INTO workspace VALUES ('1S4-089', '1S4-089', 3389, 34);
INSERT INTO workspacefeature VALUES ('1S4-089', 1);
INSERT INTO workspace VALUES ('1S4-090', '1S4-090', 3390, 34);
INSERT INTO workspace VALUES ('1S4-091', '1S4-091', 3391, 34);
INSERT INTO workspacefeature VALUES ('1S4-091', 1);
INSERT INTO workspace VALUES ('1S4-092', '1S4-092', 3392, 34);
INSERT INTO workspacefeature VALUES ('1S4-092', 1);
INSERT INTO workspacefeature VALUES ('1S4-092', 2);
INSERT INTO workspace VALUES ('1S4-093', '1S4-093', 3393, 34);
INSERT INTO workspacefeature VALUES ('1S4-093', 1);
INSERT INTO workspacefeature VALUES ('1S4-093', 3);
INSERT INTO workspace VALUES ('1S4-094', '1S4-094', 3394, 34);
INSERT INTO workspacefeature VALUES ('1S4-094', 1);
INSERT INTO workspacefeature VALUES ('1S4-094', 2);
INSERT INTO workspace VALUES ('1S4-095', '1S4-095', 3395, 34);
INSERT INTO workspacefeature VALUES ('1S4-095', 1);
INSERT INTO workspace VALUES ('1S4-096', '1S4-096', 3396, 34);
INSERT INTO workspacefeature VALUES ('1S4-096', 1);
INSERT INTO workspacefeature VALUES ('1S4-096', 2);
INSERT INTO workspacefeature VALUES ('1S4-096', 3);
INSERT INTO workspace VALUES ('1S4-097', '1S4-097', 3397, 34);
INSERT INTO workspacefeature VALUES ('1S4-097', 1);
INSERT INTO workspace VALUES ('1S4-098', '1S4-098', 3398, 34);
INSERT INTO workspacefeature VALUES ('1S4-098', 1);
INSERT INTO workspacefeature VALUES ('1S4-098', 2);
INSERT INTO workspace VALUES ('1S4-099', '1S4-099', 3399, 34);
INSERT INTO workspacefeature VALUES ('1S4-099', 1);
INSERT INTO workspacefeature VALUES ('1S4-099', 3);
INSERT INTO workspace VALUES ('1S4-100', '1S4-100', 3400, 34);
INSERT INTO floor VALUES (35, 5, 'Surrey Building 1', 'Surrey', '1', NULL);
INSERT INTO workspace VALUES ('1S5-001', '1S5-001', 3401, 35);
INSERT INTO workspacefeature VALUES ('1S5-001', 1);
INSERT INTO workspace VALUES ('1S5-002', '1S5-002', 3402, 35);
INSERT INTO workspacefeature VALUES ('1S5-002', 1);
INSERT INTO workspacefeature VALUES ('1S5-002', 2);
INSERT INTO workspace VALUES ('1S5-003', '1S5-003', 3403, 35);
INSERT INTO workspacefeature VALUES ('1S5-003', 1);
INSERT INTO workspacefeature VALUES ('1S5-003', 3);
INSERT INTO workspace VALUES ('1S5-004', '1S5-004', 3404, 35);
INSERT INTO workspacefeature VALUES ('1S5-004', 1);
INSERT INTO workspacefeature VALUES ('1S5-004', 2);
INSERT INTO workspace VALUES ('1S5-005', '1S5-005', 3405, 35);
INSERT INTO workspacefeature VALUES ('1S5-005', 1);
INSERT INTO workspace VALUES ('1S5-006', '1S5-006', 3406, 35);
INSERT INTO workspacefeature VALUES ('1S5-006', 1);
INSERT INTO workspacefeature VALUES ('1S5-006', 2);
INSERT INTO workspacefeature VALUES ('1S5-006', 3);
INSERT INTO workspace VALUES ('1S5-007', '1S5-007', 3407, 35);
INSERT INTO workspacefeature VALUES ('1S5-007', 1);
INSERT INTO workspace VALUES ('1S5-008', '1S5-008', 3408, 35);
INSERT INTO workspacefeature VALUES ('1S5-008', 1);
INSERT INTO workspacefeature VALUES ('1S5-008', 2);
INSERT INTO workspace VALUES ('1S5-009', '1S5-009', 3409, 35);
INSERT INTO workspacefeature VALUES ('1S5-009', 1);
INSERT INTO workspacefeature VALUES ('1S5-009', 3);
INSERT INTO workspace VALUES ('1S5-010', '1S5-010', 3410, 35);
INSERT INTO workspace VALUES ('1S5-011', '1S5-011', 3411, 35);
INSERT INTO workspacefeature VALUES ('1S5-011', 1);
INSERT INTO workspace VALUES ('1S5-012', '1S5-012', 3412, 35);
INSERT INTO workspacefeature VALUES ('1S5-012', 1);
INSERT INTO workspacefeature VALUES ('1S5-012', 2);
INSERT INTO workspacefeature VALUES ('1S5-012', 3);
INSERT INTO workspace VALUES ('1S5-013', '1S5-013', 3413, 35);
INSERT INTO workspacefeature VALUES ('1S5-013', 1);
INSERT INTO workspace VALUES ('1S5-014', '1S5-014', 3414, 35);
INSERT INTO workspacefeature VALUES ('1S5-014', 1);
INSERT INTO workspacefeature VALUES ('1S5-014', 2);
INSERT INTO workspace VALUES ('1S5-015', '1S5-015', 3415, 35);
INSERT INTO workspacefeature VALUES ('1S5-015', 1);
INSERT INTO workspacefeature VALUES ('1S5-015', 3);
INSERT INTO workspace VALUES ('1S5-016', '1S5-016', 3416, 35);
INSERT INTO workspacefeature VALUES ('1S5-016', 1);
INSERT INTO workspacefeature VALUES ('1S5-016', 2);
INSERT INTO workspace VALUES ('1S5-017', '1S5-017', 3417, 35);
INSERT INTO workspacefeature VALUES ('1S5-017', 1);
INSERT INTO workspace VALUES ('1S5-018', '1S5-018', 3418, 35);
INSERT INTO workspacefeature VALUES ('1S5-018', 1);
INSERT INTO workspacefeature VALUES ('1S5-018', 2);
INSERT INTO workspacefeature VALUES ('1S5-018', 3);
INSERT INTO workspace VALUES ('1S5-019', '1S5-019', 3419, 35);
INSERT INTO workspacefeature VALUES ('1S5-019', 1);
INSERT INTO workspace VALUES ('1S5-020', '1S5-020', 3420, 35);
INSERT INTO workspace VALUES ('1S5-021', '1S5-021', 3421, 35);
INSERT INTO workspacefeature VALUES ('1S5-021', 1);
INSERT INTO workspacefeature VALUES ('1S5-021', 3);
INSERT INTO workspace VALUES ('1S5-022', '1S5-022', 3422, 35);
INSERT INTO workspacefeature VALUES ('1S5-022', 1);
INSERT INTO workspacefeature VALUES ('1S5-022', 2);
INSERT INTO workspace VALUES ('1S5-023', '1S5-023', 3423, 35);
INSERT INTO workspacefeature VALUES ('1S5-023', 1);
INSERT INTO workspace VALUES ('1S5-024', '1S5-024', 3424, 35);
INSERT INTO workspacefeature VALUES ('1S5-024', 1);
INSERT INTO workspacefeature VALUES ('1S5-024', 2);
INSERT INTO workspacefeature VALUES ('1S5-024', 3);
INSERT INTO workspace VALUES ('1S5-025', '1S5-025', 3425, 35);
INSERT INTO workspacefeature VALUES ('1S5-025', 1);
INSERT INTO workspace VALUES ('1S5-026', '1S5-026', 3426, 35);
INSERT INTO workspacefeature VALUES ('1S5-026', 1);
INSERT INTO workspacefeature VALUES ('1S5-026', 2);
INSERT INTO workspace VALUES ('1S5-027', '1S5-027', 3427, 35);
INSERT INTO workspacefeature VALUES ('1S5-027', 1);
INSERT INTO workspacefeature VALUES ('1S5-027', 3);
INSERT INTO workspace VALUES ('1S5-028', '1S5-028', 3428, 35);
INSERT INTO workspacefeature VALUES ('1S5-028', 1);
INSERT INTO workspacefeature VALUES ('1S5-028', 2);
INSERT INTO workspace VALUES ('1S5-029', '1S5-029', 3429, 35);
INSERT INTO workspacefeature VALUES ('1S5-029', 1);
INSERT INTO workspace VALUES ('1S5-030', '1S5-030', 3430, 35);
INSERT INTO workspace VALUES ('1S5-031', '1S5-031', 3431, 35);
INSERT INTO workspacefeature VALUES ('1S5-031', 1);
INSERT INTO workspace VALUES ('1S5-032', '1S5-032', 3432, 35);
INSERT INTO workspacefeature VALUES ('1S5-032', 1);
INSERT INTO workspacefeature VALUES ('1S5-032', 2);
INSERT INTO workspace VALUES ('1S5-033', '1S5-033', 3433, 35);
INSERT INTO workspacefeature VALUES ('1S5-033', 1);
INSERT INTO workspacefeature VALUES ('1S5-033', 3);
INSERT INTO workspace VALUES ('1S5-034', '1S5-034', 3434, 35);
INSERT INTO workspacefeature VALUES ('1S5-034', 1);
INSERT INTO workspacefeature VALUES ('1S5-034', 2);
INSERT INTO workspace VALUES ('1S5-035', '1S5-035', 3435, 35);
INSERT INTO workspacefeature VALUES ('1S5-035', 1);
INSERT INTO workspace VALUES ('1S5-036', '1S5-036', 3436, 35);
INSERT INTO workspacefeature VALUES ('1S5-036', 1);
INSERT INTO workspacefeature VALUES ('1S5-036', 2);
INSERT INTO workspacefeature VALUES ('1S5-036', 3);
INSERT INTO workspace VALUES ('1S5-037', '1S5-037', 3437, 35);
INSERT INTO workspacefeature VALUES ('1S5-037', 1);
INSERT INTO workspace VALUES ('1S5-038', '1S5-038', 3438, 35);
INSERT INTO workspacefeature VALUES ('1S5-038', 1);
INSERT INTO workspacefeature VALUES ('1S5-038', 2);
INSERT INTO workspace VALUES ('1S5-039', '1S5-039', 3439, 35);
INSERT INTO workspacefeature VALUES ('1S5-039', 1);
INSERT INTO workspacefeature VALUES ('1S5-039', 3);
INSERT INTO workspace VALUES ('1S5-040', '1S5-040', 3440, 35);
INSERT INTO workspace VALUES ('1S5-041', '1S5-041', 3441, 35);
INSERT INTO workspacefeature VALUES ('1S5-041', 1);
INSERT INTO workspace VALUES ('1S5-042', '1S5-042', 3442, 35);
INSERT INTO workspacefeature VALUES ('1S5-042', 1);
INSERT INTO workspacefeature VALUES ('1S5-042', 2);
INSERT INTO workspacefeature VALUES ('1S5-042', 3);
INSERT INTO workspace VALUES ('1S5-043', '1S5-043', 3443, 35);
INSERT INTO workspacefeature VALUES ('1S5-043', 1);
INSERT INTO workspace VALUES ('1S5-044', '1S5-044', 3444, 35);
INSERT INTO workspacefeature VALUES ('1S5-044', 1);
INSERT INTO workspacefeature VALUES ('1S5-044', 2);
INSERT INTO workspace VALUES ('1S5-045', '1S5-045', 3445, 35);
INSERT INTO workspacefeature VALUES ('1S5-045', 1);
INSERT INTO workspacefeature VALUES ('1S5-045', 3);
INSERT INTO workspace VALUES ('1S5-046', '1S5-046', 3446, 35);
INSERT INTO workspacefeature VALUES ('1S5-046', 1);
INSERT INTO workspacefeature VALUES ('1S5-046', 2);
INSERT INTO workspace VALUES ('1S5-047', '1S5-047', 3447, 35);
INSERT INTO workspacefeature VALUES ('1S5-047', 1);
INSERT INTO workspace VALUES ('1S5-048', '1S5-048', 3448, 35);
INSERT INTO workspacefeature VALUES ('1S5-048', 1);
INSERT INTO workspacefeature VALUES ('1S5-048', 2);
INSERT INTO workspacefeature VALUES ('1S5-048', 3);
INSERT INTO workspace VALUES ('1S5-049', '1S5-049', 3449, 35);
INSERT INTO workspacefeature VALUES ('1S5-049', 1);
INSERT INTO workspace VALUES ('1S5-050', '1S5-050', 3450, 35);
INSERT INTO workspace VALUES ('1S5-051', '1S5-051', 3451, 35);
INSERT INTO workspacefeature VALUES ('1S5-051', 1);
INSERT INTO workspacefeature VALUES ('1S5-051', 3);
INSERT INTO workspace VALUES ('1S5-052', '1S5-052', 3452, 35);
INSERT INTO workspacefeature VALUES ('1S5-052', 1);
INSERT INTO workspacefeature VALUES ('1S5-052', 2);
INSERT INTO workspace VALUES ('1S5-053', '1S5-053', 3453, 35);
INSERT INTO workspacefeature VALUES ('1S5-053', 1);
INSERT INTO workspace VALUES ('1S5-054', '1S5-054', 3454, 35);
INSERT INTO workspacefeature VALUES ('1S5-054', 1);
INSERT INTO workspacefeature VALUES ('1S5-054', 2);
INSERT INTO workspacefeature VALUES ('1S5-054', 3);
INSERT INTO workspace VALUES ('1S5-055', '1S5-055', 3455, 35);
INSERT INTO workspacefeature VALUES ('1S5-055', 1);
INSERT INTO workspace VALUES ('1S5-056', '1S5-056', 3456, 35);
INSERT INTO workspacefeature VALUES ('1S5-056', 1);
INSERT INTO workspacefeature VALUES ('1S5-056', 2);
INSERT INTO workspace VALUES ('1S5-057', '1S5-057', 3457, 35);
INSERT INTO workspacefeature VALUES ('1S5-057', 1);
INSERT INTO workspacefeature VALUES ('1S5-057', 3);
INSERT INTO workspace VALUES ('1S5-058', '1S5-058', 3458, 35);
INSERT INTO workspacefeature VALUES ('1S5-058', 1);
INSERT INTO workspacefeature VALUES ('1S5-058', 2);
INSERT INTO workspace VALUES ('1S5-059', '1S5-059', 3459, 35);
INSERT INTO workspacefeature VALUES ('1S5-059', 1);
INSERT INTO workspace VALUES ('1S5-060', '1S5-060', 3460, 35);
INSERT INTO workspace VALUES ('1S5-061', '1S5-061', 3461, 35);
INSERT INTO workspacefeature VALUES ('1S5-061', 1);
INSERT INTO workspace VALUES ('1S5-062', '1S5-062', 3462, 35);
INSERT INTO workspacefeature VALUES ('1S5-062', 1);
INSERT INTO workspacefeature VALUES ('1S5-062', 2);
INSERT INTO workspace VALUES ('1S5-063', '1S5-063', 3463, 35);
INSERT INTO workspacefeature VALUES ('1S5-063', 1);
INSERT INTO workspacefeature VALUES ('1S5-063', 3);
INSERT INTO workspace VALUES ('1S5-064', '1S5-064', 3464, 35);
INSERT INTO workspacefeature VALUES ('1S5-064', 1);
INSERT INTO workspacefeature VALUES ('1S5-064', 2);
INSERT INTO workspace VALUES ('1S5-065', '1S5-065', 3465, 35);
INSERT INTO workspacefeature VALUES ('1S5-065', 1);
INSERT INTO workspace VALUES ('1S5-066', '1S5-066', 3466, 35);
INSERT INTO workspacefeature VALUES ('1S5-066', 1);
INSERT INTO workspacefeature VALUES ('1S5-066', 2);
INSERT INTO workspacefeature VALUES ('1S5-066', 3);
INSERT INTO workspace VALUES ('1S5-067', '1S5-067', 3467, 35);
INSERT INTO workspacefeature VALUES ('1S5-067', 1);
INSERT INTO workspace VALUES ('1S5-068', '1S5-068', 3468, 35);
INSERT INTO workspacefeature VALUES ('1S5-068', 1);
INSERT INTO workspacefeature VALUES ('1S5-068', 2);
INSERT INTO workspace VALUES ('1S5-069', '1S5-069', 3469, 35);
INSERT INTO workspacefeature VALUES ('1S5-069', 1);
INSERT INTO workspacefeature VALUES ('1S5-069', 3);
INSERT INTO workspace VALUES ('1S5-070', '1S5-070', 3470, 35);
INSERT INTO workspace VALUES ('1S5-071', '1S5-071', 3471, 35);
INSERT INTO workspacefeature VALUES ('1S5-071', 1);
INSERT INTO workspace VALUES ('1S5-072', '1S5-072', 3472, 35);
INSERT INTO workspacefeature VALUES ('1S5-072', 1);
INSERT INTO workspacefeature VALUES ('1S5-072', 2);
INSERT INTO workspacefeature VALUES ('1S5-072', 3);
INSERT INTO workspace VALUES ('1S5-073', '1S5-073', 3473, 35);
INSERT INTO workspacefeature VALUES ('1S5-073', 1);
INSERT INTO workspace VALUES ('1S5-074', '1S5-074', 3474, 35);
INSERT INTO workspacefeature VALUES ('1S5-074', 1);
INSERT INTO workspacefeature VALUES ('1S5-074', 2);
INSERT INTO workspace VALUES ('1S5-075', '1S5-075', 3475, 35);
INSERT INTO workspacefeature VALUES ('1S5-075', 1);
INSERT INTO workspacefeature VALUES ('1S5-075', 3);
INSERT INTO workspace VALUES ('1S5-076', '1S5-076', 3476, 35);
INSERT INTO workspacefeature VALUES ('1S5-076', 1);
INSERT INTO workspacefeature VALUES ('1S5-076', 2);
INSERT INTO workspace VALUES ('1S5-077', '1S5-077', 3477, 35);
INSERT INTO workspacefeature VALUES ('1S5-077', 1);
INSERT INTO workspace VALUES ('1S5-078', '1S5-078', 3478, 35);
INSERT INTO workspacefeature VALUES ('1S5-078', 1);
INSERT INTO workspacefeature VALUES ('1S5-078', 2);
INSERT INTO workspacefeature VALUES ('1S5-078', 3);
INSERT INTO workspace VALUES ('1S5-079', '1S5-079', 3479, 35);
INSERT INTO workspacefeature VALUES ('1S5-079', 1);
INSERT INTO workspace VALUES ('1S5-080', '1S5-080', 3480, 35);
INSERT INTO workspace VALUES ('1S5-081', '1S5-081', 3481, 35);
INSERT INTO workspacefeature VALUES ('1S5-081', 1);
INSERT INTO workspacefeature VALUES ('1S5-081', 3);
INSERT INTO workspace VALUES ('1S5-082', '1S5-082', 3482, 35);
INSERT INTO workspacefeature VALUES ('1S5-082', 1);
INSERT INTO workspacefeature VALUES ('1S5-082', 2);
INSERT INTO workspace VALUES ('1S5-083', '1S5-083', 3483, 35);
INSERT INTO workspacefeature VALUES ('1S5-083', 1);
INSERT INTO workspace VALUES ('1S5-084', '1S5-084', 3484, 35);
INSERT INTO workspacefeature VALUES ('1S5-084', 1);
INSERT INTO workspacefeature VALUES ('1S5-084', 2);
INSERT INTO workspacefeature VALUES ('1S5-084', 3);
INSERT INTO workspace VALUES ('1S5-085', '1S5-085', 3485, 35);
INSERT INTO workspacefeature VALUES ('1S5-085', 1);
INSERT INTO workspace VALUES ('1S5-086', '1S5-086', 3486, 35);
INSERT INTO workspacefeature VALUES ('1S5-086', 1);
INSERT INTO workspacefeature VALUES ('1S5-086', 2);
INSERT INTO workspace VALUES ('1S5-087', '1S5-087', 3487, 35);
INSERT INTO workspacefeature VALUES ('1S5-087', 1);
INSERT INTO workspacefeature VALUES ('1S5-087', 3);
INSERT INTO workspace VALUES ('1S5-088', '1S5-088', 3488, 35);
INSERT INTO workspacefeature VALUES ('1S5-088', 1);
INSERT INTO workspacefeature VALUES ('1S5-088', 2);
INSERT INTO workspace VALUES ('1S5-089', '1S5-089', 3489, 35);
INSERT INTO workspacefeature VALUES ('1S5-089', 1);
INSERT INTO workspace VALUES ('1S5-090', '1S5-090', 3490, 35);
INSERT INTO workspace VALUES ('1S5-091', '1S5-091', 3491, 35);
INSERT INTO workspacefeature VALUES ('1S5-091', 1);
INSERT INTO workspace VALUES ('1S5-092', '1S5-092', 3492, 35);
INSERT INTO workspacefeature VALUES ('1S5-092', 1);
INSERT INTO workspacefeature VALUES ('1S5-092', 2);
INSERT INTO workspace VALUES ('1S5-093', '1S5-093', 3493, 35);
INSERT INTO workspacefeature VALUES ('1S5-093', 1);
INSERT INTO workspacefeature VALUES ('1S5-093', 3);
INSERT INTO workspace VALUES ('1S5-094', '1S5-094', 3494, 35);
INSERT INTO workspacefeature VALUES ('1S5-094', 1);
INSERT INTO workspacefeature VALUES ('1S5-094', 2);
INSERT INTO workspace VALUES ('1S5-095', '1S5-095', 3495, 35);
INSERT INTO workspacefeature VALUES ('1S5-095', 1);
INSERT INTO workspace VALUES ('1S5-096', '1S5-096', 3496, 35);
INSERT INTO workspacefeature VALUES ('1S5-096', 1);
INSERT INTO workspacefeature VALUES ('1S5-096', 2);
INSERT INTO workspacefeature VALUES ('1S5-096', 3);
INSERT INTO workspace VALUES ('1S5-097', '1S5-097', 3497, 35);
INSERT INTO workspacefeature VALUES ('1S5-097', 1);
INSERT INTO workspace VALUES ('1S5-098', '1S5-098', 3498, 35);
INSERT INTO workspacefeature VALUES ('1S5-098', 1);
INSERT INTO workspacefeature VALUES ('1S5-098', 2);
INSERT INTO workspace VALUES ('1S5-099', '1S5-099', 3499, 35);
INSERT INTO workspacefeature VALUES ('1S5-099', 1);
INSERT INTO workspacefeature VALUES ('1S5-099', 3);
INSERT INTO workspace VALUES ('1S5-100', '1S5-100', 3500, 35);
INSERT INTO floor VALUES (36, 1, 'Surrey Building 2', 'Surrey', '2', NULL);
INSERT INTO workspace VALUES ('2S1-001', '2S1-001', 3501, 36);
INSERT INTO workspacefeature VALUES ('2S1-001', 1);
INSERT INTO workspace VALUES ('2S1-002', '2S1-002', 3502, 36);
INSERT INTO workspacefeature VALUES ('2S1-002', 1);
INSERT INTO workspacefeature VALUES ('2S1-002', 2);
INSERT INTO workspace VALUES ('2S1-003', '2S1-003', 3503, 36);
INSERT INTO workspacefeature VALUES ('2S1-003', 1);
INSERT INTO workspacefeature VALUES ('2S1-003', 3);
INSERT INTO workspace VALUES ('2S1-004', '2S1-004', 3504, 36);
INSERT INTO workspacefeature VALUES ('2S1-004', 1);
INSERT INTO workspacefeature VALUES ('2S1-004', 2);
INSERT INTO workspace VALUES ('2S1-005', '2S1-005', 3505, 36);
INSERT INTO workspacefeature VALUES ('2S1-005', 1);
INSERT INTO workspace VALUES ('2S1-006', '2S1-006', 3506, 36);
INSERT INTO workspacefeature VALUES ('2S1-006', 1);
INSERT INTO workspacefeature VALUES ('2S1-006', 2);
INSERT INTO workspacefeature VALUES ('2S1-006', 3);
INSERT INTO workspace VALUES ('2S1-007', '2S1-007', 3507, 36);
INSERT INTO workspacefeature VALUES ('2S1-007', 1);
INSERT INTO workspace VALUES ('2S1-008', '2S1-008', 3508, 36);
INSERT INTO workspacefeature VALUES ('2S1-008', 1);
INSERT INTO workspacefeature VALUES ('2S1-008', 2);
INSERT INTO workspace VALUES ('2S1-009', '2S1-009', 3509, 36);
INSERT INTO workspacefeature VALUES ('2S1-009', 1);
INSERT INTO workspacefeature VALUES ('2S1-009', 3);
INSERT INTO workspace VALUES ('2S1-010', '2S1-010', 3510, 36);
INSERT INTO workspace VALUES ('2S1-011', '2S1-011', 3511, 36);
INSERT INTO workspacefeature VALUES ('2S1-011', 1);
INSERT INTO workspace VALUES ('2S1-012', '2S1-012', 3512, 36);
INSERT INTO workspacefeature VALUES ('2S1-012', 1);
INSERT INTO workspacefeature VALUES ('2S1-012', 2);
INSERT INTO workspacefeature VALUES ('2S1-012', 3);
INSERT INTO workspace VALUES ('2S1-013', '2S1-013', 3513, 36);
INSERT INTO workspacefeature VALUES ('2S1-013', 1);
INSERT INTO workspace VALUES ('2S1-014', '2S1-014', 3514, 36);
INSERT INTO workspacefeature VALUES ('2S1-014', 1);
INSERT INTO workspacefeature VALUES ('2S1-014', 2);
INSERT INTO workspace VALUES ('2S1-015', '2S1-015', 3515, 36);
INSERT INTO workspacefeature VALUES ('2S1-015', 1);
INSERT INTO workspacefeature VALUES ('2S1-015', 3);
INSERT INTO workspace VALUES ('2S1-016', '2S1-016', 3516, 36);
INSERT INTO workspacefeature VALUES ('2S1-016', 1);
INSERT INTO workspacefeature VALUES ('2S1-016', 2);
INSERT INTO workspace VALUES ('2S1-017', '2S1-017', 3517, 36);
INSERT INTO workspacefeature VALUES ('2S1-017', 1);
INSERT INTO workspace VALUES ('2S1-018', '2S1-018', 3518, 36);
INSERT INTO workspacefeature VALUES ('2S1-018', 1);
INSERT INTO workspacefeature VALUES ('2S1-018', 2);
INSERT INTO workspacefeature VALUES ('2S1-018', 3);
INSERT INTO workspace VALUES ('2S1-019', '2S1-019', 3519, 36);
INSERT INTO workspacefeature VALUES ('2S1-019', 1);
INSERT INTO workspace VALUES ('2S1-020', '2S1-020', 3520, 36);
INSERT INTO workspace VALUES ('2S1-021', '2S1-021', 3521, 36);
INSERT INTO workspacefeature VALUES ('2S1-021', 1);
INSERT INTO workspacefeature VALUES ('2S1-021', 3);
INSERT INTO workspace VALUES ('2S1-022', '2S1-022', 3522, 36);
INSERT INTO workspacefeature VALUES ('2S1-022', 1);
INSERT INTO workspacefeature VALUES ('2S1-022', 2);
INSERT INTO workspace VALUES ('2S1-023', '2S1-023', 3523, 36);
INSERT INTO workspacefeature VALUES ('2S1-023', 1);
INSERT INTO workspace VALUES ('2S1-024', '2S1-024', 3524, 36);
INSERT INTO workspacefeature VALUES ('2S1-024', 1);
INSERT INTO workspacefeature VALUES ('2S1-024', 2);
INSERT INTO workspacefeature VALUES ('2S1-024', 3);
INSERT INTO workspace VALUES ('2S1-025', '2S1-025', 3525, 36);
INSERT INTO workspacefeature VALUES ('2S1-025', 1);
INSERT INTO workspace VALUES ('2S1-026', '2S1-026', 3526, 36);
INSERT INTO workspacefeature VALUES ('2S1-026', 1);
INSERT INTO workspacefeature VALUES ('2S1-026', 2);
INSERT INTO workspace VALUES ('2S1-027', '2S1-027', 3527, 36);
INSERT INTO workspacefeature VALUES ('2S1-027', 1);
INSERT INTO workspacefeature VALUES ('2S1-027', 3);
INSERT INTO workspace VALUES ('2S1-028', '2S1-028', 3528, 36);
INSERT INTO workspacefeature VALUES ('2S1-028', 1);
INSERT INTO workspacefeature VALUES ('2S1-028', 2);
INSERT INTO workspace VALUES ('2S1-029', '2S1-029', 3529, 36);
INSERT INTO workspacefeature VALUES ('2S1-029', 1);
INSERT INTO workspace VALUES ('2S1-030', '2S1-030', 3530, 36);
INSERT INTO workspace VALUES ('2S1-031', '2S1-031', 3531, 36);
INSERT INTO workspacefeature VALUES ('2S1-031', 1);
INSERT INTO workspace VALUES ('2S1-032', '2S1-032', 3532, 36);
INSERT INTO workspacefeature VALUES ('2S1-032', 1);
INSERT INTO workspacefeature VALUES ('2S1-032', 2);
INSERT INTO workspace VALUES ('2S1-033', '2S1-033', 3533, 36);
INSERT INTO workspacefeature VALUES ('2S1-033', 1);
INSERT INTO workspacefeature VALUES ('2S1-033', 3);
INSERT INTO workspace VALUES ('2S1-034', '2S1-034', 3534, 36);
INSERT INTO workspacefeature VALUES ('2S1-034', 1);
INSERT INTO workspacefeature VALUES ('2S1-034', 2);
INSERT INTO workspace VALUES ('2S1-035', '2S1-035', 3535, 36);
INSERT INTO workspacefeature VALUES ('2S1-035', 1);
INSERT INTO workspace VALUES ('2S1-036', '2S1-036', 3536, 36);
INSERT INTO workspacefeature VALUES ('2S1-036', 1);
INSERT INTO workspacefeature VALUES ('2S1-036', 2);
INSERT INTO workspacefeature VALUES ('2S1-036', 3);
INSERT INTO workspace VALUES ('2S1-037', '2S1-037', 3537, 36);
INSERT INTO workspacefeature VALUES ('2S1-037', 1);
INSERT INTO workspace VALUES ('2S1-038', '2S1-038', 3538, 36);
INSERT INTO workspacefeature VALUES ('2S1-038', 1);
INSERT INTO workspacefeature VALUES ('2S1-038', 2);
INSERT INTO workspace VALUES ('2S1-039', '2S1-039', 3539, 36);
INSERT INTO workspacefeature VALUES ('2S1-039', 1);
INSERT INTO workspacefeature VALUES ('2S1-039', 3);
INSERT INTO workspace VALUES ('2S1-040', '2S1-040', 3540, 36);
INSERT INTO workspace VALUES ('2S1-041', '2S1-041', 3541, 36);
INSERT INTO workspacefeature VALUES ('2S1-041', 1);
INSERT INTO workspace VALUES ('2S1-042', '2S1-042', 3542, 36);
INSERT INTO workspacefeature VALUES ('2S1-042', 1);
INSERT INTO workspacefeature VALUES ('2S1-042', 2);
INSERT INTO workspacefeature VALUES ('2S1-042', 3);
INSERT INTO workspace VALUES ('2S1-043', '2S1-043', 3543, 36);
INSERT INTO workspacefeature VALUES ('2S1-043', 1);
INSERT INTO workspace VALUES ('2S1-044', '2S1-044', 3544, 36);
INSERT INTO workspacefeature VALUES ('2S1-044', 1);
INSERT INTO workspacefeature VALUES ('2S1-044', 2);
INSERT INTO workspace VALUES ('2S1-045', '2S1-045', 3545, 36);
INSERT INTO workspacefeature VALUES ('2S1-045', 1);
INSERT INTO workspacefeature VALUES ('2S1-045', 3);
INSERT INTO workspace VALUES ('2S1-046', '2S1-046', 3546, 36);
INSERT INTO workspacefeature VALUES ('2S1-046', 1);
INSERT INTO workspacefeature VALUES ('2S1-046', 2);
INSERT INTO workspace VALUES ('2S1-047', '2S1-047', 3547, 36);
INSERT INTO workspacefeature VALUES ('2S1-047', 1);
INSERT INTO workspace VALUES ('2S1-048', '2S1-048', 3548, 36);
INSERT INTO workspacefeature VALUES ('2S1-048', 1);
INSERT INTO workspacefeature VALUES ('2S1-048', 2);
INSERT INTO workspacefeature VALUES ('2S1-048', 3);
INSERT INTO workspace VALUES ('2S1-049', '2S1-049', 3549, 36);
INSERT INTO workspacefeature VALUES ('2S1-049', 1);
INSERT INTO workspace VALUES ('2S1-050', '2S1-050', 3550, 36);
INSERT INTO workspace VALUES ('2S1-051', '2S1-051', 3551, 36);
INSERT INTO workspacefeature VALUES ('2S1-051', 1);
INSERT INTO workspacefeature VALUES ('2S1-051', 3);
INSERT INTO workspace VALUES ('2S1-052', '2S1-052', 3552, 36);
INSERT INTO workspacefeature VALUES ('2S1-052', 1);
INSERT INTO workspacefeature VALUES ('2S1-052', 2);
INSERT INTO workspace VALUES ('2S1-053', '2S1-053', 3553, 36);
INSERT INTO workspacefeature VALUES ('2S1-053', 1);
INSERT INTO workspace VALUES ('2S1-054', '2S1-054', 3554, 36);
INSERT INTO workspacefeature VALUES ('2S1-054', 1);
INSERT INTO workspacefeature VALUES ('2S1-054', 2);
INSERT INTO workspacefeature VALUES ('2S1-054', 3);
INSERT INTO workspace VALUES ('2S1-055', '2S1-055', 3555, 36);
INSERT INTO workspacefeature VALUES ('2S1-055', 1);
INSERT INTO workspace VALUES ('2S1-056', '2S1-056', 3556, 36);
INSERT INTO workspacefeature VALUES ('2S1-056', 1);
INSERT INTO workspacefeature VALUES ('2S1-056', 2);
INSERT INTO workspace VALUES ('2S1-057', '2S1-057', 3557, 36);
INSERT INTO workspacefeature VALUES ('2S1-057', 1);
INSERT INTO workspacefeature VALUES ('2S1-057', 3);
INSERT INTO workspace VALUES ('2S1-058', '2S1-058', 3558, 36);
INSERT INTO workspacefeature VALUES ('2S1-058', 1);
INSERT INTO workspacefeature VALUES ('2S1-058', 2);
INSERT INTO workspace VALUES ('2S1-059', '2S1-059', 3559, 36);
INSERT INTO workspacefeature VALUES ('2S1-059', 1);
INSERT INTO workspace VALUES ('2S1-060', '2S1-060', 3560, 36);
INSERT INTO workspace VALUES ('2S1-061', '2S1-061', 3561, 36);
INSERT INTO workspacefeature VALUES ('2S1-061', 1);
INSERT INTO workspace VALUES ('2S1-062', '2S1-062', 3562, 36);
INSERT INTO workspacefeature VALUES ('2S1-062', 1);
INSERT INTO workspacefeature VALUES ('2S1-062', 2);
INSERT INTO workspace VALUES ('2S1-063', '2S1-063', 3563, 36);
INSERT INTO workspacefeature VALUES ('2S1-063', 1);
INSERT INTO workspacefeature VALUES ('2S1-063', 3);
INSERT INTO workspace VALUES ('2S1-064', '2S1-064', 3564, 36);
INSERT INTO workspacefeature VALUES ('2S1-064', 1);
INSERT INTO workspacefeature VALUES ('2S1-064', 2);
INSERT INTO workspace VALUES ('2S1-065', '2S1-065', 3565, 36);
INSERT INTO workspacefeature VALUES ('2S1-065', 1);
INSERT INTO workspace VALUES ('2S1-066', '2S1-066', 3566, 36);
INSERT INTO workspacefeature VALUES ('2S1-066', 1);
INSERT INTO workspacefeature VALUES ('2S1-066', 2);
INSERT INTO workspacefeature VALUES ('2S1-066', 3);
INSERT INTO workspace VALUES ('2S1-067', '2S1-067', 3567, 36);
INSERT INTO workspacefeature VALUES ('2S1-067', 1);
INSERT INTO workspace VALUES ('2S1-068', '2S1-068', 3568, 36);
INSERT INTO workspacefeature VALUES ('2S1-068', 1);
INSERT INTO workspacefeature VALUES ('2S1-068', 2);
INSERT INTO workspace VALUES ('2S1-069', '2S1-069', 3569, 36);
INSERT INTO workspacefeature VALUES ('2S1-069', 1);
INSERT INTO workspacefeature VALUES ('2S1-069', 3);
INSERT INTO workspace VALUES ('2S1-070', '2S1-070', 3570, 36);
INSERT INTO workspace VALUES ('2S1-071', '2S1-071', 3571, 36);
INSERT INTO workspacefeature VALUES ('2S1-071', 1);
INSERT INTO workspace VALUES ('2S1-072', '2S1-072', 3572, 36);
INSERT INTO workspacefeature VALUES ('2S1-072', 1);
INSERT INTO workspacefeature VALUES ('2S1-072', 2);
INSERT INTO workspacefeature VALUES ('2S1-072', 3);
INSERT INTO workspace VALUES ('2S1-073', '2S1-073', 3573, 36);
INSERT INTO workspacefeature VALUES ('2S1-073', 1);
INSERT INTO workspace VALUES ('2S1-074', '2S1-074', 3574, 36);
INSERT INTO workspacefeature VALUES ('2S1-074', 1);
INSERT INTO workspacefeature VALUES ('2S1-074', 2);
INSERT INTO workspace VALUES ('2S1-075', '2S1-075', 3575, 36);
INSERT INTO workspacefeature VALUES ('2S1-075', 1);
INSERT INTO workspacefeature VALUES ('2S1-075', 3);
INSERT INTO workspace VALUES ('2S1-076', '2S1-076', 3576, 36);
INSERT INTO workspacefeature VALUES ('2S1-076', 1);
INSERT INTO workspacefeature VALUES ('2S1-076', 2);
INSERT INTO workspace VALUES ('2S1-077', '2S1-077', 3577, 36);
INSERT INTO workspacefeature VALUES ('2S1-077', 1);
INSERT INTO workspace VALUES ('2S1-078', '2S1-078', 3578, 36);
INSERT INTO workspacefeature VALUES ('2S1-078', 1);
INSERT INTO workspacefeature VALUES ('2S1-078', 2);
INSERT INTO workspacefeature VALUES ('2S1-078', 3);
INSERT INTO workspace VALUES ('2S1-079', '2S1-079', 3579, 36);
INSERT INTO workspacefeature VALUES ('2S1-079', 1);
INSERT INTO workspace VALUES ('2S1-080', '2S1-080', 3580, 36);
INSERT INTO workspace VALUES ('2S1-081', '2S1-081', 3581, 36);
INSERT INTO workspacefeature VALUES ('2S1-081', 1);
INSERT INTO workspacefeature VALUES ('2S1-081', 3);
INSERT INTO workspace VALUES ('2S1-082', '2S1-082', 3582, 36);
INSERT INTO workspacefeature VALUES ('2S1-082', 1);
INSERT INTO workspacefeature VALUES ('2S1-082', 2);
INSERT INTO workspace VALUES ('2S1-083', '2S1-083', 3583, 36);
INSERT INTO workspacefeature VALUES ('2S1-083', 1);
INSERT INTO workspace VALUES ('2S1-084', '2S1-084', 3584, 36);
INSERT INTO workspacefeature VALUES ('2S1-084', 1);
INSERT INTO workspacefeature VALUES ('2S1-084', 2);
INSERT INTO workspacefeature VALUES ('2S1-084', 3);
INSERT INTO workspace VALUES ('2S1-085', '2S1-085', 3585, 36);
INSERT INTO workspacefeature VALUES ('2S1-085', 1);
INSERT INTO workspace VALUES ('2S1-086', '2S1-086', 3586, 36);
INSERT INTO workspacefeature VALUES ('2S1-086', 1);
INSERT INTO workspacefeature VALUES ('2S1-086', 2);
INSERT INTO workspace VALUES ('2S1-087', '2S1-087', 3587, 36);
INSERT INTO workspacefeature VALUES ('2S1-087', 1);
INSERT INTO workspacefeature VALUES ('2S1-087', 3);
INSERT INTO workspace VALUES ('2S1-088', '2S1-088', 3588, 36);
INSERT INTO workspacefeature VALUES ('2S1-088', 1);
INSERT INTO workspacefeature VALUES ('2S1-088', 2);
INSERT INTO workspace VALUES ('2S1-089', '2S1-089', 3589, 36);
INSERT INTO workspacefeature VALUES ('2S1-089', 1);
INSERT INTO workspace VALUES ('2S1-090', '2S1-090', 3590, 36);
INSERT INTO workspace VALUES ('2S1-091', '2S1-091', 3591, 36);
INSERT INTO workspacefeature VALUES ('2S1-091', 1);
INSERT INTO workspace VALUES ('2S1-092', '2S1-092', 3592, 36);
INSERT INTO workspacefeature VALUES ('2S1-092', 1);
INSERT INTO workspacefeature VALUES ('2S1-092', 2);
INSERT INTO workspace VALUES ('2S1-093', '2S1-093', 3593, 36);
INSERT INTO workspacefeature VALUES ('2S1-093', 1);
INSERT INTO workspacefeature VALUES ('2S1-093', 3);
INSERT INTO workspace VALUES ('2S1-094', '2S1-094', 3594, 36);
INSERT INTO workspacefeature VALUES ('2S1-094', 1);
INSERT INTO workspacefeature VALUES ('2S1-094', 2);
INSERT INTO workspace VALUES ('2S1-095', '2S1-095', 3595, 36);
INSERT INTO workspacefeature VALUES ('2S1-095', 1);
INSERT INTO workspace VALUES ('2S1-096', '2S1-096', 3596, 36);
INSERT INTO workspacefeature VALUES ('2S1-096', 1);
INSERT INTO workspacefeature VALUES ('2S1-096', 2);
INSERT INTO workspacefeature VALUES ('2S1-096', 3);
INSERT INTO workspace VALUES ('2S1-097', '2S1-097', 3597, 36);
INSERT INTO workspacefeature VALUES ('2S1-097', 1);
INSERT INTO workspace VALUES ('2S1-098', '2S1-098', 3598, 36);
INSERT INTO workspacefeature VALUES ('2S1-098', 1);
INSERT INTO workspacefeature VALUES ('2S1-098', 2);
INSERT INTO workspace VALUES ('2S1-099', '2S1-099', 3599, 36);
INSERT INTO workspacefeature VALUES ('2S1-099', 1);
INSERT INTO workspacefeature VALUES ('2S1-099', 3);
INSERT INTO workspace VALUES ('2S1-100', '2S1-100', 3600, 36);
INSERT INTO floor VALUES (37, 2, 'Surrey Building 2', 'Surrey', '2', NULL);
INSERT INTO workspace VALUES ('2S2-001', '2S2-001', 3601, 37);
INSERT INTO workspacefeature VALUES ('2S2-001', 1);
INSERT INTO workspace VALUES ('2S2-002', '2S2-002', 3602, 37);
INSERT INTO workspacefeature VALUES ('2S2-002', 1);
INSERT INTO workspacefeature VALUES ('2S2-002', 2);
INSERT INTO workspace VALUES ('2S2-003', '2S2-003', 3603, 37);
INSERT INTO workspacefeature VALUES ('2S2-003', 1);
INSERT INTO workspacefeature VALUES ('2S2-003', 3);
INSERT INTO workspace VALUES ('2S2-004', '2S2-004', 3604, 37);
INSERT INTO workspacefeature VALUES ('2S2-004', 1);
INSERT INTO workspacefeature VALUES ('2S2-004', 2);
INSERT INTO workspace VALUES ('2S2-005', '2S2-005', 3605, 37);
INSERT INTO workspacefeature VALUES ('2S2-005', 1);
INSERT INTO workspace VALUES ('2S2-006', '2S2-006', 3606, 37);
INSERT INTO workspacefeature VALUES ('2S2-006', 1);
INSERT INTO workspacefeature VALUES ('2S2-006', 2);
INSERT INTO workspacefeature VALUES ('2S2-006', 3);
INSERT INTO workspace VALUES ('2S2-007', '2S2-007', 3607, 37);
INSERT INTO workspacefeature VALUES ('2S2-007', 1);
INSERT INTO workspace VALUES ('2S2-008', '2S2-008', 3608, 37);
INSERT INTO workspacefeature VALUES ('2S2-008', 1);
INSERT INTO workspacefeature VALUES ('2S2-008', 2);
INSERT INTO workspace VALUES ('2S2-009', '2S2-009', 3609, 37);
INSERT INTO workspacefeature VALUES ('2S2-009', 1);
INSERT INTO workspacefeature VALUES ('2S2-009', 3);
INSERT INTO workspace VALUES ('2S2-010', '2S2-010', 3610, 37);
INSERT INTO workspace VALUES ('2S2-011', '2S2-011', 3611, 37);
INSERT INTO workspacefeature VALUES ('2S2-011', 1);
INSERT INTO workspace VALUES ('2S2-012', '2S2-012', 3612, 37);
INSERT INTO workspacefeature VALUES ('2S2-012', 1);
INSERT INTO workspacefeature VALUES ('2S2-012', 2);
INSERT INTO workspacefeature VALUES ('2S2-012', 3);
INSERT INTO workspace VALUES ('2S2-013', '2S2-013', 3613, 37);
INSERT INTO workspacefeature VALUES ('2S2-013', 1);
INSERT INTO workspace VALUES ('2S2-014', '2S2-014', 3614, 37);
INSERT INTO workspacefeature VALUES ('2S2-014', 1);
INSERT INTO workspacefeature VALUES ('2S2-014', 2);
INSERT INTO workspace VALUES ('2S2-015', '2S2-015', 3615, 37);
INSERT INTO workspacefeature VALUES ('2S2-015', 1);
INSERT INTO workspacefeature VALUES ('2S2-015', 3);
INSERT INTO workspace VALUES ('2S2-016', '2S2-016', 3616, 37);
INSERT INTO workspacefeature VALUES ('2S2-016', 1);
INSERT INTO workspacefeature VALUES ('2S2-016', 2);
INSERT INTO workspace VALUES ('2S2-017', '2S2-017', 3617, 37);
INSERT INTO workspacefeature VALUES ('2S2-017', 1);
INSERT INTO workspace VALUES ('2S2-018', '2S2-018', 3618, 37);
INSERT INTO workspacefeature VALUES ('2S2-018', 1);
INSERT INTO workspacefeature VALUES ('2S2-018', 2);
INSERT INTO workspacefeature VALUES ('2S2-018', 3);
INSERT INTO workspace VALUES ('2S2-019', '2S2-019', 3619, 37);
INSERT INTO workspacefeature VALUES ('2S2-019', 1);
INSERT INTO workspace VALUES ('2S2-020', '2S2-020', 3620, 37);
INSERT INTO workspace VALUES ('2S2-021', '2S2-021', 3621, 37);
INSERT INTO workspacefeature VALUES ('2S2-021', 1);
INSERT INTO workspacefeature VALUES ('2S2-021', 3);
INSERT INTO workspace VALUES ('2S2-022', '2S2-022', 3622, 37);
INSERT INTO workspacefeature VALUES ('2S2-022', 1);
INSERT INTO workspacefeature VALUES ('2S2-022', 2);
INSERT INTO workspace VALUES ('2S2-023', '2S2-023', 3623, 37);
INSERT INTO workspacefeature VALUES ('2S2-023', 1);
INSERT INTO workspace VALUES ('2S2-024', '2S2-024', 3624, 37);
INSERT INTO workspacefeature VALUES ('2S2-024', 1);
INSERT INTO workspacefeature VALUES ('2S2-024', 2);
INSERT INTO workspacefeature VALUES ('2S2-024', 3);
INSERT INTO workspace VALUES ('2S2-025', '2S2-025', 3625, 37);
INSERT INTO workspacefeature VALUES ('2S2-025', 1);
INSERT INTO workspace VALUES ('2S2-026', '2S2-026', 3626, 37);
INSERT INTO workspacefeature VALUES ('2S2-026', 1);
INSERT INTO workspacefeature VALUES ('2S2-026', 2);
INSERT INTO workspace VALUES ('2S2-027', '2S2-027', 3627, 37);
INSERT INTO workspacefeature VALUES ('2S2-027', 1);
INSERT INTO workspacefeature VALUES ('2S2-027', 3);
INSERT INTO workspace VALUES ('2S2-028', '2S2-028', 3628, 37);
INSERT INTO workspacefeature VALUES ('2S2-028', 1);
INSERT INTO workspacefeature VALUES ('2S2-028', 2);
INSERT INTO workspace VALUES ('2S2-029', '2S2-029', 3629, 37);
INSERT INTO workspacefeature VALUES ('2S2-029', 1);
INSERT INTO workspace VALUES ('2S2-030', '2S2-030', 3630, 37);
INSERT INTO workspace VALUES ('2S2-031', '2S2-031', 3631, 37);
INSERT INTO workspacefeature VALUES ('2S2-031', 1);
INSERT INTO workspace VALUES ('2S2-032', '2S2-032', 3632, 37);
INSERT INTO workspacefeature VALUES ('2S2-032', 1);
INSERT INTO workspacefeature VALUES ('2S2-032', 2);
INSERT INTO workspace VALUES ('2S2-033', '2S2-033', 3633, 37);
INSERT INTO workspacefeature VALUES ('2S2-033', 1);
INSERT INTO workspacefeature VALUES ('2S2-033', 3);
INSERT INTO workspace VALUES ('2S2-034', '2S2-034', 3634, 37);
INSERT INTO workspacefeature VALUES ('2S2-034', 1);
INSERT INTO workspacefeature VALUES ('2S2-034', 2);
INSERT INTO workspace VALUES ('2S2-035', '2S2-035', 3635, 37);
INSERT INTO workspacefeature VALUES ('2S2-035', 1);
INSERT INTO workspace VALUES ('2S2-036', '2S2-036', 3636, 37);
INSERT INTO workspacefeature VALUES ('2S2-036', 1);
INSERT INTO workspacefeature VALUES ('2S2-036', 2);
INSERT INTO workspacefeature VALUES ('2S2-036', 3);
INSERT INTO workspace VALUES ('2S2-037', '2S2-037', 3637, 37);
INSERT INTO workspacefeature VALUES ('2S2-037', 1);
INSERT INTO workspace VALUES ('2S2-038', '2S2-038', 3638, 37);
INSERT INTO workspacefeature VALUES ('2S2-038', 1);
INSERT INTO workspacefeature VALUES ('2S2-038', 2);
INSERT INTO workspace VALUES ('2S2-039', '2S2-039', 3639, 37);
INSERT INTO workspacefeature VALUES ('2S2-039', 1);
INSERT INTO workspacefeature VALUES ('2S2-039', 3);
INSERT INTO workspace VALUES ('2S2-040', '2S2-040', 3640, 37);
INSERT INTO workspace VALUES ('2S2-041', '2S2-041', 3641, 37);
INSERT INTO workspacefeature VALUES ('2S2-041', 1);
INSERT INTO workspace VALUES ('2S2-042', '2S2-042', 3642, 37);
INSERT INTO workspacefeature VALUES ('2S2-042', 1);
INSERT INTO workspacefeature VALUES ('2S2-042', 2);
INSERT INTO workspacefeature VALUES ('2S2-042', 3);
INSERT INTO workspace VALUES ('2S2-043', '2S2-043', 3643, 37);
INSERT INTO workspacefeature VALUES ('2S2-043', 1);
INSERT INTO workspace VALUES ('2S2-044', '2S2-044', 3644, 37);
INSERT INTO workspacefeature VALUES ('2S2-044', 1);
INSERT INTO workspacefeature VALUES ('2S2-044', 2);
INSERT INTO workspace VALUES ('2S2-045', '2S2-045', 3645, 37);
INSERT INTO workspacefeature VALUES ('2S2-045', 1);
INSERT INTO workspacefeature VALUES ('2S2-045', 3);
INSERT INTO workspace VALUES ('2S2-046', '2S2-046', 3646, 37);
INSERT INTO workspacefeature VALUES ('2S2-046', 1);
INSERT INTO workspacefeature VALUES ('2S2-046', 2);
INSERT INTO workspace VALUES ('2S2-047', '2S2-047', 3647, 37);
INSERT INTO workspacefeature VALUES ('2S2-047', 1);
INSERT INTO workspace VALUES ('2S2-048', '2S2-048', 3648, 37);
INSERT INTO workspacefeature VALUES ('2S2-048', 1);
INSERT INTO workspacefeature VALUES ('2S2-048', 2);
INSERT INTO workspacefeature VALUES ('2S2-048', 3);
INSERT INTO workspace VALUES ('2S2-049', '2S2-049', 3649, 37);
INSERT INTO workspacefeature VALUES ('2S2-049', 1);
INSERT INTO workspace VALUES ('2S2-050', '2S2-050', 3650, 37);
INSERT INTO workspace VALUES ('2S2-051', '2S2-051', 3651, 37);
INSERT INTO workspacefeature VALUES ('2S2-051', 1);
INSERT INTO workspacefeature VALUES ('2S2-051', 3);
INSERT INTO workspace VALUES ('2S2-052', '2S2-052', 3652, 37);
INSERT INTO workspacefeature VALUES ('2S2-052', 1);
INSERT INTO workspacefeature VALUES ('2S2-052', 2);
INSERT INTO workspace VALUES ('2S2-053', '2S2-053', 3653, 37);
INSERT INTO workspacefeature VALUES ('2S2-053', 1);
INSERT INTO workspace VALUES ('2S2-054', '2S2-054', 3654, 37);
INSERT INTO workspacefeature VALUES ('2S2-054', 1);
INSERT INTO workspacefeature VALUES ('2S2-054', 2);
INSERT INTO workspacefeature VALUES ('2S2-054', 3);
INSERT INTO workspace VALUES ('2S2-055', '2S2-055', 3655, 37);
INSERT INTO workspacefeature VALUES ('2S2-055', 1);
INSERT INTO workspace VALUES ('2S2-056', '2S2-056', 3656, 37);
INSERT INTO workspacefeature VALUES ('2S2-056', 1);
INSERT INTO workspacefeature VALUES ('2S2-056', 2);
INSERT INTO workspace VALUES ('2S2-057', '2S2-057', 3657, 37);
INSERT INTO workspacefeature VALUES ('2S2-057', 1);
INSERT INTO workspacefeature VALUES ('2S2-057', 3);
INSERT INTO workspace VALUES ('2S2-058', '2S2-058', 3658, 37);
INSERT INTO workspacefeature VALUES ('2S2-058', 1);
INSERT INTO workspacefeature VALUES ('2S2-058', 2);
INSERT INTO workspace VALUES ('2S2-059', '2S2-059', 3659, 37);
INSERT INTO workspacefeature VALUES ('2S2-059', 1);
INSERT INTO workspace VALUES ('2S2-060', '2S2-060', 3660, 37);
INSERT INTO workspace VALUES ('2S2-061', '2S2-061', 3661, 37);
INSERT INTO workspacefeature VALUES ('2S2-061', 1);
INSERT INTO workspace VALUES ('2S2-062', '2S2-062', 3662, 37);
INSERT INTO workspacefeature VALUES ('2S2-062', 1);
INSERT INTO workspacefeature VALUES ('2S2-062', 2);
INSERT INTO workspace VALUES ('2S2-063', '2S2-063', 3663, 37);
INSERT INTO workspacefeature VALUES ('2S2-063', 1);
INSERT INTO workspacefeature VALUES ('2S2-063', 3);
INSERT INTO workspace VALUES ('2S2-064', '2S2-064', 3664, 37);
INSERT INTO workspacefeature VALUES ('2S2-064', 1);
INSERT INTO workspacefeature VALUES ('2S2-064', 2);
INSERT INTO workspace VALUES ('2S2-065', '2S2-065', 3665, 37);
INSERT INTO workspacefeature VALUES ('2S2-065', 1);
INSERT INTO workspace VALUES ('2S2-066', '2S2-066', 3666, 37);
INSERT INTO workspacefeature VALUES ('2S2-066', 1);
INSERT INTO workspacefeature VALUES ('2S2-066', 2);
INSERT INTO workspacefeature VALUES ('2S2-066', 3);
INSERT INTO workspace VALUES ('2S2-067', '2S2-067', 3667, 37);
INSERT INTO workspacefeature VALUES ('2S2-067', 1);
INSERT INTO workspace VALUES ('2S2-068', '2S2-068', 3668, 37);
INSERT INTO workspacefeature VALUES ('2S2-068', 1);
INSERT INTO workspacefeature VALUES ('2S2-068', 2);
INSERT INTO workspace VALUES ('2S2-069', '2S2-069', 3669, 37);
INSERT INTO workspacefeature VALUES ('2S2-069', 1);
INSERT INTO workspacefeature VALUES ('2S2-069', 3);
INSERT INTO workspace VALUES ('2S2-070', '2S2-070', 3670, 37);
INSERT INTO workspace VALUES ('2S2-071', '2S2-071', 3671, 37);
INSERT INTO workspacefeature VALUES ('2S2-071', 1);
INSERT INTO workspace VALUES ('2S2-072', '2S2-072', 3672, 37);
INSERT INTO workspacefeature VALUES ('2S2-072', 1);
INSERT INTO workspacefeature VALUES ('2S2-072', 2);
INSERT INTO workspacefeature VALUES ('2S2-072', 3);
INSERT INTO workspace VALUES ('2S2-073', '2S2-073', 3673, 37);
INSERT INTO workspacefeature VALUES ('2S2-073', 1);
INSERT INTO workspace VALUES ('2S2-074', '2S2-074', 3674, 37);
INSERT INTO workspacefeature VALUES ('2S2-074', 1);
INSERT INTO workspacefeature VALUES ('2S2-074', 2);
INSERT INTO workspace VALUES ('2S2-075', '2S2-075', 3675, 37);
INSERT INTO workspacefeature VALUES ('2S2-075', 1);
INSERT INTO workspacefeature VALUES ('2S2-075', 3);
INSERT INTO workspace VALUES ('2S2-076', '2S2-076', 3676, 37);
INSERT INTO workspacefeature VALUES ('2S2-076', 1);
INSERT INTO workspacefeature VALUES ('2S2-076', 2);
INSERT INTO workspace VALUES ('2S2-077', '2S2-077', 3677, 37);
INSERT INTO workspacefeature VALUES ('2S2-077', 1);
INSERT INTO workspace VALUES ('2S2-078', '2S2-078', 3678, 37);
INSERT INTO workspacefeature VALUES ('2S2-078', 1);
INSERT INTO workspacefeature VALUES ('2S2-078', 2);
INSERT INTO workspacefeature VALUES ('2S2-078', 3);
INSERT INTO workspace VALUES ('2S2-079', '2S2-079', 3679, 37);
INSERT INTO workspacefeature VALUES ('2S2-079', 1);
INSERT INTO workspace VALUES ('2S2-080', '2S2-080', 3680, 37);
INSERT INTO workspace VALUES ('2S2-081', '2S2-081', 3681, 37);
INSERT INTO workspacefeature VALUES ('2S2-081', 1);
INSERT INTO workspacefeature VALUES ('2S2-081', 3);
INSERT INTO workspace VALUES ('2S2-082', '2S2-082', 3682, 37);
INSERT INTO workspacefeature VALUES ('2S2-082', 1);
INSERT INTO workspacefeature VALUES ('2S2-082', 2);
INSERT INTO workspace VALUES ('2S2-083', '2S2-083', 3683, 37);
INSERT INTO workspacefeature VALUES ('2S2-083', 1);
INSERT INTO workspace VALUES ('2S2-084', '2S2-084', 3684, 37);
INSERT INTO workspacefeature VALUES ('2S2-084', 1);
INSERT INTO workspacefeature VALUES ('2S2-084', 2);
INSERT INTO workspacefeature VALUES ('2S2-084', 3);
INSERT INTO workspace VALUES ('2S2-085', '2S2-085', 3685, 37);
INSERT INTO workspacefeature VALUES ('2S2-085', 1);
INSERT INTO workspace VALUES ('2S2-086', '2S2-086', 3686, 37);
INSERT INTO workspacefeature VALUES ('2S2-086', 1);
INSERT INTO workspacefeature VALUES ('2S2-086', 2);
INSERT INTO workspace VALUES ('2S2-087', '2S2-087', 3687, 37);
INSERT INTO workspacefeature VALUES ('2S2-087', 1);
INSERT INTO workspacefeature VALUES ('2S2-087', 3);
INSERT INTO workspace VALUES ('2S2-088', '2S2-088', 3688, 37);
INSERT INTO workspacefeature VALUES ('2S2-088', 1);
INSERT INTO workspacefeature VALUES ('2S2-088', 2);
INSERT INTO workspace VALUES ('2S2-089', '2S2-089', 3689, 37);
INSERT INTO workspacefeature VALUES ('2S2-089', 1);
INSERT INTO workspace VALUES ('2S2-090', '2S2-090', 3690, 37);
INSERT INTO workspace VALUES ('2S2-091', '2S2-091', 3691, 37);
INSERT INTO workspacefeature VALUES ('2S2-091', 1);
INSERT INTO workspace VALUES ('2S2-092', '2S2-092', 3692, 37);
INSERT INTO workspacefeature VALUES ('2S2-092', 1);
INSERT INTO workspacefeature VALUES ('2S2-092', 2);
INSERT INTO workspace VALUES ('2S2-093', '2S2-093', 3693, 37);
INSERT INTO workspacefeature VALUES ('2S2-093', 1);
INSERT INTO workspacefeature VALUES ('2S2-093', 3);
INSERT INTO workspace VALUES ('2S2-094', '2S2-094', 3694, 37);
INSERT INTO workspacefeature VALUES ('2S2-094', 1);
INSERT INTO workspacefeature VALUES ('2S2-094', 2);
INSERT INTO workspace VALUES ('2S2-095', '2S2-095', 3695, 37);
INSERT INTO workspacefeature VALUES ('2S2-095', 1);
INSERT INTO workspace VALUES ('2S2-096', '2S2-096', 3696, 37);
INSERT INTO workspacefeature VALUES ('2S2-096', 1);
INSERT INTO workspacefeature VALUES ('2S2-096', 2);
INSERT INTO workspacefeature VALUES ('2S2-096', 3);
INSERT INTO workspace VALUES ('2S2-097', '2S2-097', 3697, 37);
INSERT INTO workspacefeature VALUES ('2S2-097', 1);
INSERT INTO workspace VALUES ('2S2-098', '2S2-098', 3698, 37);
INSERT INTO workspacefeature VALUES ('2S2-098', 1);
INSERT INTO workspacefeature VALUES ('2S2-098', 2);
INSERT INTO workspace VALUES ('2S2-099', '2S2-099', 3699, 37);
INSERT INTO workspacefeature VALUES ('2S2-099', 1);
INSERT INTO workspacefeature VALUES ('2S2-099', 3);
INSERT INTO workspace VALUES ('2S2-100', '2S2-100', 3700, 37);
INSERT INTO floor VALUES (38, 3, 'Surrey Building 2', 'Surrey', '2', NULL);
INSERT INTO workspace VALUES ('2S3-001', '2S3-001', 3701, 38);
INSERT INTO workspacefeature VALUES ('2S3-001', 1);
INSERT INTO workspace VALUES ('2S3-002', '2S3-002', 3702, 38);
INSERT INTO workspacefeature VALUES ('2S3-002', 1);
INSERT INTO workspacefeature VALUES ('2S3-002', 2);
INSERT INTO workspace VALUES ('2S3-003', '2S3-003', 3703, 38);
INSERT INTO workspacefeature VALUES ('2S3-003', 1);
INSERT INTO workspacefeature VALUES ('2S3-003', 3);
INSERT INTO workspace VALUES ('2S3-004', '2S3-004', 3704, 38);
INSERT INTO workspacefeature VALUES ('2S3-004', 1);
INSERT INTO workspacefeature VALUES ('2S3-004', 2);
INSERT INTO workspace VALUES ('2S3-005', '2S3-005', 3705, 38);
INSERT INTO workspacefeature VALUES ('2S3-005', 1);
INSERT INTO workspace VALUES ('2S3-006', '2S3-006', 3706, 38);
INSERT INTO workspacefeature VALUES ('2S3-006', 1);
INSERT INTO workspacefeature VALUES ('2S3-006', 2);
INSERT INTO workspacefeature VALUES ('2S3-006', 3);
INSERT INTO workspace VALUES ('2S3-007', '2S3-007', 3707, 38);
INSERT INTO workspacefeature VALUES ('2S3-007', 1);
INSERT INTO workspace VALUES ('2S3-008', '2S3-008', 3708, 38);
INSERT INTO workspacefeature VALUES ('2S3-008', 1);
INSERT INTO workspacefeature VALUES ('2S3-008', 2);
INSERT INTO workspace VALUES ('2S3-009', '2S3-009', 3709, 38);
INSERT INTO workspacefeature VALUES ('2S3-009', 1);
INSERT INTO workspacefeature VALUES ('2S3-009', 3);
INSERT INTO workspace VALUES ('2S3-010', '2S3-010', 3710, 38);
INSERT INTO workspace VALUES ('2S3-011', '2S3-011', 3711, 38);
INSERT INTO workspacefeature VALUES ('2S3-011', 1);
INSERT INTO workspace VALUES ('2S3-012', '2S3-012', 3712, 38);
INSERT INTO workspacefeature VALUES ('2S3-012', 1);
INSERT INTO workspacefeature VALUES ('2S3-012', 2);
INSERT INTO workspacefeature VALUES ('2S3-012', 3);
INSERT INTO workspace VALUES ('2S3-013', '2S3-013', 3713, 38);
INSERT INTO workspacefeature VALUES ('2S3-013', 1);
INSERT INTO workspace VALUES ('2S3-014', '2S3-014', 3714, 38);
INSERT INTO workspacefeature VALUES ('2S3-014', 1);
INSERT INTO workspacefeature VALUES ('2S3-014', 2);
INSERT INTO workspace VALUES ('2S3-015', '2S3-015', 3715, 38);
INSERT INTO workspacefeature VALUES ('2S3-015', 1);
INSERT INTO workspacefeature VALUES ('2S3-015', 3);
INSERT INTO workspace VALUES ('2S3-016', '2S3-016', 3716, 38);
INSERT INTO workspacefeature VALUES ('2S3-016', 1);
INSERT INTO workspacefeature VALUES ('2S3-016', 2);
INSERT INTO workspace VALUES ('2S3-017', '2S3-017', 3717, 38);
INSERT INTO workspacefeature VALUES ('2S3-017', 1);
INSERT INTO workspace VALUES ('2S3-018', '2S3-018', 3718, 38);
INSERT INTO workspacefeature VALUES ('2S3-018', 1);
INSERT INTO workspacefeature VALUES ('2S3-018', 2);
INSERT INTO workspacefeature VALUES ('2S3-018', 3);
INSERT INTO workspace VALUES ('2S3-019', '2S3-019', 3719, 38);
INSERT INTO workspacefeature VALUES ('2S3-019', 1);
INSERT INTO workspace VALUES ('2S3-020', '2S3-020', 3720, 38);
INSERT INTO workspace VALUES ('2S3-021', '2S3-021', 3721, 38);
INSERT INTO workspacefeature VALUES ('2S3-021', 1);
INSERT INTO workspacefeature VALUES ('2S3-021', 3);
INSERT INTO workspace VALUES ('2S3-022', '2S3-022', 3722, 38);
INSERT INTO workspacefeature VALUES ('2S3-022', 1);
INSERT INTO workspacefeature VALUES ('2S3-022', 2);
INSERT INTO workspace VALUES ('2S3-023', '2S3-023', 3723, 38);
INSERT INTO workspacefeature VALUES ('2S3-023', 1);
INSERT INTO workspace VALUES ('2S3-024', '2S3-024', 3724, 38);
INSERT INTO workspacefeature VALUES ('2S3-024', 1);
INSERT INTO workspacefeature VALUES ('2S3-024', 2);
INSERT INTO workspacefeature VALUES ('2S3-024', 3);
INSERT INTO workspace VALUES ('2S3-025', '2S3-025', 3725, 38);
INSERT INTO workspacefeature VALUES ('2S3-025', 1);
INSERT INTO workspace VALUES ('2S3-026', '2S3-026', 3726, 38);
INSERT INTO workspacefeature VALUES ('2S3-026', 1);
INSERT INTO workspacefeature VALUES ('2S3-026', 2);
INSERT INTO workspace VALUES ('2S3-027', '2S3-027', 3727, 38);
INSERT INTO workspacefeature VALUES ('2S3-027', 1);
INSERT INTO workspacefeature VALUES ('2S3-027', 3);
INSERT INTO workspace VALUES ('2S3-028', '2S3-028', 3728, 38);
INSERT INTO workspacefeature VALUES ('2S3-028', 1);
INSERT INTO workspacefeature VALUES ('2S3-028', 2);
INSERT INTO workspace VALUES ('2S3-029', '2S3-029', 3729, 38);
INSERT INTO workspacefeature VALUES ('2S3-029', 1);
INSERT INTO workspace VALUES ('2S3-030', '2S3-030', 3730, 38);
INSERT INTO workspace VALUES ('2S3-031', '2S3-031', 3731, 38);
INSERT INTO workspacefeature VALUES ('2S3-031', 1);
INSERT INTO workspace VALUES ('2S3-032', '2S3-032', 3732, 38);
INSERT INTO workspacefeature VALUES ('2S3-032', 1);
INSERT INTO workspacefeature VALUES ('2S3-032', 2);
INSERT INTO workspace VALUES ('2S3-033', '2S3-033', 3733, 38);
INSERT INTO workspacefeature VALUES ('2S3-033', 1);
INSERT INTO workspacefeature VALUES ('2S3-033', 3);
INSERT INTO workspace VALUES ('2S3-034', '2S3-034', 3734, 38);
INSERT INTO workspacefeature VALUES ('2S3-034', 1);
INSERT INTO workspacefeature VALUES ('2S3-034', 2);
INSERT INTO workspace VALUES ('2S3-035', '2S3-035', 3735, 38);
INSERT INTO workspacefeature VALUES ('2S3-035', 1);
INSERT INTO workspace VALUES ('2S3-036', '2S3-036', 3736, 38);
INSERT INTO workspacefeature VALUES ('2S3-036', 1);
INSERT INTO workspacefeature VALUES ('2S3-036', 2);
INSERT INTO workspacefeature VALUES ('2S3-036', 3);
INSERT INTO workspace VALUES ('2S3-037', '2S3-037', 3737, 38);
INSERT INTO workspacefeature VALUES ('2S3-037', 1);
INSERT INTO workspace VALUES ('2S3-038', '2S3-038', 3738, 38);
INSERT INTO workspacefeature VALUES ('2S3-038', 1);
INSERT INTO workspacefeature VALUES ('2S3-038', 2);
INSERT INTO workspace VALUES ('2S3-039', '2S3-039', 3739, 38);
INSERT INTO workspacefeature VALUES ('2S3-039', 1);
INSERT INTO workspacefeature VALUES ('2S3-039', 3);
INSERT INTO workspace VALUES ('2S3-040', '2S3-040', 3740, 38);
INSERT INTO workspace VALUES ('2S3-041', '2S3-041', 3741, 38);
INSERT INTO workspacefeature VALUES ('2S3-041', 1);
INSERT INTO workspace VALUES ('2S3-042', '2S3-042', 3742, 38);
INSERT INTO workspacefeature VALUES ('2S3-042', 1);
INSERT INTO workspacefeature VALUES ('2S3-042', 2);
INSERT INTO workspacefeature VALUES ('2S3-042', 3);
INSERT INTO workspace VALUES ('2S3-043', '2S3-043', 3743, 38);
INSERT INTO workspacefeature VALUES ('2S3-043', 1);
INSERT INTO workspace VALUES ('2S3-044', '2S3-044', 3744, 38);
INSERT INTO workspacefeature VALUES ('2S3-044', 1);
INSERT INTO workspacefeature VALUES ('2S3-044', 2);
INSERT INTO workspace VALUES ('2S3-045', '2S3-045', 3745, 38);
INSERT INTO workspacefeature VALUES ('2S3-045', 1);
INSERT INTO workspacefeature VALUES ('2S3-045', 3);
INSERT INTO workspace VALUES ('2S3-046', '2S3-046', 3746, 38);
INSERT INTO workspacefeature VALUES ('2S3-046', 1);
INSERT INTO workspacefeature VALUES ('2S3-046', 2);
INSERT INTO workspace VALUES ('2S3-047', '2S3-047', 3747, 38);
INSERT INTO workspacefeature VALUES ('2S3-047', 1);
INSERT INTO workspace VALUES ('2S3-048', '2S3-048', 3748, 38);
INSERT INTO workspacefeature VALUES ('2S3-048', 1);
INSERT INTO workspacefeature VALUES ('2S3-048', 2);
INSERT INTO workspacefeature VALUES ('2S3-048', 3);
INSERT INTO workspace VALUES ('2S3-049', '2S3-049', 3749, 38);
INSERT INTO workspacefeature VALUES ('2S3-049', 1);
INSERT INTO workspace VALUES ('2S3-050', '2S3-050', 3750, 38);
INSERT INTO workspace VALUES ('2S3-051', '2S3-051', 3751, 38);
INSERT INTO workspacefeature VALUES ('2S3-051', 1);
INSERT INTO workspacefeature VALUES ('2S3-051', 3);
INSERT INTO workspace VALUES ('2S3-052', '2S3-052', 3752, 38);
INSERT INTO workspacefeature VALUES ('2S3-052', 1);
INSERT INTO workspacefeature VALUES ('2S3-052', 2);
INSERT INTO workspace VALUES ('2S3-053', '2S3-053', 3753, 38);
INSERT INTO workspacefeature VALUES ('2S3-053', 1);
INSERT INTO workspace VALUES ('2S3-054', '2S3-054', 3754, 38);
INSERT INTO workspacefeature VALUES ('2S3-054', 1);
INSERT INTO workspacefeature VALUES ('2S3-054', 2);
INSERT INTO workspacefeature VALUES ('2S3-054', 3);
INSERT INTO workspace VALUES ('2S3-055', '2S3-055', 3755, 38);
INSERT INTO workspacefeature VALUES ('2S3-055', 1);
INSERT INTO workspace VALUES ('2S3-056', '2S3-056', 3756, 38);
INSERT INTO workspacefeature VALUES ('2S3-056', 1);
INSERT INTO workspacefeature VALUES ('2S3-056', 2);
INSERT INTO workspace VALUES ('2S3-057', '2S3-057', 3757, 38);
INSERT INTO workspacefeature VALUES ('2S3-057', 1);
INSERT INTO workspacefeature VALUES ('2S3-057', 3);
INSERT INTO workspace VALUES ('2S3-058', '2S3-058', 3758, 38);
INSERT INTO workspacefeature VALUES ('2S3-058', 1);
INSERT INTO workspacefeature VALUES ('2S3-058', 2);
INSERT INTO workspace VALUES ('2S3-059', '2S3-059', 3759, 38);
INSERT INTO workspacefeature VALUES ('2S3-059', 1);
INSERT INTO workspace VALUES ('2S3-060', '2S3-060', 3760, 38);
INSERT INTO workspace VALUES ('2S3-061', '2S3-061', 3761, 38);
INSERT INTO workspacefeature VALUES ('2S3-061', 1);
INSERT INTO workspace VALUES ('2S3-062', '2S3-062', 3762, 38);
INSERT INTO workspacefeature VALUES ('2S3-062', 1);
INSERT INTO workspacefeature VALUES ('2S3-062', 2);
INSERT INTO workspace VALUES ('2S3-063', '2S3-063', 3763, 38);
INSERT INTO workspacefeature VALUES ('2S3-063', 1);
INSERT INTO workspacefeature VALUES ('2S3-063', 3);
INSERT INTO workspace VALUES ('2S3-064', '2S3-064', 3764, 38);
INSERT INTO workspacefeature VALUES ('2S3-064', 1);
INSERT INTO workspacefeature VALUES ('2S3-064', 2);
INSERT INTO workspace VALUES ('2S3-065', '2S3-065', 3765, 38);
INSERT INTO workspacefeature VALUES ('2S3-065', 1);
INSERT INTO workspace VALUES ('2S3-066', '2S3-066', 3766, 38);
INSERT INTO workspacefeature VALUES ('2S3-066', 1);
INSERT INTO workspacefeature VALUES ('2S3-066', 2);
INSERT INTO workspacefeature VALUES ('2S3-066', 3);
INSERT INTO workspace VALUES ('2S3-067', '2S3-067', 3767, 38);
INSERT INTO workspacefeature VALUES ('2S3-067', 1);
INSERT INTO workspace VALUES ('2S3-068', '2S3-068', 3768, 38);
INSERT INTO workspacefeature VALUES ('2S3-068', 1);
INSERT INTO workspacefeature VALUES ('2S3-068', 2);
INSERT INTO workspace VALUES ('2S3-069', '2S3-069', 3769, 38);
INSERT INTO workspacefeature VALUES ('2S3-069', 1);
INSERT INTO workspacefeature VALUES ('2S3-069', 3);
INSERT INTO workspace VALUES ('2S3-070', '2S3-070', 3770, 38);
INSERT INTO workspace VALUES ('2S3-071', '2S3-071', 3771, 38);
INSERT INTO workspacefeature VALUES ('2S3-071', 1);
INSERT INTO workspace VALUES ('2S3-072', '2S3-072', 3772, 38);
INSERT INTO workspacefeature VALUES ('2S3-072', 1);
INSERT INTO workspacefeature VALUES ('2S3-072', 2);
INSERT INTO workspacefeature VALUES ('2S3-072', 3);
INSERT INTO workspace VALUES ('2S3-073', '2S3-073', 3773, 38);
INSERT INTO workspacefeature VALUES ('2S3-073', 1);
INSERT INTO workspace VALUES ('2S3-074', '2S3-074', 3774, 38);
INSERT INTO workspacefeature VALUES ('2S3-074', 1);
INSERT INTO workspacefeature VALUES ('2S3-074', 2);
INSERT INTO workspace VALUES ('2S3-075', '2S3-075', 3775, 38);
INSERT INTO workspacefeature VALUES ('2S3-075', 1);
INSERT INTO workspacefeature VALUES ('2S3-075', 3);
INSERT INTO workspace VALUES ('2S3-076', '2S3-076', 3776, 38);
INSERT INTO workspacefeature VALUES ('2S3-076', 1);
INSERT INTO workspacefeature VALUES ('2S3-076', 2);
INSERT INTO workspace VALUES ('2S3-077', '2S3-077', 3777, 38);
INSERT INTO workspacefeature VALUES ('2S3-077', 1);
INSERT INTO workspace VALUES ('2S3-078', '2S3-078', 3778, 38);
INSERT INTO workspacefeature VALUES ('2S3-078', 1);
INSERT INTO workspacefeature VALUES ('2S3-078', 2);
INSERT INTO workspacefeature VALUES ('2S3-078', 3);
INSERT INTO workspace VALUES ('2S3-079', '2S3-079', 3779, 38);
INSERT INTO workspacefeature VALUES ('2S3-079', 1);
INSERT INTO workspace VALUES ('2S3-080', '2S3-080', 3780, 38);
INSERT INTO workspace VALUES ('2S3-081', '2S3-081', 3781, 38);
INSERT INTO workspacefeature VALUES ('2S3-081', 1);
INSERT INTO workspacefeature VALUES ('2S3-081', 3);
INSERT INTO workspace VALUES ('2S3-082', '2S3-082', 3782, 38);
INSERT INTO workspacefeature VALUES ('2S3-082', 1);
INSERT INTO workspacefeature VALUES ('2S3-082', 2);
INSERT INTO workspace VALUES ('2S3-083', '2S3-083', 3783, 38);
INSERT INTO workspacefeature VALUES ('2S3-083', 1);
INSERT INTO workspace VALUES ('2S3-084', '2S3-084', 3784, 38);
INSERT INTO workspacefeature VALUES ('2S3-084', 1);
INSERT INTO workspacefeature VALUES ('2S3-084', 2);
INSERT INTO workspacefeature VALUES ('2S3-084', 3);
INSERT INTO workspace VALUES ('2S3-085', '2S3-085', 3785, 38);
INSERT INTO workspacefeature VALUES ('2S3-085', 1);
INSERT INTO workspace VALUES ('2S3-086', '2S3-086', 3786, 38);
INSERT INTO workspacefeature VALUES ('2S3-086', 1);
INSERT INTO workspacefeature VALUES ('2S3-086', 2);
INSERT INTO workspace VALUES ('2S3-087', '2S3-087', 3787, 38);
INSERT INTO workspacefeature VALUES ('2S3-087', 1);
INSERT INTO workspacefeature VALUES ('2S3-087', 3);
INSERT INTO workspace VALUES ('2S3-088', '2S3-088', 3788, 38);
INSERT INTO workspacefeature VALUES ('2S3-088', 1);
INSERT INTO workspacefeature VALUES ('2S3-088', 2);
INSERT INTO workspace VALUES ('2S3-089', '2S3-089', 3789, 38);
INSERT INTO workspacefeature VALUES ('2S3-089', 1);
INSERT INTO workspace VALUES ('2S3-090', '2S3-090', 3790, 38);
INSERT INTO workspace VALUES ('2S3-091', '2S3-091', 3791, 38);
INSERT INTO workspacefeature VALUES ('2S3-091', 1);
INSERT INTO workspace VALUES ('2S3-092', '2S3-092', 3792, 38);
INSERT INTO workspacefeature VALUES ('2S3-092', 1);
INSERT INTO workspacefeature VALUES ('2S3-092', 2);
INSERT INTO workspace VALUES ('2S3-093', '2S3-093', 3793, 38);
INSERT INTO workspacefeature VALUES ('2S3-093', 1);
INSERT INTO workspacefeature VALUES ('2S3-093', 3);
INSERT INTO workspace VALUES ('2S3-094', '2S3-094', 3794, 38);
INSERT INTO workspacefeature VALUES ('2S3-094', 1);
INSERT INTO workspacefeature VALUES ('2S3-094', 2);
INSERT INTO workspace VALUES ('2S3-095', '2S3-095', 3795, 38);
INSERT INTO workspacefeature VALUES ('2S3-095', 1);
INSERT INTO workspace VALUES ('2S3-096', '2S3-096', 3796, 38);
INSERT INTO workspacefeature VALUES ('2S3-096', 1);
INSERT INTO workspacefeature VALUES ('2S3-096', 2);
INSERT INTO workspacefeature VALUES ('2S3-096', 3);
INSERT INTO workspace VALUES ('2S3-097', '2S3-097', 3797, 38);
INSERT INTO workspacefeature VALUES ('2S3-097', 1);
INSERT INTO workspace VALUES ('2S3-098', '2S3-098', 3798, 38);
INSERT INTO workspacefeature VALUES ('2S3-098', 1);
INSERT INTO workspacefeature VALUES ('2S3-098', 2);
INSERT INTO workspace VALUES ('2S3-099', '2S3-099', 3799, 38);
INSERT INTO workspacefeature VALUES ('2S3-099', 1);
INSERT INTO workspacefeature VALUES ('2S3-099', 3);
INSERT INTO workspace VALUES ('2S3-100', '2S3-100', 3800, 38);
INSERT INTO floor VALUES (39, 4, 'Surrey Building 2', 'Surrey', '2', NULL);
INSERT INTO workspace VALUES ('2S4-001', '2S4-001', 3801, 39);
INSERT INTO workspacefeature VALUES ('2S4-001', 1);
INSERT INTO workspace VALUES ('2S4-002', '2S4-002', 3802, 39);
INSERT INTO workspacefeature VALUES ('2S4-002', 1);
INSERT INTO workspacefeature VALUES ('2S4-002', 2);
INSERT INTO workspace VALUES ('2S4-003', '2S4-003', 3803, 39);
INSERT INTO workspacefeature VALUES ('2S4-003', 1);
INSERT INTO workspacefeature VALUES ('2S4-003', 3);
INSERT INTO workspace VALUES ('2S4-004', '2S4-004', 3804, 39);
INSERT INTO workspacefeature VALUES ('2S4-004', 1);
INSERT INTO workspacefeature VALUES ('2S4-004', 2);
INSERT INTO workspace VALUES ('2S4-005', '2S4-005', 3805, 39);
INSERT INTO workspacefeature VALUES ('2S4-005', 1);
INSERT INTO workspace VALUES ('2S4-006', '2S4-006', 3806, 39);
INSERT INTO workspacefeature VALUES ('2S4-006', 1);
INSERT INTO workspacefeature VALUES ('2S4-006', 2);
INSERT INTO workspacefeature VALUES ('2S4-006', 3);
INSERT INTO workspace VALUES ('2S4-007', '2S4-007', 3807, 39);
INSERT INTO workspacefeature VALUES ('2S4-007', 1);
INSERT INTO workspace VALUES ('2S4-008', '2S4-008', 3808, 39);
INSERT INTO workspacefeature VALUES ('2S4-008', 1);
INSERT INTO workspacefeature VALUES ('2S4-008', 2);
INSERT INTO workspace VALUES ('2S4-009', '2S4-009', 3809, 39);
INSERT INTO workspacefeature VALUES ('2S4-009', 1);
INSERT INTO workspacefeature VALUES ('2S4-009', 3);
INSERT INTO workspace VALUES ('2S4-010', '2S4-010', 3810, 39);
INSERT INTO workspace VALUES ('2S4-011', '2S4-011', 3811, 39);
INSERT INTO workspacefeature VALUES ('2S4-011', 1);
INSERT INTO workspace VALUES ('2S4-012', '2S4-012', 3812, 39);
INSERT INTO workspacefeature VALUES ('2S4-012', 1);
INSERT INTO workspacefeature VALUES ('2S4-012', 2);
INSERT INTO workspacefeature VALUES ('2S4-012', 3);
INSERT INTO workspace VALUES ('2S4-013', '2S4-013', 3813, 39);
INSERT INTO workspacefeature VALUES ('2S4-013', 1);
INSERT INTO workspace VALUES ('2S4-014', '2S4-014', 3814, 39);
INSERT INTO workspacefeature VALUES ('2S4-014', 1);
INSERT INTO workspacefeature VALUES ('2S4-014', 2);
INSERT INTO workspace VALUES ('2S4-015', '2S4-015', 3815, 39);
INSERT INTO workspacefeature VALUES ('2S4-015', 1);
INSERT INTO workspacefeature VALUES ('2S4-015', 3);
INSERT INTO workspace VALUES ('2S4-016', '2S4-016', 3816, 39);
INSERT INTO workspacefeature VALUES ('2S4-016', 1);
INSERT INTO workspacefeature VALUES ('2S4-016', 2);
INSERT INTO workspace VALUES ('2S4-017', '2S4-017', 3817, 39);
INSERT INTO workspacefeature VALUES ('2S4-017', 1);
INSERT INTO workspace VALUES ('2S4-018', '2S4-018', 3818, 39);
INSERT INTO workspacefeature VALUES ('2S4-018', 1);
INSERT INTO workspacefeature VALUES ('2S4-018', 2);
INSERT INTO workspacefeature VALUES ('2S4-018', 3);
INSERT INTO workspace VALUES ('2S4-019', '2S4-019', 3819, 39);
INSERT INTO workspacefeature VALUES ('2S4-019', 1);
INSERT INTO workspace VALUES ('2S4-020', '2S4-020', 3820, 39);
INSERT INTO workspace VALUES ('2S4-021', '2S4-021', 3821, 39);
INSERT INTO workspacefeature VALUES ('2S4-021', 1);
INSERT INTO workspacefeature VALUES ('2S4-021', 3);
INSERT INTO workspace VALUES ('2S4-022', '2S4-022', 3822, 39);
INSERT INTO workspacefeature VALUES ('2S4-022', 1);
INSERT INTO workspacefeature VALUES ('2S4-022', 2);
INSERT INTO workspace VALUES ('2S4-023', '2S4-023', 3823, 39);
INSERT INTO workspacefeature VALUES ('2S4-023', 1);
INSERT INTO workspace VALUES ('2S4-024', '2S4-024', 3824, 39);
INSERT INTO workspacefeature VALUES ('2S4-024', 1);
INSERT INTO workspacefeature VALUES ('2S4-024', 2);
INSERT INTO workspacefeature VALUES ('2S4-024', 3);
INSERT INTO workspace VALUES ('2S4-025', '2S4-025', 3825, 39);
INSERT INTO workspacefeature VALUES ('2S4-025', 1);
INSERT INTO workspace VALUES ('2S4-026', '2S4-026', 3826, 39);
INSERT INTO workspacefeature VALUES ('2S4-026', 1);
INSERT INTO workspacefeature VALUES ('2S4-026', 2);
INSERT INTO workspace VALUES ('2S4-027', '2S4-027', 3827, 39);
INSERT INTO workspacefeature VALUES ('2S4-027', 1);
INSERT INTO workspacefeature VALUES ('2S4-027', 3);
INSERT INTO workspace VALUES ('2S4-028', '2S4-028', 3828, 39);
INSERT INTO workspacefeature VALUES ('2S4-028', 1);
INSERT INTO workspacefeature VALUES ('2S4-028', 2);
INSERT INTO workspace VALUES ('2S4-029', '2S4-029', 3829, 39);
INSERT INTO workspacefeature VALUES ('2S4-029', 1);
INSERT INTO workspace VALUES ('2S4-030', '2S4-030', 3830, 39);
INSERT INTO workspace VALUES ('2S4-031', '2S4-031', 3831, 39);
INSERT INTO workspacefeature VALUES ('2S4-031', 1);
INSERT INTO workspace VALUES ('2S4-032', '2S4-032', 3832, 39);
INSERT INTO workspacefeature VALUES ('2S4-032', 1);
INSERT INTO workspacefeature VALUES ('2S4-032', 2);
INSERT INTO workspace VALUES ('2S4-033', '2S4-033', 3833, 39);
INSERT INTO workspacefeature VALUES ('2S4-033', 1);
INSERT INTO workspacefeature VALUES ('2S4-033', 3);
INSERT INTO workspace VALUES ('2S4-034', '2S4-034', 3834, 39);
INSERT INTO workspacefeature VALUES ('2S4-034', 1);
INSERT INTO workspacefeature VALUES ('2S4-034', 2);
INSERT INTO workspace VALUES ('2S4-035', '2S4-035', 3835, 39);
INSERT INTO workspacefeature VALUES ('2S4-035', 1);
INSERT INTO workspace VALUES ('2S4-036', '2S4-036', 3836, 39);
INSERT INTO workspacefeature VALUES ('2S4-036', 1);
INSERT INTO workspacefeature VALUES ('2S4-036', 2);
INSERT INTO workspacefeature VALUES ('2S4-036', 3);
INSERT INTO workspace VALUES ('2S4-037', '2S4-037', 3837, 39);
INSERT INTO workspacefeature VALUES ('2S4-037', 1);
INSERT INTO workspace VALUES ('2S4-038', '2S4-038', 3838, 39);
INSERT INTO workspacefeature VALUES ('2S4-038', 1);
INSERT INTO workspacefeature VALUES ('2S4-038', 2);
INSERT INTO workspace VALUES ('2S4-039', '2S4-039', 3839, 39);
INSERT INTO workspacefeature VALUES ('2S4-039', 1);
INSERT INTO workspacefeature VALUES ('2S4-039', 3);
INSERT INTO workspace VALUES ('2S4-040', '2S4-040', 3840, 39);
INSERT INTO workspace VALUES ('2S4-041', '2S4-041', 3841, 39);
INSERT INTO workspacefeature VALUES ('2S4-041', 1);
INSERT INTO workspace VALUES ('2S4-042', '2S4-042', 3842, 39);
INSERT INTO workspacefeature VALUES ('2S4-042', 1);
INSERT INTO workspacefeature VALUES ('2S4-042', 2);
INSERT INTO workspacefeature VALUES ('2S4-042', 3);
INSERT INTO workspace VALUES ('2S4-043', '2S4-043', 3843, 39);
INSERT INTO workspacefeature VALUES ('2S4-043', 1);
INSERT INTO workspace VALUES ('2S4-044', '2S4-044', 3844, 39);
INSERT INTO workspacefeature VALUES ('2S4-044', 1);
INSERT INTO workspacefeature VALUES ('2S4-044', 2);
INSERT INTO workspace VALUES ('2S4-045', '2S4-045', 3845, 39);
INSERT INTO workspacefeature VALUES ('2S4-045', 1);
INSERT INTO workspacefeature VALUES ('2S4-045', 3);
INSERT INTO workspace VALUES ('2S4-046', '2S4-046', 3846, 39);
INSERT INTO workspacefeature VALUES ('2S4-046', 1);
INSERT INTO workspacefeature VALUES ('2S4-046', 2);
INSERT INTO workspace VALUES ('2S4-047', '2S4-047', 3847, 39);
INSERT INTO workspacefeature VALUES ('2S4-047', 1);
INSERT INTO workspace VALUES ('2S4-048', '2S4-048', 3848, 39);
INSERT INTO workspacefeature VALUES ('2S4-048', 1);
INSERT INTO workspacefeature VALUES ('2S4-048', 2);
INSERT INTO workspacefeature VALUES ('2S4-048', 3);
INSERT INTO workspace VALUES ('2S4-049', '2S4-049', 3849, 39);
INSERT INTO workspacefeature VALUES ('2S4-049', 1);
INSERT INTO workspace VALUES ('2S4-050', '2S4-050', 3850, 39);
INSERT INTO workspace VALUES ('2S4-051', '2S4-051', 3851, 39);
INSERT INTO workspacefeature VALUES ('2S4-051', 1);
INSERT INTO workspacefeature VALUES ('2S4-051', 3);
INSERT INTO workspace VALUES ('2S4-052', '2S4-052', 3852, 39);
INSERT INTO workspacefeature VALUES ('2S4-052', 1);
INSERT INTO workspacefeature VALUES ('2S4-052', 2);
INSERT INTO workspace VALUES ('2S4-053', '2S4-053', 3853, 39);
INSERT INTO workspacefeature VALUES ('2S4-053', 1);
INSERT INTO workspace VALUES ('2S4-054', '2S4-054', 3854, 39);
INSERT INTO workspacefeature VALUES ('2S4-054', 1);
INSERT INTO workspacefeature VALUES ('2S4-054', 2);
INSERT INTO workspacefeature VALUES ('2S4-054', 3);
INSERT INTO workspace VALUES ('2S4-055', '2S4-055', 3855, 39);
INSERT INTO workspacefeature VALUES ('2S4-055', 1);
INSERT INTO workspace VALUES ('2S4-056', '2S4-056', 3856, 39);
INSERT INTO workspacefeature VALUES ('2S4-056', 1);
INSERT INTO workspacefeature VALUES ('2S4-056', 2);
INSERT INTO workspace VALUES ('2S4-057', '2S4-057', 3857, 39);
INSERT INTO workspacefeature VALUES ('2S4-057', 1);
INSERT INTO workspacefeature VALUES ('2S4-057', 3);
INSERT INTO workspace VALUES ('2S4-058', '2S4-058', 3858, 39);
INSERT INTO workspacefeature VALUES ('2S4-058', 1);
INSERT INTO workspacefeature VALUES ('2S4-058', 2);
INSERT INTO workspace VALUES ('2S4-059', '2S4-059', 3859, 39);
INSERT INTO workspacefeature VALUES ('2S4-059', 1);
INSERT INTO workspace VALUES ('2S4-060', '2S4-060', 3860, 39);
INSERT INTO workspace VALUES ('2S4-061', '2S4-061', 3861, 39);
INSERT INTO workspacefeature VALUES ('2S4-061', 1);
INSERT INTO workspace VALUES ('2S4-062', '2S4-062', 3862, 39);
INSERT INTO workspacefeature VALUES ('2S4-062', 1);
INSERT INTO workspacefeature VALUES ('2S4-062', 2);
INSERT INTO workspace VALUES ('2S4-063', '2S4-063', 3863, 39);
INSERT INTO workspacefeature VALUES ('2S4-063', 1);
INSERT INTO workspacefeature VALUES ('2S4-063', 3);
INSERT INTO workspace VALUES ('2S4-064', '2S4-064', 3864, 39);
INSERT INTO workspacefeature VALUES ('2S4-064', 1);
INSERT INTO workspacefeature VALUES ('2S4-064', 2);
INSERT INTO workspace VALUES ('2S4-065', '2S4-065', 3865, 39);
INSERT INTO workspacefeature VALUES ('2S4-065', 1);
INSERT INTO workspace VALUES ('2S4-066', '2S4-066', 3866, 39);
INSERT INTO workspacefeature VALUES ('2S4-066', 1);
INSERT INTO workspacefeature VALUES ('2S4-066', 2);
INSERT INTO workspacefeature VALUES ('2S4-066', 3);
INSERT INTO workspace VALUES ('2S4-067', '2S4-067', 3867, 39);
INSERT INTO workspacefeature VALUES ('2S4-067', 1);
INSERT INTO workspace VALUES ('2S4-068', '2S4-068', 3868, 39);
INSERT INTO workspacefeature VALUES ('2S4-068', 1);
INSERT INTO workspacefeature VALUES ('2S4-068', 2);
INSERT INTO workspace VALUES ('2S4-069', '2S4-069', 3869, 39);
INSERT INTO workspacefeature VALUES ('2S4-069', 1);
INSERT INTO workspacefeature VALUES ('2S4-069', 3);
INSERT INTO workspace VALUES ('2S4-070', '2S4-070', 3870, 39);
INSERT INTO workspace VALUES ('2S4-071', '2S4-071', 3871, 39);
INSERT INTO workspacefeature VALUES ('2S4-071', 1);
INSERT INTO workspace VALUES ('2S4-072', '2S4-072', 3872, 39);
INSERT INTO workspacefeature VALUES ('2S4-072', 1);
INSERT INTO workspacefeature VALUES ('2S4-072', 2);
INSERT INTO workspacefeature VALUES ('2S4-072', 3);
INSERT INTO workspace VALUES ('2S4-073', '2S4-073', 3873, 39);
INSERT INTO workspacefeature VALUES ('2S4-073', 1);
INSERT INTO workspace VALUES ('2S4-074', '2S4-074', 3874, 39);
INSERT INTO workspacefeature VALUES ('2S4-074', 1);
INSERT INTO workspacefeature VALUES ('2S4-074', 2);
INSERT INTO workspace VALUES ('2S4-075', '2S4-075', 3875, 39);
INSERT INTO workspacefeature VALUES ('2S4-075', 1);
INSERT INTO workspacefeature VALUES ('2S4-075', 3);
INSERT INTO workspace VALUES ('2S4-076', '2S4-076', 3876, 39);
INSERT INTO workspacefeature VALUES ('2S4-076', 1);
INSERT INTO workspacefeature VALUES ('2S4-076', 2);
INSERT INTO workspace VALUES ('2S4-077', '2S4-077', 3877, 39);
INSERT INTO workspacefeature VALUES ('2S4-077', 1);
INSERT INTO workspace VALUES ('2S4-078', '2S4-078', 3878, 39);
INSERT INTO workspacefeature VALUES ('2S4-078', 1);
INSERT INTO workspacefeature VALUES ('2S4-078', 2);
INSERT INTO workspacefeature VALUES ('2S4-078', 3);
INSERT INTO workspace VALUES ('2S4-079', '2S4-079', 3879, 39);
INSERT INTO workspacefeature VALUES ('2S4-079', 1);
INSERT INTO workspace VALUES ('2S4-080', '2S4-080', 3880, 39);
INSERT INTO workspace VALUES ('2S4-081', '2S4-081', 3881, 39);
INSERT INTO workspacefeature VALUES ('2S4-081', 1);
INSERT INTO workspacefeature VALUES ('2S4-081', 3);
INSERT INTO workspace VALUES ('2S4-082', '2S4-082', 3882, 39);
INSERT INTO workspacefeature VALUES ('2S4-082', 1);
INSERT INTO workspacefeature VALUES ('2S4-082', 2);
INSERT INTO workspace VALUES ('2S4-083', '2S4-083', 3883, 39);
INSERT INTO workspacefeature VALUES ('2S4-083', 1);
INSERT INTO workspace VALUES ('2S4-084', '2S4-084', 3884, 39);
INSERT INTO workspacefeature VALUES ('2S4-084', 1);
INSERT INTO workspacefeature VALUES ('2S4-084', 2);
INSERT INTO workspacefeature VALUES ('2S4-084', 3);
INSERT INTO workspace VALUES ('2S4-085', '2S4-085', 3885, 39);
INSERT INTO workspacefeature VALUES ('2S4-085', 1);
INSERT INTO workspace VALUES ('2S4-086', '2S4-086', 3886, 39);
INSERT INTO workspacefeature VALUES ('2S4-086', 1);
INSERT INTO workspacefeature VALUES ('2S4-086', 2);
INSERT INTO workspace VALUES ('2S4-087', '2S4-087', 3887, 39);
INSERT INTO workspacefeature VALUES ('2S4-087', 1);
INSERT INTO workspacefeature VALUES ('2S4-087', 3);
INSERT INTO workspace VALUES ('2S4-088', '2S4-088', 3888, 39);
INSERT INTO workspacefeature VALUES ('2S4-088', 1);
INSERT INTO workspacefeature VALUES ('2S4-088', 2);
INSERT INTO workspace VALUES ('2S4-089', '2S4-089', 3889, 39);
INSERT INTO workspacefeature VALUES ('2S4-089', 1);
INSERT INTO workspace VALUES ('2S4-090', '2S4-090', 3890, 39);
INSERT INTO workspace VALUES ('2S4-091', '2S4-091', 3891, 39);
INSERT INTO workspacefeature VALUES ('2S4-091', 1);
INSERT INTO workspace VALUES ('2S4-092', '2S4-092', 3892, 39);
INSERT INTO workspacefeature VALUES ('2S4-092', 1);
INSERT INTO workspacefeature VALUES ('2S4-092', 2);
INSERT INTO workspace VALUES ('2S4-093', '2S4-093', 3893, 39);
INSERT INTO workspacefeature VALUES ('2S4-093', 1);
INSERT INTO workspacefeature VALUES ('2S4-093', 3);
INSERT INTO workspace VALUES ('2S4-094', '2S4-094', 3894, 39);
INSERT INTO workspacefeature VALUES ('2S4-094', 1);
INSERT INTO workspacefeature VALUES ('2S4-094', 2);
INSERT INTO workspace VALUES ('2S4-095', '2S4-095', 3895, 39);
INSERT INTO workspacefeature VALUES ('2S4-095', 1);
INSERT INTO workspace VALUES ('2S4-096', '2S4-096', 3896, 39);
INSERT INTO workspacefeature VALUES ('2S4-096', 1);
INSERT INTO workspacefeature VALUES ('2S4-096', 2);
INSERT INTO workspacefeature VALUES ('2S4-096', 3);
INSERT INTO workspace VALUES ('2S4-097', '2S4-097', 3897, 39);
INSERT INTO workspacefeature VALUES ('2S4-097', 1);
INSERT INTO workspace VALUES ('2S4-098', '2S4-098', 3898, 39);
INSERT INTO workspacefeature VALUES ('2S4-098', 1);
INSERT INTO workspacefeature VALUES ('2S4-098', 2);
INSERT INTO workspace VALUES ('2S4-099', '2S4-099', 3899, 39);
INSERT INTO workspacefeature VALUES ('2S4-099', 1);
INSERT INTO workspacefeature VALUES ('2S4-099', 3);
INSERT INTO workspace VALUES ('2S4-100', '2S4-100', 3900, 39);
INSERT INTO floor VALUES (40, 5, 'Surrey Building 2', 'Surrey', '2', NULL);
INSERT INTO workspace VALUES ('2S5-001', '2S5-001', 3901, 40);
INSERT INTO workspacefeature VALUES ('2S5-001', 1);
INSERT INTO workspace VALUES ('2S5-002', '2S5-002', 3902, 40);
INSERT INTO workspacefeature VALUES ('2S5-002', 1);
INSERT INTO workspacefeature VALUES ('2S5-002', 2);
INSERT INTO workspace VALUES ('2S5-003', '2S5-003', 3903, 40);
INSERT INTO workspacefeature VALUES ('2S5-003', 1);
INSERT INTO workspacefeature VALUES ('2S5-003', 3);
INSERT INTO workspace VALUES ('2S5-004', '2S5-004', 3904, 40);
INSERT INTO workspacefeature VALUES ('2S5-004', 1);
INSERT INTO workspacefeature VALUES ('2S5-004', 2);
INSERT INTO workspace VALUES ('2S5-005', '2S5-005', 3905, 40);
INSERT INTO workspacefeature VALUES ('2S5-005', 1);
INSERT INTO workspace VALUES ('2S5-006', '2S5-006', 3906, 40);
INSERT INTO workspacefeature VALUES ('2S5-006', 1);
INSERT INTO workspacefeature VALUES ('2S5-006', 2);
INSERT INTO workspacefeature VALUES ('2S5-006', 3);
INSERT INTO workspace VALUES ('2S5-007', '2S5-007', 3907, 40);
INSERT INTO workspacefeature VALUES ('2S5-007', 1);
INSERT INTO workspace VALUES ('2S5-008', '2S5-008', 3908, 40);
INSERT INTO workspacefeature VALUES ('2S5-008', 1);
INSERT INTO workspacefeature VALUES ('2S5-008', 2);
INSERT INTO workspace VALUES ('2S5-009', '2S5-009', 3909, 40);
INSERT INTO workspacefeature VALUES ('2S5-009', 1);
INSERT INTO workspacefeature VALUES ('2S5-009', 3);
INSERT INTO workspace VALUES ('2S5-010', '2S5-010', 3910, 40);
INSERT INTO workspace VALUES ('2S5-011', '2S5-011', 3911, 40);
INSERT INTO workspacefeature VALUES ('2S5-011', 1);
INSERT INTO workspace VALUES ('2S5-012', '2S5-012', 3912, 40);
INSERT INTO workspacefeature VALUES ('2S5-012', 1);
INSERT INTO workspacefeature VALUES ('2S5-012', 2);
INSERT INTO workspacefeature VALUES ('2S5-012', 3);
INSERT INTO workspace VALUES ('2S5-013', '2S5-013', 3913, 40);
INSERT INTO workspacefeature VALUES ('2S5-013', 1);
INSERT INTO workspace VALUES ('2S5-014', '2S5-014', 3914, 40);
INSERT INTO workspacefeature VALUES ('2S5-014', 1);
INSERT INTO workspacefeature VALUES ('2S5-014', 2);
INSERT INTO workspace VALUES ('2S5-015', '2S5-015', 3915, 40);
INSERT INTO workspacefeature VALUES ('2S5-015', 1);
INSERT INTO workspacefeature VALUES ('2S5-015', 3);
INSERT INTO workspace VALUES ('2S5-016', '2S5-016', 3916, 40);
INSERT INTO workspacefeature VALUES ('2S5-016', 1);
INSERT INTO workspacefeature VALUES ('2S5-016', 2);
INSERT INTO workspace VALUES ('2S5-017', '2S5-017', 3917, 40);
INSERT INTO workspacefeature VALUES ('2S5-017', 1);
INSERT INTO workspace VALUES ('2S5-018', '2S5-018', 3918, 40);
INSERT INTO workspacefeature VALUES ('2S5-018', 1);
INSERT INTO workspacefeature VALUES ('2S5-018', 2);
INSERT INTO workspacefeature VALUES ('2S5-018', 3);
INSERT INTO workspace VALUES ('2S5-019', '2S5-019', 3919, 40);
INSERT INTO workspacefeature VALUES ('2S5-019', 1);
INSERT INTO workspace VALUES ('2S5-020', '2S5-020', 3920, 40);
INSERT INTO workspace VALUES ('2S5-021', '2S5-021', 3921, 40);
INSERT INTO workspacefeature VALUES ('2S5-021', 1);
INSERT INTO workspacefeature VALUES ('2S5-021', 3);
INSERT INTO workspace VALUES ('2S5-022', '2S5-022', 3922, 40);
INSERT INTO workspacefeature VALUES ('2S5-022', 1);
INSERT INTO workspacefeature VALUES ('2S5-022', 2);
INSERT INTO workspace VALUES ('2S5-023', '2S5-023', 3923, 40);
INSERT INTO workspacefeature VALUES ('2S5-023', 1);
INSERT INTO workspace VALUES ('2S5-024', '2S5-024', 3924, 40);
INSERT INTO workspacefeature VALUES ('2S5-024', 1);
INSERT INTO workspacefeature VALUES ('2S5-024', 2);
INSERT INTO workspacefeature VALUES ('2S5-024', 3);
INSERT INTO workspace VALUES ('2S5-025', '2S5-025', 3925, 40);
INSERT INTO workspacefeature VALUES ('2S5-025', 1);
INSERT INTO workspace VALUES ('2S5-026', '2S5-026', 3926, 40);
INSERT INTO workspacefeature VALUES ('2S5-026', 1);
INSERT INTO workspacefeature VALUES ('2S5-026', 2);
INSERT INTO workspace VALUES ('2S5-027', '2S5-027', 3927, 40);
INSERT INTO workspacefeature VALUES ('2S5-027', 1);
INSERT INTO workspacefeature VALUES ('2S5-027', 3);
INSERT INTO workspace VALUES ('2S5-028', '2S5-028', 3928, 40);
INSERT INTO workspacefeature VALUES ('2S5-028', 1);
INSERT INTO workspacefeature VALUES ('2S5-028', 2);
INSERT INTO workspace VALUES ('2S5-029', '2S5-029', 3929, 40);
INSERT INTO workspacefeature VALUES ('2S5-029', 1);
INSERT INTO workspace VALUES ('2S5-030', '2S5-030', 3930, 40);
INSERT INTO workspace VALUES ('2S5-031', '2S5-031', 3931, 40);
INSERT INTO workspacefeature VALUES ('2S5-031', 1);
INSERT INTO workspace VALUES ('2S5-032', '2S5-032', 3932, 40);
INSERT INTO workspacefeature VALUES ('2S5-032', 1);
INSERT INTO workspacefeature VALUES ('2S5-032', 2);
INSERT INTO workspace VALUES ('2S5-033', '2S5-033', 3933, 40);
INSERT INTO workspacefeature VALUES ('2S5-033', 1);
INSERT INTO workspacefeature VALUES ('2S5-033', 3);
INSERT INTO workspace VALUES ('2S5-034', '2S5-034', 3934, 40);
INSERT INTO workspacefeature VALUES ('2S5-034', 1);
INSERT INTO workspacefeature VALUES ('2S5-034', 2);
INSERT INTO workspace VALUES ('2S5-035', '2S5-035', 3935, 40);
INSERT INTO workspacefeature VALUES ('2S5-035', 1);
INSERT INTO workspace VALUES ('2S5-036', '2S5-036', 3936, 40);
INSERT INTO workspacefeature VALUES ('2S5-036', 1);
INSERT INTO workspacefeature VALUES ('2S5-036', 2);
INSERT INTO workspacefeature VALUES ('2S5-036', 3);
INSERT INTO workspace VALUES ('2S5-037', '2S5-037', 3937, 40);
INSERT INTO workspacefeature VALUES ('2S5-037', 1);
INSERT INTO workspace VALUES ('2S5-038', '2S5-038', 3938, 40);
INSERT INTO workspacefeature VALUES ('2S5-038', 1);
INSERT INTO workspacefeature VALUES ('2S5-038', 2);
INSERT INTO workspace VALUES ('2S5-039', '2S5-039', 3939, 40);
INSERT INTO workspacefeature VALUES ('2S5-039', 1);
INSERT INTO workspacefeature VALUES ('2S5-039', 3);
INSERT INTO workspace VALUES ('2S5-040', '2S5-040', 3940, 40);
INSERT INTO workspace VALUES ('2S5-041', '2S5-041', 3941, 40);
INSERT INTO workspacefeature VALUES ('2S5-041', 1);
INSERT INTO workspace VALUES ('2S5-042', '2S5-042', 3942, 40);
INSERT INTO workspacefeature VALUES ('2S5-042', 1);
INSERT INTO workspacefeature VALUES ('2S5-042', 2);
INSERT INTO workspacefeature VALUES ('2S5-042', 3);
INSERT INTO workspace VALUES ('2S5-043', '2S5-043', 3943, 40);
INSERT INTO workspacefeature VALUES ('2S5-043', 1);
INSERT INTO workspace VALUES ('2S5-044', '2S5-044', 3944, 40);
INSERT INTO workspacefeature VALUES ('2S5-044', 1);
INSERT INTO workspacefeature VALUES ('2S5-044', 2);
INSERT INTO workspace VALUES ('2S5-045', '2S5-045', 3945, 40);
INSERT INTO workspacefeature VALUES ('2S5-045', 1);
INSERT INTO workspacefeature VALUES ('2S5-045', 3);
INSERT INTO workspace VALUES ('2S5-046', '2S5-046', 3946, 40);
INSERT INTO workspacefeature VALUES ('2S5-046', 1);
INSERT INTO workspacefeature VALUES ('2S5-046', 2);
INSERT INTO workspace VALUES ('2S5-047', '2S5-047', 3947, 40);
INSERT INTO workspacefeature VALUES ('2S5-047', 1);
INSERT INTO workspace VALUES ('2S5-048', '2S5-048', 3948, 40);
INSERT INTO workspacefeature VALUES ('2S5-048', 1);
INSERT INTO workspacefeature VALUES ('2S5-048', 2);
INSERT INTO workspacefeature VALUES ('2S5-048', 3);
INSERT INTO workspace VALUES ('2S5-049', '2S5-049', 3949, 40);
INSERT INTO workspacefeature VALUES ('2S5-049', 1);
INSERT INTO workspace VALUES ('2S5-050', '2S5-050', 3950, 40);
INSERT INTO workspace VALUES ('2S5-051', '2S5-051', 3951, 40);
INSERT INTO workspacefeature VALUES ('2S5-051', 1);
INSERT INTO workspacefeature VALUES ('2S5-051', 3);
INSERT INTO workspace VALUES ('2S5-052', '2S5-052', 3952, 40);
INSERT INTO workspacefeature VALUES ('2S5-052', 1);
INSERT INTO workspacefeature VALUES ('2S5-052', 2);
INSERT INTO workspace VALUES ('2S5-053', '2S5-053', 3953, 40);
INSERT INTO workspacefeature VALUES ('2S5-053', 1);
INSERT INTO workspace VALUES ('2S5-054', '2S5-054', 3954, 40);
INSERT INTO workspacefeature VALUES ('2S5-054', 1);
INSERT INTO workspacefeature VALUES ('2S5-054', 2);
INSERT INTO workspacefeature VALUES ('2S5-054', 3);
INSERT INTO workspace VALUES ('2S5-055', '2S5-055', 3955, 40);
INSERT INTO workspacefeature VALUES ('2S5-055', 1);
INSERT INTO workspace VALUES ('2S5-056', '2S5-056', 3956, 40);
INSERT INTO workspacefeature VALUES ('2S5-056', 1);
INSERT INTO workspacefeature VALUES ('2S5-056', 2);
INSERT INTO workspace VALUES ('2S5-057', '2S5-057', 3957, 40);
INSERT INTO workspacefeature VALUES ('2S5-057', 1);
INSERT INTO workspacefeature VALUES ('2S5-057', 3);
INSERT INTO workspace VALUES ('2S5-058', '2S5-058', 3958, 40);
INSERT INTO workspacefeature VALUES ('2S5-058', 1);
INSERT INTO workspacefeature VALUES ('2S5-058', 2);
INSERT INTO workspace VALUES ('2S5-059', '2S5-059', 3959, 40);
INSERT INTO workspacefeature VALUES ('2S5-059', 1);
INSERT INTO workspace VALUES ('2S5-060', '2S5-060', 3960, 40);
INSERT INTO workspace VALUES ('2S5-061', '2S5-061', 3961, 40);
INSERT INTO workspacefeature VALUES ('2S5-061', 1);
INSERT INTO workspace VALUES ('2S5-062', '2S5-062', 3962, 40);
INSERT INTO workspacefeature VALUES ('2S5-062', 1);
INSERT INTO workspacefeature VALUES ('2S5-062', 2);
INSERT INTO workspace VALUES ('2S5-063', '2S5-063', 3963, 40);
INSERT INTO workspacefeature VALUES ('2S5-063', 1);
INSERT INTO workspacefeature VALUES ('2S5-063', 3);
INSERT INTO workspace VALUES ('2S5-064', '2S5-064', 3964, 40);
INSERT INTO workspacefeature VALUES ('2S5-064', 1);
INSERT INTO workspacefeature VALUES ('2S5-064', 2);
INSERT INTO workspace VALUES ('2S5-065', '2S5-065', 3965, 40);
INSERT INTO workspacefeature VALUES ('2S5-065', 1);
INSERT INTO workspace VALUES ('2S5-066', '2S5-066', 3966, 40);
INSERT INTO workspacefeature VALUES ('2S5-066', 1);
INSERT INTO workspacefeature VALUES ('2S5-066', 2);
INSERT INTO workspacefeature VALUES ('2S5-066', 3);
INSERT INTO workspace VALUES ('2S5-067', '2S5-067', 3967, 40);
INSERT INTO workspacefeature VALUES ('2S5-067', 1);
INSERT INTO workspace VALUES ('2S5-068', '2S5-068', 3968, 40);
INSERT INTO workspacefeature VALUES ('2S5-068', 1);
INSERT INTO workspacefeature VALUES ('2S5-068', 2);
INSERT INTO workspace VALUES ('2S5-069', '2S5-069', 3969, 40);
INSERT INTO workspacefeature VALUES ('2S5-069', 1);
INSERT INTO workspacefeature VALUES ('2S5-069', 3);
INSERT INTO workspace VALUES ('2S5-070', '2S5-070', 3970, 40);
INSERT INTO workspace VALUES ('2S5-071', '2S5-071', 3971, 40);
INSERT INTO workspacefeature VALUES ('2S5-071', 1);
INSERT INTO workspace VALUES ('2S5-072', '2S5-072', 3972, 40);
INSERT INTO workspacefeature VALUES ('2S5-072', 1);
INSERT INTO workspacefeature VALUES ('2S5-072', 2);
INSERT INTO workspacefeature VALUES ('2S5-072', 3);
INSERT INTO workspace VALUES ('2S5-073', '2S5-073', 3973, 40);
INSERT INTO workspacefeature VALUES ('2S5-073', 1);
INSERT INTO workspace VALUES ('2S5-074', '2S5-074', 3974, 40);
INSERT INTO workspacefeature VALUES ('2S5-074', 1);
INSERT INTO workspacefeature VALUES ('2S5-074', 2);
INSERT INTO workspace VALUES ('2S5-075', '2S5-075', 3975, 40);
INSERT INTO workspacefeature VALUES ('2S5-075', 1);
INSERT INTO workspacefeature VALUES ('2S5-075', 3);
INSERT INTO workspace VALUES ('2S5-076', '2S5-076', 3976, 40);
INSERT INTO workspacefeature VALUES ('2S5-076', 1);
INSERT INTO workspacefeature VALUES ('2S5-076', 2);
INSERT INTO workspace VALUES ('2S5-077', '2S5-077', 3977, 40);
INSERT INTO workspacefeature VALUES ('2S5-077', 1);
INSERT INTO workspace VALUES ('2S5-078', '2S5-078', 3978, 40);
INSERT INTO workspacefeature VALUES ('2S5-078', 1);
INSERT INTO workspacefeature VALUES ('2S5-078', 2);
INSERT INTO workspacefeature VALUES ('2S5-078', 3);
INSERT INTO workspace VALUES ('2S5-079', '2S5-079', 3979, 40);
INSERT INTO workspacefeature VALUES ('2S5-079', 1);
INSERT INTO workspace VALUES ('2S5-080', '2S5-080', 3980, 40);
INSERT INTO workspace VALUES ('2S5-081', '2S5-081', 3981, 40);
INSERT INTO workspacefeature VALUES ('2S5-081', 1);
INSERT INTO workspacefeature VALUES ('2S5-081', 3);
INSERT INTO workspace VALUES ('2S5-082', '2S5-082', 3982, 40);
INSERT INTO workspacefeature VALUES ('2S5-082', 1);
INSERT INTO workspacefeature VALUES ('2S5-082', 2);
INSERT INTO workspace VALUES ('2S5-083', '2S5-083', 3983, 40);
INSERT INTO workspacefeature VALUES ('2S5-083', 1);
INSERT INTO workspace VALUES ('2S5-084', '2S5-084', 3984, 40);
INSERT INTO workspacefeature VALUES ('2S5-084', 1);
INSERT INTO workspacefeature VALUES ('2S5-084', 2);
INSERT INTO workspacefeature VALUES ('2S5-084', 3);
INSERT INTO workspace VALUES ('2S5-085', '2S5-085', 3985, 40);
INSERT INTO workspacefeature VALUES ('2S5-085', 1);
INSERT INTO workspace VALUES ('2S5-086', '2S5-086', 3986, 40);
INSERT INTO workspacefeature VALUES ('2S5-086', 1);
INSERT INTO workspacefeature VALUES ('2S5-086', 2);
INSERT INTO workspace VALUES ('2S5-087', '2S5-087', 3987, 40);
INSERT INTO workspacefeature VALUES ('2S5-087', 1);
INSERT INTO workspacefeature VALUES ('2S5-087', 3);
INSERT INTO workspace VALUES ('2S5-088', '2S5-088', 3988, 40);
INSERT INTO workspacefeature VALUES ('2S5-088', 1);
INSERT INTO workspacefeature VALUES ('2S5-088', 2);
INSERT INTO workspace VALUES ('2S5-089', '2S5-089', 3989, 40);
INSERT INTO workspacefeature VALUES ('2S5-089', 1);
INSERT INTO workspace VALUES ('2S5-090', '2S5-090', 3990, 40);
INSERT INTO workspace VALUES ('2S5-091', '2S5-091', 3991, 40);
INSERT INTO workspacefeature VALUES ('2S5-091', 1);
INSERT INTO workspace VALUES ('2S5-092', '2S5-092', 3992, 40);
INSERT INTO workspacefeature VALUES ('2S5-092', 1);
INSERT INTO workspacefeature VALUES ('2S5-092', 2);
INSERT INTO workspace VALUES ('2S5-093', '2S5-093', 3993, 40);
INSERT INTO workspacefeature VALUES ('2S5-093', 1);
INSERT INTO workspacefeature VALUES ('2S5-093', 3);
INSERT INTO workspace VALUES ('2S5-094', '2S5-094', 3994, 40);
INSERT INTO workspacefeature VALUES ('2S5-094', 1);
INSERT INTO workspacefeature VALUES ('2S5-094', 2);
INSERT INTO workspace VALUES ('2S5-095', '2S5-095', 3995, 40);
INSERT INTO workspacefeature VALUES ('2S5-095', 1);
INSERT INTO workspace VALUES ('2S5-096', '2S5-096', 3996, 40);
INSERT INTO workspacefeature VALUES ('2S5-096', 1);
INSERT INTO workspacefeature VALUES ('2S5-096', 2);
INSERT INTO workspacefeature VALUES ('2S5-096', 3);
INSERT INTO workspace VALUES ('2S5-097', '2S5-097', 3997, 40);
INSERT INTO workspacefeature VALUES ('2S5-097', 1);
INSERT INTO workspace VALUES ('2S5-098', '2S5-098', 3998, 40);
INSERT INTO workspacefeature VALUES ('2S5-098', 1);
INSERT INTO workspacefeature VALUES ('2S5-098', 2);
INSERT INTO workspace VALUES ('2S5-099', '2S5-099', 3999, 40);
INSERT INTO workspacefeature VALUES ('2S5-099', 1);
INSERT INTO workspacefeature VALUES ('2S5-099', 3);
INSERT INTO workspace VALUES ('2S5-100', '2S5-100', 4000, 40);
INSERT INTO floor VALUES (41, 1, 'Richmond Building 1', 'Richmond', '1', NULL);
INSERT INTO workspace VALUES ('1R1-001', '1R1-001', 4001, 41);
INSERT INTO workspacefeature VALUES ('1R1-001', 1);
INSERT INTO workspace VALUES ('1R1-002', '1R1-002', 4002, 41);
INSERT INTO workspacefeature VALUES ('1R1-002', 1);
INSERT INTO workspacefeature VALUES ('1R1-002', 2);
INSERT INTO workspace VALUES ('1R1-003', '1R1-003', 4003, 41);
INSERT INTO workspacefeature VALUES ('1R1-003', 1);
INSERT INTO workspacefeature VALUES ('1R1-003', 3);
INSERT INTO workspace VALUES ('1R1-004', '1R1-004', 4004, 41);
INSERT INTO workspacefeature VALUES ('1R1-004', 1);
INSERT INTO workspacefeature VALUES ('1R1-004', 2);
INSERT INTO workspace VALUES ('1R1-005', '1R1-005', 4005, 41);
INSERT INTO workspacefeature VALUES ('1R1-005', 1);
INSERT INTO workspace VALUES ('1R1-006', '1R1-006', 4006, 41);
INSERT INTO workspacefeature VALUES ('1R1-006', 1);
INSERT INTO workspacefeature VALUES ('1R1-006', 2);
INSERT INTO workspacefeature VALUES ('1R1-006', 3);
INSERT INTO workspace VALUES ('1R1-007', '1R1-007', 4007, 41);
INSERT INTO workspacefeature VALUES ('1R1-007', 1);
INSERT INTO workspace VALUES ('1R1-008', '1R1-008', 4008, 41);
INSERT INTO workspacefeature VALUES ('1R1-008', 1);
INSERT INTO workspacefeature VALUES ('1R1-008', 2);
INSERT INTO workspace VALUES ('1R1-009', '1R1-009', 4009, 41);
INSERT INTO workspacefeature VALUES ('1R1-009', 1);
INSERT INTO workspacefeature VALUES ('1R1-009', 3);
INSERT INTO workspace VALUES ('1R1-010', '1R1-010', 4010, 41);
INSERT INTO workspace VALUES ('1R1-011', '1R1-011', 4011, 41);
INSERT INTO workspacefeature VALUES ('1R1-011', 1);
INSERT INTO workspace VALUES ('1R1-012', '1R1-012', 4012, 41);
INSERT INTO workspacefeature VALUES ('1R1-012', 1);
INSERT INTO workspacefeature VALUES ('1R1-012', 2);
INSERT INTO workspacefeature VALUES ('1R1-012', 3);
INSERT INTO workspace VALUES ('1R1-013', '1R1-013', 4013, 41);
INSERT INTO workspacefeature VALUES ('1R1-013', 1);
INSERT INTO workspace VALUES ('1R1-014', '1R1-014', 4014, 41);
INSERT INTO workspacefeature VALUES ('1R1-014', 1);
INSERT INTO workspacefeature VALUES ('1R1-014', 2);
INSERT INTO workspace VALUES ('1R1-015', '1R1-015', 4015, 41);
INSERT INTO workspacefeature VALUES ('1R1-015', 1);
INSERT INTO workspacefeature VALUES ('1R1-015', 3);
INSERT INTO workspace VALUES ('1R1-016', '1R1-016', 4016, 41);
INSERT INTO workspacefeature VALUES ('1R1-016', 1);
INSERT INTO workspacefeature VALUES ('1R1-016', 2);
INSERT INTO workspace VALUES ('1R1-017', '1R1-017', 4017, 41);
INSERT INTO workspacefeature VALUES ('1R1-017', 1);
INSERT INTO workspace VALUES ('1R1-018', '1R1-018', 4018, 41);
INSERT INTO workspacefeature VALUES ('1R1-018', 1);
INSERT INTO workspacefeature VALUES ('1R1-018', 2);
INSERT INTO workspacefeature VALUES ('1R1-018', 3);
INSERT INTO workspace VALUES ('1R1-019', '1R1-019', 4019, 41);
INSERT INTO workspacefeature VALUES ('1R1-019', 1);
INSERT INTO workspace VALUES ('1R1-020', '1R1-020', 4020, 41);
INSERT INTO workspace VALUES ('1R1-021', '1R1-021', 4021, 41);
INSERT INTO workspacefeature VALUES ('1R1-021', 1);
INSERT INTO workspacefeature VALUES ('1R1-021', 3);
INSERT INTO workspace VALUES ('1R1-022', '1R1-022', 4022, 41);
INSERT INTO workspacefeature VALUES ('1R1-022', 1);
INSERT INTO workspacefeature VALUES ('1R1-022', 2);
INSERT INTO workspace VALUES ('1R1-023', '1R1-023', 4023, 41);
INSERT INTO workspacefeature VALUES ('1R1-023', 1);
INSERT INTO workspace VALUES ('1R1-024', '1R1-024', 4024, 41);
INSERT INTO workspacefeature VALUES ('1R1-024', 1);
INSERT INTO workspacefeature VALUES ('1R1-024', 2);
INSERT INTO workspacefeature VALUES ('1R1-024', 3);
INSERT INTO workspace VALUES ('1R1-025', '1R1-025', 4025, 41);
INSERT INTO workspacefeature VALUES ('1R1-025', 1);
INSERT INTO workspace VALUES ('1R1-026', '1R1-026', 4026, 41);
INSERT INTO workspacefeature VALUES ('1R1-026', 1);
INSERT INTO workspacefeature VALUES ('1R1-026', 2);
INSERT INTO workspace VALUES ('1R1-027', '1R1-027', 4027, 41);
INSERT INTO workspacefeature VALUES ('1R1-027', 1);
INSERT INTO workspacefeature VALUES ('1R1-027', 3);
INSERT INTO workspace VALUES ('1R1-028', '1R1-028', 4028, 41);
INSERT INTO workspacefeature VALUES ('1R1-028', 1);
INSERT INTO workspacefeature VALUES ('1R1-028', 2);
INSERT INTO workspace VALUES ('1R1-029', '1R1-029', 4029, 41);
INSERT INTO workspacefeature VALUES ('1R1-029', 1);
INSERT INTO workspace VALUES ('1R1-030', '1R1-030', 4030, 41);
INSERT INTO workspace VALUES ('1R1-031', '1R1-031', 4031, 41);
INSERT INTO workspacefeature VALUES ('1R1-031', 1);
INSERT INTO workspace VALUES ('1R1-032', '1R1-032', 4032, 41);
INSERT INTO workspacefeature VALUES ('1R1-032', 1);
INSERT INTO workspacefeature VALUES ('1R1-032', 2);
INSERT INTO workspace VALUES ('1R1-033', '1R1-033', 4033, 41);
INSERT INTO workspacefeature VALUES ('1R1-033', 1);
INSERT INTO workspacefeature VALUES ('1R1-033', 3);
INSERT INTO workspace VALUES ('1R1-034', '1R1-034', 4034, 41);
INSERT INTO workspacefeature VALUES ('1R1-034', 1);
INSERT INTO workspacefeature VALUES ('1R1-034', 2);
INSERT INTO workspace VALUES ('1R1-035', '1R1-035', 4035, 41);
INSERT INTO workspacefeature VALUES ('1R1-035', 1);
INSERT INTO workspace VALUES ('1R1-036', '1R1-036', 4036, 41);
INSERT INTO workspacefeature VALUES ('1R1-036', 1);
INSERT INTO workspacefeature VALUES ('1R1-036', 2);
INSERT INTO workspacefeature VALUES ('1R1-036', 3);
INSERT INTO workspace VALUES ('1R1-037', '1R1-037', 4037, 41);
INSERT INTO workspacefeature VALUES ('1R1-037', 1);
INSERT INTO workspace VALUES ('1R1-038', '1R1-038', 4038, 41);
INSERT INTO workspacefeature VALUES ('1R1-038', 1);
INSERT INTO workspacefeature VALUES ('1R1-038', 2);
INSERT INTO workspace VALUES ('1R1-039', '1R1-039', 4039, 41);
INSERT INTO workspacefeature VALUES ('1R1-039', 1);
INSERT INTO workspacefeature VALUES ('1R1-039', 3);
INSERT INTO workspace VALUES ('1R1-040', '1R1-040', 4040, 41);
INSERT INTO workspace VALUES ('1R1-041', '1R1-041', 4041, 41);
INSERT INTO workspacefeature VALUES ('1R1-041', 1);
INSERT INTO workspace VALUES ('1R1-042', '1R1-042', 4042, 41);
INSERT INTO workspacefeature VALUES ('1R1-042', 1);
INSERT INTO workspacefeature VALUES ('1R1-042', 2);
INSERT INTO workspacefeature VALUES ('1R1-042', 3);
INSERT INTO workspace VALUES ('1R1-043', '1R1-043', 4043, 41);
INSERT INTO workspacefeature VALUES ('1R1-043', 1);
INSERT INTO workspace VALUES ('1R1-044', '1R1-044', 4044, 41);
INSERT INTO workspacefeature VALUES ('1R1-044', 1);
INSERT INTO workspacefeature VALUES ('1R1-044', 2);
INSERT INTO workspace VALUES ('1R1-045', '1R1-045', 4045, 41);
INSERT INTO workspacefeature VALUES ('1R1-045', 1);
INSERT INTO workspacefeature VALUES ('1R1-045', 3);
INSERT INTO workspace VALUES ('1R1-046', '1R1-046', 4046, 41);
INSERT INTO workspacefeature VALUES ('1R1-046', 1);
INSERT INTO workspacefeature VALUES ('1R1-046', 2);
INSERT INTO workspace VALUES ('1R1-047', '1R1-047', 4047, 41);
INSERT INTO workspacefeature VALUES ('1R1-047', 1);
INSERT INTO workspace VALUES ('1R1-048', '1R1-048', 4048, 41);
INSERT INTO workspacefeature VALUES ('1R1-048', 1);
INSERT INTO workspacefeature VALUES ('1R1-048', 2);
INSERT INTO workspacefeature VALUES ('1R1-048', 3);
INSERT INTO workspace VALUES ('1R1-049', '1R1-049', 4049, 41);
INSERT INTO workspacefeature VALUES ('1R1-049', 1);
INSERT INTO workspace VALUES ('1R1-050', '1R1-050', 4050, 41);
INSERT INTO workspace VALUES ('1R1-051', '1R1-051', 4051, 41);
INSERT INTO workspacefeature VALUES ('1R1-051', 1);
INSERT INTO workspacefeature VALUES ('1R1-051', 3);
INSERT INTO workspace VALUES ('1R1-052', '1R1-052', 4052, 41);
INSERT INTO workspacefeature VALUES ('1R1-052', 1);
INSERT INTO workspacefeature VALUES ('1R1-052', 2);
INSERT INTO workspace VALUES ('1R1-053', '1R1-053', 4053, 41);
INSERT INTO workspacefeature VALUES ('1R1-053', 1);
INSERT INTO workspace VALUES ('1R1-054', '1R1-054', 4054, 41);
INSERT INTO workspacefeature VALUES ('1R1-054', 1);
INSERT INTO workspacefeature VALUES ('1R1-054', 2);
INSERT INTO workspacefeature VALUES ('1R1-054', 3);
INSERT INTO workspace VALUES ('1R1-055', '1R1-055', 4055, 41);
INSERT INTO workspacefeature VALUES ('1R1-055', 1);
INSERT INTO workspace VALUES ('1R1-056', '1R1-056', 4056, 41);
INSERT INTO workspacefeature VALUES ('1R1-056', 1);
INSERT INTO workspacefeature VALUES ('1R1-056', 2);
INSERT INTO workspace VALUES ('1R1-057', '1R1-057', 4057, 41);
INSERT INTO workspacefeature VALUES ('1R1-057', 1);
INSERT INTO workspacefeature VALUES ('1R1-057', 3);
INSERT INTO workspace VALUES ('1R1-058', '1R1-058', 4058, 41);
INSERT INTO workspacefeature VALUES ('1R1-058', 1);
INSERT INTO workspacefeature VALUES ('1R1-058', 2);
INSERT INTO workspace VALUES ('1R1-059', '1R1-059', 4059, 41);
INSERT INTO workspacefeature VALUES ('1R1-059', 1);
INSERT INTO workspace VALUES ('1R1-060', '1R1-060', 4060, 41);
INSERT INTO workspace VALUES ('1R1-061', '1R1-061', 4061, 41);
INSERT INTO workspacefeature VALUES ('1R1-061', 1);
INSERT INTO workspace VALUES ('1R1-062', '1R1-062', 4062, 41);
INSERT INTO workspacefeature VALUES ('1R1-062', 1);
INSERT INTO workspacefeature VALUES ('1R1-062', 2);
INSERT INTO workspace VALUES ('1R1-063', '1R1-063', 4063, 41);
INSERT INTO workspacefeature VALUES ('1R1-063', 1);
INSERT INTO workspacefeature VALUES ('1R1-063', 3);
INSERT INTO workspace VALUES ('1R1-064', '1R1-064', 4064, 41);
INSERT INTO workspacefeature VALUES ('1R1-064', 1);
INSERT INTO workspacefeature VALUES ('1R1-064', 2);
INSERT INTO workspace VALUES ('1R1-065', '1R1-065', 4065, 41);
INSERT INTO workspacefeature VALUES ('1R1-065', 1);
INSERT INTO workspace VALUES ('1R1-066', '1R1-066', 4066, 41);
INSERT INTO workspacefeature VALUES ('1R1-066', 1);
INSERT INTO workspacefeature VALUES ('1R1-066', 2);
INSERT INTO workspacefeature VALUES ('1R1-066', 3);
INSERT INTO workspace VALUES ('1R1-067', '1R1-067', 4067, 41);
INSERT INTO workspacefeature VALUES ('1R1-067', 1);
INSERT INTO workspace VALUES ('1R1-068', '1R1-068', 4068, 41);
INSERT INTO workspacefeature VALUES ('1R1-068', 1);
INSERT INTO workspacefeature VALUES ('1R1-068', 2);
INSERT INTO workspace VALUES ('1R1-069', '1R1-069', 4069, 41);
INSERT INTO workspacefeature VALUES ('1R1-069', 1);
INSERT INTO workspacefeature VALUES ('1R1-069', 3);
INSERT INTO workspace VALUES ('1R1-070', '1R1-070', 4070, 41);
INSERT INTO workspace VALUES ('1R1-071', '1R1-071', 4071, 41);
INSERT INTO workspacefeature VALUES ('1R1-071', 1);
INSERT INTO workspace VALUES ('1R1-072', '1R1-072', 4072, 41);
INSERT INTO workspacefeature VALUES ('1R1-072', 1);
INSERT INTO workspacefeature VALUES ('1R1-072', 2);
INSERT INTO workspacefeature VALUES ('1R1-072', 3);
INSERT INTO workspace VALUES ('1R1-073', '1R1-073', 4073, 41);
INSERT INTO workspacefeature VALUES ('1R1-073', 1);
INSERT INTO workspace VALUES ('1R1-074', '1R1-074', 4074, 41);
INSERT INTO workspacefeature VALUES ('1R1-074', 1);
INSERT INTO workspacefeature VALUES ('1R1-074', 2);
INSERT INTO workspace VALUES ('1R1-075', '1R1-075', 4075, 41);
INSERT INTO workspacefeature VALUES ('1R1-075', 1);
INSERT INTO workspacefeature VALUES ('1R1-075', 3);
INSERT INTO workspace VALUES ('1R1-076', '1R1-076', 4076, 41);
INSERT INTO workspacefeature VALUES ('1R1-076', 1);
INSERT INTO workspacefeature VALUES ('1R1-076', 2);
INSERT INTO workspace VALUES ('1R1-077', '1R1-077', 4077, 41);
INSERT INTO workspacefeature VALUES ('1R1-077', 1);
INSERT INTO workspace VALUES ('1R1-078', '1R1-078', 4078, 41);
INSERT INTO workspacefeature VALUES ('1R1-078', 1);
INSERT INTO workspacefeature VALUES ('1R1-078', 2);
INSERT INTO workspacefeature VALUES ('1R1-078', 3);
INSERT INTO workspace VALUES ('1R1-079', '1R1-079', 4079, 41);
INSERT INTO workspacefeature VALUES ('1R1-079', 1);
INSERT INTO workspace VALUES ('1R1-080', '1R1-080', 4080, 41);
INSERT INTO workspace VALUES ('1R1-081', '1R1-081', 4081, 41);
INSERT INTO workspacefeature VALUES ('1R1-081', 1);
INSERT INTO workspacefeature VALUES ('1R1-081', 3);
INSERT INTO workspace VALUES ('1R1-082', '1R1-082', 4082, 41);
INSERT INTO workspacefeature VALUES ('1R1-082', 1);
INSERT INTO workspacefeature VALUES ('1R1-082', 2);
INSERT INTO workspace VALUES ('1R1-083', '1R1-083', 4083, 41);
INSERT INTO workspacefeature VALUES ('1R1-083', 1);
INSERT INTO workspace VALUES ('1R1-084', '1R1-084', 4084, 41);
INSERT INTO workspacefeature VALUES ('1R1-084', 1);
INSERT INTO workspacefeature VALUES ('1R1-084', 2);
INSERT INTO workspacefeature VALUES ('1R1-084', 3);
INSERT INTO workspace VALUES ('1R1-085', '1R1-085', 4085, 41);
INSERT INTO workspacefeature VALUES ('1R1-085', 1);
INSERT INTO workspace VALUES ('1R1-086', '1R1-086', 4086, 41);
INSERT INTO workspacefeature VALUES ('1R1-086', 1);
INSERT INTO workspacefeature VALUES ('1R1-086', 2);
INSERT INTO workspace VALUES ('1R1-087', '1R1-087', 4087, 41);
INSERT INTO workspacefeature VALUES ('1R1-087', 1);
INSERT INTO workspacefeature VALUES ('1R1-087', 3);
INSERT INTO workspace VALUES ('1R1-088', '1R1-088', 4088, 41);
INSERT INTO workspacefeature VALUES ('1R1-088', 1);
INSERT INTO workspacefeature VALUES ('1R1-088', 2);
INSERT INTO workspace VALUES ('1R1-089', '1R1-089', 4089, 41);
INSERT INTO workspacefeature VALUES ('1R1-089', 1);
INSERT INTO workspace VALUES ('1R1-090', '1R1-090', 4090, 41);
INSERT INTO workspace VALUES ('1R1-091', '1R1-091', 4091, 41);
INSERT INTO workspacefeature VALUES ('1R1-091', 1);
INSERT INTO workspace VALUES ('1R1-092', '1R1-092', 4092, 41);
INSERT INTO workspacefeature VALUES ('1R1-092', 1);
INSERT INTO workspacefeature VALUES ('1R1-092', 2);
INSERT INTO workspace VALUES ('1R1-093', '1R1-093', 4093, 41);
INSERT INTO workspacefeature VALUES ('1R1-093', 1);
INSERT INTO workspacefeature VALUES ('1R1-093', 3);
INSERT INTO workspace VALUES ('1R1-094', '1R1-094', 4094, 41);
INSERT INTO workspacefeature VALUES ('1R1-094', 1);
INSERT INTO workspacefeature VALUES ('1R1-094', 2);
INSERT INTO workspace VALUES ('1R1-095', '1R1-095', 4095, 41);
INSERT INTO workspacefeature VALUES ('1R1-095', 1);
INSERT INTO workspace VALUES ('1R1-096', '1R1-096', 4096, 41);
INSERT INTO workspacefeature VALUES ('1R1-096', 1);
INSERT INTO workspacefeature VALUES ('1R1-096', 2);
INSERT INTO workspacefeature VALUES ('1R1-096', 3);
INSERT INTO workspace VALUES ('1R1-097', '1R1-097', 4097, 41);
INSERT INTO workspacefeature VALUES ('1R1-097', 1);
INSERT INTO workspace VALUES ('1R1-098', '1R1-098', 4098, 41);
INSERT INTO workspacefeature VALUES ('1R1-098', 1);
INSERT INTO workspacefeature VALUES ('1R1-098', 2);
INSERT INTO workspace VALUES ('1R1-099', '1R1-099', 4099, 41);
INSERT INTO workspacefeature VALUES ('1R1-099', 1);
INSERT INTO workspacefeature VALUES ('1R1-099', 3);
INSERT INTO workspace VALUES ('1R1-100', '1R1-100', 4100, 41);
INSERT INTO floor VALUES (42, 2, 'Richmond Building 1', 'Richmond', '1', NULL);
INSERT INTO workspace VALUES ('1R2-001', '1R2-001', 4101, 42);
INSERT INTO workspacefeature VALUES ('1R2-001', 1);
INSERT INTO workspace VALUES ('1R2-002', '1R2-002', 4102, 42);
INSERT INTO workspacefeature VALUES ('1R2-002', 1);
INSERT INTO workspacefeature VALUES ('1R2-002', 2);
INSERT INTO workspace VALUES ('1R2-003', '1R2-003', 4103, 42);
INSERT INTO workspacefeature VALUES ('1R2-003', 1);
INSERT INTO workspacefeature VALUES ('1R2-003', 3);
INSERT INTO workspace VALUES ('1R2-004', '1R2-004', 4104, 42);
INSERT INTO workspacefeature VALUES ('1R2-004', 1);
INSERT INTO workspacefeature VALUES ('1R2-004', 2);
INSERT INTO workspace VALUES ('1R2-005', '1R2-005', 4105, 42);
INSERT INTO workspacefeature VALUES ('1R2-005', 1);
INSERT INTO workspace VALUES ('1R2-006', '1R2-006', 4106, 42);
INSERT INTO workspacefeature VALUES ('1R2-006', 1);
INSERT INTO workspacefeature VALUES ('1R2-006', 2);
INSERT INTO workspacefeature VALUES ('1R2-006', 3);
INSERT INTO workspace VALUES ('1R2-007', '1R2-007', 4107, 42);
INSERT INTO workspacefeature VALUES ('1R2-007', 1);
INSERT INTO workspace VALUES ('1R2-008', '1R2-008', 4108, 42);
INSERT INTO workspacefeature VALUES ('1R2-008', 1);
INSERT INTO workspacefeature VALUES ('1R2-008', 2);
INSERT INTO workspace VALUES ('1R2-009', '1R2-009', 4109, 42);
INSERT INTO workspacefeature VALUES ('1R2-009', 1);
INSERT INTO workspacefeature VALUES ('1R2-009', 3);
INSERT INTO workspace VALUES ('1R2-010', '1R2-010', 4110, 42);
INSERT INTO workspace VALUES ('1R2-011', '1R2-011', 4111, 42);
INSERT INTO workspacefeature VALUES ('1R2-011', 1);
INSERT INTO workspace VALUES ('1R2-012', '1R2-012', 4112, 42);
INSERT INTO workspacefeature VALUES ('1R2-012', 1);
INSERT INTO workspacefeature VALUES ('1R2-012', 2);
INSERT INTO workspacefeature VALUES ('1R2-012', 3);
INSERT INTO workspace VALUES ('1R2-013', '1R2-013', 4113, 42);
INSERT INTO workspacefeature VALUES ('1R2-013', 1);
INSERT INTO workspace VALUES ('1R2-014', '1R2-014', 4114, 42);
INSERT INTO workspacefeature VALUES ('1R2-014', 1);
INSERT INTO workspacefeature VALUES ('1R2-014', 2);
INSERT INTO workspace VALUES ('1R2-015', '1R2-015', 4115, 42);
INSERT INTO workspacefeature VALUES ('1R2-015', 1);
INSERT INTO workspacefeature VALUES ('1R2-015', 3);
INSERT INTO workspace VALUES ('1R2-016', '1R2-016', 4116, 42);
INSERT INTO workspacefeature VALUES ('1R2-016', 1);
INSERT INTO workspacefeature VALUES ('1R2-016', 2);
INSERT INTO workspace VALUES ('1R2-017', '1R2-017', 4117, 42);
INSERT INTO workspacefeature VALUES ('1R2-017', 1);
INSERT INTO workspace VALUES ('1R2-018', '1R2-018', 4118, 42);
INSERT INTO workspacefeature VALUES ('1R2-018', 1);
INSERT INTO workspacefeature VALUES ('1R2-018', 2);
INSERT INTO workspacefeature VALUES ('1R2-018', 3);
INSERT INTO workspace VALUES ('1R2-019', '1R2-019', 4119, 42);
INSERT INTO workspacefeature VALUES ('1R2-019', 1);
INSERT INTO workspace VALUES ('1R2-020', '1R2-020', 4120, 42);
INSERT INTO workspace VALUES ('1R2-021', '1R2-021', 4121, 42);
INSERT INTO workspacefeature VALUES ('1R2-021', 1);
INSERT INTO workspacefeature VALUES ('1R2-021', 3);
INSERT INTO workspace VALUES ('1R2-022', '1R2-022', 4122, 42);
INSERT INTO workspacefeature VALUES ('1R2-022', 1);
INSERT INTO workspacefeature VALUES ('1R2-022', 2);
INSERT INTO workspace VALUES ('1R2-023', '1R2-023', 4123, 42);
INSERT INTO workspacefeature VALUES ('1R2-023', 1);
INSERT INTO workspace VALUES ('1R2-024', '1R2-024', 4124, 42);
INSERT INTO workspacefeature VALUES ('1R2-024', 1);
INSERT INTO workspacefeature VALUES ('1R2-024', 2);
INSERT INTO workspacefeature VALUES ('1R2-024', 3);
INSERT INTO workspace VALUES ('1R2-025', '1R2-025', 4125, 42);
INSERT INTO workspacefeature VALUES ('1R2-025', 1);
INSERT INTO workspace VALUES ('1R2-026', '1R2-026', 4126, 42);
INSERT INTO workspacefeature VALUES ('1R2-026', 1);
INSERT INTO workspacefeature VALUES ('1R2-026', 2);
INSERT INTO workspace VALUES ('1R2-027', '1R2-027', 4127, 42);
INSERT INTO workspacefeature VALUES ('1R2-027', 1);
INSERT INTO workspacefeature VALUES ('1R2-027', 3);
INSERT INTO workspace VALUES ('1R2-028', '1R2-028', 4128, 42);
INSERT INTO workspacefeature VALUES ('1R2-028', 1);
INSERT INTO workspacefeature VALUES ('1R2-028', 2);
INSERT INTO workspace VALUES ('1R2-029', '1R2-029', 4129, 42);
INSERT INTO workspacefeature VALUES ('1R2-029', 1);
INSERT INTO workspace VALUES ('1R2-030', '1R2-030', 4130, 42);
INSERT INTO workspace VALUES ('1R2-031', '1R2-031', 4131, 42);
INSERT INTO workspacefeature VALUES ('1R2-031', 1);
INSERT INTO workspace VALUES ('1R2-032', '1R2-032', 4132, 42);
INSERT INTO workspacefeature VALUES ('1R2-032', 1);
INSERT INTO workspacefeature VALUES ('1R2-032', 2);
INSERT INTO workspace VALUES ('1R2-033', '1R2-033', 4133, 42);
INSERT INTO workspacefeature VALUES ('1R2-033', 1);
INSERT INTO workspacefeature VALUES ('1R2-033', 3);
INSERT INTO workspace VALUES ('1R2-034', '1R2-034', 4134, 42);
INSERT INTO workspacefeature VALUES ('1R2-034', 1);
INSERT INTO workspacefeature VALUES ('1R2-034', 2);
INSERT INTO workspace VALUES ('1R2-035', '1R2-035', 4135, 42);
INSERT INTO workspacefeature VALUES ('1R2-035', 1);
INSERT INTO workspace VALUES ('1R2-036', '1R2-036', 4136, 42);
INSERT INTO workspacefeature VALUES ('1R2-036', 1);
INSERT INTO workspacefeature VALUES ('1R2-036', 2);
INSERT INTO workspacefeature VALUES ('1R2-036', 3);
INSERT INTO workspace VALUES ('1R2-037', '1R2-037', 4137, 42);
INSERT INTO workspacefeature VALUES ('1R2-037', 1);
INSERT INTO workspace VALUES ('1R2-038', '1R2-038', 4138, 42);
INSERT INTO workspacefeature VALUES ('1R2-038', 1);
INSERT INTO workspacefeature VALUES ('1R2-038', 2);
INSERT INTO workspace VALUES ('1R2-039', '1R2-039', 4139, 42);
INSERT INTO workspacefeature VALUES ('1R2-039', 1);
INSERT INTO workspacefeature VALUES ('1R2-039', 3);
INSERT INTO workspace VALUES ('1R2-040', '1R2-040', 4140, 42);
INSERT INTO workspace VALUES ('1R2-041', '1R2-041', 4141, 42);
INSERT INTO workspacefeature VALUES ('1R2-041', 1);
INSERT INTO workspace VALUES ('1R2-042', '1R2-042', 4142, 42);
INSERT INTO workspacefeature VALUES ('1R2-042', 1);
INSERT INTO workspacefeature VALUES ('1R2-042', 2);
INSERT INTO workspacefeature VALUES ('1R2-042', 3);
INSERT INTO workspace VALUES ('1R2-043', '1R2-043', 4143, 42);
INSERT INTO workspacefeature VALUES ('1R2-043', 1);
INSERT INTO workspace VALUES ('1R2-044', '1R2-044', 4144, 42);
INSERT INTO workspacefeature VALUES ('1R2-044', 1);
INSERT INTO workspacefeature VALUES ('1R2-044', 2);
INSERT INTO workspace VALUES ('1R2-045', '1R2-045', 4145, 42);
INSERT INTO workspacefeature VALUES ('1R2-045', 1);
INSERT INTO workspacefeature VALUES ('1R2-045', 3);
INSERT INTO workspace VALUES ('1R2-046', '1R2-046', 4146, 42);
INSERT INTO workspacefeature VALUES ('1R2-046', 1);
INSERT INTO workspacefeature VALUES ('1R2-046', 2);
INSERT INTO workspace VALUES ('1R2-047', '1R2-047', 4147, 42);
INSERT INTO workspacefeature VALUES ('1R2-047', 1);
INSERT INTO workspace VALUES ('1R2-048', '1R2-048', 4148, 42);
INSERT INTO workspacefeature VALUES ('1R2-048', 1);
INSERT INTO workspacefeature VALUES ('1R2-048', 2);
INSERT INTO workspacefeature VALUES ('1R2-048', 3);
INSERT INTO workspace VALUES ('1R2-049', '1R2-049', 4149, 42);
INSERT INTO workspacefeature VALUES ('1R2-049', 1);
INSERT INTO workspace VALUES ('1R2-050', '1R2-050', 4150, 42);
INSERT INTO workspace VALUES ('1R2-051', '1R2-051', 4151, 42);
INSERT INTO workspacefeature VALUES ('1R2-051', 1);
INSERT INTO workspacefeature VALUES ('1R2-051', 3);
INSERT INTO workspace VALUES ('1R2-052', '1R2-052', 4152, 42);
INSERT INTO workspacefeature VALUES ('1R2-052', 1);
INSERT INTO workspacefeature VALUES ('1R2-052', 2);
INSERT INTO workspace VALUES ('1R2-053', '1R2-053', 4153, 42);
INSERT INTO workspacefeature VALUES ('1R2-053', 1);
INSERT INTO workspace VALUES ('1R2-054', '1R2-054', 4154, 42);
INSERT INTO workspacefeature VALUES ('1R2-054', 1);
INSERT INTO workspacefeature VALUES ('1R2-054', 2);
INSERT INTO workspacefeature VALUES ('1R2-054', 3);
INSERT INTO workspace VALUES ('1R2-055', '1R2-055', 4155, 42);
INSERT INTO workspacefeature VALUES ('1R2-055', 1);
INSERT INTO workspace VALUES ('1R2-056', '1R2-056', 4156, 42);
INSERT INTO workspacefeature VALUES ('1R2-056', 1);
INSERT INTO workspacefeature VALUES ('1R2-056', 2);
INSERT INTO workspace VALUES ('1R2-057', '1R2-057', 4157, 42);
INSERT INTO workspacefeature VALUES ('1R2-057', 1);
INSERT INTO workspacefeature VALUES ('1R2-057', 3);
INSERT INTO workspace VALUES ('1R2-058', '1R2-058', 4158, 42);
INSERT INTO workspacefeature VALUES ('1R2-058', 1);
INSERT INTO workspacefeature VALUES ('1R2-058', 2);
INSERT INTO workspace VALUES ('1R2-059', '1R2-059', 4159, 42);
INSERT INTO workspacefeature VALUES ('1R2-059', 1);
INSERT INTO workspace VALUES ('1R2-060', '1R2-060', 4160, 42);
INSERT INTO workspace VALUES ('1R2-061', '1R2-061', 4161, 42);
INSERT INTO workspacefeature VALUES ('1R2-061', 1);
INSERT INTO workspace VALUES ('1R2-062', '1R2-062', 4162, 42);
INSERT INTO workspacefeature VALUES ('1R2-062', 1);
INSERT INTO workspacefeature VALUES ('1R2-062', 2);
INSERT INTO workspace VALUES ('1R2-063', '1R2-063', 4163, 42);
INSERT INTO workspacefeature VALUES ('1R2-063', 1);
INSERT INTO workspacefeature VALUES ('1R2-063', 3);
INSERT INTO workspace VALUES ('1R2-064', '1R2-064', 4164, 42);
INSERT INTO workspacefeature VALUES ('1R2-064', 1);
INSERT INTO workspacefeature VALUES ('1R2-064', 2);
INSERT INTO workspace VALUES ('1R2-065', '1R2-065', 4165, 42);
INSERT INTO workspacefeature VALUES ('1R2-065', 1);
INSERT INTO workspace VALUES ('1R2-066', '1R2-066', 4166, 42);
INSERT INTO workspacefeature VALUES ('1R2-066', 1);
INSERT INTO workspacefeature VALUES ('1R2-066', 2);
INSERT INTO workspacefeature VALUES ('1R2-066', 3);
INSERT INTO workspace VALUES ('1R2-067', '1R2-067', 4167, 42);
INSERT INTO workspacefeature VALUES ('1R2-067', 1);
INSERT INTO workspace VALUES ('1R2-068', '1R2-068', 4168, 42);
INSERT INTO workspacefeature VALUES ('1R2-068', 1);
INSERT INTO workspacefeature VALUES ('1R2-068', 2);
INSERT INTO workspace VALUES ('1R2-069', '1R2-069', 4169, 42);
INSERT INTO workspacefeature VALUES ('1R2-069', 1);
INSERT INTO workspacefeature VALUES ('1R2-069', 3);
INSERT INTO workspace VALUES ('1R2-070', '1R2-070', 4170, 42);
INSERT INTO workspace VALUES ('1R2-071', '1R2-071', 4171, 42);
INSERT INTO workspacefeature VALUES ('1R2-071', 1);
INSERT INTO workspace VALUES ('1R2-072', '1R2-072', 4172, 42);
INSERT INTO workspacefeature VALUES ('1R2-072', 1);
INSERT INTO workspacefeature VALUES ('1R2-072', 2);
INSERT INTO workspacefeature VALUES ('1R2-072', 3);
INSERT INTO workspace VALUES ('1R2-073', '1R2-073', 4173, 42);
INSERT INTO workspacefeature VALUES ('1R2-073', 1);
INSERT INTO workspace VALUES ('1R2-074', '1R2-074', 4174, 42);
INSERT INTO workspacefeature VALUES ('1R2-074', 1);
INSERT INTO workspacefeature VALUES ('1R2-074', 2);
INSERT INTO workspace VALUES ('1R2-075', '1R2-075', 4175, 42);
INSERT INTO workspacefeature VALUES ('1R2-075', 1);
INSERT INTO workspacefeature VALUES ('1R2-075', 3);
INSERT INTO workspace VALUES ('1R2-076', '1R2-076', 4176, 42);
INSERT INTO workspacefeature VALUES ('1R2-076', 1);
INSERT INTO workspacefeature VALUES ('1R2-076', 2);
INSERT INTO workspace VALUES ('1R2-077', '1R2-077', 4177, 42);
INSERT INTO workspacefeature VALUES ('1R2-077', 1);
INSERT INTO workspace VALUES ('1R2-078', '1R2-078', 4178, 42);
INSERT INTO workspacefeature VALUES ('1R2-078', 1);
INSERT INTO workspacefeature VALUES ('1R2-078', 2);
INSERT INTO workspacefeature VALUES ('1R2-078', 3);
INSERT INTO workspace VALUES ('1R2-079', '1R2-079', 4179, 42);
INSERT INTO workspacefeature VALUES ('1R2-079', 1);
INSERT INTO workspace VALUES ('1R2-080', '1R2-080', 4180, 42);
INSERT INTO workspace VALUES ('1R2-081', '1R2-081', 4181, 42);
INSERT INTO workspacefeature VALUES ('1R2-081', 1);
INSERT INTO workspacefeature VALUES ('1R2-081', 3);
INSERT INTO workspace VALUES ('1R2-082', '1R2-082', 4182, 42);
INSERT INTO workspacefeature VALUES ('1R2-082', 1);
INSERT INTO workspacefeature VALUES ('1R2-082', 2);
INSERT INTO workspace VALUES ('1R2-083', '1R2-083', 4183, 42);
INSERT INTO workspacefeature VALUES ('1R2-083', 1);
INSERT INTO workspace VALUES ('1R2-084', '1R2-084', 4184, 42);
INSERT INTO workspacefeature VALUES ('1R2-084', 1);
INSERT INTO workspacefeature VALUES ('1R2-084', 2);
INSERT INTO workspacefeature VALUES ('1R2-084', 3);
INSERT INTO workspace VALUES ('1R2-085', '1R2-085', 4185, 42);
INSERT INTO workspacefeature VALUES ('1R2-085', 1);
INSERT INTO workspace VALUES ('1R2-086', '1R2-086', 4186, 42);
INSERT INTO workspacefeature VALUES ('1R2-086', 1);
INSERT INTO workspacefeature VALUES ('1R2-086', 2);
INSERT INTO workspace VALUES ('1R2-087', '1R2-087', 4187, 42);
INSERT INTO workspacefeature VALUES ('1R2-087', 1);
INSERT INTO workspacefeature VALUES ('1R2-087', 3);
INSERT INTO workspace VALUES ('1R2-088', '1R2-088', 4188, 42);
INSERT INTO workspacefeature VALUES ('1R2-088', 1);
INSERT INTO workspacefeature VALUES ('1R2-088', 2);
INSERT INTO workspace VALUES ('1R2-089', '1R2-089', 4189, 42);
INSERT INTO workspacefeature VALUES ('1R2-089', 1);
INSERT INTO workspace VALUES ('1R2-090', '1R2-090', 4190, 42);
INSERT INTO workspace VALUES ('1R2-091', '1R2-091', 4191, 42);
INSERT INTO workspacefeature VALUES ('1R2-091', 1);
INSERT INTO workspace VALUES ('1R2-092', '1R2-092', 4192, 42);
INSERT INTO workspacefeature VALUES ('1R2-092', 1);
INSERT INTO workspacefeature VALUES ('1R2-092', 2);
INSERT INTO workspace VALUES ('1R2-093', '1R2-093', 4193, 42);
INSERT INTO workspacefeature VALUES ('1R2-093', 1);
INSERT INTO workspacefeature VALUES ('1R2-093', 3);
INSERT INTO workspace VALUES ('1R2-094', '1R2-094', 4194, 42);
INSERT INTO workspacefeature VALUES ('1R2-094', 1);
INSERT INTO workspacefeature VALUES ('1R2-094', 2);
INSERT INTO workspace VALUES ('1R2-095', '1R2-095', 4195, 42);
INSERT INTO workspacefeature VALUES ('1R2-095', 1);
INSERT INTO workspace VALUES ('1R2-096', '1R2-096', 4196, 42);
INSERT INTO workspacefeature VALUES ('1R2-096', 1);
INSERT INTO workspacefeature VALUES ('1R2-096', 2);
INSERT INTO workspacefeature VALUES ('1R2-096', 3);
INSERT INTO workspace VALUES ('1R2-097', '1R2-097', 4197, 42);
INSERT INTO workspacefeature VALUES ('1R2-097', 1);
INSERT INTO workspace VALUES ('1R2-098', '1R2-098', 4198, 42);
INSERT INTO workspacefeature VALUES ('1R2-098', 1);
INSERT INTO workspacefeature VALUES ('1R2-098', 2);
INSERT INTO workspace VALUES ('1R2-099', '1R2-099', 4199, 42);
INSERT INTO workspacefeature VALUES ('1R2-099', 1);
INSERT INTO workspacefeature VALUES ('1R2-099', 3);
INSERT INTO workspace VALUES ('1R2-100', '1R2-100', 4200, 42);
INSERT INTO floor VALUES (43, 3, 'Richmond Building 1', 'Richmond', '1', NULL);
INSERT INTO workspace VALUES ('1R3-001', '1R3-001', 4201, 43);
INSERT INTO workspacefeature VALUES ('1R3-001', 1);
INSERT INTO workspace VALUES ('1R3-002', '1R3-002', 4202, 43);
INSERT INTO workspacefeature VALUES ('1R3-002', 1);
INSERT INTO workspacefeature VALUES ('1R3-002', 2);
INSERT INTO workspace VALUES ('1R3-003', '1R3-003', 4203, 43);
INSERT INTO workspacefeature VALUES ('1R3-003', 1);
INSERT INTO workspacefeature VALUES ('1R3-003', 3);
INSERT INTO workspace VALUES ('1R3-004', '1R3-004', 4204, 43);
INSERT INTO workspacefeature VALUES ('1R3-004', 1);
INSERT INTO workspacefeature VALUES ('1R3-004', 2);
INSERT INTO workspace VALUES ('1R3-005', '1R3-005', 4205, 43);
INSERT INTO workspacefeature VALUES ('1R3-005', 1);
INSERT INTO workspace VALUES ('1R3-006', '1R3-006', 4206, 43);
INSERT INTO workspacefeature VALUES ('1R3-006', 1);
INSERT INTO workspacefeature VALUES ('1R3-006', 2);
INSERT INTO workspacefeature VALUES ('1R3-006', 3);
INSERT INTO workspace VALUES ('1R3-007', '1R3-007', 4207, 43);
INSERT INTO workspacefeature VALUES ('1R3-007', 1);
INSERT INTO workspace VALUES ('1R3-008', '1R3-008', 4208, 43);
INSERT INTO workspacefeature VALUES ('1R3-008', 1);
INSERT INTO workspacefeature VALUES ('1R3-008', 2);
INSERT INTO workspace VALUES ('1R3-009', '1R3-009', 4209, 43);
INSERT INTO workspacefeature VALUES ('1R3-009', 1);
INSERT INTO workspacefeature VALUES ('1R3-009', 3);
INSERT INTO workspace VALUES ('1R3-010', '1R3-010', 4210, 43);
INSERT INTO workspace VALUES ('1R3-011', '1R3-011', 4211, 43);
INSERT INTO workspacefeature VALUES ('1R3-011', 1);
INSERT INTO workspace VALUES ('1R3-012', '1R3-012', 4212, 43);
INSERT INTO workspacefeature VALUES ('1R3-012', 1);
INSERT INTO workspacefeature VALUES ('1R3-012', 2);
INSERT INTO workspacefeature VALUES ('1R3-012', 3);
INSERT INTO workspace VALUES ('1R3-013', '1R3-013', 4213, 43);
INSERT INTO workspacefeature VALUES ('1R3-013', 1);
INSERT INTO workspace VALUES ('1R3-014', '1R3-014', 4214, 43);
INSERT INTO workspacefeature VALUES ('1R3-014', 1);
INSERT INTO workspacefeature VALUES ('1R3-014', 2);
INSERT INTO workspace VALUES ('1R3-015', '1R3-015', 4215, 43);
INSERT INTO workspacefeature VALUES ('1R3-015', 1);
INSERT INTO workspacefeature VALUES ('1R3-015', 3);
INSERT INTO workspace VALUES ('1R3-016', '1R3-016', 4216, 43);
INSERT INTO workspacefeature VALUES ('1R3-016', 1);
INSERT INTO workspacefeature VALUES ('1R3-016', 2);
INSERT INTO workspace VALUES ('1R3-017', '1R3-017', 4217, 43);
INSERT INTO workspacefeature VALUES ('1R3-017', 1);
INSERT INTO workspace VALUES ('1R3-018', '1R3-018', 4218, 43);
INSERT INTO workspacefeature VALUES ('1R3-018', 1);
INSERT INTO workspacefeature VALUES ('1R3-018', 2);
INSERT INTO workspacefeature VALUES ('1R3-018', 3);
INSERT INTO workspace VALUES ('1R3-019', '1R3-019', 4219, 43);
INSERT INTO workspacefeature VALUES ('1R3-019', 1);
INSERT INTO workspace VALUES ('1R3-020', '1R3-020', 4220, 43);
INSERT INTO workspace VALUES ('1R3-021', '1R3-021', 4221, 43);
INSERT INTO workspacefeature VALUES ('1R3-021', 1);
INSERT INTO workspacefeature VALUES ('1R3-021', 3);
INSERT INTO workspace VALUES ('1R3-022', '1R3-022', 4222, 43);
INSERT INTO workspacefeature VALUES ('1R3-022', 1);
INSERT INTO workspacefeature VALUES ('1R3-022', 2);
INSERT INTO workspace VALUES ('1R3-023', '1R3-023', 4223, 43);
INSERT INTO workspacefeature VALUES ('1R3-023', 1);
INSERT INTO workspace VALUES ('1R3-024', '1R3-024', 4224, 43);
INSERT INTO workspacefeature VALUES ('1R3-024', 1);
INSERT INTO workspacefeature VALUES ('1R3-024', 2);
INSERT INTO workspacefeature VALUES ('1R3-024', 3);
INSERT INTO workspace VALUES ('1R3-025', '1R3-025', 4225, 43);
INSERT INTO workspacefeature VALUES ('1R3-025', 1);
INSERT INTO workspace VALUES ('1R3-026', '1R3-026', 4226, 43);
INSERT INTO workspacefeature VALUES ('1R3-026', 1);
INSERT INTO workspacefeature VALUES ('1R3-026', 2);
INSERT INTO workspace VALUES ('1R3-027', '1R3-027', 4227, 43);
INSERT INTO workspacefeature VALUES ('1R3-027', 1);
INSERT INTO workspacefeature VALUES ('1R3-027', 3);
INSERT INTO workspace VALUES ('1R3-028', '1R3-028', 4228, 43);
INSERT INTO workspacefeature VALUES ('1R3-028', 1);
INSERT INTO workspacefeature VALUES ('1R3-028', 2);
INSERT INTO workspace VALUES ('1R3-029', '1R3-029', 4229, 43);
INSERT INTO workspacefeature VALUES ('1R3-029', 1);
INSERT INTO workspace VALUES ('1R3-030', '1R3-030', 4230, 43);
INSERT INTO workspace VALUES ('1R3-031', '1R3-031', 4231, 43);
INSERT INTO workspacefeature VALUES ('1R3-031', 1);
INSERT INTO workspace VALUES ('1R3-032', '1R3-032', 4232, 43);
INSERT INTO workspacefeature VALUES ('1R3-032', 1);
INSERT INTO workspacefeature VALUES ('1R3-032', 2);
INSERT INTO workspace VALUES ('1R3-033', '1R3-033', 4233, 43);
INSERT INTO workspacefeature VALUES ('1R3-033', 1);
INSERT INTO workspacefeature VALUES ('1R3-033', 3);
INSERT INTO workspace VALUES ('1R3-034', '1R3-034', 4234, 43);
INSERT INTO workspacefeature VALUES ('1R3-034', 1);
INSERT INTO workspacefeature VALUES ('1R3-034', 2);
INSERT INTO workspace VALUES ('1R3-035', '1R3-035', 4235, 43);
INSERT INTO workspacefeature VALUES ('1R3-035', 1);
INSERT INTO workspace VALUES ('1R3-036', '1R3-036', 4236, 43);
INSERT INTO workspacefeature VALUES ('1R3-036', 1);
INSERT INTO workspacefeature VALUES ('1R3-036', 2);
INSERT INTO workspacefeature VALUES ('1R3-036', 3);
INSERT INTO workspace VALUES ('1R3-037', '1R3-037', 4237, 43);
INSERT INTO workspacefeature VALUES ('1R3-037', 1);
INSERT INTO workspace VALUES ('1R3-038', '1R3-038', 4238, 43);
INSERT INTO workspacefeature VALUES ('1R3-038', 1);
INSERT INTO workspacefeature VALUES ('1R3-038', 2);
INSERT INTO workspace VALUES ('1R3-039', '1R3-039', 4239, 43);
INSERT INTO workspacefeature VALUES ('1R3-039', 1);
INSERT INTO workspacefeature VALUES ('1R3-039', 3);
INSERT INTO workspace VALUES ('1R3-040', '1R3-040', 4240, 43);
INSERT INTO workspace VALUES ('1R3-041', '1R3-041', 4241, 43);
INSERT INTO workspacefeature VALUES ('1R3-041', 1);
INSERT INTO workspace VALUES ('1R3-042', '1R3-042', 4242, 43);
INSERT INTO workspacefeature VALUES ('1R3-042', 1);
INSERT INTO workspacefeature VALUES ('1R3-042', 2);
INSERT INTO workspacefeature VALUES ('1R3-042', 3);
INSERT INTO workspace VALUES ('1R3-043', '1R3-043', 4243, 43);
INSERT INTO workspacefeature VALUES ('1R3-043', 1);
INSERT INTO workspace VALUES ('1R3-044', '1R3-044', 4244, 43);
INSERT INTO workspacefeature VALUES ('1R3-044', 1);
INSERT INTO workspacefeature VALUES ('1R3-044', 2);
INSERT INTO workspace VALUES ('1R3-045', '1R3-045', 4245, 43);
INSERT INTO workspacefeature VALUES ('1R3-045', 1);
INSERT INTO workspacefeature VALUES ('1R3-045', 3);
INSERT INTO workspace VALUES ('1R3-046', '1R3-046', 4246, 43);
INSERT INTO workspacefeature VALUES ('1R3-046', 1);
INSERT INTO workspacefeature VALUES ('1R3-046', 2);
INSERT INTO workspace VALUES ('1R3-047', '1R3-047', 4247, 43);
INSERT INTO workspacefeature VALUES ('1R3-047', 1);
INSERT INTO workspace VALUES ('1R3-048', '1R3-048', 4248, 43);
INSERT INTO workspacefeature VALUES ('1R3-048', 1);
INSERT INTO workspacefeature VALUES ('1R3-048', 2);
INSERT INTO workspacefeature VALUES ('1R3-048', 3);
INSERT INTO workspace VALUES ('1R3-049', '1R3-049', 4249, 43);
INSERT INTO workspacefeature VALUES ('1R3-049', 1);
INSERT INTO workspace VALUES ('1R3-050', '1R3-050', 4250, 43);
INSERT INTO workspace VALUES ('1R3-051', '1R3-051', 4251, 43);
INSERT INTO workspacefeature VALUES ('1R3-051', 1);
INSERT INTO workspacefeature VALUES ('1R3-051', 3);
INSERT INTO workspace VALUES ('1R3-052', '1R3-052', 4252, 43);
INSERT INTO workspacefeature VALUES ('1R3-052', 1);
INSERT INTO workspacefeature VALUES ('1R3-052', 2);
INSERT INTO workspace VALUES ('1R3-053', '1R3-053', 4253, 43);
INSERT INTO workspacefeature VALUES ('1R3-053', 1);
INSERT INTO workspace VALUES ('1R3-054', '1R3-054', 4254, 43);
INSERT INTO workspacefeature VALUES ('1R3-054', 1);
INSERT INTO workspacefeature VALUES ('1R3-054', 2);
INSERT INTO workspacefeature VALUES ('1R3-054', 3);
INSERT INTO workspace VALUES ('1R3-055', '1R3-055', 4255, 43);
INSERT INTO workspacefeature VALUES ('1R3-055', 1);
INSERT INTO workspace VALUES ('1R3-056', '1R3-056', 4256, 43);
INSERT INTO workspacefeature VALUES ('1R3-056', 1);
INSERT INTO workspacefeature VALUES ('1R3-056', 2);
INSERT INTO workspace VALUES ('1R3-057', '1R3-057', 4257, 43);
INSERT INTO workspacefeature VALUES ('1R3-057', 1);
INSERT INTO workspacefeature VALUES ('1R3-057', 3);
INSERT INTO workspace VALUES ('1R3-058', '1R3-058', 4258, 43);
INSERT INTO workspacefeature VALUES ('1R3-058', 1);
INSERT INTO workspacefeature VALUES ('1R3-058', 2);
INSERT INTO workspace VALUES ('1R3-059', '1R3-059', 4259, 43);
INSERT INTO workspacefeature VALUES ('1R3-059', 1);
INSERT INTO workspace VALUES ('1R3-060', '1R3-060', 4260, 43);
INSERT INTO workspace VALUES ('1R3-061', '1R3-061', 4261, 43);
INSERT INTO workspacefeature VALUES ('1R3-061', 1);
INSERT INTO workspace VALUES ('1R3-062', '1R3-062', 4262, 43);
INSERT INTO workspacefeature VALUES ('1R3-062', 1);
INSERT INTO workspacefeature VALUES ('1R3-062', 2);
INSERT INTO workspace VALUES ('1R3-063', '1R3-063', 4263, 43);
INSERT INTO workspacefeature VALUES ('1R3-063', 1);
INSERT INTO workspacefeature VALUES ('1R3-063', 3);
INSERT INTO workspace VALUES ('1R3-064', '1R3-064', 4264, 43);
INSERT INTO workspacefeature VALUES ('1R3-064', 1);
INSERT INTO workspacefeature VALUES ('1R3-064', 2);
INSERT INTO workspace VALUES ('1R3-065', '1R3-065', 4265, 43);
INSERT INTO workspacefeature VALUES ('1R3-065', 1);
INSERT INTO workspace VALUES ('1R3-066', '1R3-066', 4266, 43);
INSERT INTO workspacefeature VALUES ('1R3-066', 1);
INSERT INTO workspacefeature VALUES ('1R3-066', 2);
INSERT INTO workspacefeature VALUES ('1R3-066', 3);
INSERT INTO workspace VALUES ('1R3-067', '1R3-067', 4267, 43);
INSERT INTO workspacefeature VALUES ('1R3-067', 1);
INSERT INTO workspace VALUES ('1R3-068', '1R3-068', 4268, 43);
INSERT INTO workspacefeature VALUES ('1R3-068', 1);
INSERT INTO workspacefeature VALUES ('1R3-068', 2);
INSERT INTO workspace VALUES ('1R3-069', '1R3-069', 4269, 43);
INSERT INTO workspacefeature VALUES ('1R3-069', 1);
INSERT INTO workspacefeature VALUES ('1R3-069', 3);
INSERT INTO workspace VALUES ('1R3-070', '1R3-070', 4270, 43);
INSERT INTO workspace VALUES ('1R3-071', '1R3-071', 4271, 43);
INSERT INTO workspacefeature VALUES ('1R3-071', 1);
INSERT INTO workspace VALUES ('1R3-072', '1R3-072', 4272, 43);
INSERT INTO workspacefeature VALUES ('1R3-072', 1);
INSERT INTO workspacefeature VALUES ('1R3-072', 2);
INSERT INTO workspacefeature VALUES ('1R3-072', 3);
INSERT INTO workspace VALUES ('1R3-073', '1R3-073', 4273, 43);
INSERT INTO workspacefeature VALUES ('1R3-073', 1);
INSERT INTO workspace VALUES ('1R3-074', '1R3-074', 4274, 43);
INSERT INTO workspacefeature VALUES ('1R3-074', 1);
INSERT INTO workspacefeature VALUES ('1R3-074', 2);
INSERT INTO workspace VALUES ('1R3-075', '1R3-075', 4275, 43);
INSERT INTO workspacefeature VALUES ('1R3-075', 1);
INSERT INTO workspacefeature VALUES ('1R3-075', 3);
INSERT INTO workspace VALUES ('1R3-076', '1R3-076', 4276, 43);
INSERT INTO workspacefeature VALUES ('1R3-076', 1);
INSERT INTO workspacefeature VALUES ('1R3-076', 2);
INSERT INTO workspace VALUES ('1R3-077', '1R3-077', 4277, 43);
INSERT INTO workspacefeature VALUES ('1R3-077', 1);
INSERT INTO workspace VALUES ('1R3-078', '1R3-078', 4278, 43);
INSERT INTO workspacefeature VALUES ('1R3-078', 1);
INSERT INTO workspacefeature VALUES ('1R3-078', 2);
INSERT INTO workspacefeature VALUES ('1R3-078', 3);
INSERT INTO workspace VALUES ('1R3-079', '1R3-079', 4279, 43);
INSERT INTO workspacefeature VALUES ('1R3-079', 1);
INSERT INTO workspace VALUES ('1R3-080', '1R3-080', 4280, 43);
INSERT INTO workspace VALUES ('1R3-081', '1R3-081', 4281, 43);
INSERT INTO workspacefeature VALUES ('1R3-081', 1);
INSERT INTO workspacefeature VALUES ('1R3-081', 3);
INSERT INTO workspace VALUES ('1R3-082', '1R3-082', 4282, 43);
INSERT INTO workspacefeature VALUES ('1R3-082', 1);
INSERT INTO workspacefeature VALUES ('1R3-082', 2);
INSERT INTO workspace VALUES ('1R3-083', '1R3-083', 4283, 43);
INSERT INTO workspacefeature VALUES ('1R3-083', 1);
INSERT INTO workspace VALUES ('1R3-084', '1R3-084', 4284, 43);
INSERT INTO workspacefeature VALUES ('1R3-084', 1);
INSERT INTO workspacefeature VALUES ('1R3-084', 2);
INSERT INTO workspacefeature VALUES ('1R3-084', 3);
INSERT INTO workspace VALUES ('1R3-085', '1R3-085', 4285, 43);
INSERT INTO workspacefeature VALUES ('1R3-085', 1);
INSERT INTO workspace VALUES ('1R3-086', '1R3-086', 4286, 43);
INSERT INTO workspacefeature VALUES ('1R3-086', 1);
INSERT INTO workspacefeature VALUES ('1R3-086', 2);
INSERT INTO workspace VALUES ('1R3-087', '1R3-087', 4287, 43);
INSERT INTO workspacefeature VALUES ('1R3-087', 1);
INSERT INTO workspacefeature VALUES ('1R3-087', 3);
INSERT INTO workspace VALUES ('1R3-088', '1R3-088', 4288, 43);
INSERT INTO workspacefeature VALUES ('1R3-088', 1);
INSERT INTO workspacefeature VALUES ('1R3-088', 2);
INSERT INTO workspace VALUES ('1R3-089', '1R3-089', 4289, 43);
INSERT INTO workspacefeature VALUES ('1R3-089', 1);
INSERT INTO workspace VALUES ('1R3-090', '1R3-090', 4290, 43);
INSERT INTO workspace VALUES ('1R3-091', '1R3-091', 4291, 43);
INSERT INTO workspacefeature VALUES ('1R3-091', 1);
INSERT INTO workspace VALUES ('1R3-092', '1R3-092', 4292, 43);
INSERT INTO workspacefeature VALUES ('1R3-092', 1);
INSERT INTO workspacefeature VALUES ('1R3-092', 2);
INSERT INTO workspace VALUES ('1R3-093', '1R3-093', 4293, 43);
INSERT INTO workspacefeature VALUES ('1R3-093', 1);
INSERT INTO workspacefeature VALUES ('1R3-093', 3);
INSERT INTO workspace VALUES ('1R3-094', '1R3-094', 4294, 43);
INSERT INTO workspacefeature VALUES ('1R3-094', 1);
INSERT INTO workspacefeature VALUES ('1R3-094', 2);
INSERT INTO workspace VALUES ('1R3-095', '1R3-095', 4295, 43);
INSERT INTO workspacefeature VALUES ('1R3-095', 1);
INSERT INTO workspace VALUES ('1R3-096', '1R3-096', 4296, 43);
INSERT INTO workspacefeature VALUES ('1R3-096', 1);
INSERT INTO workspacefeature VALUES ('1R3-096', 2);
INSERT INTO workspacefeature VALUES ('1R3-096', 3);
INSERT INTO workspace VALUES ('1R3-097', '1R3-097', 4297, 43);
INSERT INTO workspacefeature VALUES ('1R3-097', 1);
INSERT INTO workspace VALUES ('1R3-098', '1R3-098', 4298, 43);
INSERT INTO workspacefeature VALUES ('1R3-098', 1);
INSERT INTO workspacefeature VALUES ('1R3-098', 2);
INSERT INTO workspace VALUES ('1R3-099', '1R3-099', 4299, 43);
INSERT INTO workspacefeature VALUES ('1R3-099', 1);
INSERT INTO workspacefeature VALUES ('1R3-099', 3);
INSERT INTO workspace VALUES ('1R3-100', '1R3-100', 4300, 43);
INSERT INTO floor VALUES (44, 4, 'Richmond Building 1', 'Richmond', '1', NULL);
INSERT INTO workspace VALUES ('1R4-001', '1R4-001', 4301, 44);
INSERT INTO workspacefeature VALUES ('1R4-001', 1);
INSERT INTO workspace VALUES ('1R4-002', '1R4-002', 4302, 44);
INSERT INTO workspacefeature VALUES ('1R4-002', 1);
INSERT INTO workspacefeature VALUES ('1R4-002', 2);
INSERT INTO workspace VALUES ('1R4-003', '1R4-003', 4303, 44);
INSERT INTO workspacefeature VALUES ('1R4-003', 1);
INSERT INTO workspacefeature VALUES ('1R4-003', 3);
INSERT INTO workspace VALUES ('1R4-004', '1R4-004', 4304, 44);
INSERT INTO workspacefeature VALUES ('1R4-004', 1);
INSERT INTO workspacefeature VALUES ('1R4-004', 2);
INSERT INTO workspace VALUES ('1R4-005', '1R4-005', 4305, 44);
INSERT INTO workspacefeature VALUES ('1R4-005', 1);
INSERT INTO workspace VALUES ('1R4-006', '1R4-006', 4306, 44);
INSERT INTO workspacefeature VALUES ('1R4-006', 1);
INSERT INTO workspacefeature VALUES ('1R4-006', 2);
INSERT INTO workspacefeature VALUES ('1R4-006', 3);
INSERT INTO workspace VALUES ('1R4-007', '1R4-007', 4307, 44);
INSERT INTO workspacefeature VALUES ('1R4-007', 1);
INSERT INTO workspace VALUES ('1R4-008', '1R4-008', 4308, 44);
INSERT INTO workspacefeature VALUES ('1R4-008', 1);
INSERT INTO workspacefeature VALUES ('1R4-008', 2);
INSERT INTO workspace VALUES ('1R4-009', '1R4-009', 4309, 44);
INSERT INTO workspacefeature VALUES ('1R4-009', 1);
INSERT INTO workspacefeature VALUES ('1R4-009', 3);
INSERT INTO workspace VALUES ('1R4-010', '1R4-010', 4310, 44);
INSERT INTO workspace VALUES ('1R4-011', '1R4-011', 4311, 44);
INSERT INTO workspacefeature VALUES ('1R4-011', 1);
INSERT INTO workspace VALUES ('1R4-012', '1R4-012', 4312, 44);
INSERT INTO workspacefeature VALUES ('1R4-012', 1);
INSERT INTO workspacefeature VALUES ('1R4-012', 2);
INSERT INTO workspacefeature VALUES ('1R4-012', 3);
INSERT INTO workspace VALUES ('1R4-013', '1R4-013', 4313, 44);
INSERT INTO workspacefeature VALUES ('1R4-013', 1);
INSERT INTO workspace VALUES ('1R4-014', '1R4-014', 4314, 44);
INSERT INTO workspacefeature VALUES ('1R4-014', 1);
INSERT INTO workspacefeature VALUES ('1R4-014', 2);
INSERT INTO workspace VALUES ('1R4-015', '1R4-015', 4315, 44);
INSERT INTO workspacefeature VALUES ('1R4-015', 1);
INSERT INTO workspacefeature VALUES ('1R4-015', 3);
INSERT INTO workspace VALUES ('1R4-016', '1R4-016', 4316, 44);
INSERT INTO workspacefeature VALUES ('1R4-016', 1);
INSERT INTO workspacefeature VALUES ('1R4-016', 2);
INSERT INTO workspace VALUES ('1R4-017', '1R4-017', 4317, 44);
INSERT INTO workspacefeature VALUES ('1R4-017', 1);
INSERT INTO workspace VALUES ('1R4-018', '1R4-018', 4318, 44);
INSERT INTO workspacefeature VALUES ('1R4-018', 1);
INSERT INTO workspacefeature VALUES ('1R4-018', 2);
INSERT INTO workspacefeature VALUES ('1R4-018', 3);
INSERT INTO workspace VALUES ('1R4-019', '1R4-019', 4319, 44);
INSERT INTO workspacefeature VALUES ('1R4-019', 1);
INSERT INTO workspace VALUES ('1R4-020', '1R4-020', 4320, 44);
INSERT INTO workspace VALUES ('1R4-021', '1R4-021', 4321, 44);
INSERT INTO workspacefeature VALUES ('1R4-021', 1);
INSERT INTO workspacefeature VALUES ('1R4-021', 3);
INSERT INTO workspace VALUES ('1R4-022', '1R4-022', 4322, 44);
INSERT INTO workspacefeature VALUES ('1R4-022', 1);
INSERT INTO workspacefeature VALUES ('1R4-022', 2);
INSERT INTO workspace VALUES ('1R4-023', '1R4-023', 4323, 44);
INSERT INTO workspacefeature VALUES ('1R4-023', 1);
INSERT INTO workspace VALUES ('1R4-024', '1R4-024', 4324, 44);
INSERT INTO workspacefeature VALUES ('1R4-024', 1);
INSERT INTO workspacefeature VALUES ('1R4-024', 2);
INSERT INTO workspacefeature VALUES ('1R4-024', 3);
INSERT INTO workspace VALUES ('1R4-025', '1R4-025', 4325, 44);
INSERT INTO workspacefeature VALUES ('1R4-025', 1);
INSERT INTO workspace VALUES ('1R4-026', '1R4-026', 4326, 44);
INSERT INTO workspacefeature VALUES ('1R4-026', 1);
INSERT INTO workspacefeature VALUES ('1R4-026', 2);
INSERT INTO workspace VALUES ('1R4-027', '1R4-027', 4327, 44);
INSERT INTO workspacefeature VALUES ('1R4-027', 1);
INSERT INTO workspacefeature VALUES ('1R4-027', 3);
INSERT INTO workspace VALUES ('1R4-028', '1R4-028', 4328, 44);
INSERT INTO workspacefeature VALUES ('1R4-028', 1);
INSERT INTO workspacefeature VALUES ('1R4-028', 2);
INSERT INTO workspace VALUES ('1R4-029', '1R4-029', 4329, 44);
INSERT INTO workspacefeature VALUES ('1R4-029', 1);
INSERT INTO workspace VALUES ('1R4-030', '1R4-030', 4330, 44);
INSERT INTO workspace VALUES ('1R4-031', '1R4-031', 4331, 44);
INSERT INTO workspacefeature VALUES ('1R4-031', 1);
INSERT INTO workspace VALUES ('1R4-032', '1R4-032', 4332, 44);
INSERT INTO workspacefeature VALUES ('1R4-032', 1);
INSERT INTO workspacefeature VALUES ('1R4-032', 2);
INSERT INTO workspace VALUES ('1R4-033', '1R4-033', 4333, 44);
INSERT INTO workspacefeature VALUES ('1R4-033', 1);
INSERT INTO workspacefeature VALUES ('1R4-033', 3);
INSERT INTO workspace VALUES ('1R4-034', '1R4-034', 4334, 44);
INSERT INTO workspacefeature VALUES ('1R4-034', 1);
INSERT INTO workspacefeature VALUES ('1R4-034', 2);
INSERT INTO workspace VALUES ('1R4-035', '1R4-035', 4335, 44);
INSERT INTO workspacefeature VALUES ('1R4-035', 1);
INSERT INTO workspace VALUES ('1R4-036', '1R4-036', 4336, 44);
INSERT INTO workspacefeature VALUES ('1R4-036', 1);
INSERT INTO workspacefeature VALUES ('1R4-036', 2);
INSERT INTO workspacefeature VALUES ('1R4-036', 3);
INSERT INTO workspace VALUES ('1R4-037', '1R4-037', 4337, 44);
INSERT INTO workspacefeature VALUES ('1R4-037', 1);
INSERT INTO workspace VALUES ('1R4-038', '1R4-038', 4338, 44);
INSERT INTO workspacefeature VALUES ('1R4-038', 1);
INSERT INTO workspacefeature VALUES ('1R4-038', 2);
INSERT INTO workspace VALUES ('1R4-039', '1R4-039', 4339, 44);
INSERT INTO workspacefeature VALUES ('1R4-039', 1);
INSERT INTO workspacefeature VALUES ('1R4-039', 3);
INSERT INTO workspace VALUES ('1R4-040', '1R4-040', 4340, 44);
INSERT INTO workspace VALUES ('1R4-041', '1R4-041', 4341, 44);
INSERT INTO workspacefeature VALUES ('1R4-041', 1);
INSERT INTO workspace VALUES ('1R4-042', '1R4-042', 4342, 44);
INSERT INTO workspacefeature VALUES ('1R4-042', 1);
INSERT INTO workspacefeature VALUES ('1R4-042', 2);
INSERT INTO workspacefeature VALUES ('1R4-042', 3);
INSERT INTO workspace VALUES ('1R4-043', '1R4-043', 4343, 44);
INSERT INTO workspacefeature VALUES ('1R4-043', 1);
INSERT INTO workspace VALUES ('1R4-044', '1R4-044', 4344, 44);
INSERT INTO workspacefeature VALUES ('1R4-044', 1);
INSERT INTO workspacefeature VALUES ('1R4-044', 2);
INSERT INTO workspace VALUES ('1R4-045', '1R4-045', 4345, 44);
INSERT INTO workspacefeature VALUES ('1R4-045', 1);
INSERT INTO workspacefeature VALUES ('1R4-045', 3);
INSERT INTO workspace VALUES ('1R4-046', '1R4-046', 4346, 44);
INSERT INTO workspacefeature VALUES ('1R4-046', 1);
INSERT INTO workspacefeature VALUES ('1R4-046', 2);
INSERT INTO workspace VALUES ('1R4-047', '1R4-047', 4347, 44);
INSERT INTO workspacefeature VALUES ('1R4-047', 1);
INSERT INTO workspace VALUES ('1R4-048', '1R4-048', 4348, 44);
INSERT INTO workspacefeature VALUES ('1R4-048', 1);
INSERT INTO workspacefeature VALUES ('1R4-048', 2);
INSERT INTO workspacefeature VALUES ('1R4-048', 3);
INSERT INTO workspace VALUES ('1R4-049', '1R4-049', 4349, 44);
INSERT INTO workspacefeature VALUES ('1R4-049', 1);
INSERT INTO workspace VALUES ('1R4-050', '1R4-050', 4350, 44);
INSERT INTO workspace VALUES ('1R4-051', '1R4-051', 4351, 44);
INSERT INTO workspacefeature VALUES ('1R4-051', 1);
INSERT INTO workspacefeature VALUES ('1R4-051', 3);
INSERT INTO workspace VALUES ('1R4-052', '1R4-052', 4352, 44);
INSERT INTO workspacefeature VALUES ('1R4-052', 1);
INSERT INTO workspacefeature VALUES ('1R4-052', 2);
INSERT INTO workspace VALUES ('1R4-053', '1R4-053', 4353, 44);
INSERT INTO workspacefeature VALUES ('1R4-053', 1);
INSERT INTO workspace VALUES ('1R4-054', '1R4-054', 4354, 44);
INSERT INTO workspacefeature VALUES ('1R4-054', 1);
INSERT INTO workspacefeature VALUES ('1R4-054', 2);
INSERT INTO workspacefeature VALUES ('1R4-054', 3);
INSERT INTO workspace VALUES ('1R4-055', '1R4-055', 4355, 44);
INSERT INTO workspacefeature VALUES ('1R4-055', 1);
INSERT INTO workspace VALUES ('1R4-056', '1R4-056', 4356, 44);
INSERT INTO workspacefeature VALUES ('1R4-056', 1);
INSERT INTO workspacefeature VALUES ('1R4-056', 2);
INSERT INTO workspace VALUES ('1R4-057', '1R4-057', 4357, 44);
INSERT INTO workspacefeature VALUES ('1R4-057', 1);
INSERT INTO workspacefeature VALUES ('1R4-057', 3);
INSERT INTO workspace VALUES ('1R4-058', '1R4-058', 4358, 44);
INSERT INTO workspacefeature VALUES ('1R4-058', 1);
INSERT INTO workspacefeature VALUES ('1R4-058', 2);
INSERT INTO workspace VALUES ('1R4-059', '1R4-059', 4359, 44);
INSERT INTO workspacefeature VALUES ('1R4-059', 1);
INSERT INTO workspace VALUES ('1R4-060', '1R4-060', 4360, 44);
INSERT INTO workspace VALUES ('1R4-061', '1R4-061', 4361, 44);
INSERT INTO workspacefeature VALUES ('1R4-061', 1);
INSERT INTO workspace VALUES ('1R4-062', '1R4-062', 4362, 44);
INSERT INTO workspacefeature VALUES ('1R4-062', 1);
INSERT INTO workspacefeature VALUES ('1R4-062', 2);
INSERT INTO workspace VALUES ('1R4-063', '1R4-063', 4363, 44);
INSERT INTO workspacefeature VALUES ('1R4-063', 1);
INSERT INTO workspacefeature VALUES ('1R4-063', 3);
INSERT INTO workspace VALUES ('1R4-064', '1R4-064', 4364, 44);
INSERT INTO workspacefeature VALUES ('1R4-064', 1);
INSERT INTO workspacefeature VALUES ('1R4-064', 2);
INSERT INTO workspace VALUES ('1R4-065', '1R4-065', 4365, 44);
INSERT INTO workspacefeature VALUES ('1R4-065', 1);
INSERT INTO workspace VALUES ('1R4-066', '1R4-066', 4366, 44);
INSERT INTO workspacefeature VALUES ('1R4-066', 1);
INSERT INTO workspacefeature VALUES ('1R4-066', 2);
INSERT INTO workspacefeature VALUES ('1R4-066', 3);
INSERT INTO workspace VALUES ('1R4-067', '1R4-067', 4367, 44);
INSERT INTO workspacefeature VALUES ('1R4-067', 1);
INSERT INTO workspace VALUES ('1R4-068', '1R4-068', 4368, 44);
INSERT INTO workspacefeature VALUES ('1R4-068', 1);
INSERT INTO workspacefeature VALUES ('1R4-068', 2);
INSERT INTO workspace VALUES ('1R4-069', '1R4-069', 4369, 44);
INSERT INTO workspacefeature VALUES ('1R4-069', 1);
INSERT INTO workspacefeature VALUES ('1R4-069', 3);
INSERT INTO workspace VALUES ('1R4-070', '1R4-070', 4370, 44);
INSERT INTO workspace VALUES ('1R4-071', '1R4-071', 4371, 44);
INSERT INTO workspacefeature VALUES ('1R4-071', 1);
INSERT INTO workspace VALUES ('1R4-072', '1R4-072', 4372, 44);
INSERT INTO workspacefeature VALUES ('1R4-072', 1);
INSERT INTO workspacefeature VALUES ('1R4-072', 2);
INSERT INTO workspacefeature VALUES ('1R4-072', 3);
INSERT INTO workspace VALUES ('1R4-073', '1R4-073', 4373, 44);
INSERT INTO workspacefeature VALUES ('1R4-073', 1);
INSERT INTO workspace VALUES ('1R4-074', '1R4-074', 4374, 44);
INSERT INTO workspacefeature VALUES ('1R4-074', 1);
INSERT INTO workspacefeature VALUES ('1R4-074', 2);
INSERT INTO workspace VALUES ('1R4-075', '1R4-075', 4375, 44);
INSERT INTO workspacefeature VALUES ('1R4-075', 1);
INSERT INTO workspacefeature VALUES ('1R4-075', 3);
INSERT INTO workspace VALUES ('1R4-076', '1R4-076', 4376, 44);
INSERT INTO workspacefeature VALUES ('1R4-076', 1);
INSERT INTO workspacefeature VALUES ('1R4-076', 2);
INSERT INTO workspace VALUES ('1R4-077', '1R4-077', 4377, 44);
INSERT INTO workspacefeature VALUES ('1R4-077', 1);
INSERT INTO workspace VALUES ('1R4-078', '1R4-078', 4378, 44);
INSERT INTO workspacefeature VALUES ('1R4-078', 1);
INSERT INTO workspacefeature VALUES ('1R4-078', 2);
INSERT INTO workspacefeature VALUES ('1R4-078', 3);
INSERT INTO workspace VALUES ('1R4-079', '1R4-079', 4379, 44);
INSERT INTO workspacefeature VALUES ('1R4-079', 1);
INSERT INTO workspace VALUES ('1R4-080', '1R4-080', 4380, 44);
INSERT INTO workspace VALUES ('1R4-081', '1R4-081', 4381, 44);
INSERT INTO workspacefeature VALUES ('1R4-081', 1);
INSERT INTO workspacefeature VALUES ('1R4-081', 3);
INSERT INTO workspace VALUES ('1R4-082', '1R4-082', 4382, 44);
INSERT INTO workspacefeature VALUES ('1R4-082', 1);
INSERT INTO workspacefeature VALUES ('1R4-082', 2);
INSERT INTO workspace VALUES ('1R4-083', '1R4-083', 4383, 44);
INSERT INTO workspacefeature VALUES ('1R4-083', 1);
INSERT INTO workspace VALUES ('1R4-084', '1R4-084', 4384, 44);
INSERT INTO workspacefeature VALUES ('1R4-084', 1);
INSERT INTO workspacefeature VALUES ('1R4-084', 2);
INSERT INTO workspacefeature VALUES ('1R4-084', 3);
INSERT INTO workspace VALUES ('1R4-085', '1R4-085', 4385, 44);
INSERT INTO workspacefeature VALUES ('1R4-085', 1);
INSERT INTO workspace VALUES ('1R4-086', '1R4-086', 4386, 44);
INSERT INTO workspacefeature VALUES ('1R4-086', 1);
INSERT INTO workspacefeature VALUES ('1R4-086', 2);
INSERT INTO workspace VALUES ('1R4-087', '1R4-087', 4387, 44);
INSERT INTO workspacefeature VALUES ('1R4-087', 1);
INSERT INTO workspacefeature VALUES ('1R4-087', 3);
INSERT INTO workspace VALUES ('1R4-088', '1R4-088', 4388, 44);
INSERT INTO workspacefeature VALUES ('1R4-088', 1);
INSERT INTO workspacefeature VALUES ('1R4-088', 2);
INSERT INTO workspace VALUES ('1R4-089', '1R4-089', 4389, 44);
INSERT INTO workspacefeature VALUES ('1R4-089', 1);
INSERT INTO workspace VALUES ('1R4-090', '1R4-090', 4390, 44);
INSERT INTO workspace VALUES ('1R4-091', '1R4-091', 4391, 44);
INSERT INTO workspacefeature VALUES ('1R4-091', 1);
INSERT INTO workspace VALUES ('1R4-092', '1R4-092', 4392, 44);
INSERT INTO workspacefeature VALUES ('1R4-092', 1);
INSERT INTO workspacefeature VALUES ('1R4-092', 2);
INSERT INTO workspace VALUES ('1R4-093', '1R4-093', 4393, 44);
INSERT INTO workspacefeature VALUES ('1R4-093', 1);
INSERT INTO workspacefeature VALUES ('1R4-093', 3);
INSERT INTO workspace VALUES ('1R4-094', '1R4-094', 4394, 44);
INSERT INTO workspacefeature VALUES ('1R4-094', 1);
INSERT INTO workspacefeature VALUES ('1R4-094', 2);
INSERT INTO workspace VALUES ('1R4-095', '1R4-095', 4395, 44);
INSERT INTO workspacefeature VALUES ('1R4-095', 1);
INSERT INTO workspace VALUES ('1R4-096', '1R4-096', 4396, 44);
INSERT INTO workspacefeature VALUES ('1R4-096', 1);
INSERT INTO workspacefeature VALUES ('1R4-096', 2);
INSERT INTO workspacefeature VALUES ('1R4-096', 3);
INSERT INTO workspace VALUES ('1R4-097', '1R4-097', 4397, 44);
INSERT INTO workspacefeature VALUES ('1R4-097', 1);
INSERT INTO workspace VALUES ('1R4-098', '1R4-098', 4398, 44);
INSERT INTO workspacefeature VALUES ('1R4-098', 1);
INSERT INTO workspacefeature VALUES ('1R4-098', 2);
INSERT INTO workspace VALUES ('1R4-099', '1R4-099', 4399, 44);
INSERT INTO workspacefeature VALUES ('1R4-099', 1);
INSERT INTO workspacefeature VALUES ('1R4-099', 3);
INSERT INTO workspace VALUES ('1R4-100', '1R4-100', 4400, 44);
INSERT INTO floor VALUES (45, 5, 'Richmond Building 1', 'Richmond', '1', NULL);
INSERT INTO workspace VALUES ('1R5-001', '1R5-001', 4401, 45);
INSERT INTO workspacefeature VALUES ('1R5-001', 1);
INSERT INTO workspace VALUES ('1R5-002', '1R5-002', 4402, 45);
INSERT INTO workspacefeature VALUES ('1R5-002', 1);
INSERT INTO workspacefeature VALUES ('1R5-002', 2);
INSERT INTO workspace VALUES ('1R5-003', '1R5-003', 4403, 45);
INSERT INTO workspacefeature VALUES ('1R5-003', 1);
INSERT INTO workspacefeature VALUES ('1R5-003', 3);
INSERT INTO workspace VALUES ('1R5-004', '1R5-004', 4404, 45);
INSERT INTO workspacefeature VALUES ('1R5-004', 1);
INSERT INTO workspacefeature VALUES ('1R5-004', 2);
INSERT INTO workspace VALUES ('1R5-005', '1R5-005', 4405, 45);
INSERT INTO workspacefeature VALUES ('1R5-005', 1);
INSERT INTO workspace VALUES ('1R5-006', '1R5-006', 4406, 45);
INSERT INTO workspacefeature VALUES ('1R5-006', 1);
INSERT INTO workspacefeature VALUES ('1R5-006', 2);
INSERT INTO workspacefeature VALUES ('1R5-006', 3);
INSERT INTO workspace VALUES ('1R5-007', '1R5-007', 4407, 45);
INSERT INTO workspacefeature VALUES ('1R5-007', 1);
INSERT INTO workspace VALUES ('1R5-008', '1R5-008', 4408, 45);
INSERT INTO workspacefeature VALUES ('1R5-008', 1);
INSERT INTO workspacefeature VALUES ('1R5-008', 2);
INSERT INTO workspace VALUES ('1R5-009', '1R5-009', 4409, 45);
INSERT INTO workspacefeature VALUES ('1R5-009', 1);
INSERT INTO workspacefeature VALUES ('1R5-009', 3);
INSERT INTO workspace VALUES ('1R5-010', '1R5-010', 4410, 45);
INSERT INTO workspace VALUES ('1R5-011', '1R5-011', 4411, 45);
INSERT INTO workspacefeature VALUES ('1R5-011', 1);
INSERT INTO workspace VALUES ('1R5-012', '1R5-012', 4412, 45);
INSERT INTO workspacefeature VALUES ('1R5-012', 1);
INSERT INTO workspacefeature VALUES ('1R5-012', 2);
INSERT INTO workspacefeature VALUES ('1R5-012', 3);
INSERT INTO workspace VALUES ('1R5-013', '1R5-013', 4413, 45);
INSERT INTO workspacefeature VALUES ('1R5-013', 1);
INSERT INTO workspace VALUES ('1R5-014', '1R5-014', 4414, 45);
INSERT INTO workspacefeature VALUES ('1R5-014', 1);
INSERT INTO workspacefeature VALUES ('1R5-014', 2);
INSERT INTO workspace VALUES ('1R5-015', '1R5-015', 4415, 45);
INSERT INTO workspacefeature VALUES ('1R5-015', 1);
INSERT INTO workspacefeature VALUES ('1R5-015', 3);
INSERT INTO workspace VALUES ('1R5-016', '1R5-016', 4416, 45);
INSERT INTO workspacefeature VALUES ('1R5-016', 1);
INSERT INTO workspacefeature VALUES ('1R5-016', 2);
INSERT INTO workspace VALUES ('1R5-017', '1R5-017', 4417, 45);
INSERT INTO workspacefeature VALUES ('1R5-017', 1);
INSERT INTO workspace VALUES ('1R5-018', '1R5-018', 4418, 45);
INSERT INTO workspacefeature VALUES ('1R5-018', 1);
INSERT INTO workspacefeature VALUES ('1R5-018', 2);
INSERT INTO workspacefeature VALUES ('1R5-018', 3);
INSERT INTO workspace VALUES ('1R5-019', '1R5-019', 4419, 45);
INSERT INTO workspacefeature VALUES ('1R5-019', 1);
INSERT INTO workspace VALUES ('1R5-020', '1R5-020', 4420, 45);
INSERT INTO workspace VALUES ('1R5-021', '1R5-021', 4421, 45);
INSERT INTO workspacefeature VALUES ('1R5-021', 1);
INSERT INTO workspacefeature VALUES ('1R5-021', 3);
INSERT INTO workspace VALUES ('1R5-022', '1R5-022', 4422, 45);
INSERT INTO workspacefeature VALUES ('1R5-022', 1);
INSERT INTO workspacefeature VALUES ('1R5-022', 2);
INSERT INTO workspace VALUES ('1R5-023', '1R5-023', 4423, 45);
INSERT INTO workspacefeature VALUES ('1R5-023', 1);
INSERT INTO workspace VALUES ('1R5-024', '1R5-024', 4424, 45);
INSERT INTO workspacefeature VALUES ('1R5-024', 1);
INSERT INTO workspacefeature VALUES ('1R5-024', 2);
INSERT INTO workspacefeature VALUES ('1R5-024', 3);
INSERT INTO workspace VALUES ('1R5-025', '1R5-025', 4425, 45);
INSERT INTO workspacefeature VALUES ('1R5-025', 1);
INSERT INTO workspace VALUES ('1R5-026', '1R5-026', 4426, 45);
INSERT INTO workspacefeature VALUES ('1R5-026', 1);
INSERT INTO workspacefeature VALUES ('1R5-026', 2);
INSERT INTO workspace VALUES ('1R5-027', '1R5-027', 4427, 45);
INSERT INTO workspacefeature VALUES ('1R5-027', 1);
INSERT INTO workspacefeature VALUES ('1R5-027', 3);
INSERT INTO workspace VALUES ('1R5-028', '1R5-028', 4428, 45);
INSERT INTO workspacefeature VALUES ('1R5-028', 1);
INSERT INTO workspacefeature VALUES ('1R5-028', 2);
INSERT INTO workspace VALUES ('1R5-029', '1R5-029', 4429, 45);
INSERT INTO workspacefeature VALUES ('1R5-029', 1);
INSERT INTO workspace VALUES ('1R5-030', '1R5-030', 4430, 45);
INSERT INTO workspace VALUES ('1R5-031', '1R5-031', 4431, 45);
INSERT INTO workspacefeature VALUES ('1R5-031', 1);
INSERT INTO workspace VALUES ('1R5-032', '1R5-032', 4432, 45);
INSERT INTO workspacefeature VALUES ('1R5-032', 1);
INSERT INTO workspacefeature VALUES ('1R5-032', 2);
INSERT INTO workspace VALUES ('1R5-033', '1R5-033', 4433, 45);
INSERT INTO workspacefeature VALUES ('1R5-033', 1);
INSERT INTO workspacefeature VALUES ('1R5-033', 3);
INSERT INTO workspace VALUES ('1R5-034', '1R5-034', 4434, 45);
INSERT INTO workspacefeature VALUES ('1R5-034', 1);
INSERT INTO workspacefeature VALUES ('1R5-034', 2);
INSERT INTO workspace VALUES ('1R5-035', '1R5-035', 4435, 45);
INSERT INTO workspacefeature VALUES ('1R5-035', 1);
INSERT INTO workspace VALUES ('1R5-036', '1R5-036', 4436, 45);
INSERT INTO workspacefeature VALUES ('1R5-036', 1);
INSERT INTO workspacefeature VALUES ('1R5-036', 2);
INSERT INTO workspacefeature VALUES ('1R5-036', 3);
INSERT INTO workspace VALUES ('1R5-037', '1R5-037', 4437, 45);
INSERT INTO workspacefeature VALUES ('1R5-037', 1);
INSERT INTO workspace VALUES ('1R5-038', '1R5-038', 4438, 45);
INSERT INTO workspacefeature VALUES ('1R5-038', 1);
INSERT INTO workspacefeature VALUES ('1R5-038', 2);
INSERT INTO workspace VALUES ('1R5-039', '1R5-039', 4439, 45);
INSERT INTO workspacefeature VALUES ('1R5-039', 1);
INSERT INTO workspacefeature VALUES ('1R5-039', 3);
INSERT INTO workspace VALUES ('1R5-040', '1R5-040', 4440, 45);
INSERT INTO workspace VALUES ('1R5-041', '1R5-041', 4441, 45);
INSERT INTO workspacefeature VALUES ('1R5-041', 1);
INSERT INTO workspace VALUES ('1R5-042', '1R5-042', 4442, 45);
INSERT INTO workspacefeature VALUES ('1R5-042', 1);
INSERT INTO workspacefeature VALUES ('1R5-042', 2);
INSERT INTO workspacefeature VALUES ('1R5-042', 3);
INSERT INTO workspace VALUES ('1R5-043', '1R5-043', 4443, 45);
INSERT INTO workspacefeature VALUES ('1R5-043', 1);
INSERT INTO workspace VALUES ('1R5-044', '1R5-044', 4444, 45);
INSERT INTO workspacefeature VALUES ('1R5-044', 1);
INSERT INTO workspacefeature VALUES ('1R5-044', 2);
INSERT INTO workspace VALUES ('1R5-045', '1R5-045', 4445, 45);
INSERT INTO workspacefeature VALUES ('1R5-045', 1);
INSERT INTO workspacefeature VALUES ('1R5-045', 3);
INSERT INTO workspace VALUES ('1R5-046', '1R5-046', 4446, 45);
INSERT INTO workspacefeature VALUES ('1R5-046', 1);
INSERT INTO workspacefeature VALUES ('1R5-046', 2);
INSERT INTO workspace VALUES ('1R5-047', '1R5-047', 4447, 45);
INSERT INTO workspacefeature VALUES ('1R5-047', 1);
INSERT INTO workspace VALUES ('1R5-048', '1R5-048', 4448, 45);
INSERT INTO workspacefeature VALUES ('1R5-048', 1);
INSERT INTO workspacefeature VALUES ('1R5-048', 2);
INSERT INTO workspacefeature VALUES ('1R5-048', 3);
INSERT INTO workspace VALUES ('1R5-049', '1R5-049', 4449, 45);
INSERT INTO workspacefeature VALUES ('1R5-049', 1);
INSERT INTO workspace VALUES ('1R5-050', '1R5-050', 4450, 45);
INSERT INTO workspace VALUES ('1R5-051', '1R5-051', 4451, 45);
INSERT INTO workspacefeature VALUES ('1R5-051', 1);
INSERT INTO workspacefeature VALUES ('1R5-051', 3);
INSERT INTO workspace VALUES ('1R5-052', '1R5-052', 4452, 45);
INSERT INTO workspacefeature VALUES ('1R5-052', 1);
INSERT INTO workspacefeature VALUES ('1R5-052', 2);
INSERT INTO workspace VALUES ('1R5-053', '1R5-053', 4453, 45);
INSERT INTO workspacefeature VALUES ('1R5-053', 1);
INSERT INTO workspace VALUES ('1R5-054', '1R5-054', 4454, 45);
INSERT INTO workspacefeature VALUES ('1R5-054', 1);
INSERT INTO workspacefeature VALUES ('1R5-054', 2);
INSERT INTO workspacefeature VALUES ('1R5-054', 3);
INSERT INTO workspace VALUES ('1R5-055', '1R5-055', 4455, 45);
INSERT INTO workspacefeature VALUES ('1R5-055', 1);
INSERT INTO workspace VALUES ('1R5-056', '1R5-056', 4456, 45);
INSERT INTO workspacefeature VALUES ('1R5-056', 1);
INSERT INTO workspacefeature VALUES ('1R5-056', 2);
INSERT INTO workspace VALUES ('1R5-057', '1R5-057', 4457, 45);
INSERT INTO workspacefeature VALUES ('1R5-057', 1);
INSERT INTO workspacefeature VALUES ('1R5-057', 3);
INSERT INTO workspace VALUES ('1R5-058', '1R5-058', 4458, 45);
INSERT INTO workspacefeature VALUES ('1R5-058', 1);
INSERT INTO workspacefeature VALUES ('1R5-058', 2);
INSERT INTO workspace VALUES ('1R5-059', '1R5-059', 4459, 45);
INSERT INTO workspacefeature VALUES ('1R5-059', 1);
INSERT INTO workspace VALUES ('1R5-060', '1R5-060', 4460, 45);
INSERT INTO workspace VALUES ('1R5-061', '1R5-061', 4461, 45);
INSERT INTO workspacefeature VALUES ('1R5-061', 1);
INSERT INTO workspace VALUES ('1R5-062', '1R5-062', 4462, 45);
INSERT INTO workspacefeature VALUES ('1R5-062', 1);
INSERT INTO workspacefeature VALUES ('1R5-062', 2);
INSERT INTO workspace VALUES ('1R5-063', '1R5-063', 4463, 45);
INSERT INTO workspacefeature VALUES ('1R5-063', 1);
INSERT INTO workspacefeature VALUES ('1R5-063', 3);
INSERT INTO workspace VALUES ('1R5-064', '1R5-064', 4464, 45);
INSERT INTO workspacefeature VALUES ('1R5-064', 1);
INSERT INTO workspacefeature VALUES ('1R5-064', 2);
INSERT INTO workspace VALUES ('1R5-065', '1R5-065', 4465, 45);
INSERT INTO workspacefeature VALUES ('1R5-065', 1);
INSERT INTO workspace VALUES ('1R5-066', '1R5-066', 4466, 45);
INSERT INTO workspacefeature VALUES ('1R5-066', 1);
INSERT INTO workspacefeature VALUES ('1R5-066', 2);
INSERT INTO workspacefeature VALUES ('1R5-066', 3);
INSERT INTO workspace VALUES ('1R5-067', '1R5-067', 4467, 45);
INSERT INTO workspacefeature VALUES ('1R5-067', 1);
INSERT INTO workspace VALUES ('1R5-068', '1R5-068', 4468, 45);
INSERT INTO workspacefeature VALUES ('1R5-068', 1);
INSERT INTO workspacefeature VALUES ('1R5-068', 2);
INSERT INTO workspace VALUES ('1R5-069', '1R5-069', 4469, 45);
INSERT INTO workspacefeature VALUES ('1R5-069', 1);
INSERT INTO workspacefeature VALUES ('1R5-069', 3);
INSERT INTO workspace VALUES ('1R5-070', '1R5-070', 4470, 45);
INSERT INTO workspace VALUES ('1R5-071', '1R5-071', 4471, 45);
INSERT INTO workspacefeature VALUES ('1R5-071', 1);
INSERT INTO workspace VALUES ('1R5-072', '1R5-072', 4472, 45);
INSERT INTO workspacefeature VALUES ('1R5-072', 1);
INSERT INTO workspacefeature VALUES ('1R5-072', 2);
INSERT INTO workspacefeature VALUES ('1R5-072', 3);
INSERT INTO workspace VALUES ('1R5-073', '1R5-073', 4473, 45);
INSERT INTO workspacefeature VALUES ('1R5-073', 1);
INSERT INTO workspace VALUES ('1R5-074', '1R5-074', 4474, 45);
INSERT INTO workspacefeature VALUES ('1R5-074', 1);
INSERT INTO workspacefeature VALUES ('1R5-074', 2);
INSERT INTO workspace VALUES ('1R5-075', '1R5-075', 4475, 45);
INSERT INTO workspacefeature VALUES ('1R5-075', 1);
INSERT INTO workspacefeature VALUES ('1R5-075', 3);
INSERT INTO workspace VALUES ('1R5-076', '1R5-076', 4476, 45);
INSERT INTO workspacefeature VALUES ('1R5-076', 1);
INSERT INTO workspacefeature VALUES ('1R5-076', 2);
INSERT INTO workspace VALUES ('1R5-077', '1R5-077', 4477, 45);
INSERT INTO workspacefeature VALUES ('1R5-077', 1);
INSERT INTO workspace VALUES ('1R5-078', '1R5-078', 4478, 45);
INSERT INTO workspacefeature VALUES ('1R5-078', 1);
INSERT INTO workspacefeature VALUES ('1R5-078', 2);
INSERT INTO workspacefeature VALUES ('1R5-078', 3);
INSERT INTO workspace VALUES ('1R5-079', '1R5-079', 4479, 45);
INSERT INTO workspacefeature VALUES ('1R5-079', 1);
INSERT INTO workspace VALUES ('1R5-080', '1R5-080', 4480, 45);
INSERT INTO workspace VALUES ('1R5-081', '1R5-081', 4481, 45);
INSERT INTO workspacefeature VALUES ('1R5-081', 1);
INSERT INTO workspacefeature VALUES ('1R5-081', 3);
INSERT INTO workspace VALUES ('1R5-082', '1R5-082', 4482, 45);
INSERT INTO workspacefeature VALUES ('1R5-082', 1);
INSERT INTO workspacefeature VALUES ('1R5-082', 2);
INSERT INTO workspace VALUES ('1R5-083', '1R5-083', 4483, 45);
INSERT INTO workspacefeature VALUES ('1R5-083', 1);
INSERT INTO workspace VALUES ('1R5-084', '1R5-084', 4484, 45);
INSERT INTO workspacefeature VALUES ('1R5-084', 1);
INSERT INTO workspacefeature VALUES ('1R5-084', 2);
INSERT INTO workspacefeature VALUES ('1R5-084', 3);
INSERT INTO workspace VALUES ('1R5-085', '1R5-085', 4485, 45);
INSERT INTO workspacefeature VALUES ('1R5-085', 1);
INSERT INTO workspace VALUES ('1R5-086', '1R5-086', 4486, 45);
INSERT INTO workspacefeature VALUES ('1R5-086', 1);
INSERT INTO workspacefeature VALUES ('1R5-086', 2);
INSERT INTO workspace VALUES ('1R5-087', '1R5-087', 4487, 45);
INSERT INTO workspacefeature VALUES ('1R5-087', 1);
INSERT INTO workspacefeature VALUES ('1R5-087', 3);
INSERT INTO workspace VALUES ('1R5-088', '1R5-088', 4488, 45);
INSERT INTO workspacefeature VALUES ('1R5-088', 1);
INSERT INTO workspacefeature VALUES ('1R5-088', 2);
INSERT INTO workspace VALUES ('1R5-089', '1R5-089', 4489, 45);
INSERT INTO workspacefeature VALUES ('1R5-089', 1);
INSERT INTO workspace VALUES ('1R5-090', '1R5-090', 4490, 45);
INSERT INTO workspace VALUES ('1R5-091', '1R5-091', 4491, 45);
INSERT INTO workspacefeature VALUES ('1R5-091', 1);
INSERT INTO workspace VALUES ('1R5-092', '1R5-092', 4492, 45);
INSERT INTO workspacefeature VALUES ('1R5-092', 1);
INSERT INTO workspacefeature VALUES ('1R5-092', 2);
INSERT INTO workspace VALUES ('1R5-093', '1R5-093', 4493, 45);
INSERT INTO workspacefeature VALUES ('1R5-093', 1);
INSERT INTO workspacefeature VALUES ('1R5-093', 3);
INSERT INTO workspace VALUES ('1R5-094', '1R5-094', 4494, 45);
INSERT INTO workspacefeature VALUES ('1R5-094', 1);
INSERT INTO workspacefeature VALUES ('1R5-094', 2);
INSERT INTO workspace VALUES ('1R5-095', '1R5-095', 4495, 45);
INSERT INTO workspacefeature VALUES ('1R5-095', 1);
INSERT INTO workspace VALUES ('1R5-096', '1R5-096', 4496, 45);
INSERT INTO workspacefeature VALUES ('1R5-096', 1);
INSERT INTO workspacefeature VALUES ('1R5-096', 2);
INSERT INTO workspacefeature VALUES ('1R5-096', 3);
INSERT INTO workspace VALUES ('1R5-097', '1R5-097', 4497, 45);
INSERT INTO workspacefeature VALUES ('1R5-097', 1);
INSERT INTO workspace VALUES ('1R5-098', '1R5-098', 4498, 45);
INSERT INTO workspacefeature VALUES ('1R5-098', 1);
INSERT INTO workspacefeature VALUES ('1R5-098', 2);
INSERT INTO workspace VALUES ('1R5-099', '1R5-099', 4499, 45);
INSERT INTO workspacefeature VALUES ('1R5-099', 1);
INSERT INTO workspacefeature VALUES ('1R5-099', 3);
INSERT INTO workspace VALUES ('1R5-100', '1R5-100', 4500, 45);
INSERT INTO floor VALUES (46, 1, 'Richmond Building 2', 'Richmond', '2', NULL);
INSERT INTO workspace VALUES ('2R1-001', '2R1-001', 4501, 46);
INSERT INTO workspacefeature VALUES ('2R1-001', 1);
INSERT INTO workspace VALUES ('2R1-002', '2R1-002', 4502, 46);
INSERT INTO workspacefeature VALUES ('2R1-002', 1);
INSERT INTO workspacefeature VALUES ('2R1-002', 2);
INSERT INTO workspace VALUES ('2R1-003', '2R1-003', 4503, 46);
INSERT INTO workspacefeature VALUES ('2R1-003', 1);
INSERT INTO workspacefeature VALUES ('2R1-003', 3);
INSERT INTO workspace VALUES ('2R1-004', '2R1-004', 4504, 46);
INSERT INTO workspacefeature VALUES ('2R1-004', 1);
INSERT INTO workspacefeature VALUES ('2R1-004', 2);
INSERT INTO workspace VALUES ('2R1-005', '2R1-005', 4505, 46);
INSERT INTO workspacefeature VALUES ('2R1-005', 1);
INSERT INTO workspace VALUES ('2R1-006', '2R1-006', 4506, 46);
INSERT INTO workspacefeature VALUES ('2R1-006', 1);
INSERT INTO workspacefeature VALUES ('2R1-006', 2);
INSERT INTO workspacefeature VALUES ('2R1-006', 3);
INSERT INTO workspace VALUES ('2R1-007', '2R1-007', 4507, 46);
INSERT INTO workspacefeature VALUES ('2R1-007', 1);
INSERT INTO workspace VALUES ('2R1-008', '2R1-008', 4508, 46);
INSERT INTO workspacefeature VALUES ('2R1-008', 1);
INSERT INTO workspacefeature VALUES ('2R1-008', 2);
INSERT INTO workspace VALUES ('2R1-009', '2R1-009', 4509, 46);
INSERT INTO workspacefeature VALUES ('2R1-009', 1);
INSERT INTO workspacefeature VALUES ('2R1-009', 3);
INSERT INTO workspace VALUES ('2R1-010', '2R1-010', 4510, 46);
INSERT INTO workspace VALUES ('2R1-011', '2R1-011', 4511, 46);
INSERT INTO workspacefeature VALUES ('2R1-011', 1);
INSERT INTO workspace VALUES ('2R1-012', '2R1-012', 4512, 46);
INSERT INTO workspacefeature VALUES ('2R1-012', 1);
INSERT INTO workspacefeature VALUES ('2R1-012', 2);
INSERT INTO workspacefeature VALUES ('2R1-012', 3);
INSERT INTO workspace VALUES ('2R1-013', '2R1-013', 4513, 46);
INSERT INTO workspacefeature VALUES ('2R1-013', 1);
INSERT INTO workspace VALUES ('2R1-014', '2R1-014', 4514, 46);
INSERT INTO workspacefeature VALUES ('2R1-014', 1);
INSERT INTO workspacefeature VALUES ('2R1-014', 2);
INSERT INTO workspace VALUES ('2R1-015', '2R1-015', 4515, 46);
INSERT INTO workspacefeature VALUES ('2R1-015', 1);
INSERT INTO workspacefeature VALUES ('2R1-015', 3);
INSERT INTO workspace VALUES ('2R1-016', '2R1-016', 4516, 46);
INSERT INTO workspacefeature VALUES ('2R1-016', 1);
INSERT INTO workspacefeature VALUES ('2R1-016', 2);
INSERT INTO workspace VALUES ('2R1-017', '2R1-017', 4517, 46);
INSERT INTO workspacefeature VALUES ('2R1-017', 1);
INSERT INTO workspace VALUES ('2R1-018', '2R1-018', 4518, 46);
INSERT INTO workspacefeature VALUES ('2R1-018', 1);
INSERT INTO workspacefeature VALUES ('2R1-018', 2);
INSERT INTO workspacefeature VALUES ('2R1-018', 3);
INSERT INTO workspace VALUES ('2R1-019', '2R1-019', 4519, 46);
INSERT INTO workspacefeature VALUES ('2R1-019', 1);
INSERT INTO workspace VALUES ('2R1-020', '2R1-020', 4520, 46);
INSERT INTO workspace VALUES ('2R1-021', '2R1-021', 4521, 46);
INSERT INTO workspacefeature VALUES ('2R1-021', 1);
INSERT INTO workspacefeature VALUES ('2R1-021', 3);
INSERT INTO workspace VALUES ('2R1-022', '2R1-022', 4522, 46);
INSERT INTO workspacefeature VALUES ('2R1-022', 1);
INSERT INTO workspacefeature VALUES ('2R1-022', 2);
INSERT INTO workspace VALUES ('2R1-023', '2R1-023', 4523, 46);
INSERT INTO workspacefeature VALUES ('2R1-023', 1);
INSERT INTO workspace VALUES ('2R1-024', '2R1-024', 4524, 46);
INSERT INTO workspacefeature VALUES ('2R1-024', 1);
INSERT INTO workspacefeature VALUES ('2R1-024', 2);
INSERT INTO workspacefeature VALUES ('2R1-024', 3);
INSERT INTO workspace VALUES ('2R1-025', '2R1-025', 4525, 46);
INSERT INTO workspacefeature VALUES ('2R1-025', 1);
INSERT INTO workspace VALUES ('2R1-026', '2R1-026', 4526, 46);
INSERT INTO workspacefeature VALUES ('2R1-026', 1);
INSERT INTO workspacefeature VALUES ('2R1-026', 2);
INSERT INTO workspace VALUES ('2R1-027', '2R1-027', 4527, 46);
INSERT INTO workspacefeature VALUES ('2R1-027', 1);
INSERT INTO workspacefeature VALUES ('2R1-027', 3);
INSERT INTO workspace VALUES ('2R1-028', '2R1-028', 4528, 46);
INSERT INTO workspacefeature VALUES ('2R1-028', 1);
INSERT INTO workspacefeature VALUES ('2R1-028', 2);
INSERT INTO workspace VALUES ('2R1-029', '2R1-029', 4529, 46);
INSERT INTO workspacefeature VALUES ('2R1-029', 1);
INSERT INTO workspace VALUES ('2R1-030', '2R1-030', 4530, 46);
INSERT INTO workspace VALUES ('2R1-031', '2R1-031', 4531, 46);
INSERT INTO workspacefeature VALUES ('2R1-031', 1);
INSERT INTO workspace VALUES ('2R1-032', '2R1-032', 4532, 46);
INSERT INTO workspacefeature VALUES ('2R1-032', 1);
INSERT INTO workspacefeature VALUES ('2R1-032', 2);
INSERT INTO workspace VALUES ('2R1-033', '2R1-033', 4533, 46);
INSERT INTO workspacefeature VALUES ('2R1-033', 1);
INSERT INTO workspacefeature VALUES ('2R1-033', 3);
INSERT INTO workspace VALUES ('2R1-034', '2R1-034', 4534, 46);
INSERT INTO workspacefeature VALUES ('2R1-034', 1);
INSERT INTO workspacefeature VALUES ('2R1-034', 2);
INSERT INTO workspace VALUES ('2R1-035', '2R1-035', 4535, 46);
INSERT INTO workspacefeature VALUES ('2R1-035', 1);
INSERT INTO workspace VALUES ('2R1-036', '2R1-036', 4536, 46);
INSERT INTO workspacefeature VALUES ('2R1-036', 1);
INSERT INTO workspacefeature VALUES ('2R1-036', 2);
INSERT INTO workspacefeature VALUES ('2R1-036', 3);
INSERT INTO workspace VALUES ('2R1-037', '2R1-037', 4537, 46);
INSERT INTO workspacefeature VALUES ('2R1-037', 1);
INSERT INTO workspace VALUES ('2R1-038', '2R1-038', 4538, 46);
INSERT INTO workspacefeature VALUES ('2R1-038', 1);
INSERT INTO workspacefeature VALUES ('2R1-038', 2);
INSERT INTO workspace VALUES ('2R1-039', '2R1-039', 4539, 46);
INSERT INTO workspacefeature VALUES ('2R1-039', 1);
INSERT INTO workspacefeature VALUES ('2R1-039', 3);
INSERT INTO workspace VALUES ('2R1-040', '2R1-040', 4540, 46);
INSERT INTO workspace VALUES ('2R1-041', '2R1-041', 4541, 46);
INSERT INTO workspacefeature VALUES ('2R1-041', 1);
INSERT INTO workspace VALUES ('2R1-042', '2R1-042', 4542, 46);
INSERT INTO workspacefeature VALUES ('2R1-042', 1);
INSERT INTO workspacefeature VALUES ('2R1-042', 2);
INSERT INTO workspacefeature VALUES ('2R1-042', 3);
INSERT INTO workspace VALUES ('2R1-043', '2R1-043', 4543, 46);
INSERT INTO workspacefeature VALUES ('2R1-043', 1);
INSERT INTO workspace VALUES ('2R1-044', '2R1-044', 4544, 46);
INSERT INTO workspacefeature VALUES ('2R1-044', 1);
INSERT INTO workspacefeature VALUES ('2R1-044', 2);
INSERT INTO workspace VALUES ('2R1-045', '2R1-045', 4545, 46);
INSERT INTO workspacefeature VALUES ('2R1-045', 1);
INSERT INTO workspacefeature VALUES ('2R1-045', 3);
INSERT INTO workspace VALUES ('2R1-046', '2R1-046', 4546, 46);
INSERT INTO workspacefeature VALUES ('2R1-046', 1);
INSERT INTO workspacefeature VALUES ('2R1-046', 2);
INSERT INTO workspace VALUES ('2R1-047', '2R1-047', 4547, 46);
INSERT INTO workspacefeature VALUES ('2R1-047', 1);
INSERT INTO workspace VALUES ('2R1-048', '2R1-048', 4548, 46);
INSERT INTO workspacefeature VALUES ('2R1-048', 1);
INSERT INTO workspacefeature VALUES ('2R1-048', 2);
INSERT INTO workspacefeature VALUES ('2R1-048', 3);
INSERT INTO workspace VALUES ('2R1-049', '2R1-049', 4549, 46);
INSERT INTO workspacefeature VALUES ('2R1-049', 1);
INSERT INTO workspace VALUES ('2R1-050', '2R1-050', 4550, 46);
INSERT INTO workspace VALUES ('2R1-051', '2R1-051', 4551, 46);
INSERT INTO workspacefeature VALUES ('2R1-051', 1);
INSERT INTO workspacefeature VALUES ('2R1-051', 3);
INSERT INTO workspace VALUES ('2R1-052', '2R1-052', 4552, 46);
INSERT INTO workspacefeature VALUES ('2R1-052', 1);
INSERT INTO workspacefeature VALUES ('2R1-052', 2);
INSERT INTO workspace VALUES ('2R1-053', '2R1-053', 4553, 46);
INSERT INTO workspacefeature VALUES ('2R1-053', 1);
INSERT INTO workspace VALUES ('2R1-054', '2R1-054', 4554, 46);
INSERT INTO workspacefeature VALUES ('2R1-054', 1);
INSERT INTO workspacefeature VALUES ('2R1-054', 2);
INSERT INTO workspacefeature VALUES ('2R1-054', 3);
INSERT INTO workspace VALUES ('2R1-055', '2R1-055', 4555, 46);
INSERT INTO workspacefeature VALUES ('2R1-055', 1);
INSERT INTO workspace VALUES ('2R1-056', '2R1-056', 4556, 46);
INSERT INTO workspacefeature VALUES ('2R1-056', 1);
INSERT INTO workspacefeature VALUES ('2R1-056', 2);
INSERT INTO workspace VALUES ('2R1-057', '2R1-057', 4557, 46);
INSERT INTO workspacefeature VALUES ('2R1-057', 1);
INSERT INTO workspacefeature VALUES ('2R1-057', 3);
INSERT INTO workspace VALUES ('2R1-058', '2R1-058', 4558, 46);
INSERT INTO workspacefeature VALUES ('2R1-058', 1);
INSERT INTO workspacefeature VALUES ('2R1-058', 2);
INSERT INTO workspace VALUES ('2R1-059', '2R1-059', 4559, 46);
INSERT INTO workspacefeature VALUES ('2R1-059', 1);
INSERT INTO workspace VALUES ('2R1-060', '2R1-060', 4560, 46);
INSERT INTO workspace VALUES ('2R1-061', '2R1-061', 4561, 46);
INSERT INTO workspacefeature VALUES ('2R1-061', 1);
INSERT INTO workspace VALUES ('2R1-062', '2R1-062', 4562, 46);
INSERT INTO workspacefeature VALUES ('2R1-062', 1);
INSERT INTO workspacefeature VALUES ('2R1-062', 2);
INSERT INTO workspace VALUES ('2R1-063', '2R1-063', 4563, 46);
INSERT INTO workspacefeature VALUES ('2R1-063', 1);
INSERT INTO workspacefeature VALUES ('2R1-063', 3);
INSERT INTO workspace VALUES ('2R1-064', '2R1-064', 4564, 46);
INSERT INTO workspacefeature VALUES ('2R1-064', 1);
INSERT INTO workspacefeature VALUES ('2R1-064', 2);
INSERT INTO workspace VALUES ('2R1-065', '2R1-065', 4565, 46);
INSERT INTO workspacefeature VALUES ('2R1-065', 1);
INSERT INTO workspace VALUES ('2R1-066', '2R1-066', 4566, 46);
INSERT INTO workspacefeature VALUES ('2R1-066', 1);
INSERT INTO workspacefeature VALUES ('2R1-066', 2);
INSERT INTO workspacefeature VALUES ('2R1-066', 3);
INSERT INTO workspace VALUES ('2R1-067', '2R1-067', 4567, 46);
INSERT INTO workspacefeature VALUES ('2R1-067', 1);
INSERT INTO workspace VALUES ('2R1-068', '2R1-068', 4568, 46);
INSERT INTO workspacefeature VALUES ('2R1-068', 1);
INSERT INTO workspacefeature VALUES ('2R1-068', 2);
INSERT INTO workspace VALUES ('2R1-069', '2R1-069', 4569, 46);
INSERT INTO workspacefeature VALUES ('2R1-069', 1);
INSERT INTO workspacefeature VALUES ('2R1-069', 3);
INSERT INTO workspace VALUES ('2R1-070', '2R1-070', 4570, 46);
INSERT INTO workspace VALUES ('2R1-071', '2R1-071', 4571, 46);
INSERT INTO workspacefeature VALUES ('2R1-071', 1);
INSERT INTO workspace VALUES ('2R1-072', '2R1-072', 4572, 46);
INSERT INTO workspacefeature VALUES ('2R1-072', 1);
INSERT INTO workspacefeature VALUES ('2R1-072', 2);
INSERT INTO workspacefeature VALUES ('2R1-072', 3);
INSERT INTO workspace VALUES ('2R1-073', '2R1-073', 4573, 46);
INSERT INTO workspacefeature VALUES ('2R1-073', 1);
INSERT INTO workspace VALUES ('2R1-074', '2R1-074', 4574, 46);
INSERT INTO workspacefeature VALUES ('2R1-074', 1);
INSERT INTO workspacefeature VALUES ('2R1-074', 2);
INSERT INTO workspace VALUES ('2R1-075', '2R1-075', 4575, 46);
INSERT INTO workspacefeature VALUES ('2R1-075', 1);
INSERT INTO workspacefeature VALUES ('2R1-075', 3);
INSERT INTO workspace VALUES ('2R1-076', '2R1-076', 4576, 46);
INSERT INTO workspacefeature VALUES ('2R1-076', 1);
INSERT INTO workspacefeature VALUES ('2R1-076', 2);
INSERT INTO workspace VALUES ('2R1-077', '2R1-077', 4577, 46);
INSERT INTO workspacefeature VALUES ('2R1-077', 1);
INSERT INTO workspace VALUES ('2R1-078', '2R1-078', 4578, 46);
INSERT INTO workspacefeature VALUES ('2R1-078', 1);
INSERT INTO workspacefeature VALUES ('2R1-078', 2);
INSERT INTO workspacefeature VALUES ('2R1-078', 3);
INSERT INTO workspace VALUES ('2R1-079', '2R1-079', 4579, 46);
INSERT INTO workspacefeature VALUES ('2R1-079', 1);
INSERT INTO workspace VALUES ('2R1-080', '2R1-080', 4580, 46);
INSERT INTO workspace VALUES ('2R1-081', '2R1-081', 4581, 46);
INSERT INTO workspacefeature VALUES ('2R1-081', 1);
INSERT INTO workspacefeature VALUES ('2R1-081', 3);
INSERT INTO workspace VALUES ('2R1-082', '2R1-082', 4582, 46);
INSERT INTO workspacefeature VALUES ('2R1-082', 1);
INSERT INTO workspacefeature VALUES ('2R1-082', 2);
INSERT INTO workspace VALUES ('2R1-083', '2R1-083', 4583, 46);
INSERT INTO workspacefeature VALUES ('2R1-083', 1);
INSERT INTO workspace VALUES ('2R1-084', '2R1-084', 4584, 46);
INSERT INTO workspacefeature VALUES ('2R1-084', 1);
INSERT INTO workspacefeature VALUES ('2R1-084', 2);
INSERT INTO workspacefeature VALUES ('2R1-084', 3);
INSERT INTO workspace VALUES ('2R1-085', '2R1-085', 4585, 46);
INSERT INTO workspacefeature VALUES ('2R1-085', 1);
INSERT INTO workspace VALUES ('2R1-086', '2R1-086', 4586, 46);
INSERT INTO workspacefeature VALUES ('2R1-086', 1);
INSERT INTO workspacefeature VALUES ('2R1-086', 2);
INSERT INTO workspace VALUES ('2R1-087', '2R1-087', 4587, 46);
INSERT INTO workspacefeature VALUES ('2R1-087', 1);
INSERT INTO workspacefeature VALUES ('2R1-087', 3);
INSERT INTO workspace VALUES ('2R1-088', '2R1-088', 4588, 46);
INSERT INTO workspacefeature VALUES ('2R1-088', 1);
INSERT INTO workspacefeature VALUES ('2R1-088', 2);
INSERT INTO workspace VALUES ('2R1-089', '2R1-089', 4589, 46);
INSERT INTO workspacefeature VALUES ('2R1-089', 1);
INSERT INTO workspace VALUES ('2R1-090', '2R1-090', 4590, 46);
INSERT INTO workspace VALUES ('2R1-091', '2R1-091', 4591, 46);
INSERT INTO workspacefeature VALUES ('2R1-091', 1);
INSERT INTO workspace VALUES ('2R1-092', '2R1-092', 4592, 46);
INSERT INTO workspacefeature VALUES ('2R1-092', 1);
INSERT INTO workspacefeature VALUES ('2R1-092', 2);
INSERT INTO workspace VALUES ('2R1-093', '2R1-093', 4593, 46);
INSERT INTO workspacefeature VALUES ('2R1-093', 1);
INSERT INTO workspacefeature VALUES ('2R1-093', 3);
INSERT INTO workspace VALUES ('2R1-094', '2R1-094', 4594, 46);
INSERT INTO workspacefeature VALUES ('2R1-094', 1);
INSERT INTO workspacefeature VALUES ('2R1-094', 2);
INSERT INTO workspace VALUES ('2R1-095', '2R1-095', 4595, 46);
INSERT INTO workspacefeature VALUES ('2R1-095', 1);
INSERT INTO workspace VALUES ('2R1-096', '2R1-096', 4596, 46);
INSERT INTO workspacefeature VALUES ('2R1-096', 1);
INSERT INTO workspacefeature VALUES ('2R1-096', 2);
INSERT INTO workspacefeature VALUES ('2R1-096', 3);
INSERT INTO workspace VALUES ('2R1-097', '2R1-097', 4597, 46);
INSERT INTO workspacefeature VALUES ('2R1-097', 1);
INSERT INTO workspace VALUES ('2R1-098', '2R1-098', 4598, 46);
INSERT INTO workspacefeature VALUES ('2R1-098', 1);
INSERT INTO workspacefeature VALUES ('2R1-098', 2);
INSERT INTO workspace VALUES ('2R1-099', '2R1-099', 4599, 46);
INSERT INTO workspacefeature VALUES ('2R1-099', 1);
INSERT INTO workspacefeature VALUES ('2R1-099', 3);
INSERT INTO workspace VALUES ('2R1-100', '2R1-100', 4600, 46);
INSERT INTO floor VALUES (47, 2, 'Richmond Building 2', 'Richmond', '2', NULL);
INSERT INTO workspace VALUES ('2R2-001', '2R2-001', 4601, 47);
INSERT INTO workspacefeature VALUES ('2R2-001', 1);
INSERT INTO workspace VALUES ('2R2-002', '2R2-002', 4602, 47);
INSERT INTO workspacefeature VALUES ('2R2-002', 1);
INSERT INTO workspacefeature VALUES ('2R2-002', 2);
INSERT INTO workspace VALUES ('2R2-003', '2R2-003', 4603, 47);
INSERT INTO workspacefeature VALUES ('2R2-003', 1);
INSERT INTO workspacefeature VALUES ('2R2-003', 3);
INSERT INTO workspace VALUES ('2R2-004', '2R2-004', 4604, 47);
INSERT INTO workspacefeature VALUES ('2R2-004', 1);
INSERT INTO workspacefeature VALUES ('2R2-004', 2);
INSERT INTO workspace VALUES ('2R2-005', '2R2-005', 4605, 47);
INSERT INTO workspacefeature VALUES ('2R2-005', 1);
INSERT INTO workspace VALUES ('2R2-006', '2R2-006', 4606, 47);
INSERT INTO workspacefeature VALUES ('2R2-006', 1);
INSERT INTO workspacefeature VALUES ('2R2-006', 2);
INSERT INTO workspacefeature VALUES ('2R2-006', 3);
INSERT INTO workspace VALUES ('2R2-007', '2R2-007', 4607, 47);
INSERT INTO workspacefeature VALUES ('2R2-007', 1);
INSERT INTO workspace VALUES ('2R2-008', '2R2-008', 4608, 47);
INSERT INTO workspacefeature VALUES ('2R2-008', 1);
INSERT INTO workspacefeature VALUES ('2R2-008', 2);
INSERT INTO workspace VALUES ('2R2-009', '2R2-009', 4609, 47);
INSERT INTO workspacefeature VALUES ('2R2-009', 1);
INSERT INTO workspacefeature VALUES ('2R2-009', 3);
INSERT INTO workspace VALUES ('2R2-010', '2R2-010', 4610, 47);
INSERT INTO workspace VALUES ('2R2-011', '2R2-011', 4611, 47);
INSERT INTO workspacefeature VALUES ('2R2-011', 1);
INSERT INTO workspace VALUES ('2R2-012', '2R2-012', 4612, 47);
INSERT INTO workspacefeature VALUES ('2R2-012', 1);
INSERT INTO workspacefeature VALUES ('2R2-012', 2);
INSERT INTO workspacefeature VALUES ('2R2-012', 3);
INSERT INTO workspace VALUES ('2R2-013', '2R2-013', 4613, 47);
INSERT INTO workspacefeature VALUES ('2R2-013', 1);
INSERT INTO workspace VALUES ('2R2-014', '2R2-014', 4614, 47);
INSERT INTO workspacefeature VALUES ('2R2-014', 1);
INSERT INTO workspacefeature VALUES ('2R2-014', 2);
INSERT INTO workspace VALUES ('2R2-015', '2R2-015', 4615, 47);
INSERT INTO workspacefeature VALUES ('2R2-015', 1);
INSERT INTO workspacefeature VALUES ('2R2-015', 3);
INSERT INTO workspace VALUES ('2R2-016', '2R2-016', 4616, 47);
INSERT INTO workspacefeature VALUES ('2R2-016', 1);
INSERT INTO workspacefeature VALUES ('2R2-016', 2);
INSERT INTO workspace VALUES ('2R2-017', '2R2-017', 4617, 47);
INSERT INTO workspacefeature VALUES ('2R2-017', 1);
INSERT INTO workspace VALUES ('2R2-018', '2R2-018', 4618, 47);
INSERT INTO workspacefeature VALUES ('2R2-018', 1);
INSERT INTO workspacefeature VALUES ('2R2-018', 2);
INSERT INTO workspacefeature VALUES ('2R2-018', 3);
INSERT INTO workspace VALUES ('2R2-019', '2R2-019', 4619, 47);
INSERT INTO workspacefeature VALUES ('2R2-019', 1);
INSERT INTO workspace VALUES ('2R2-020', '2R2-020', 4620, 47);
INSERT INTO workspace VALUES ('2R2-021', '2R2-021', 4621, 47);
INSERT INTO workspacefeature VALUES ('2R2-021', 1);
INSERT INTO workspacefeature VALUES ('2R2-021', 3);
INSERT INTO workspace VALUES ('2R2-022', '2R2-022', 4622, 47);
INSERT INTO workspacefeature VALUES ('2R2-022', 1);
INSERT INTO workspacefeature VALUES ('2R2-022', 2);
INSERT INTO workspace VALUES ('2R2-023', '2R2-023', 4623, 47);
INSERT INTO workspacefeature VALUES ('2R2-023', 1);
INSERT INTO workspace VALUES ('2R2-024', '2R2-024', 4624, 47);
INSERT INTO workspacefeature VALUES ('2R2-024', 1);
INSERT INTO workspacefeature VALUES ('2R2-024', 2);
INSERT INTO workspacefeature VALUES ('2R2-024', 3);
INSERT INTO workspace VALUES ('2R2-025', '2R2-025', 4625, 47);
INSERT INTO workspacefeature VALUES ('2R2-025', 1);
INSERT INTO workspace VALUES ('2R2-026', '2R2-026', 4626, 47);
INSERT INTO workspacefeature VALUES ('2R2-026', 1);
INSERT INTO workspacefeature VALUES ('2R2-026', 2);
INSERT INTO workspace VALUES ('2R2-027', '2R2-027', 4627, 47);
INSERT INTO workspacefeature VALUES ('2R2-027', 1);
INSERT INTO workspacefeature VALUES ('2R2-027', 3);
INSERT INTO workspace VALUES ('2R2-028', '2R2-028', 4628, 47);
INSERT INTO workspacefeature VALUES ('2R2-028', 1);
INSERT INTO workspacefeature VALUES ('2R2-028', 2);
INSERT INTO workspace VALUES ('2R2-029', '2R2-029', 4629, 47);
INSERT INTO workspacefeature VALUES ('2R2-029', 1);
INSERT INTO workspace VALUES ('2R2-030', '2R2-030', 4630, 47);
INSERT INTO workspace VALUES ('2R2-031', '2R2-031', 4631, 47);
INSERT INTO workspacefeature VALUES ('2R2-031', 1);
INSERT INTO workspace VALUES ('2R2-032', '2R2-032', 4632, 47);
INSERT INTO workspacefeature VALUES ('2R2-032', 1);
INSERT INTO workspacefeature VALUES ('2R2-032', 2);
INSERT INTO workspace VALUES ('2R2-033', '2R2-033', 4633, 47);
INSERT INTO workspacefeature VALUES ('2R2-033', 1);
INSERT INTO workspacefeature VALUES ('2R2-033', 3);
INSERT INTO workspace VALUES ('2R2-034', '2R2-034', 4634, 47);
INSERT INTO workspacefeature VALUES ('2R2-034', 1);
INSERT INTO workspacefeature VALUES ('2R2-034', 2);
INSERT INTO workspace VALUES ('2R2-035', '2R2-035', 4635, 47);
INSERT INTO workspacefeature VALUES ('2R2-035', 1);
INSERT INTO workspace VALUES ('2R2-036', '2R2-036', 4636, 47);
INSERT INTO workspacefeature VALUES ('2R2-036', 1);
INSERT INTO workspacefeature VALUES ('2R2-036', 2);
INSERT INTO workspacefeature VALUES ('2R2-036', 3);
INSERT INTO workspace VALUES ('2R2-037', '2R2-037', 4637, 47);
INSERT INTO workspacefeature VALUES ('2R2-037', 1);
INSERT INTO workspace VALUES ('2R2-038', '2R2-038', 4638, 47);
INSERT INTO workspacefeature VALUES ('2R2-038', 1);
INSERT INTO workspacefeature VALUES ('2R2-038', 2);
INSERT INTO workspace VALUES ('2R2-039', '2R2-039', 4639, 47);
INSERT INTO workspacefeature VALUES ('2R2-039', 1);
INSERT INTO workspacefeature VALUES ('2R2-039', 3);
INSERT INTO workspace VALUES ('2R2-040', '2R2-040', 4640, 47);
INSERT INTO workspace VALUES ('2R2-041', '2R2-041', 4641, 47);
INSERT INTO workspacefeature VALUES ('2R2-041', 1);
INSERT INTO workspace VALUES ('2R2-042', '2R2-042', 4642, 47);
INSERT INTO workspacefeature VALUES ('2R2-042', 1);
INSERT INTO workspacefeature VALUES ('2R2-042', 2);
INSERT INTO workspacefeature VALUES ('2R2-042', 3);
INSERT INTO workspace VALUES ('2R2-043', '2R2-043', 4643, 47);
INSERT INTO workspacefeature VALUES ('2R2-043', 1);
INSERT INTO workspace VALUES ('2R2-044', '2R2-044', 4644, 47);
INSERT INTO workspacefeature VALUES ('2R2-044', 1);
INSERT INTO workspacefeature VALUES ('2R2-044', 2);
INSERT INTO workspace VALUES ('2R2-045', '2R2-045', 4645, 47);
INSERT INTO workspacefeature VALUES ('2R2-045', 1);
INSERT INTO workspacefeature VALUES ('2R2-045', 3);
INSERT INTO workspace VALUES ('2R2-046', '2R2-046', 4646, 47);
INSERT INTO workspacefeature VALUES ('2R2-046', 1);
INSERT INTO workspacefeature VALUES ('2R2-046', 2);
INSERT INTO workspace VALUES ('2R2-047', '2R2-047', 4647, 47);
INSERT INTO workspacefeature VALUES ('2R2-047', 1);
INSERT INTO workspace VALUES ('2R2-048', '2R2-048', 4648, 47);
INSERT INTO workspacefeature VALUES ('2R2-048', 1);
INSERT INTO workspacefeature VALUES ('2R2-048', 2);
INSERT INTO workspacefeature VALUES ('2R2-048', 3);
INSERT INTO workspace VALUES ('2R2-049', '2R2-049', 4649, 47);
INSERT INTO workspacefeature VALUES ('2R2-049', 1);
INSERT INTO workspace VALUES ('2R2-050', '2R2-050', 4650, 47);
INSERT INTO workspace VALUES ('2R2-051', '2R2-051', 4651, 47);
INSERT INTO workspacefeature VALUES ('2R2-051', 1);
INSERT INTO workspacefeature VALUES ('2R2-051', 3);
INSERT INTO workspace VALUES ('2R2-052', '2R2-052', 4652, 47);
INSERT INTO workspacefeature VALUES ('2R2-052', 1);
INSERT INTO workspacefeature VALUES ('2R2-052', 2);
INSERT INTO workspace VALUES ('2R2-053', '2R2-053', 4653, 47);
INSERT INTO workspacefeature VALUES ('2R2-053', 1);
INSERT INTO workspace VALUES ('2R2-054', '2R2-054', 4654, 47);
INSERT INTO workspacefeature VALUES ('2R2-054', 1);
INSERT INTO workspacefeature VALUES ('2R2-054', 2);
INSERT INTO workspacefeature VALUES ('2R2-054', 3);
INSERT INTO workspace VALUES ('2R2-055', '2R2-055', 4655, 47);
INSERT INTO workspacefeature VALUES ('2R2-055', 1);
INSERT INTO workspace VALUES ('2R2-056', '2R2-056', 4656, 47);
INSERT INTO workspacefeature VALUES ('2R2-056', 1);
INSERT INTO workspacefeature VALUES ('2R2-056', 2);
INSERT INTO workspace VALUES ('2R2-057', '2R2-057', 4657, 47);
INSERT INTO workspacefeature VALUES ('2R2-057', 1);
INSERT INTO workspacefeature VALUES ('2R2-057', 3);
INSERT INTO workspace VALUES ('2R2-058', '2R2-058', 4658, 47);
INSERT INTO workspacefeature VALUES ('2R2-058', 1);
INSERT INTO workspacefeature VALUES ('2R2-058', 2);
INSERT INTO workspace VALUES ('2R2-059', '2R2-059', 4659, 47);
INSERT INTO workspacefeature VALUES ('2R2-059', 1);
INSERT INTO workspace VALUES ('2R2-060', '2R2-060', 4660, 47);
INSERT INTO workspace VALUES ('2R2-061', '2R2-061', 4661, 47);
INSERT INTO workspacefeature VALUES ('2R2-061', 1);
INSERT INTO workspace VALUES ('2R2-062', '2R2-062', 4662, 47);
INSERT INTO workspacefeature VALUES ('2R2-062', 1);
INSERT INTO workspacefeature VALUES ('2R2-062', 2);
INSERT INTO workspace VALUES ('2R2-063', '2R2-063', 4663, 47);
INSERT INTO workspacefeature VALUES ('2R2-063', 1);
INSERT INTO workspacefeature VALUES ('2R2-063', 3);
INSERT INTO workspace VALUES ('2R2-064', '2R2-064', 4664, 47);
INSERT INTO workspacefeature VALUES ('2R2-064', 1);
INSERT INTO workspacefeature VALUES ('2R2-064', 2);
INSERT INTO workspace VALUES ('2R2-065', '2R2-065', 4665, 47);
INSERT INTO workspacefeature VALUES ('2R2-065', 1);
INSERT INTO workspace VALUES ('2R2-066', '2R2-066', 4666, 47);
INSERT INTO workspacefeature VALUES ('2R2-066', 1);
INSERT INTO workspacefeature VALUES ('2R2-066', 2);
INSERT INTO workspacefeature VALUES ('2R2-066', 3);
INSERT INTO workspace VALUES ('2R2-067', '2R2-067', 4667, 47);
INSERT INTO workspacefeature VALUES ('2R2-067', 1);
INSERT INTO workspace VALUES ('2R2-068', '2R2-068', 4668, 47);
INSERT INTO workspacefeature VALUES ('2R2-068', 1);
INSERT INTO workspacefeature VALUES ('2R2-068', 2);
INSERT INTO workspace VALUES ('2R2-069', '2R2-069', 4669, 47);
INSERT INTO workspacefeature VALUES ('2R2-069', 1);
INSERT INTO workspacefeature VALUES ('2R2-069', 3);
INSERT INTO workspace VALUES ('2R2-070', '2R2-070', 4670, 47);
INSERT INTO workspace VALUES ('2R2-071', '2R2-071', 4671, 47);
INSERT INTO workspacefeature VALUES ('2R2-071', 1);
INSERT INTO workspace VALUES ('2R2-072', '2R2-072', 4672, 47);
INSERT INTO workspacefeature VALUES ('2R2-072', 1);
INSERT INTO workspacefeature VALUES ('2R2-072', 2);
INSERT INTO workspacefeature VALUES ('2R2-072', 3);
INSERT INTO workspace VALUES ('2R2-073', '2R2-073', 4673, 47);
INSERT INTO workspacefeature VALUES ('2R2-073', 1);
INSERT INTO workspace VALUES ('2R2-074', '2R2-074', 4674, 47);
INSERT INTO workspacefeature VALUES ('2R2-074', 1);
INSERT INTO workspacefeature VALUES ('2R2-074', 2);
INSERT INTO workspace VALUES ('2R2-075', '2R2-075', 4675, 47);
INSERT INTO workspacefeature VALUES ('2R2-075', 1);
INSERT INTO workspacefeature VALUES ('2R2-075', 3);
INSERT INTO workspace VALUES ('2R2-076', '2R2-076', 4676, 47);
INSERT INTO workspacefeature VALUES ('2R2-076', 1);
INSERT INTO workspacefeature VALUES ('2R2-076', 2);
INSERT INTO workspace VALUES ('2R2-077', '2R2-077', 4677, 47);
INSERT INTO workspacefeature VALUES ('2R2-077', 1);
INSERT INTO workspace VALUES ('2R2-078', '2R2-078', 4678, 47);
INSERT INTO workspacefeature VALUES ('2R2-078', 1);
INSERT INTO workspacefeature VALUES ('2R2-078', 2);
INSERT INTO workspacefeature VALUES ('2R2-078', 3);
INSERT INTO workspace VALUES ('2R2-079', '2R2-079', 4679, 47);
INSERT INTO workspacefeature VALUES ('2R2-079', 1);
INSERT INTO workspace VALUES ('2R2-080', '2R2-080', 4680, 47);
INSERT INTO workspace VALUES ('2R2-081', '2R2-081', 4681, 47);
INSERT INTO workspacefeature VALUES ('2R2-081', 1);
INSERT INTO workspacefeature VALUES ('2R2-081', 3);
INSERT INTO workspace VALUES ('2R2-082', '2R2-082', 4682, 47);
INSERT INTO workspacefeature VALUES ('2R2-082', 1);
INSERT INTO workspacefeature VALUES ('2R2-082', 2);
INSERT INTO workspace VALUES ('2R2-083', '2R2-083', 4683, 47);
INSERT INTO workspacefeature VALUES ('2R2-083', 1);
INSERT INTO workspace VALUES ('2R2-084', '2R2-084', 4684, 47);
INSERT INTO workspacefeature VALUES ('2R2-084', 1);
INSERT INTO workspacefeature VALUES ('2R2-084', 2);
INSERT INTO workspacefeature VALUES ('2R2-084', 3);
INSERT INTO workspace VALUES ('2R2-085', '2R2-085', 4685, 47);
INSERT INTO workspacefeature VALUES ('2R2-085', 1);
INSERT INTO workspace VALUES ('2R2-086', '2R2-086', 4686, 47);
INSERT INTO workspacefeature VALUES ('2R2-086', 1);
INSERT INTO workspacefeature VALUES ('2R2-086', 2);
INSERT INTO workspace VALUES ('2R2-087', '2R2-087', 4687, 47);
INSERT INTO workspacefeature VALUES ('2R2-087', 1);
INSERT INTO workspacefeature VALUES ('2R2-087', 3);
INSERT INTO workspace VALUES ('2R2-088', '2R2-088', 4688, 47);
INSERT INTO workspacefeature VALUES ('2R2-088', 1);
INSERT INTO workspacefeature VALUES ('2R2-088', 2);
INSERT INTO workspace VALUES ('2R2-089', '2R2-089', 4689, 47);
INSERT INTO workspacefeature VALUES ('2R2-089', 1);
INSERT INTO workspace VALUES ('2R2-090', '2R2-090', 4690, 47);
INSERT INTO workspace VALUES ('2R2-091', '2R2-091', 4691, 47);
INSERT INTO workspacefeature VALUES ('2R2-091', 1);
INSERT INTO workspace VALUES ('2R2-092', '2R2-092', 4692, 47);
INSERT INTO workspacefeature VALUES ('2R2-092', 1);
INSERT INTO workspacefeature VALUES ('2R2-092', 2);
INSERT INTO workspace VALUES ('2R2-093', '2R2-093', 4693, 47);
INSERT INTO workspacefeature VALUES ('2R2-093', 1);
INSERT INTO workspacefeature VALUES ('2R2-093', 3);
INSERT INTO workspace VALUES ('2R2-094', '2R2-094', 4694, 47);
INSERT INTO workspacefeature VALUES ('2R2-094', 1);
INSERT INTO workspacefeature VALUES ('2R2-094', 2);
INSERT INTO workspace VALUES ('2R2-095', '2R2-095', 4695, 47);
INSERT INTO workspacefeature VALUES ('2R2-095', 1);
INSERT INTO workspace VALUES ('2R2-096', '2R2-096', 4696, 47);
INSERT INTO workspacefeature VALUES ('2R2-096', 1);
INSERT INTO workspacefeature VALUES ('2R2-096', 2);
INSERT INTO workspacefeature VALUES ('2R2-096', 3);
INSERT INTO workspace VALUES ('2R2-097', '2R2-097', 4697, 47);
INSERT INTO workspacefeature VALUES ('2R2-097', 1);
INSERT INTO workspace VALUES ('2R2-098', '2R2-098', 4698, 47);
INSERT INTO workspacefeature VALUES ('2R2-098', 1);
INSERT INTO workspacefeature VALUES ('2R2-098', 2);
INSERT INTO workspace VALUES ('2R2-099', '2R2-099', 4699, 47);
INSERT INTO workspacefeature VALUES ('2R2-099', 1);
INSERT INTO workspacefeature VALUES ('2R2-099', 3);
INSERT INTO workspace VALUES ('2R2-100', '2R2-100', 4700, 47);
INSERT INTO floor VALUES (48, 3, 'Richmond Building 2', 'Richmond', '2', NULL);
INSERT INTO workspace VALUES ('2R3-001', '2R3-001', 4701, 48);
INSERT INTO workspacefeature VALUES ('2R3-001', 1);
INSERT INTO workspace VALUES ('2R3-002', '2R3-002', 4702, 48);
INSERT INTO workspacefeature VALUES ('2R3-002', 1);
INSERT INTO workspacefeature VALUES ('2R3-002', 2);
INSERT INTO workspace VALUES ('2R3-003', '2R3-003', 4703, 48);
INSERT INTO workspacefeature VALUES ('2R3-003', 1);
INSERT INTO workspacefeature VALUES ('2R3-003', 3);
INSERT INTO workspace VALUES ('2R3-004', '2R3-004', 4704, 48);
INSERT INTO workspacefeature VALUES ('2R3-004', 1);
INSERT INTO workspacefeature VALUES ('2R3-004', 2);
INSERT INTO workspace VALUES ('2R3-005', '2R3-005', 4705, 48);
INSERT INTO workspacefeature VALUES ('2R3-005', 1);
INSERT INTO workspace VALUES ('2R3-006', '2R3-006', 4706, 48);
INSERT INTO workspacefeature VALUES ('2R3-006', 1);
INSERT INTO workspacefeature VALUES ('2R3-006', 2);
INSERT INTO workspacefeature VALUES ('2R3-006', 3);
INSERT INTO workspace VALUES ('2R3-007', '2R3-007', 4707, 48);
INSERT INTO workspacefeature VALUES ('2R3-007', 1);
INSERT INTO workspace VALUES ('2R3-008', '2R3-008', 4708, 48);
INSERT INTO workspacefeature VALUES ('2R3-008', 1);
INSERT INTO workspacefeature VALUES ('2R3-008', 2);
INSERT INTO workspace VALUES ('2R3-009', '2R3-009', 4709, 48);
INSERT INTO workspacefeature VALUES ('2R3-009', 1);
INSERT INTO workspacefeature VALUES ('2R3-009', 3);
INSERT INTO workspace VALUES ('2R3-010', '2R3-010', 4710, 48);
INSERT INTO workspace VALUES ('2R3-011', '2R3-011', 4711, 48);
INSERT INTO workspacefeature VALUES ('2R3-011', 1);
INSERT INTO workspace VALUES ('2R3-012', '2R3-012', 4712, 48);
INSERT INTO workspacefeature VALUES ('2R3-012', 1);
INSERT INTO workspacefeature VALUES ('2R3-012', 2);
INSERT INTO workspacefeature VALUES ('2R3-012', 3);
INSERT INTO workspace VALUES ('2R3-013', '2R3-013', 4713, 48);
INSERT INTO workspacefeature VALUES ('2R3-013', 1);
INSERT INTO workspace VALUES ('2R3-014', '2R3-014', 4714, 48);
INSERT INTO workspacefeature VALUES ('2R3-014', 1);
INSERT INTO workspacefeature VALUES ('2R3-014', 2);
INSERT INTO workspace VALUES ('2R3-015', '2R3-015', 4715, 48);
INSERT INTO workspacefeature VALUES ('2R3-015', 1);
INSERT INTO workspacefeature VALUES ('2R3-015', 3);
INSERT INTO workspace VALUES ('2R3-016', '2R3-016', 4716, 48);
INSERT INTO workspacefeature VALUES ('2R3-016', 1);
INSERT INTO workspacefeature VALUES ('2R3-016', 2);
INSERT INTO workspace VALUES ('2R3-017', '2R3-017', 4717, 48);
INSERT INTO workspacefeature VALUES ('2R3-017', 1);
INSERT INTO workspace VALUES ('2R3-018', '2R3-018', 4718, 48);
INSERT INTO workspacefeature VALUES ('2R3-018', 1);
INSERT INTO workspacefeature VALUES ('2R3-018', 2);
INSERT INTO workspacefeature VALUES ('2R3-018', 3);
INSERT INTO workspace VALUES ('2R3-019', '2R3-019', 4719, 48);
INSERT INTO workspacefeature VALUES ('2R3-019', 1);
INSERT INTO workspace VALUES ('2R3-020', '2R3-020', 4720, 48);
INSERT INTO workspace VALUES ('2R3-021', '2R3-021', 4721, 48);
INSERT INTO workspacefeature VALUES ('2R3-021', 1);
INSERT INTO workspacefeature VALUES ('2R3-021', 3);
INSERT INTO workspace VALUES ('2R3-022', '2R3-022', 4722, 48);
INSERT INTO workspacefeature VALUES ('2R3-022', 1);
INSERT INTO workspacefeature VALUES ('2R3-022', 2);
INSERT INTO workspace VALUES ('2R3-023', '2R3-023', 4723, 48);
INSERT INTO workspacefeature VALUES ('2R3-023', 1);
INSERT INTO workspace VALUES ('2R3-024', '2R3-024', 4724, 48);
INSERT INTO workspacefeature VALUES ('2R3-024', 1);
INSERT INTO workspacefeature VALUES ('2R3-024', 2);
INSERT INTO workspacefeature VALUES ('2R3-024', 3);
INSERT INTO workspace VALUES ('2R3-025', '2R3-025', 4725, 48);
INSERT INTO workspacefeature VALUES ('2R3-025', 1);
INSERT INTO workspace VALUES ('2R3-026', '2R3-026', 4726, 48);
INSERT INTO workspacefeature VALUES ('2R3-026', 1);
INSERT INTO workspacefeature VALUES ('2R3-026', 2);
INSERT INTO workspace VALUES ('2R3-027', '2R3-027', 4727, 48);
INSERT INTO workspacefeature VALUES ('2R3-027', 1);
INSERT INTO workspacefeature VALUES ('2R3-027', 3);
INSERT INTO workspace VALUES ('2R3-028', '2R3-028', 4728, 48);
INSERT INTO workspacefeature VALUES ('2R3-028', 1);
INSERT INTO workspacefeature VALUES ('2R3-028', 2);
INSERT INTO workspace VALUES ('2R3-029', '2R3-029', 4729, 48);
INSERT INTO workspacefeature VALUES ('2R3-029', 1);
INSERT INTO workspace VALUES ('2R3-030', '2R3-030', 4730, 48);
INSERT INTO workspace VALUES ('2R3-031', '2R3-031', 4731, 48);
INSERT INTO workspacefeature VALUES ('2R3-031', 1);
INSERT INTO workspace VALUES ('2R3-032', '2R3-032', 4732, 48);
INSERT INTO workspacefeature VALUES ('2R3-032', 1);
INSERT INTO workspacefeature VALUES ('2R3-032', 2);
INSERT INTO workspace VALUES ('2R3-033', '2R3-033', 4733, 48);
INSERT INTO workspacefeature VALUES ('2R3-033', 1);
INSERT INTO workspacefeature VALUES ('2R3-033', 3);
INSERT INTO workspace VALUES ('2R3-034', '2R3-034', 4734, 48);
INSERT INTO workspacefeature VALUES ('2R3-034', 1);
INSERT INTO workspacefeature VALUES ('2R3-034', 2);
INSERT INTO workspace VALUES ('2R3-035', '2R3-035', 4735, 48);
INSERT INTO workspacefeature VALUES ('2R3-035', 1);
INSERT INTO workspace VALUES ('2R3-036', '2R3-036', 4736, 48);
INSERT INTO workspacefeature VALUES ('2R3-036', 1);
INSERT INTO workspacefeature VALUES ('2R3-036', 2);
INSERT INTO workspacefeature VALUES ('2R3-036', 3);
INSERT INTO workspace VALUES ('2R3-037', '2R3-037', 4737, 48);
INSERT INTO workspacefeature VALUES ('2R3-037', 1);
INSERT INTO workspace VALUES ('2R3-038', '2R3-038', 4738, 48);
INSERT INTO workspacefeature VALUES ('2R3-038', 1);
INSERT INTO workspacefeature VALUES ('2R3-038', 2);
INSERT INTO workspace VALUES ('2R3-039', '2R3-039', 4739, 48);
INSERT INTO workspacefeature VALUES ('2R3-039', 1);
INSERT INTO workspacefeature VALUES ('2R3-039', 3);
INSERT INTO workspace VALUES ('2R3-040', '2R3-040', 4740, 48);
INSERT INTO workspace VALUES ('2R3-041', '2R3-041', 4741, 48);
INSERT INTO workspacefeature VALUES ('2R3-041', 1);
INSERT INTO workspace VALUES ('2R3-042', '2R3-042', 4742, 48);
INSERT INTO workspacefeature VALUES ('2R3-042', 1);
INSERT INTO workspacefeature VALUES ('2R3-042', 2);
INSERT INTO workspacefeature VALUES ('2R3-042', 3);
INSERT INTO workspace VALUES ('2R3-043', '2R3-043', 4743, 48);
INSERT INTO workspacefeature VALUES ('2R3-043', 1);
INSERT INTO workspace VALUES ('2R3-044', '2R3-044', 4744, 48);
INSERT INTO workspacefeature VALUES ('2R3-044', 1);
INSERT INTO workspacefeature VALUES ('2R3-044', 2);
INSERT INTO workspace VALUES ('2R3-045', '2R3-045', 4745, 48);
INSERT INTO workspacefeature VALUES ('2R3-045', 1);
INSERT INTO workspacefeature VALUES ('2R3-045', 3);
INSERT INTO workspace VALUES ('2R3-046', '2R3-046', 4746, 48);
INSERT INTO workspacefeature VALUES ('2R3-046', 1);
INSERT INTO workspacefeature VALUES ('2R3-046', 2);
INSERT INTO workspace VALUES ('2R3-047', '2R3-047', 4747, 48);
INSERT INTO workspacefeature VALUES ('2R3-047', 1);
INSERT INTO workspace VALUES ('2R3-048', '2R3-048', 4748, 48);
INSERT INTO workspacefeature VALUES ('2R3-048', 1);
INSERT INTO workspacefeature VALUES ('2R3-048', 2);
INSERT INTO workspacefeature VALUES ('2R3-048', 3);
INSERT INTO workspace VALUES ('2R3-049', '2R3-049', 4749, 48);
INSERT INTO workspacefeature VALUES ('2R3-049', 1);
INSERT INTO workspace VALUES ('2R3-050', '2R3-050', 4750, 48);
INSERT INTO workspace VALUES ('2R3-051', '2R3-051', 4751, 48);
INSERT INTO workspacefeature VALUES ('2R3-051', 1);
INSERT INTO workspacefeature VALUES ('2R3-051', 3);
INSERT INTO workspace VALUES ('2R3-052', '2R3-052', 4752, 48);
INSERT INTO workspacefeature VALUES ('2R3-052', 1);
INSERT INTO workspacefeature VALUES ('2R3-052', 2);
INSERT INTO workspace VALUES ('2R3-053', '2R3-053', 4753, 48);
INSERT INTO workspacefeature VALUES ('2R3-053', 1);
INSERT INTO workspace VALUES ('2R3-054', '2R3-054', 4754, 48);
INSERT INTO workspacefeature VALUES ('2R3-054', 1);
INSERT INTO workspacefeature VALUES ('2R3-054', 2);
INSERT INTO workspacefeature VALUES ('2R3-054', 3);
INSERT INTO workspace VALUES ('2R3-055', '2R3-055', 4755, 48);
INSERT INTO workspacefeature VALUES ('2R3-055', 1);
INSERT INTO workspace VALUES ('2R3-056', '2R3-056', 4756, 48);
INSERT INTO workspacefeature VALUES ('2R3-056', 1);
INSERT INTO workspacefeature VALUES ('2R3-056', 2);
INSERT INTO workspace VALUES ('2R3-057', '2R3-057', 4757, 48);
INSERT INTO workspacefeature VALUES ('2R3-057', 1);
INSERT INTO workspacefeature VALUES ('2R3-057', 3);
INSERT INTO workspace VALUES ('2R3-058', '2R3-058', 4758, 48);
INSERT INTO workspacefeature VALUES ('2R3-058', 1);
INSERT INTO workspacefeature VALUES ('2R3-058', 2);
INSERT INTO workspace VALUES ('2R3-059', '2R3-059', 4759, 48);
INSERT INTO workspacefeature VALUES ('2R3-059', 1);
INSERT INTO workspace VALUES ('2R3-060', '2R3-060', 4760, 48);
INSERT INTO workspace VALUES ('2R3-061', '2R3-061', 4761, 48);
INSERT INTO workspacefeature VALUES ('2R3-061', 1);
INSERT INTO workspace VALUES ('2R3-062', '2R3-062', 4762, 48);
INSERT INTO workspacefeature VALUES ('2R3-062', 1);
INSERT INTO workspacefeature VALUES ('2R3-062', 2);
INSERT INTO workspace VALUES ('2R3-063', '2R3-063', 4763, 48);
INSERT INTO workspacefeature VALUES ('2R3-063', 1);
INSERT INTO workspacefeature VALUES ('2R3-063', 3);
INSERT INTO workspace VALUES ('2R3-064', '2R3-064', 4764, 48);
INSERT INTO workspacefeature VALUES ('2R3-064', 1);
INSERT INTO workspacefeature VALUES ('2R3-064', 2);
INSERT INTO workspace VALUES ('2R3-065', '2R3-065', 4765, 48);
INSERT INTO workspacefeature VALUES ('2R3-065', 1);
INSERT INTO workspace VALUES ('2R3-066', '2R3-066', 4766, 48);
INSERT INTO workspacefeature VALUES ('2R3-066', 1);
INSERT INTO workspacefeature VALUES ('2R3-066', 2);
INSERT INTO workspacefeature VALUES ('2R3-066', 3);
INSERT INTO workspace VALUES ('2R3-067', '2R3-067', 4767, 48);
INSERT INTO workspacefeature VALUES ('2R3-067', 1);
INSERT INTO workspace VALUES ('2R3-068', '2R3-068', 4768, 48);
INSERT INTO workspacefeature VALUES ('2R3-068', 1);
INSERT INTO workspacefeature VALUES ('2R3-068', 2);
INSERT INTO workspace VALUES ('2R3-069', '2R3-069', 4769, 48);
INSERT INTO workspacefeature VALUES ('2R3-069', 1);
INSERT INTO workspacefeature VALUES ('2R3-069', 3);
INSERT INTO workspace VALUES ('2R3-070', '2R3-070', 4770, 48);
INSERT INTO workspace VALUES ('2R3-071', '2R3-071', 4771, 48);
INSERT INTO workspacefeature VALUES ('2R3-071', 1);
INSERT INTO workspace VALUES ('2R3-072', '2R3-072', 4772, 48);
INSERT INTO workspacefeature VALUES ('2R3-072', 1);
INSERT INTO workspacefeature VALUES ('2R3-072', 2);
INSERT INTO workspacefeature VALUES ('2R3-072', 3);
INSERT INTO workspace VALUES ('2R3-073', '2R3-073', 4773, 48);
INSERT INTO workspacefeature VALUES ('2R3-073', 1);
INSERT INTO workspace VALUES ('2R3-074', '2R3-074', 4774, 48);
INSERT INTO workspacefeature VALUES ('2R3-074', 1);
INSERT INTO workspacefeature VALUES ('2R3-074', 2);
INSERT INTO workspace VALUES ('2R3-075', '2R3-075', 4775, 48);
INSERT INTO workspacefeature VALUES ('2R3-075', 1);
INSERT INTO workspacefeature VALUES ('2R3-075', 3);
INSERT INTO workspace VALUES ('2R3-076', '2R3-076', 4776, 48);
INSERT INTO workspacefeature VALUES ('2R3-076', 1);
INSERT INTO workspacefeature VALUES ('2R3-076', 2);
INSERT INTO workspace VALUES ('2R3-077', '2R3-077', 4777, 48);
INSERT INTO workspacefeature VALUES ('2R3-077', 1);
INSERT INTO workspace VALUES ('2R3-078', '2R3-078', 4778, 48);
INSERT INTO workspacefeature VALUES ('2R3-078', 1);
INSERT INTO workspacefeature VALUES ('2R3-078', 2);
INSERT INTO workspacefeature VALUES ('2R3-078', 3);
INSERT INTO workspace VALUES ('2R3-079', '2R3-079', 4779, 48);
INSERT INTO workspacefeature VALUES ('2R3-079', 1);
INSERT INTO workspace VALUES ('2R3-080', '2R3-080', 4780, 48);
INSERT INTO workspace VALUES ('2R3-081', '2R3-081', 4781, 48);
INSERT INTO workspacefeature VALUES ('2R3-081', 1);
INSERT INTO workspacefeature VALUES ('2R3-081', 3);
INSERT INTO workspace VALUES ('2R3-082', '2R3-082', 4782, 48);
INSERT INTO workspacefeature VALUES ('2R3-082', 1);
INSERT INTO workspacefeature VALUES ('2R3-082', 2);
INSERT INTO workspace VALUES ('2R3-083', '2R3-083', 4783, 48);
INSERT INTO workspacefeature VALUES ('2R3-083', 1);
INSERT INTO workspace VALUES ('2R3-084', '2R3-084', 4784, 48);
INSERT INTO workspacefeature VALUES ('2R3-084', 1);
INSERT INTO workspacefeature VALUES ('2R3-084', 2);
INSERT INTO workspacefeature VALUES ('2R3-084', 3);
INSERT INTO workspace VALUES ('2R3-085', '2R3-085', 4785, 48);
INSERT INTO workspacefeature VALUES ('2R3-085', 1);
INSERT INTO workspace VALUES ('2R3-086', '2R3-086', 4786, 48);
INSERT INTO workspacefeature VALUES ('2R3-086', 1);
INSERT INTO workspacefeature VALUES ('2R3-086', 2);
INSERT INTO workspace VALUES ('2R3-087', '2R3-087', 4787, 48);
INSERT INTO workspacefeature VALUES ('2R3-087', 1);
INSERT INTO workspacefeature VALUES ('2R3-087', 3);
INSERT INTO workspace VALUES ('2R3-088', '2R3-088', 4788, 48);
INSERT INTO workspacefeature VALUES ('2R3-088', 1);
INSERT INTO workspacefeature VALUES ('2R3-088', 2);
INSERT INTO workspace VALUES ('2R3-089', '2R3-089', 4789, 48);
INSERT INTO workspacefeature VALUES ('2R3-089', 1);
INSERT INTO workspace VALUES ('2R3-090', '2R3-090', 4790, 48);
INSERT INTO workspace VALUES ('2R3-091', '2R3-091', 4791, 48);
INSERT INTO workspacefeature VALUES ('2R3-091', 1);
INSERT INTO workspace VALUES ('2R3-092', '2R3-092', 4792, 48);
INSERT INTO workspacefeature VALUES ('2R3-092', 1);
INSERT INTO workspacefeature VALUES ('2R3-092', 2);
INSERT INTO workspace VALUES ('2R3-093', '2R3-093', 4793, 48);
INSERT INTO workspacefeature VALUES ('2R3-093', 1);
INSERT INTO workspacefeature VALUES ('2R3-093', 3);
INSERT INTO workspace VALUES ('2R3-094', '2R3-094', 4794, 48);
INSERT INTO workspacefeature VALUES ('2R3-094', 1);
INSERT INTO workspacefeature VALUES ('2R3-094', 2);
INSERT INTO workspace VALUES ('2R3-095', '2R3-095', 4795, 48);
INSERT INTO workspacefeature VALUES ('2R3-095', 1);
INSERT INTO workspace VALUES ('2R3-096', '2R3-096', 4796, 48);
INSERT INTO workspacefeature VALUES ('2R3-096', 1);
INSERT INTO workspacefeature VALUES ('2R3-096', 2);
INSERT INTO workspacefeature VALUES ('2R3-096', 3);
INSERT INTO workspace VALUES ('2R3-097', '2R3-097', 4797, 48);
INSERT INTO workspacefeature VALUES ('2R3-097', 1);
INSERT INTO workspace VALUES ('2R3-098', '2R3-098', 4798, 48);
INSERT INTO workspacefeature VALUES ('2R3-098', 1);
INSERT INTO workspacefeature VALUES ('2R3-098', 2);
INSERT INTO workspace VALUES ('2R3-099', '2R3-099', 4799, 48);
INSERT INTO workspacefeature VALUES ('2R3-099', 1);
INSERT INTO workspacefeature VALUES ('2R3-099', 3);
INSERT INTO workspace VALUES ('2R3-100', '2R3-100', 4800, 48);
INSERT INTO floor VALUES (49, 4, 'Richmond Building 2', 'Richmond', '2', NULL);
INSERT INTO workspace VALUES ('2R4-001', '2R4-001', 4801, 49);
INSERT INTO workspacefeature VALUES ('2R4-001', 1);
INSERT INTO workspace VALUES ('2R4-002', '2R4-002', 4802, 49);
INSERT INTO workspacefeature VALUES ('2R4-002', 1);
INSERT INTO workspacefeature VALUES ('2R4-002', 2);
INSERT INTO workspace VALUES ('2R4-003', '2R4-003', 4803, 49);
INSERT INTO workspacefeature VALUES ('2R4-003', 1);
INSERT INTO workspacefeature VALUES ('2R4-003', 3);
INSERT INTO workspace VALUES ('2R4-004', '2R4-004', 4804, 49);
INSERT INTO workspacefeature VALUES ('2R4-004', 1);
INSERT INTO workspacefeature VALUES ('2R4-004', 2);
INSERT INTO workspace VALUES ('2R4-005', '2R4-005', 4805, 49);
INSERT INTO workspacefeature VALUES ('2R4-005', 1);
INSERT INTO workspace VALUES ('2R4-006', '2R4-006', 4806, 49);
INSERT INTO workspacefeature VALUES ('2R4-006', 1);
INSERT INTO workspacefeature VALUES ('2R4-006', 2);
INSERT INTO workspacefeature VALUES ('2R4-006', 3);
INSERT INTO workspace VALUES ('2R4-007', '2R4-007', 4807, 49);
INSERT INTO workspacefeature VALUES ('2R4-007', 1);
INSERT INTO workspace VALUES ('2R4-008', '2R4-008', 4808, 49);
INSERT INTO workspacefeature VALUES ('2R4-008', 1);
INSERT INTO workspacefeature VALUES ('2R4-008', 2);
INSERT INTO workspace VALUES ('2R4-009', '2R4-009', 4809, 49);
INSERT INTO workspacefeature VALUES ('2R4-009', 1);
INSERT INTO workspacefeature VALUES ('2R4-009', 3);
INSERT INTO workspace VALUES ('2R4-010', '2R4-010', 4810, 49);
INSERT INTO workspace VALUES ('2R4-011', '2R4-011', 4811, 49);
INSERT INTO workspacefeature VALUES ('2R4-011', 1);
INSERT INTO workspace VALUES ('2R4-012', '2R4-012', 4812, 49);
INSERT INTO workspacefeature VALUES ('2R4-012', 1);
INSERT INTO workspacefeature VALUES ('2R4-012', 2);
INSERT INTO workspacefeature VALUES ('2R4-012', 3);
INSERT INTO workspace VALUES ('2R4-013', '2R4-013', 4813, 49);
INSERT INTO workspacefeature VALUES ('2R4-013', 1);
INSERT INTO workspace VALUES ('2R4-014', '2R4-014', 4814, 49);
INSERT INTO workspacefeature VALUES ('2R4-014', 1);
INSERT INTO workspacefeature VALUES ('2R4-014', 2);
INSERT INTO workspace VALUES ('2R4-015', '2R4-015', 4815, 49);
INSERT INTO workspacefeature VALUES ('2R4-015', 1);
INSERT INTO workspacefeature VALUES ('2R4-015', 3);
INSERT INTO workspace VALUES ('2R4-016', '2R4-016', 4816, 49);
INSERT INTO workspacefeature VALUES ('2R4-016', 1);
INSERT INTO workspacefeature VALUES ('2R4-016', 2);
INSERT INTO workspace VALUES ('2R4-017', '2R4-017', 4817, 49);
INSERT INTO workspacefeature VALUES ('2R4-017', 1);
INSERT INTO workspace VALUES ('2R4-018', '2R4-018', 4818, 49);
INSERT INTO workspacefeature VALUES ('2R4-018', 1);
INSERT INTO workspacefeature VALUES ('2R4-018', 2);
INSERT INTO workspacefeature VALUES ('2R4-018', 3);
INSERT INTO workspace VALUES ('2R4-019', '2R4-019', 4819, 49);
INSERT INTO workspacefeature VALUES ('2R4-019', 1);
INSERT INTO workspace VALUES ('2R4-020', '2R4-020', 4820, 49);
INSERT INTO workspace VALUES ('2R4-021', '2R4-021', 4821, 49);
INSERT INTO workspacefeature VALUES ('2R4-021', 1);
INSERT INTO workspacefeature VALUES ('2R4-021', 3);
INSERT INTO workspace VALUES ('2R4-022', '2R4-022', 4822, 49);
INSERT INTO workspacefeature VALUES ('2R4-022', 1);
INSERT INTO workspacefeature VALUES ('2R4-022', 2);
INSERT INTO workspace VALUES ('2R4-023', '2R4-023', 4823, 49);
INSERT INTO workspacefeature VALUES ('2R4-023', 1);
INSERT INTO workspace VALUES ('2R4-024', '2R4-024', 4824, 49);
INSERT INTO workspacefeature VALUES ('2R4-024', 1);
INSERT INTO workspacefeature VALUES ('2R4-024', 2);
INSERT INTO workspacefeature VALUES ('2R4-024', 3);
INSERT INTO workspace VALUES ('2R4-025', '2R4-025', 4825, 49);
INSERT INTO workspacefeature VALUES ('2R4-025', 1);
INSERT INTO workspace VALUES ('2R4-026', '2R4-026', 4826, 49);
INSERT INTO workspacefeature VALUES ('2R4-026', 1);
INSERT INTO workspacefeature VALUES ('2R4-026', 2);
INSERT INTO workspace VALUES ('2R4-027', '2R4-027', 4827, 49);
INSERT INTO workspacefeature VALUES ('2R4-027', 1);
INSERT INTO workspacefeature VALUES ('2R4-027', 3);
INSERT INTO workspace VALUES ('2R4-028', '2R4-028', 4828, 49);
INSERT INTO workspacefeature VALUES ('2R4-028', 1);
INSERT INTO workspacefeature VALUES ('2R4-028', 2);
INSERT INTO workspace VALUES ('2R4-029', '2R4-029', 4829, 49);
INSERT INTO workspacefeature VALUES ('2R4-029', 1);
INSERT INTO workspace VALUES ('2R4-030', '2R4-030', 4830, 49);
INSERT INTO workspace VALUES ('2R4-031', '2R4-031', 4831, 49);
INSERT INTO workspacefeature VALUES ('2R4-031', 1);
INSERT INTO workspace VALUES ('2R4-032', '2R4-032', 4832, 49);
INSERT INTO workspacefeature VALUES ('2R4-032', 1);
INSERT INTO workspacefeature VALUES ('2R4-032', 2);
INSERT INTO workspace VALUES ('2R4-033', '2R4-033', 4833, 49);
INSERT INTO workspacefeature VALUES ('2R4-033', 1);
INSERT INTO workspacefeature VALUES ('2R4-033', 3);
INSERT INTO workspace VALUES ('2R4-034', '2R4-034', 4834, 49);
INSERT INTO workspacefeature VALUES ('2R4-034', 1);
INSERT INTO workspacefeature VALUES ('2R4-034', 2);
INSERT INTO workspace VALUES ('2R4-035', '2R4-035', 4835, 49);
INSERT INTO workspacefeature VALUES ('2R4-035', 1);
INSERT INTO workspace VALUES ('2R4-036', '2R4-036', 4836, 49);
INSERT INTO workspacefeature VALUES ('2R4-036', 1);
INSERT INTO workspacefeature VALUES ('2R4-036', 2);
INSERT INTO workspacefeature VALUES ('2R4-036', 3);
INSERT INTO workspace VALUES ('2R4-037', '2R4-037', 4837, 49);
INSERT INTO workspacefeature VALUES ('2R4-037', 1);
INSERT INTO workspace VALUES ('2R4-038', '2R4-038', 4838, 49);
INSERT INTO workspacefeature VALUES ('2R4-038', 1);
INSERT INTO workspacefeature VALUES ('2R4-038', 2);
INSERT INTO workspace VALUES ('2R4-039', '2R4-039', 4839, 49);
INSERT INTO workspacefeature VALUES ('2R4-039', 1);
INSERT INTO workspacefeature VALUES ('2R4-039', 3);
INSERT INTO workspace VALUES ('2R4-040', '2R4-040', 4840, 49);
INSERT INTO workspace VALUES ('2R4-041', '2R4-041', 4841, 49);
INSERT INTO workspacefeature VALUES ('2R4-041', 1);
INSERT INTO workspace VALUES ('2R4-042', '2R4-042', 4842, 49);
INSERT INTO workspacefeature VALUES ('2R4-042', 1);
INSERT INTO workspacefeature VALUES ('2R4-042', 2);
INSERT INTO workspacefeature VALUES ('2R4-042', 3);
INSERT INTO workspace VALUES ('2R4-043', '2R4-043', 4843, 49);
INSERT INTO workspacefeature VALUES ('2R4-043', 1);
INSERT INTO workspace VALUES ('2R4-044', '2R4-044', 4844, 49);
INSERT INTO workspacefeature VALUES ('2R4-044', 1);
INSERT INTO workspacefeature VALUES ('2R4-044', 2);
INSERT INTO workspace VALUES ('2R4-045', '2R4-045', 4845, 49);
INSERT INTO workspacefeature VALUES ('2R4-045', 1);
INSERT INTO workspacefeature VALUES ('2R4-045', 3);
INSERT INTO workspace VALUES ('2R4-046', '2R4-046', 4846, 49);
INSERT INTO workspacefeature VALUES ('2R4-046', 1);
INSERT INTO workspacefeature VALUES ('2R4-046', 2);
INSERT INTO workspace VALUES ('2R4-047', '2R4-047', 4847, 49);
INSERT INTO workspacefeature VALUES ('2R4-047', 1);
INSERT INTO workspace VALUES ('2R4-048', '2R4-048', 4848, 49);
INSERT INTO workspacefeature VALUES ('2R4-048', 1);
INSERT INTO workspacefeature VALUES ('2R4-048', 2);
INSERT INTO workspacefeature VALUES ('2R4-048', 3);
INSERT INTO workspace VALUES ('2R4-049', '2R4-049', 4849, 49);
INSERT INTO workspacefeature VALUES ('2R4-049', 1);
INSERT INTO workspace VALUES ('2R4-050', '2R4-050', 4850, 49);
INSERT INTO workspace VALUES ('2R4-051', '2R4-051', 4851, 49);
INSERT INTO workspacefeature VALUES ('2R4-051', 1);
INSERT INTO workspacefeature VALUES ('2R4-051', 3);
INSERT INTO workspace VALUES ('2R4-052', '2R4-052', 4852, 49);
INSERT INTO workspacefeature VALUES ('2R4-052', 1);
INSERT INTO workspacefeature VALUES ('2R4-052', 2);
INSERT INTO workspace VALUES ('2R4-053', '2R4-053', 4853, 49);
INSERT INTO workspacefeature VALUES ('2R4-053', 1);
INSERT INTO workspace VALUES ('2R4-054', '2R4-054', 4854, 49);
INSERT INTO workspacefeature VALUES ('2R4-054', 1);
INSERT INTO workspacefeature VALUES ('2R4-054', 2);
INSERT INTO workspacefeature VALUES ('2R4-054', 3);
INSERT INTO workspace VALUES ('2R4-055', '2R4-055', 4855, 49);
INSERT INTO workspacefeature VALUES ('2R4-055', 1);
INSERT INTO workspace VALUES ('2R4-056', '2R4-056', 4856, 49);
INSERT INTO workspacefeature VALUES ('2R4-056', 1);
INSERT INTO workspacefeature VALUES ('2R4-056', 2);
INSERT INTO workspace VALUES ('2R4-057', '2R4-057', 4857, 49);
INSERT INTO workspacefeature VALUES ('2R4-057', 1);
INSERT INTO workspacefeature VALUES ('2R4-057', 3);
INSERT INTO workspace VALUES ('2R4-058', '2R4-058', 4858, 49);
INSERT INTO workspacefeature VALUES ('2R4-058', 1);
INSERT INTO workspacefeature VALUES ('2R4-058', 2);
INSERT INTO workspace VALUES ('2R4-059', '2R4-059', 4859, 49);
INSERT INTO workspacefeature VALUES ('2R4-059', 1);
INSERT INTO workspace VALUES ('2R4-060', '2R4-060', 4860, 49);
INSERT INTO workspace VALUES ('2R4-061', '2R4-061', 4861, 49);
INSERT INTO workspacefeature VALUES ('2R4-061', 1);
INSERT INTO workspace VALUES ('2R4-062', '2R4-062', 4862, 49);
INSERT INTO workspacefeature VALUES ('2R4-062', 1);
INSERT INTO workspacefeature VALUES ('2R4-062', 2);
INSERT INTO workspace VALUES ('2R4-063', '2R4-063', 4863, 49);
INSERT INTO workspacefeature VALUES ('2R4-063', 1);
INSERT INTO workspacefeature VALUES ('2R4-063', 3);
INSERT INTO workspace VALUES ('2R4-064', '2R4-064', 4864, 49);
INSERT INTO workspacefeature VALUES ('2R4-064', 1);
INSERT INTO workspacefeature VALUES ('2R4-064', 2);
INSERT INTO workspace VALUES ('2R4-065', '2R4-065', 4865, 49);
INSERT INTO workspacefeature VALUES ('2R4-065', 1);
INSERT INTO workspace VALUES ('2R4-066', '2R4-066', 4866, 49);
INSERT INTO workspacefeature VALUES ('2R4-066', 1);
INSERT INTO workspacefeature VALUES ('2R4-066', 2);
INSERT INTO workspacefeature VALUES ('2R4-066', 3);
INSERT INTO workspace VALUES ('2R4-067', '2R4-067', 4867, 49);
INSERT INTO workspacefeature VALUES ('2R4-067', 1);
INSERT INTO workspace VALUES ('2R4-068', '2R4-068', 4868, 49);
INSERT INTO workspacefeature VALUES ('2R4-068', 1);
INSERT INTO workspacefeature VALUES ('2R4-068', 2);
INSERT INTO workspace VALUES ('2R4-069', '2R4-069', 4869, 49);
INSERT INTO workspacefeature VALUES ('2R4-069', 1);
INSERT INTO workspacefeature VALUES ('2R4-069', 3);
INSERT INTO workspace VALUES ('2R4-070', '2R4-070', 4870, 49);
INSERT INTO workspace VALUES ('2R4-071', '2R4-071', 4871, 49);
INSERT INTO workspacefeature VALUES ('2R4-071', 1);
INSERT INTO workspace VALUES ('2R4-072', '2R4-072', 4872, 49);
INSERT INTO workspacefeature VALUES ('2R4-072', 1);
INSERT INTO workspacefeature VALUES ('2R4-072', 2);
INSERT INTO workspacefeature VALUES ('2R4-072', 3);
INSERT INTO workspace VALUES ('2R4-073', '2R4-073', 4873, 49);
INSERT INTO workspacefeature VALUES ('2R4-073', 1);
INSERT INTO workspace VALUES ('2R4-074', '2R4-074', 4874, 49);
INSERT INTO workspacefeature VALUES ('2R4-074', 1);
INSERT INTO workspacefeature VALUES ('2R4-074', 2);
INSERT INTO workspace VALUES ('2R4-075', '2R4-075', 4875, 49);
INSERT INTO workspacefeature VALUES ('2R4-075', 1);
INSERT INTO workspacefeature VALUES ('2R4-075', 3);
INSERT INTO workspace VALUES ('2R4-076', '2R4-076', 4876, 49);
INSERT INTO workspacefeature VALUES ('2R4-076', 1);
INSERT INTO workspacefeature VALUES ('2R4-076', 2);
INSERT INTO workspace VALUES ('2R4-077', '2R4-077', 4877, 49);
INSERT INTO workspacefeature VALUES ('2R4-077', 1);
INSERT INTO workspace VALUES ('2R4-078', '2R4-078', 4878, 49);
INSERT INTO workspacefeature VALUES ('2R4-078', 1);
INSERT INTO workspacefeature VALUES ('2R4-078', 2);
INSERT INTO workspacefeature VALUES ('2R4-078', 3);
INSERT INTO workspace VALUES ('2R4-079', '2R4-079', 4879, 49);
INSERT INTO workspacefeature VALUES ('2R4-079', 1);
INSERT INTO workspace VALUES ('2R4-080', '2R4-080', 4880, 49);
INSERT INTO workspace VALUES ('2R4-081', '2R4-081', 4881, 49);
INSERT INTO workspacefeature VALUES ('2R4-081', 1);
INSERT INTO workspacefeature VALUES ('2R4-081', 3);
INSERT INTO workspace VALUES ('2R4-082', '2R4-082', 4882, 49);
INSERT INTO workspacefeature VALUES ('2R4-082', 1);
INSERT INTO workspacefeature VALUES ('2R4-082', 2);
INSERT INTO workspace VALUES ('2R4-083', '2R4-083', 4883, 49);
INSERT INTO workspacefeature VALUES ('2R4-083', 1);
INSERT INTO workspace VALUES ('2R4-084', '2R4-084', 4884, 49);
INSERT INTO workspacefeature VALUES ('2R4-084', 1);
INSERT INTO workspacefeature VALUES ('2R4-084', 2);
INSERT INTO workspacefeature VALUES ('2R4-084', 3);
INSERT INTO workspace VALUES ('2R4-085', '2R4-085', 4885, 49);
INSERT INTO workspacefeature VALUES ('2R4-085', 1);
INSERT INTO workspace VALUES ('2R4-086', '2R4-086', 4886, 49);
INSERT INTO workspacefeature VALUES ('2R4-086', 1);
INSERT INTO workspacefeature VALUES ('2R4-086', 2);
INSERT INTO workspace VALUES ('2R4-087', '2R4-087', 4887, 49);
INSERT INTO workspacefeature VALUES ('2R4-087', 1);
INSERT INTO workspacefeature VALUES ('2R4-087', 3);
INSERT INTO workspace VALUES ('2R4-088', '2R4-088', 4888, 49);
INSERT INTO workspacefeature VALUES ('2R4-088', 1);
INSERT INTO workspacefeature VALUES ('2R4-088', 2);
INSERT INTO workspace VALUES ('2R4-089', '2R4-089', 4889, 49);
INSERT INTO workspacefeature VALUES ('2R4-089', 1);
INSERT INTO workspace VALUES ('2R4-090', '2R4-090', 4890, 49);
INSERT INTO workspace VALUES ('2R4-091', '2R4-091', 4891, 49);
INSERT INTO workspacefeature VALUES ('2R4-091', 1);
INSERT INTO workspace VALUES ('2R4-092', '2R4-092', 4892, 49);
INSERT INTO workspacefeature VALUES ('2R4-092', 1);
INSERT INTO workspacefeature VALUES ('2R4-092', 2);
INSERT INTO workspace VALUES ('2R4-093', '2R4-093', 4893, 49);
INSERT INTO workspacefeature VALUES ('2R4-093', 1);
INSERT INTO workspacefeature VALUES ('2R4-093', 3);
INSERT INTO workspace VALUES ('2R4-094', '2R4-094', 4894, 49);
INSERT INTO workspacefeature VALUES ('2R4-094', 1);
INSERT INTO workspacefeature VALUES ('2R4-094', 2);
INSERT INTO workspace VALUES ('2R4-095', '2R4-095', 4895, 49);
INSERT INTO workspacefeature VALUES ('2R4-095', 1);
INSERT INTO workspace VALUES ('2R4-096', '2R4-096', 4896, 49);
INSERT INTO workspacefeature VALUES ('2R4-096', 1);
INSERT INTO workspacefeature VALUES ('2R4-096', 2);
INSERT INTO workspacefeature VALUES ('2R4-096', 3);
INSERT INTO workspace VALUES ('2R4-097', '2R4-097', 4897, 49);
INSERT INTO workspacefeature VALUES ('2R4-097', 1);
INSERT INTO workspace VALUES ('2R4-098', '2R4-098', 4898, 49);
INSERT INTO workspacefeature VALUES ('2R4-098', 1);
INSERT INTO workspacefeature VALUES ('2R4-098', 2);
INSERT INTO workspace VALUES ('2R4-099', '2R4-099', 4899, 49);
INSERT INTO workspacefeature VALUES ('2R4-099', 1);
INSERT INTO workspacefeature VALUES ('2R4-099', 3);
INSERT INTO workspace VALUES ('2R4-100', '2R4-100', 4900, 49);
INSERT INTO floor VALUES (50, 5, 'Richmond Building 2', 'Richmond', '2', NULL);
INSERT INTO workspace VALUES ('2R5-001', '2R5-001', 4901, 50);
INSERT INTO workspacefeature VALUES ('2R5-001', 1);
INSERT INTO workspace VALUES ('2R5-002', '2R5-002', 4902, 50);
INSERT INTO workspacefeature VALUES ('2R5-002', 1);
INSERT INTO workspacefeature VALUES ('2R5-002', 2);
INSERT INTO workspace VALUES ('2R5-003', '2R5-003', 4903, 50);
INSERT INTO workspacefeature VALUES ('2R5-003', 1);
INSERT INTO workspacefeature VALUES ('2R5-003', 3);
INSERT INTO workspace VALUES ('2R5-004', '2R5-004', 4904, 50);
INSERT INTO workspacefeature VALUES ('2R5-004', 1);
INSERT INTO workspacefeature VALUES ('2R5-004', 2);
INSERT INTO workspace VALUES ('2R5-005', '2R5-005', 4905, 50);
INSERT INTO workspacefeature VALUES ('2R5-005', 1);
INSERT INTO workspace VALUES ('2R5-006', '2R5-006', 4906, 50);
INSERT INTO workspacefeature VALUES ('2R5-006', 1);
INSERT INTO workspacefeature VALUES ('2R5-006', 2);
INSERT INTO workspacefeature VALUES ('2R5-006', 3);
INSERT INTO workspace VALUES ('2R5-007', '2R5-007', 4907, 50);
INSERT INTO workspacefeature VALUES ('2R5-007', 1);
INSERT INTO workspace VALUES ('2R5-008', '2R5-008', 4908, 50);
INSERT INTO workspacefeature VALUES ('2R5-008', 1);
INSERT INTO workspacefeature VALUES ('2R5-008', 2);
INSERT INTO workspace VALUES ('2R5-009', '2R5-009', 4909, 50);
INSERT INTO workspacefeature VALUES ('2R5-009', 1);
INSERT INTO workspacefeature VALUES ('2R5-009', 3);
INSERT INTO workspace VALUES ('2R5-010', '2R5-010', 4910, 50);
INSERT INTO workspace VALUES ('2R5-011', '2R5-011', 4911, 50);
INSERT INTO workspacefeature VALUES ('2R5-011', 1);
INSERT INTO workspace VALUES ('2R5-012', '2R5-012', 4912, 50);
INSERT INTO workspacefeature VALUES ('2R5-012', 1);
INSERT INTO workspacefeature VALUES ('2R5-012', 2);
INSERT INTO workspacefeature VALUES ('2R5-012', 3);
INSERT INTO workspace VALUES ('2R5-013', '2R5-013', 4913, 50);
INSERT INTO workspacefeature VALUES ('2R5-013', 1);
INSERT INTO workspace VALUES ('2R5-014', '2R5-014', 4914, 50);
INSERT INTO workspacefeature VALUES ('2R5-014', 1);
INSERT INTO workspacefeature VALUES ('2R5-014', 2);
INSERT INTO workspace VALUES ('2R5-015', '2R5-015', 4915, 50);
INSERT INTO workspacefeature VALUES ('2R5-015', 1);
INSERT INTO workspacefeature VALUES ('2R5-015', 3);
INSERT INTO workspace VALUES ('2R5-016', '2R5-016', 4916, 50);
INSERT INTO workspacefeature VALUES ('2R5-016', 1);
INSERT INTO workspacefeature VALUES ('2R5-016', 2);
INSERT INTO workspace VALUES ('2R5-017', '2R5-017', 4917, 50);
INSERT INTO workspacefeature VALUES ('2R5-017', 1);
INSERT INTO workspace VALUES ('2R5-018', '2R5-018', 4918, 50);
INSERT INTO workspacefeature VALUES ('2R5-018', 1);
INSERT INTO workspacefeature VALUES ('2R5-018', 2);
INSERT INTO workspacefeature VALUES ('2R5-018', 3);
INSERT INTO workspace VALUES ('2R5-019', '2R5-019', 4919, 50);
INSERT INTO workspacefeature VALUES ('2R5-019', 1);
INSERT INTO workspace VALUES ('2R5-020', '2R5-020', 4920, 50);
INSERT INTO workspace VALUES ('2R5-021', '2R5-021', 4921, 50);
INSERT INTO workspacefeature VALUES ('2R5-021', 1);
INSERT INTO workspacefeature VALUES ('2R5-021', 3);
INSERT INTO workspace VALUES ('2R5-022', '2R5-022', 4922, 50);
INSERT INTO workspacefeature VALUES ('2R5-022', 1);
INSERT INTO workspacefeature VALUES ('2R5-022', 2);
INSERT INTO workspace VALUES ('2R5-023', '2R5-023', 4923, 50);
INSERT INTO workspacefeature VALUES ('2R5-023', 1);
INSERT INTO workspace VALUES ('2R5-024', '2R5-024', 4924, 50);
INSERT INTO workspacefeature VALUES ('2R5-024', 1);
INSERT INTO workspacefeature VALUES ('2R5-024', 2);
INSERT INTO workspacefeature VALUES ('2R5-024', 3);
INSERT INTO workspace VALUES ('2R5-025', '2R5-025', 4925, 50);
INSERT INTO workspacefeature VALUES ('2R5-025', 1);
INSERT INTO workspace VALUES ('2R5-026', '2R5-026', 4926, 50);
INSERT INTO workspacefeature VALUES ('2R5-026', 1);
INSERT INTO workspacefeature VALUES ('2R5-026', 2);
INSERT INTO workspace VALUES ('2R5-027', '2R5-027', 4927, 50);
INSERT INTO workspacefeature VALUES ('2R5-027', 1);
INSERT INTO workspacefeature VALUES ('2R5-027', 3);
INSERT INTO workspace VALUES ('2R5-028', '2R5-028', 4928, 50);
INSERT INTO workspacefeature VALUES ('2R5-028', 1);
INSERT INTO workspacefeature VALUES ('2R5-028', 2);
INSERT INTO workspace VALUES ('2R5-029', '2R5-029', 4929, 50);
INSERT INTO workspacefeature VALUES ('2R5-029', 1);
INSERT INTO workspace VALUES ('2R5-030', '2R5-030', 4930, 50);
INSERT INTO workspace VALUES ('2R5-031', '2R5-031', 4931, 50);
INSERT INTO workspacefeature VALUES ('2R5-031', 1);
INSERT INTO workspace VALUES ('2R5-032', '2R5-032', 4932, 50);
INSERT INTO workspacefeature VALUES ('2R5-032', 1);
INSERT INTO workspacefeature VALUES ('2R5-032', 2);
INSERT INTO workspace VALUES ('2R5-033', '2R5-033', 4933, 50);
INSERT INTO workspacefeature VALUES ('2R5-033', 1);
INSERT INTO workspacefeature VALUES ('2R5-033', 3);
INSERT INTO workspace VALUES ('2R5-034', '2R5-034', 4934, 50);
INSERT INTO workspacefeature VALUES ('2R5-034', 1);
INSERT INTO workspacefeature VALUES ('2R5-034', 2);
INSERT INTO workspace VALUES ('2R5-035', '2R5-035', 4935, 50);
INSERT INTO workspacefeature VALUES ('2R5-035', 1);
INSERT INTO workspace VALUES ('2R5-036', '2R5-036', 4936, 50);
INSERT INTO workspacefeature VALUES ('2R5-036', 1);
INSERT INTO workspacefeature VALUES ('2R5-036', 2);
INSERT INTO workspacefeature VALUES ('2R5-036', 3);
INSERT INTO workspace VALUES ('2R5-037', '2R5-037', 4937, 50);
INSERT INTO workspacefeature VALUES ('2R5-037', 1);
INSERT INTO workspace VALUES ('2R5-038', '2R5-038', 4938, 50);
INSERT INTO workspacefeature VALUES ('2R5-038', 1);
INSERT INTO workspacefeature VALUES ('2R5-038', 2);
INSERT INTO workspace VALUES ('2R5-039', '2R5-039', 4939, 50);
INSERT INTO workspacefeature VALUES ('2R5-039', 1);
INSERT INTO workspacefeature VALUES ('2R5-039', 3);
INSERT INTO workspace VALUES ('2R5-040', '2R5-040', 4940, 50);
INSERT INTO workspace VALUES ('2R5-041', '2R5-041', 4941, 50);
INSERT INTO workspacefeature VALUES ('2R5-041', 1);
INSERT INTO workspace VALUES ('2R5-042', '2R5-042', 4942, 50);
INSERT INTO workspacefeature VALUES ('2R5-042', 1);
INSERT INTO workspacefeature VALUES ('2R5-042', 2);
INSERT INTO workspacefeature VALUES ('2R5-042', 3);
INSERT INTO workspace VALUES ('2R5-043', '2R5-043', 4943, 50);
INSERT INTO workspacefeature VALUES ('2R5-043', 1);
INSERT INTO workspace VALUES ('2R5-044', '2R5-044', 4944, 50);
INSERT INTO workspacefeature VALUES ('2R5-044', 1);
INSERT INTO workspacefeature VALUES ('2R5-044', 2);
INSERT INTO workspace VALUES ('2R5-045', '2R5-045', 4945, 50);
INSERT INTO workspacefeature VALUES ('2R5-045', 1);
INSERT INTO workspacefeature VALUES ('2R5-045', 3);
INSERT INTO workspace VALUES ('2R5-046', '2R5-046', 4946, 50);
INSERT INTO workspacefeature VALUES ('2R5-046', 1);
INSERT INTO workspacefeature VALUES ('2R5-046', 2);
INSERT INTO workspace VALUES ('2R5-047', '2R5-047', 4947, 50);
INSERT INTO workspacefeature VALUES ('2R5-047', 1);
INSERT INTO workspace VALUES ('2R5-048', '2R5-048', 4948, 50);
INSERT INTO workspacefeature VALUES ('2R5-048', 1);
INSERT INTO workspacefeature VALUES ('2R5-048', 2);
INSERT INTO workspacefeature VALUES ('2R5-048', 3);
INSERT INTO workspace VALUES ('2R5-049', '2R5-049', 4949, 50);
INSERT INTO workspacefeature VALUES ('2R5-049', 1);
INSERT INTO workspace VALUES ('2R5-050', '2R5-050', 4950, 50);
INSERT INTO workspace VALUES ('2R5-051', '2R5-051', 4951, 50);
INSERT INTO workspacefeature VALUES ('2R5-051', 1);
INSERT INTO workspacefeature VALUES ('2R5-051', 3);
INSERT INTO workspace VALUES ('2R5-052', '2R5-052', 4952, 50);
INSERT INTO workspacefeature VALUES ('2R5-052', 1);
INSERT INTO workspacefeature VALUES ('2R5-052', 2);
INSERT INTO workspace VALUES ('2R5-053', '2R5-053', 4953, 50);
INSERT INTO workspacefeature VALUES ('2R5-053', 1);
INSERT INTO workspace VALUES ('2R5-054', '2R5-054', 4954, 50);
INSERT INTO workspacefeature VALUES ('2R5-054', 1);
INSERT INTO workspacefeature VALUES ('2R5-054', 2);
INSERT INTO workspacefeature VALUES ('2R5-054', 3);
INSERT INTO workspace VALUES ('2R5-055', '2R5-055', 4955, 50);
INSERT INTO workspacefeature VALUES ('2R5-055', 1);
INSERT INTO workspace VALUES ('2R5-056', '2R5-056', 4956, 50);
INSERT INTO workspacefeature VALUES ('2R5-056', 1);
INSERT INTO workspacefeature VALUES ('2R5-056', 2);
INSERT INTO workspace VALUES ('2R5-057', '2R5-057', 4957, 50);
INSERT INTO workspacefeature VALUES ('2R5-057', 1);
INSERT INTO workspacefeature VALUES ('2R5-057', 3);
INSERT INTO workspace VALUES ('2R5-058', '2R5-058', 4958, 50);
INSERT INTO workspacefeature VALUES ('2R5-058', 1);
INSERT INTO workspacefeature VALUES ('2R5-058', 2);
INSERT INTO workspace VALUES ('2R5-059', '2R5-059', 4959, 50);
INSERT INTO workspacefeature VALUES ('2R5-059', 1);
INSERT INTO workspace VALUES ('2R5-060', '2R5-060', 4960, 50);
INSERT INTO workspace VALUES ('2R5-061', '2R5-061', 4961, 50);
INSERT INTO workspacefeature VALUES ('2R5-061', 1);
INSERT INTO workspace VALUES ('2R5-062', '2R5-062', 4962, 50);
INSERT INTO workspacefeature VALUES ('2R5-062', 1);
INSERT INTO workspacefeature VALUES ('2R5-062', 2);
INSERT INTO workspace VALUES ('2R5-063', '2R5-063', 4963, 50);
INSERT INTO workspacefeature VALUES ('2R5-063', 1);
INSERT INTO workspacefeature VALUES ('2R5-063', 3);
INSERT INTO workspace VALUES ('2R5-064', '2R5-064', 4964, 50);
INSERT INTO workspacefeature VALUES ('2R5-064', 1);
INSERT INTO workspacefeature VALUES ('2R5-064', 2);
INSERT INTO workspace VALUES ('2R5-065', '2R5-065', 4965, 50);
INSERT INTO workspacefeature VALUES ('2R5-065', 1);
INSERT INTO workspace VALUES ('2R5-066', '2R5-066', 4966, 50);
INSERT INTO workspacefeature VALUES ('2R5-066', 1);
INSERT INTO workspacefeature VALUES ('2R5-066', 2);
INSERT INTO workspacefeature VALUES ('2R5-066', 3);
INSERT INTO workspace VALUES ('2R5-067', '2R5-067', 4967, 50);
INSERT INTO workspacefeature VALUES ('2R5-067', 1);
INSERT INTO workspace VALUES ('2R5-068', '2R5-068', 4968, 50);
INSERT INTO workspacefeature VALUES ('2R5-068', 1);
INSERT INTO workspacefeature VALUES ('2R5-068', 2);
INSERT INTO workspace VALUES ('2R5-069', '2R5-069', 4969, 50);
INSERT INTO workspacefeature VALUES ('2R5-069', 1);
INSERT INTO workspacefeature VALUES ('2R5-069', 3);
INSERT INTO workspace VALUES ('2R5-070', '2R5-070', 4970, 50);
INSERT INTO workspace VALUES ('2R5-071', '2R5-071', 4971, 50);
INSERT INTO workspacefeature VALUES ('2R5-071', 1);
INSERT INTO workspace VALUES ('2R5-072', '2R5-072', 4972, 50);
INSERT INTO workspacefeature VALUES ('2R5-072', 1);
INSERT INTO workspacefeature VALUES ('2R5-072', 2);
INSERT INTO workspacefeature VALUES ('2R5-072', 3);
INSERT INTO workspace VALUES ('2R5-073', '2R5-073', 4973, 50);
INSERT INTO workspacefeature VALUES ('2R5-073', 1);
INSERT INTO workspace VALUES ('2R5-074', '2R5-074', 4974, 50);
INSERT INTO workspacefeature VALUES ('2R5-074', 1);
INSERT INTO workspacefeature VALUES ('2R5-074', 2);
INSERT INTO workspace VALUES ('2R5-075', '2R5-075', 4975, 50);
INSERT INTO workspacefeature VALUES ('2R5-075', 1);
INSERT INTO workspacefeature VALUES ('2R5-075', 3);
INSERT INTO workspace VALUES ('2R5-076', '2R5-076', 4976, 50);
INSERT INTO workspacefeature VALUES ('2R5-076', 1);
INSERT INTO workspacefeature VALUES ('2R5-076', 2);
INSERT INTO workspace VALUES ('2R5-077', '2R5-077', 4977, 50);
INSERT INTO workspacefeature VALUES ('2R5-077', 1);
INSERT INTO workspace VALUES ('2R5-078', '2R5-078', 4978, 50);
INSERT INTO workspacefeature VALUES ('2R5-078', 1);
INSERT INTO workspacefeature VALUES ('2R5-078', 2);
INSERT INTO workspacefeature VALUES ('2R5-078', 3);
INSERT INTO workspace VALUES ('2R5-079', '2R5-079', 4979, 50);
INSERT INTO workspacefeature VALUES ('2R5-079', 1);
INSERT INTO workspace VALUES ('2R5-080', '2R5-080', 4980, 50);
INSERT INTO workspace VALUES ('2R5-081', '2R5-081', 4981, 50);
INSERT INTO workspacefeature VALUES ('2R5-081', 1);
INSERT INTO workspacefeature VALUES ('2R5-081', 3);
INSERT INTO workspace VALUES ('2R5-082', '2R5-082', 4982, 50);
INSERT INTO workspacefeature VALUES ('2R5-082', 1);
INSERT INTO workspacefeature VALUES ('2R5-082', 2);
INSERT INTO workspace VALUES ('2R5-083', '2R5-083', 4983, 50);
INSERT INTO workspacefeature VALUES ('2R5-083', 1);
INSERT INTO workspace VALUES ('2R5-084', '2R5-084', 4984, 50);
INSERT INTO workspacefeature VALUES ('2R5-084', 1);
INSERT INTO workspacefeature VALUES ('2R5-084', 2);
INSERT INTO workspacefeature VALUES ('2R5-084', 3);
INSERT INTO workspace VALUES ('2R5-085', '2R5-085', 4985, 50);
INSERT INTO workspacefeature VALUES ('2R5-085', 1);
INSERT INTO workspace VALUES ('2R5-086', '2R5-086', 4986, 50);
INSERT INTO workspacefeature VALUES ('2R5-086', 1);
INSERT INTO workspacefeature VALUES ('2R5-086', 2);
INSERT INTO workspace VALUES ('2R5-087', '2R5-087', 4987, 50);
INSERT INTO workspacefeature VALUES ('2R5-087', 1);
INSERT INTO workspacefeature VALUES ('2R5-087', 3);
INSERT INTO workspace VALUES ('2R5-088', '2R5-088', 4988, 50);
INSERT INTO workspacefeature VALUES ('2R5-088', 1);
INSERT INTO workspacefeature VALUES ('2R5-088', 2);
INSERT INTO workspace VALUES ('2R5-089', '2R5-089', 4989, 50);
INSERT INTO workspacefeature VALUES ('2R5-089', 1);
INSERT INTO workspace VALUES ('2R5-090', '2R5-090', 4990, 50);
INSERT INTO workspace VALUES ('2R5-091', '2R5-091', 4991, 50);
INSERT INTO workspacefeature VALUES ('2R5-091', 1);
INSERT INTO workspace VALUES ('2R5-092', '2R5-092', 4992, 50);
INSERT INTO workspacefeature VALUES ('2R5-092', 1);
INSERT INTO workspacefeature VALUES ('2R5-092', 2);
INSERT INTO workspace VALUES ('2R5-093', '2R5-093', 4993, 50);
INSERT INTO workspacefeature VALUES ('2R5-093', 1);
INSERT INTO workspacefeature VALUES ('2R5-093', 3);
INSERT INTO workspace VALUES ('2R5-094', '2R5-094', 4994, 50);
INSERT INTO workspacefeature VALUES ('2R5-094', 1);
INSERT INTO workspacefeature VALUES ('2R5-094', 2);
INSERT INTO workspace VALUES ('2R5-095', '2R5-095', 4995, 50);
INSERT INTO workspacefeature VALUES ('2R5-095', 1);
INSERT INTO workspace VALUES ('2R5-096', '2R5-096', 4996, 50);
INSERT INTO workspacefeature VALUES ('2R5-096', 1);
INSERT INTO workspacefeature VALUES ('2R5-096', 2);
INSERT INTO workspacefeature VALUES ('2R5-096', 3);
INSERT INTO workspace VALUES ('2R5-097', '2R5-097', 4997, 50);
INSERT INTO workspacefeature VALUES ('2R5-097', 1);
INSERT INTO workspace VALUES ('2R5-098', '2R5-098', 4998, 50);
INSERT INTO workspacefeature VALUES ('2R5-098', 1);
INSERT INTO workspacefeature VALUES ('2R5-098', 2);
INSERT INTO workspace VALUES ('2R5-099', '2R5-099', 4999, 50);
INSERT INTO workspacefeature VALUES ('2R5-099', 1);
INSERT INTO workspacefeature VALUES ('2R5-099', 3);
INSERT INTO workspace VALUES ('2R5-100', '2R5-100', 5000, 50);


-- Availabilities and Bookings
INSERT INTO availability VALUES (1, '2020-03-24', '2020-03-27', '1V1-002', NULL);
INSERT INTO booking VALUES (1, 1, '2020-03-24', '2020-03-24', 1001, 1, '1V1-002');
INSERT INTO availability VALUES (2, '2020-03-25', '2020-03-28', '1V1-003', NULL);
INSERT INTO booking VALUES (1, 2, '2020-03-25', '2020-03-25', 1002, 2, '1V1-003');
INSERT INTO availability VALUES (3, '2020-03-26', '2020-03-29', '1V1-004', NULL);
INSERT INTO booking VALUES (1, 3, '2020-03-26', '2020-03-26', 1003, 3, '1V1-004');
INSERT INTO availability VALUES (4, '2020-03-27', '2020-03-30', '1V1-005', NULL);
INSERT INTO booking VALUES (1, 4, '2020-03-27', '2020-03-29', 1004, 4, '1V1-005');
INSERT INTO availability VALUES (5, '2020-03-28', '2020-03-31', '1V1-006', NULL);
INSERT INTO booking VALUES (1, 5, '2020-03-28', '2020-03-28', 1005, 5, '1V1-006');
INSERT INTO availability VALUES (6, '2020-03-29', '2020-04-01', '1V1-007', NULL);
INSERT INTO booking VALUES (1, 6, '2020-03-29', '2020-03-30', 1006, 6, '1V1-007');
INSERT INTO availability VALUES (7, '2020-03-30', '2020-04-02', '1V1-008', NULL);
INSERT INTO booking VALUES (1, 7, '2020-03-30', '2020-03-31', 1007, 7, '1V1-008');
INSERT INTO availability VALUES (8, '2020-03-31', '2020-04-03', '1V1-009', NULL);
INSERT INTO booking VALUES (1, 8, '2020-03-31', '2020-03-31', 1008, 8, '1V1-009');
INSERT INTO availability VALUES (9, '2020-04-01', '2020-04-04', '1V1-010', NULL);
INSERT INTO booking VALUES (1, 9, '2020-04-01', '2020-04-01', 1009, 9, '1V1-010');
INSERT INTO availability VALUES (10, '2020-04-02', '2020-04-05', '1V1-011', 'A house divided against itself cannot stand.');
INSERT INTO booking VALUES (1, 10, '2020-04-02', '2020-04-02', 1010, 10, '1V1-011');
INSERT INTO availability VALUES (11, '2020-04-03', '2020-04-06', '1V1-012', 'A house divided against itself cannot stand.');
INSERT INTO booking VALUES (1, 11, '2020-04-03', '2020-04-04', 1011, 11, '1V1-012');
INSERT INTO availability VALUES (12, '2020-04-04', '2020-04-07', '1V1-013', NULL);
INSERT INTO booking VALUES (1, 12, '2020-04-04', '2020-04-04', 1012, 12, '1V1-013');
INSERT INTO availability VALUES (13, '2020-04-05', '2020-04-08', '1V1-014', NULL);
INSERT INTO booking VALUES (1, 13, '2020-04-05', '2020-04-06', 1013, 13, '1V1-014');
INSERT INTO availability VALUES (14, '2020-04-06', '2020-04-09', '1V1-015', NULL);
INSERT INTO booking VALUES (1, 14, '2020-04-06', '2020-04-07', 1014, 14, '1V1-015');
INSERT INTO availability VALUES (15, '2020-04-07', '2020-04-10', '1V1-016', 'Trust yourself. You know more than you think you do.');
INSERT INTO booking VALUES (1, 15, '2020-04-07', '2020-04-08', 1015, 15, '1V1-016');
INSERT INTO availability VALUES (16, '2020-04-08', '2020-04-11', '1V1-017', NULL);
INSERT INTO booking VALUES (1, 16, '2020-04-08', '2020-04-10', 1016, 16, '1V1-017');
INSERT INTO availability VALUES (17, '2020-04-09', '2020-04-12', '1V1-018', NULL);
INSERT INTO booking VALUES (1, 17, '2020-04-09', '2020-04-10', 1017, 17, '1V1-018');
INSERT INTO availability VALUES (18, '2020-04-10', '2020-04-13', '1V1-019', NULL);
INSERT INTO booking VALUES (1, 18, '2020-04-10', '2020-04-10', 1018, 18, '1V1-019');
INSERT INTO availability VALUES (19, '2020-04-11', '2020-04-14', '1V1-020', 'Life is change. Growth is optional. Choose wisely.');
INSERT INTO booking VALUES (1, 19, '2020-04-11', '2020-04-11', 1019, 19, '1V1-020');
INSERT INTO availability VALUES (20, '2020-04-12', '2020-04-15', '1V1-021', 'Life is change. Growth is optional. Choose wisely.');
INSERT INTO booking VALUES (1, 20, '2020-04-12', '2020-04-12', 1020, 20, '1V1-021');
INSERT INTO availability VALUES (21, '2020-04-13', '2020-04-16', '1V1-022', NULL);
INSERT INTO booking VALUES (1, 21, '2020-04-13', '2020-04-15', 1021, 21, '1V1-022');
INSERT INTO availability VALUES (22, '2020-04-14', '2020-04-17', '1V1-023', NULL);
INSERT INTO booking VALUES (1, 22, '2020-04-14', '2020-04-14', 1022, 22, '1V1-023');
INSERT INTO availability VALUES (23, '2020-04-15', '2020-04-18', '1V1-024', NULL);
INSERT INTO booking VALUES (1, 23, '2020-04-15', '2020-04-16', 1023, 23, '1V1-024');
INSERT INTO availability VALUES (24, '2020-04-16', '2020-04-19', '1V1-025', NULL);
INSERT INTO booking VALUES (1, 24, '2020-04-16', '2020-04-17', 1024, 24, '1V1-025');
INSERT INTO availability VALUES (25, '2020-04-17', '2020-04-20', '1V1-026', NULL);
INSERT INTO booking VALUES (1, 25, '2020-04-17', '2020-04-18', 1025, 25, '1V1-026');
INSERT INTO availability VALUES (26, '2020-04-18', '2020-04-21', '1V1-027', NULL);
INSERT INTO booking VALUES (1, 26, '2020-04-18', '2020-04-18', 1026, 26, '1V1-027');
INSERT INTO availability VALUES (27, '2020-04-19', '2020-04-22', '1V1-028', NULL);
INSERT INTO booking VALUES (1, 27, '2020-04-19', '2020-04-19', 1027, 27, '1V1-028');
INSERT INTO availability VALUES (28, '2020-04-20', '2020-04-23', '1V1-029', NULL);
INSERT INTO booking VALUES (1, 28, '2020-04-20', '2020-04-21', 1028, 28, '1V1-029');
INSERT INTO availability VALUES (29, '2020-04-21', '2020-04-24', '1V1-030', NULL);
INSERT INTO booking VALUES (1, 29, '2020-04-21', '2020-04-21', 1029, 29, '1V1-030');
INSERT INTO availability VALUES (30, '2020-04-22', '2020-04-25', '1V1-031', NULL);
INSERT INTO booking VALUES (1, 30, '2020-04-22', '2020-04-22', 1030, 30, '1V1-031');
INSERT INTO availability VALUES (31, '2020-04-23', '2020-04-26', '1V1-032', NULL);
INSERT INTO booking VALUES (1, 31, '2020-04-23', '2020-04-25', 1031, 31, '1V1-032');
INSERT INTO availability VALUES (32, '2020-04-24', '2020-04-27', '1V1-033', NULL);
INSERT INTO booking VALUES (1, 32, '2020-04-24', '2020-04-26', 1032, 32, '1V1-033');
INSERT INTO availability VALUES (33, '2020-04-25', '2020-04-28', '1V1-034', NULL);
INSERT INTO booking VALUES (1, 33, '2020-04-25', '2020-04-25', 1033, 33, '1V1-034');
INSERT INTO availability VALUES (34, '2020-04-26', '2020-04-29', '1V1-035', 'Its easier to see the mistakes on someone elses paper.');
INSERT INTO booking VALUES (1, 34, '2020-04-26', '2020-04-28', 1034, 34, '1V1-035');
INSERT INTO availability VALUES (35, '2020-04-27', '2020-04-30', '1V1-036', NULL);
INSERT INTO booking VALUES (1, 35, '2020-04-27', '2020-04-27', 1035, 35, '1V1-036');
INSERT INTO availability VALUES (36, '2020-04-28', '2020-05-01', '1V1-037', NULL);
INSERT INTO booking VALUES (1, 36, '2020-04-28', '2020-04-29', 1036, 36, '1V1-037');
INSERT INTO availability VALUES (37, '2020-04-29', '2020-05-02', '1V1-038', NULL);
INSERT INTO booking VALUES (1, 37, '2020-04-29', '2020-04-30', 1037, 37, '1V1-038');
INSERT INTO availability VALUES (38, '2020-04-30', '2020-05-03', '1V1-039', 'Self-complacency is fatal to progress.');
INSERT INTO booking VALUES (1, 38, '2020-04-30', '2020-05-02', 1038, 38, '1V1-039');
INSERT INTO availability VALUES (39, '2020-05-01', '2020-05-04', '1V1-040', NULL);
INSERT INTO booking VALUES (1, 39, '2020-05-01', '2020-05-02', 1039, 39, '1V1-040');
INSERT INTO availability VALUES (40, '2020-05-02', '2020-05-05', '1V1-041', NULL);
INSERT INTO booking VALUES (1, 40, '2020-05-02', '2020-05-03', 1040, 40, '1V1-041');
INSERT INTO availability VALUES (41, '2020-05-03', '2020-05-06', '1V1-042', NULL);
INSERT INTO booking VALUES (1, 41, '2020-05-03', '2020-05-04', 1041, 41, '1V1-042');
INSERT INTO availability VALUES (42, '2020-05-04', '2020-05-07', '1V1-043', NULL);
INSERT INTO booking VALUES (1, 42, '2020-05-04', '2020-05-06', 1042, 42, '1V1-043');
INSERT INTO availability VALUES (43, '2020-05-05', '2020-05-08', '1V1-044', NULL);
INSERT INTO booking VALUES (1, 43, '2020-05-05', '2020-05-06', 1043, 43, '1V1-044');
INSERT INTO availability VALUES (44, '2020-05-06', '2020-05-09', '1V1-045', NULL);
INSERT INTO booking VALUES (1, 44, '2020-05-06', '2020-05-08', 1044, 44, '1V1-045');
INSERT INTO availability VALUES (45, '2020-05-07', '2020-05-10', '1V1-046', NULL);
INSERT INTO booking VALUES (1, 45, '2020-05-07', '2020-05-09', 1045, 45, '1V1-046');
INSERT INTO availability VALUES (46, '2020-05-08', '2020-05-11', '1V1-047', 'To lead people walk behind them.');
INSERT INTO booking VALUES (1, 46, '2020-05-08', '2020-05-09', 1046, 46, '1V1-047');
INSERT INTO availability VALUES (47, '2020-05-09', '2020-05-12', '1V1-048', NULL);
INSERT INTO booking VALUES (1, 47, '2020-05-09', '2020-05-09', 1047, 47, '1V1-048');
INSERT INTO availability VALUES (48, '2020-05-10', '2020-05-13', '1V1-049', NULL);
INSERT INTO booking VALUES (1, 48, '2020-05-10', '2020-05-10', 1048, 48, '1V1-049');
INSERT INTO availability VALUES (49, '2020-05-11', '2020-05-14', '1V1-050', 'Difficulties increase the nearer we get to the goal.');
INSERT INTO booking VALUES (1, 49, '2020-05-11', '2020-05-12', 1049, 49, '1V1-050');
INSERT INTO availability VALUES (50, '2020-05-12', '2020-05-15', '1V1-051', NULL);
INSERT INTO booking VALUES (1, 50, '2020-05-12', '2020-05-13', 1050, 50, '1V1-051');
INSERT INTO availability VALUES (51, '2020-05-13', '2020-05-16', '1V1-052', 'Every man dies. Not every man really lives.');
INSERT INTO booking VALUES (1, 51, '2020-05-13', '2020-05-14', 1051, 51, '1V1-052');
INSERT INTO availability VALUES (52, '2020-05-14', '2020-05-17', '1V1-053', NULL);
INSERT INTO booking VALUES (1, 52, '2020-05-14', '2020-05-16', 1052, 52, '1V1-053');
INSERT INTO availability VALUES (53, '2020-05-15', '2020-05-18', '1V1-054', NULL);
INSERT INTO booking VALUES (1, 53, '2020-05-15', '2020-05-15', 1053, 53, '1V1-054');
INSERT INTO availability VALUES (54, '2020-05-16', '2020-05-19', '1V1-055', 'Youll see it when you believe it.');
INSERT INTO booking VALUES (1, 54, '2020-05-16', '2020-05-17', 1054, 54, '1V1-055');
INSERT INTO availability VALUES (55, '2020-05-17', '2020-05-20', '1V1-056', NULL);
INSERT INTO booking VALUES (1, 55, '2020-05-17', '2020-05-17', 1055, 55, '1V1-056');
INSERT INTO availability VALUES (56, '2020-05-18', '2020-05-21', '1V1-057', NULL);
INSERT INTO booking VALUES (1, 56, '2020-05-18', '2020-05-18', 1056, 56, '1V1-057');
INSERT INTO availability VALUES (57, '2020-05-19', '2020-05-22', '1V1-058', NULL);
INSERT INTO booking VALUES (1, 57, '2020-05-19', '2020-05-20', 1057, 57, '1V1-058');
INSERT INTO availability VALUES (58, '2020-05-20', '2020-05-23', '1V1-059', NULL);
INSERT INTO booking VALUES (1, 58, '2020-05-20', '2020-05-22', 1058, 58, '1V1-059');
INSERT INTO availability VALUES (59, '2020-05-21', '2020-05-24', '1V1-060', NULL);
INSERT INTO booking VALUES (1, 59, '2020-05-21', '2020-05-23', 1059, 59, '1V1-060');
INSERT INTO availability VALUES (60, '2020-03-23', '2020-03-26', '1V1-061', NULL);
INSERT INTO booking VALUES (1, 60, '2020-03-23', '2020-03-23', 1060, 60, '1V1-061');
INSERT INTO availability VALUES (61, '2020-03-24', '2020-03-27', '1V1-062', 'Its easier to see the mistakes on someone elses paper.');
INSERT INTO booking VALUES (1, 61, '2020-03-24', '2020-03-24', 1061, 61, '1V1-062');
INSERT INTO availability VALUES (62, '2020-03-25', '2020-03-28', '1V1-063', NULL);
INSERT INTO booking VALUES (1, 62, '2020-03-25', '2020-03-25', 1062, 62, '1V1-063');
INSERT INTO availability VALUES (63, '2020-03-26', '2020-03-29', '1V1-064', NULL);
INSERT INTO booking VALUES (1, 63, '2020-03-26', '2020-03-26', 1063, 63, '1V1-064');
INSERT INTO availability VALUES (64, '2020-03-27', '2020-03-30', '1V1-065', 'You can observe a lot just by watching.');
INSERT INTO booking VALUES (1, 64, '2020-03-27', '2020-03-28', 1064, 64, '1V1-065');
INSERT INTO availability VALUES (65, '2020-03-28', '2020-03-31', '1V1-066', NULL);
INSERT INTO booking VALUES (1, 65, '2020-03-28', '2020-03-30', 1065, 65, '1V1-066');
INSERT INTO availability VALUES (66, '2020-03-29', '2020-04-01', '1V1-067', NULL);
INSERT INTO booking VALUES (1, 66, '2020-03-29', '2020-03-30', 1066, 66, '1V1-067');
INSERT INTO availability VALUES (67, '2020-03-30', '2020-04-02', '1V1-068', NULL);
INSERT INTO booking VALUES (1, 67, '2020-03-30', '2020-03-31', 1067, 67, '1V1-068');
INSERT INTO availability VALUES (68, '2020-03-31', '2020-04-03', '1V1-069', 'Self-complacency is fatal to progress.');
INSERT INTO booking VALUES (1, 68, '2020-03-31', '2020-04-02', 1068, 68, '1V1-069');
INSERT INTO availability VALUES (69, '2020-04-01', '2020-04-04', '1V1-070', NULL);
INSERT INTO booking VALUES (1, 69, '2020-04-01', '2020-04-03', 1069, 69, '1V1-070');
INSERT INTO availability VALUES (70, '2020-04-02', '2020-04-05', '1V1-071', 'Genius is one percent inspiration and ninety-nine percent perspiration.');
INSERT INTO booking VALUES (1, 70, '2020-04-02', '2020-04-03', 1070, 70, '1V1-071');
INSERT INTO availability VALUES (71, '2020-04-03', '2020-04-06', '1V1-072', NULL);
INSERT INTO booking VALUES (1, 71, '2020-04-03', '2020-04-04', 1071, 71, '1V1-072');
INSERT INTO availability VALUES (72, '2020-04-04', '2020-04-07', '1V1-073', NULL);
INSERT INTO booking VALUES (1, 72, '2020-04-04', '2020-04-06', 1072, 72, '1V1-073');
INSERT INTO availability VALUES (73, '2020-04-05', '2020-04-08', '1V1-074', 'Peace comes from within. Do not seek it without.');
INSERT INTO booking VALUES (1, 73, '2020-04-05', '2020-04-05', 1073, 73, '1V1-074');
INSERT INTO availability VALUES (74, '2020-04-06', '2020-04-09', '1V1-075', NULL);
INSERT INTO booking VALUES (1, 74, '2020-04-06', '2020-04-08', 1074, 74, '1V1-075');
INSERT INTO availability VALUES (75, '2020-04-07', '2020-04-10', '1V1-076', NULL);
INSERT INTO booking VALUES (1, 75, '2020-04-07', '2020-04-07', 1075, 75, '1V1-076');
INSERT INTO availability VALUES (76, '2020-04-08', '2020-04-11', '1V1-077', NULL);
INSERT INTO booking VALUES (1, 76, '2020-04-08', '2020-04-09', 1076, 76, '1V1-077');
INSERT INTO availability VALUES (77, '2020-04-09', '2020-04-12', '1V1-078', NULL);
INSERT INTO booking VALUES (1, 77, '2020-04-09', '2020-04-11', 1077, 77, '1V1-078');
INSERT INTO availability VALUES (78, '2020-04-10', '2020-04-13', '1V1-079', NULL);
INSERT INTO booking VALUES (1, 78, '2020-04-10', '2020-04-12', 1078, 78, '1V1-079');
INSERT INTO availability VALUES (79, '2020-04-11', '2020-04-14', '1V1-080', NULL);
INSERT INTO booking VALUES (1, 79, '2020-04-11', '2020-04-13', 1079, 79, '1V1-080');
INSERT INTO availability VALUES (80, '2020-04-12', '2020-04-15', '1V1-081', NULL);
INSERT INTO booking VALUES (1, 80, '2020-04-12', '2020-04-12', 1080, 80, '1V1-081');
INSERT INTO availability VALUES (81, '2020-04-13', '2020-04-16', '1V1-082', NULL);
INSERT INTO booking VALUES (1, 81, '2020-04-13', '2020-04-13', 1081, 81, '1V1-082');
INSERT INTO availability VALUES (82, '2020-04-14', '2020-04-17', '1V1-083', 'A rolling stone gathers no moss.');
INSERT INTO booking VALUES (1, 82, '2020-04-14', '2020-04-16', 1082, 82, '1V1-083');
INSERT INTO availability VALUES (83, '2020-04-15', '2020-04-18', '1V1-084', NULL);
INSERT INTO booking VALUES (1, 83, '2020-04-15', '2020-04-15', 1083, 83, '1V1-084');
INSERT INTO availability VALUES (84, '2020-04-16', '2020-04-19', '1V1-085', NULL);
INSERT INTO booking VALUES (1, 84, '2020-04-16', '2020-04-18', 1084, 84, '1V1-085');
INSERT INTO availability VALUES (85, '2020-04-17', '2020-04-20', '1V1-086', NULL);
INSERT INTO booking VALUES (1, 85, '2020-04-17', '2020-04-18', 1085, 85, '1V1-086');
INSERT INTO availability VALUES (86, '2020-04-18', '2020-04-21', '1V1-087', NULL);
INSERT INTO booking VALUES (1, 86, '2020-04-18', '2020-04-18', 1086, 86, '1V1-087');
INSERT INTO availability VALUES (87, '2020-04-19', '2020-04-22', '1V1-088', NULL);
INSERT INTO booking VALUES (1, 87, '2020-04-19', '2020-04-21', 1087, 87, '1V1-088');
INSERT INTO availability VALUES (88, '2020-04-20', '2020-04-23', '1V1-089', NULL);
INSERT INTO booking VALUES (1, 88, '2020-04-20', '2020-04-22', 1088, 88, '1V1-089');
INSERT INTO availability VALUES (89, '2020-04-21', '2020-04-24', '1V1-090', 'Study the past... if you would divine the future.');
INSERT INTO booking VALUES (1, 89, '2020-04-21', '2020-04-21', 1089, 89, '1V1-090');
INSERT INTO availability VALUES (90, '2020-04-22', '2020-04-25', '1V1-091', NULL);
INSERT INTO booking VALUES (1, 90, '2020-04-22', '2020-04-23', 1090, 90, '1V1-091');
INSERT INTO availability VALUES (91, '2020-04-23', '2020-04-26', '1V1-092', NULL);
INSERT INTO booking VALUES (1, 91, '2020-04-23', '2020-04-24', 1091, 91, '1V1-092');
INSERT INTO availability VALUES (92, '2020-04-24', '2020-04-27', '1V1-093', NULL);
INSERT INTO booking VALUES (1, 92, '2020-04-24', '2020-04-26', 1092, 92, '1V1-093');
INSERT INTO availability VALUES (93, '2020-04-25', '2020-04-28', '1V1-094', NULL);
INSERT INTO booking VALUES (1, 93, '2020-04-25', '2020-04-25', 1093, 93, '1V1-094');
INSERT INTO availability VALUES (94, '2020-04-26', '2020-04-29', '1V1-095', NULL);
INSERT INTO booking VALUES (1, 94, '2020-04-26', '2020-04-28', 1094, 94, '1V1-095');
INSERT INTO availability VALUES (95, '2020-04-27', '2020-04-30', '1V1-096', NULL);
INSERT INTO booking VALUES (1, 95, '2020-04-27', '2020-04-28', 1095, 95, '1V1-096');
INSERT INTO availability VALUES (96, '2020-04-28', '2020-05-01', '1V1-097', NULL);
INSERT INTO booking VALUES (1, 96, '2020-04-28', '2020-04-29', 1096, 96, '1V1-097');
INSERT INTO availability VALUES (97, '2020-04-29', '2020-05-02', '1V1-098', NULL);
INSERT INTO booking VALUES (1, 97, '2020-04-29', '2020-05-01', 1097, 97, '1V1-098');
INSERT INTO availability VALUES (98, '2020-04-30', '2020-05-03', '1V1-099', NULL);
INSERT INTO booking VALUES (1, 98, '2020-04-30', '2020-05-01', 1098, 98, '1V1-099');
INSERT INTO availability VALUES (99, '2020-05-01', '2020-05-04', '1V1-100', NULL);
INSERT INTO booking VALUES (1, 99, '2020-05-01', '2020-05-03', 1099, 99, '1V1-100');
INSERT INTO availability VALUES (100, '2020-05-02', '2020-05-05', '1V2-001', NULL);
INSERT INTO booking VALUES (1, 100, '2020-05-02', '2020-05-02', 1100, 100, '1V2-001');
INSERT INTO availability VALUES (101, '2020-05-03', '2020-05-06', '1V2-002', NULL);
INSERT INTO booking VALUES (1, 101, '2020-05-03', '2020-05-03', 1101, 101, '1V2-002');
INSERT INTO availability VALUES (102, '2020-05-04', '2020-05-07', '1V2-003', NULL);
INSERT INTO booking VALUES (1, 102, '2020-05-04', '2020-05-05', 1102, 102, '1V2-003');
INSERT INTO availability VALUES (103, '2020-05-05', '2020-05-08', '1V2-004', NULL);
INSERT INTO booking VALUES (1, 103, '2020-05-05', '2020-05-05', 1103, 103, '1V2-004');
INSERT INTO availability VALUES (104, '2020-05-06', '2020-05-09', '1V2-005', NULL);
INSERT INTO booking VALUES (1, 104, '2020-05-06', '2020-05-08', 1104, 104, '1V2-005');
INSERT INTO availability VALUES (105, '2020-05-07', '2020-05-10', '1V2-006', 'Everything in life is luck.');
INSERT INTO booking VALUES (1, 105, '2020-05-07', '2020-05-07', 1105, 105, '1V2-006');
INSERT INTO availability VALUES (106, '2020-05-08', '2020-05-11', '1V2-007', NULL);
INSERT INTO booking VALUES (1, 106, '2020-05-08', '2020-05-10', 1106, 106, '1V2-007');
INSERT INTO availability VALUES (107, '2020-05-09', '2020-05-12', '1V2-008', 'A house divided against itself cannot stand.');
INSERT INTO booking VALUES (1, 107, '2020-05-09', '2020-05-09', 1107, 107, '1V2-008');
INSERT INTO availability VALUES (108, '2020-05-10', '2020-05-13', '1V2-009', NULL);
INSERT INTO booking VALUES (1, 108, '2020-05-10', '2020-05-12', 1108, 108, '1V2-009');
INSERT INTO availability VALUES (109, '2020-05-11', '2020-05-14', '1V2-010', 'A rolling stone gathers no moss.');
INSERT INTO booking VALUES (1, 109, '2020-05-11', '2020-05-12', 1109, 109, '1V2-010');
INSERT INTO availability VALUES (110, '2020-05-12', '2020-05-15', '1V2-011', NULL);
INSERT INTO booking VALUES (1, 110, '2020-05-12', '2020-05-14', 1110, 110, '1V2-011');
INSERT INTO availability VALUES (111, '2020-05-13', '2020-05-16', '1V2-012', NULL);
INSERT INTO booking VALUES (1, 111, '2020-05-13', '2020-05-15', 1111, 111, '1V2-012');
INSERT INTO availability VALUES (112, '2020-05-14', '2020-05-17', '1V2-013', NULL);
INSERT INTO booking VALUES (1, 112, '2020-05-14', '2020-05-16', 1112, 112, '1V2-013');
INSERT INTO availability VALUES (113, '2020-05-15', '2020-05-18', '1V2-014', NULL);
INSERT INTO booking VALUES (1, 113, '2020-05-15', '2020-05-15', 1113, 113, '1V2-014');
INSERT INTO availability VALUES (114, '2020-05-16', '2020-05-19', '1V2-015', NULL);
INSERT INTO booking VALUES (1, 114, '2020-05-16', '2020-05-17', 1114, 114, '1V2-015');
INSERT INTO availability VALUES (115, '2020-05-17', '2020-05-20', '1V2-016', NULL);
INSERT INTO booking VALUES (1, 115, '2020-05-17', '2020-05-17', 1115, 115, '1V2-016');
INSERT INTO availability VALUES (116, '2020-05-18', '2020-05-21', '1V2-017', 'Trust yourself. You know more than you think you do.');
INSERT INTO booking VALUES (1, 116, '2020-05-18', '2020-05-20', 1116, 116, '1V2-017');
INSERT INTO availability VALUES (117, '2020-05-19', '2020-05-22', '1V2-018', NULL);
INSERT INTO booking VALUES (1, 117, '2020-05-19', '2020-05-19', 1117, 117, '1V2-018');
INSERT INTO availability VALUES (118, '2020-05-20', '2020-05-23', '1V2-019', NULL);
INSERT INTO booking VALUES (1, 118, '2020-05-20', '2020-05-22', 1118, 118, '1V2-019');
INSERT INTO availability VALUES (119, '2020-05-21', '2020-05-24', '1V2-020', NULL);
INSERT INTO booking VALUES (1, 119, '2020-05-21', '2020-05-22', 1119, 119, '1V2-020');
INSERT INTO availability VALUES (120, '2020-03-23', '2020-03-26', '1V2-021', NULL);
INSERT INTO booking VALUES (1, 120, '2020-03-23', '2020-03-23', 1120, 120, '1V2-021');
INSERT INTO availability VALUES (121, '2020-03-24', '2020-03-27', '1V2-022', NULL);
INSERT INTO booking VALUES (1, 121, '2020-03-24', '2020-03-26', 1121, 121, '1V2-022');
INSERT INTO availability VALUES (122, '2020-03-25', '2020-03-28', '1V2-023', NULL);
INSERT INTO booking VALUES (1, 122, '2020-03-25', '2020-03-26', 1122, 122, '1V2-023');
INSERT INTO availability VALUES (123, '2020-03-26', '2020-03-29', '1V2-024', 'We can only learn to love by loving.');
INSERT INTO booking VALUES (1, 123, '2020-03-26', '2020-03-26', 1123, 123, '1V2-024');
INSERT INTO availability VALUES (124, '2020-03-27', '2020-03-30', '1V2-025', 'Study the past... if you would divine the future.');
INSERT INTO booking VALUES (1, 124, '2020-03-27', '2020-03-29', 1124, 124, '1V2-025');
INSERT INTO availability VALUES (125, '2020-03-28', '2020-03-31', '1V2-026', NULL);
INSERT INTO booking VALUES (1, 125, '2020-03-28', '2020-03-30', 1125, 125, '1V2-026');
INSERT INTO availability VALUES (126, '2020-03-29', '2020-04-01', '1V2-027', NULL);
INSERT INTO booking VALUES (1, 126, '2020-03-29', '2020-03-29', 1126, 126, '1V2-027');
INSERT INTO availability VALUES (127, '2020-03-30', '2020-04-02', '1V2-028', NULL);
INSERT INTO booking VALUES (1, 127, '2020-03-30', '2020-03-31', 1127, 127, '1V2-028');
INSERT INTO availability VALUES (128, '2020-03-31', '2020-04-03', '1V2-029', 'Genius is one percent inspiration and ninety-nine percent perspiration.');
INSERT INTO booking VALUES (1, 128, '2020-03-31', '2020-04-02', 1128, 128, '1V2-029');
INSERT INTO availability VALUES (129, '2020-04-01', '2020-04-04', '1V2-030', NULL);
INSERT INTO booking VALUES (1, 129, '2020-04-01', '2020-04-01', 1129, 129, '1V2-030');
INSERT INTO availability VALUES (130, '2020-04-02', '2020-04-05', '1V2-031', NULL);
INSERT INTO booking VALUES (1, 130, '2020-04-02', '2020-04-03', 1130, 130, '1V2-031');
INSERT INTO availability VALUES (131, '2020-04-03', '2020-04-06', '1V2-032', 'Everything in life is luck.');
INSERT INTO booking VALUES (1, 131, '2020-04-03', '2020-04-04', 1131, 131, '1V2-032');
INSERT INTO availability VALUES (132, '2020-04-04', '2020-04-07', '1V2-033', 'Its easier to see the mistakes on someone elses paper.');
INSERT INTO booking VALUES (1, 132, '2020-04-04', '2020-04-06', 1132, 132, '1V2-033');
INSERT INTO availability VALUES (133, '2020-04-05', '2020-04-08', '1V2-034', NULL);
INSERT INTO booking VALUES (1, 133, '2020-04-05', '2020-04-05', 1133, 133, '1V2-034');
INSERT INTO availability VALUES (134, '2020-04-06', '2020-04-09', '1V2-035', NULL);
INSERT INTO booking VALUES (1, 134, '2020-04-06', '2020-04-08', 1134, 134, '1V2-035');
INSERT INTO availability VALUES (135, '2020-04-07', '2020-04-10', '1V2-036', NULL);
INSERT INTO booking VALUES (1, 135, '2020-04-07', '2020-04-07', 1135, 135, '1V2-036');
INSERT INTO availability VALUES (136, '2020-04-08', '2020-04-11', '1V2-037', NULL);
INSERT INTO booking VALUES (1, 136, '2020-04-08', '2020-04-09', 1136, 136, '1V2-037');
INSERT INTO availability VALUES (137, '2020-04-09', '2020-04-12', '1V2-038', NULL);
INSERT INTO booking VALUES (1, 137, '2020-04-09', '2020-04-10', 1137, 137, '1V2-038');
INSERT INTO availability VALUES (138, '2020-04-10', '2020-04-13', '1V2-039', NULL);
INSERT INTO booking VALUES (1, 138, '2020-04-10', '2020-04-11', 1138, 138, '1V2-039');
INSERT INTO availability VALUES (139, '2020-04-11', '2020-04-14', '1V2-040', NULL);
INSERT INTO booking VALUES (1, 139, '2020-04-11', '2020-04-11', 1139, 139, '1V2-040');
INSERT INTO availability VALUES (140, '2020-04-12', '2020-04-15', '1V2-041', NULL);
INSERT INTO booking VALUES (1, 140, '2020-04-12', '2020-04-12', 1140, 140, '1V2-041');
INSERT INTO availability VALUES (141, '2020-04-13', '2020-04-16', '1V2-042', NULL);
INSERT INTO booking VALUES (1, 141, '2020-04-13', '2020-04-15', 1141, 141, '1V2-042');
INSERT INTO availability VALUES (142, '2020-04-14', '2020-04-17', '1V2-043', 'A house divided against itself cannot stand.');
INSERT INTO booking VALUES (1, 142, '2020-04-14', '2020-04-15', 1142, 142, '1V2-043');
INSERT INTO availability VALUES (143, '2020-04-15', '2020-04-18', '1V2-044', NULL);
INSERT INTO booking VALUES (1, 143, '2020-04-15', '2020-04-16', 1143, 143, '1V2-044');
INSERT INTO availability VALUES (144, '2020-04-16', '2020-04-19', '1V2-045', NULL);
INSERT INTO booking VALUES (1, 144, '2020-04-16', '2020-04-17', 1144, 144, '1V2-045');
INSERT INTO availability VALUES (145, '2020-04-17', '2020-04-20', '1V2-046', NULL);
INSERT INTO booking VALUES (1, 145, '2020-04-17', '2020-04-18', 1145, 145, '1V2-046');
INSERT INTO availability VALUES (146, '2020-04-18', '2020-04-21', '1V2-047', NULL);
INSERT INTO booking VALUES (1, 146, '2020-04-18', '2020-04-19', 1146, 146, '1V2-047');
INSERT INTO availability VALUES (147, '2020-04-19', '2020-04-22', '1V2-048', NULL);
INSERT INTO booking VALUES (1, 147, '2020-04-19', '2020-04-19', 1147, 147, '1V2-048');
INSERT INTO availability VALUES (148, '2020-04-20', '2020-04-23', '1V2-049', NULL);
INSERT INTO booking VALUES (1, 148, '2020-04-20', '2020-04-21', 1148, 148, '1V2-049');
INSERT INTO availability VALUES (149, '2020-04-21', '2020-04-24', '1V2-050', NULL);
INSERT INTO booking VALUES (1, 149, '2020-04-21', '2020-04-21', 1149, 149, '1V2-050');
INSERT INTO availability VALUES (150, '2020-04-22', '2020-04-25', '1V2-051', NULL);
INSERT INTO booking VALUES (1, 150, '2020-04-22', '2020-04-23', 1150, 150, '1V2-051');
INSERT INTO availability VALUES (151, '2020-04-23', '2020-04-26', '1V2-052', NULL);
INSERT INTO booking VALUES (1, 151, '2020-04-23', '2020-04-24', 1151, 151, '1V2-052');
INSERT INTO availability VALUES (152, '2020-04-24', '2020-04-27', '1V2-053', 'Youll see it when you believe it.');
INSERT INTO booking VALUES (1, 152, '2020-04-24', '2020-04-26', 1152, 152, '1V2-053');
INSERT INTO availability VALUES (153, '2020-04-25', '2020-04-28', '1V2-054', NULL);
INSERT INTO booking VALUES (1, 153, '2020-04-25', '2020-04-27', 1153, 153, '1V2-054');
INSERT INTO availability VALUES (154, '2020-04-26', '2020-04-29', '1V2-055', NULL);
INSERT INTO booking VALUES (1, 154, '2020-04-26', '2020-04-28', 1154, 154, '1V2-055');
INSERT INTO availability VALUES (155, '2020-04-27', '2020-04-30', '1V2-056', NULL);
INSERT INTO booking VALUES (1, 155, '2020-04-27', '2020-04-27', 1155, 155, '1V2-056');
INSERT INTO availability VALUES (156, '2020-04-28', '2020-05-01', '1V2-057', NULL);
INSERT INTO booking VALUES (1, 156, '2020-04-28', '2020-04-28', 1156, 156, '1V2-057');
INSERT INTO availability VALUES (157, '2020-04-29', '2020-05-02', '1V2-058', NULL);
INSERT INTO booking VALUES (1, 157, '2020-04-29', '2020-05-01', 1157, 157, '1V2-058');
INSERT INTO availability VALUES (158, '2020-04-30', '2020-05-03', '1V2-059', NULL);
INSERT INTO booking VALUES (1, 158, '2020-04-30', '2020-05-01', 1158, 158, '1V2-059');
INSERT INTO availability VALUES (159, '2020-05-01', '2020-05-04', '1V2-060', NULL);
INSERT INTO booking VALUES (1, 159, '2020-05-01', '2020-05-03', 1159, 159, '1V2-060');
INSERT INTO availability VALUES (160, '2020-05-02', '2020-05-05', '1V2-061', NULL);
INSERT INTO booking VALUES (1, 160, '2020-05-02', '2020-05-04', 1160, 160, '1V2-061');
INSERT INTO availability VALUES (161, '2020-05-03', '2020-05-06', '1V2-062', NULL);
INSERT INTO booking VALUES (1, 161, '2020-05-03', '2020-05-05', 1161, 161, '1V2-062');
INSERT INTO availability VALUES (162, '2020-05-04', '2020-05-07', '1V2-063', NULL);
INSERT INTO booking VALUES (1, 162, '2020-05-04', '2020-05-04', 1162, 162, '1V2-063');
INSERT INTO availability VALUES (163, '2020-05-05', '2020-05-08', '1V2-064', NULL);
INSERT INTO booking VALUES (1, 163, '2020-05-05', '2020-05-07', 1163, 163, '1V2-064');
INSERT INTO availability VALUES (164, '2020-05-06', '2020-05-09', '1V2-065', NULL);
INSERT INTO booking VALUES (1, 164, '2020-05-06', '2020-05-07', 1164, 164, '1V2-065');
INSERT INTO availability VALUES (165, '2020-05-07', '2020-05-10', '1V2-066', NULL);
INSERT INTO booking VALUES (1, 165, '2020-05-07', '2020-05-09', 1165, 165, '1V2-066');
INSERT INTO availability VALUES (166, '2020-05-08', '2020-05-11', '1V2-067', NULL);
INSERT INTO booking VALUES (1, 166, '2020-05-08', '2020-05-08', 1166, 166, '1V2-067');
INSERT INTO availability VALUES (167, '2020-05-09', '2020-05-12', '1V2-068', NULL);
INSERT INTO booking VALUES (1, 167, '2020-05-09', '2020-05-09', 1167, 167, '1V2-068');
INSERT INTO availability VALUES (168, '2020-05-10', '2020-05-13', '1V2-069', NULL);
INSERT INTO booking VALUES (1, 168, '2020-05-10', '2020-05-11', 1168, 168, '1V2-069');
INSERT INTO availability VALUES (169, '2020-05-11', '2020-05-14', '1V2-070', NULL);
INSERT INTO booking VALUES (1, 169, '2020-05-11', '2020-05-13', 1169, 169, '1V2-070');
INSERT INTO availability VALUES (170, '2020-05-12', '2020-05-15', '1V2-071', NULL);
INSERT INTO booking VALUES (1, 170, '2020-05-12', '2020-05-12', 1170, 170, '1V2-071');
INSERT INTO availability VALUES (171, '2020-05-13', '2020-05-16', '1V2-072', 'Everything in life is luck.');
INSERT INTO booking VALUES (1, 171, '2020-05-13', '2020-05-14', 1171, 171, '1V2-072');
INSERT INTO availability VALUES (172, '2020-05-14', '2020-05-17', '1V2-073', NULL);
INSERT INTO booking VALUES (1, 172, '2020-05-14', '2020-05-16', 1172, 172, '1V2-073');
INSERT INTO availability VALUES (173, '2020-05-15', '2020-05-18', '1V2-074', NULL);
INSERT INTO booking VALUES (1, 173, '2020-05-15', '2020-05-16', 1173, 173, '1V2-074');
INSERT INTO availability VALUES (174, '2020-05-16', '2020-05-19', '1V2-075', NULL);
INSERT INTO booking VALUES (1, 174, '2020-05-16', '2020-05-18', 1174, 174, '1V2-075');
INSERT INTO availability VALUES (175, '2020-05-17', '2020-05-20', '1V2-076', NULL);
INSERT INTO booking VALUES (1, 175, '2020-05-17', '2020-05-17', 1175, 175, '1V2-076');
INSERT INTO availability VALUES (176, '2020-05-18', '2020-05-21', '1V2-077', NULL);
INSERT INTO booking VALUES (1, 176, '2020-05-18', '2020-05-20', 1176, 176, '1V2-077');
INSERT INTO availability VALUES (177, '2020-05-19', '2020-05-22', '1V2-078', NULL);
INSERT INTO booking VALUES (1, 177, '2020-05-19', '2020-05-19', 1177, 177, '1V2-078');
INSERT INTO availability VALUES (178, '2020-05-20', '2020-05-23', '1V2-079', NULL);
INSERT INTO booking VALUES (1, 178, '2020-05-20', '2020-05-22', 1178, 178, '1V2-079');
INSERT INTO availability VALUES (179, '2020-05-21', '2020-05-24', '1V2-080', NULL);
INSERT INTO booking VALUES (1, 179, '2020-05-21', '2020-05-21', 1179, 179, '1V2-080');
INSERT INTO availability VALUES (180, '2020-03-23', '2020-03-26', '1V2-081', NULL);
INSERT INTO booking VALUES (1, 180, '2020-03-23', '2020-03-25', 1180, 180, '1V2-081');
INSERT INTO availability VALUES (181, '2020-03-24', '2020-03-27', '1V2-082', NULL);
INSERT INTO booking VALUES (1, 181, '2020-03-24', '2020-03-26', 1181, 181, '1V2-082');
INSERT INTO availability VALUES (182, '2020-03-25', '2020-03-28', '1V2-083', NULL);
INSERT INTO booking VALUES (1, 182, '2020-03-25', '2020-03-25', 1182, 182, '1V2-083');
INSERT INTO availability VALUES (183, '2020-03-26', '2020-03-29', '1V2-084', NULL);
INSERT INTO booking VALUES (1, 183, '2020-03-26', '2020-03-26', 1183, 183, '1V2-084');
INSERT INTO availability VALUES (184, '2020-03-27', '2020-03-30', '1V2-085', NULL);
INSERT INTO booking VALUES (1, 184, '2020-03-27', '2020-03-29', 1184, 184, '1V2-085');
INSERT INTO availability VALUES (185, '2020-03-28', '2020-03-31', '1V2-086', NULL);
INSERT INTO booking VALUES (1, 185, '2020-03-28', '2020-03-28', 1185, 185, '1V2-086');
INSERT INTO availability VALUES (186, '2020-03-29', '2020-04-01', '1V2-087', NULL);
INSERT INTO booking VALUES (1, 186, '2020-03-29', '2020-03-29', 1186, 186, '1V2-087');
INSERT INTO availability VALUES (187, '2020-03-30', '2020-04-02', '1V2-088', NULL);
INSERT INTO booking VALUES (1, 187, '2020-03-30', '2020-03-30', 1187, 187, '1V2-088');
INSERT INTO availability VALUES (188, '2020-03-31', '2020-04-03', '1V2-089', 'Its easier to see the mistakes on someone elses paper.');
INSERT INTO booking VALUES (1, 188, '2020-03-31', '2020-03-31', 1188, 188, '1V2-089');
INSERT INTO availability VALUES (189, '2020-04-01', '2020-04-04', '1V2-090', NULL);
INSERT INTO booking VALUES (1, 189, '2020-04-01', '2020-04-02', 1189, 189, '1V2-090');
INSERT INTO availability VALUES (190, '2020-04-02', '2020-04-05', '1V2-091', NULL);
INSERT INTO booking VALUES (1, 190, '2020-04-02', '2020-04-04', 1190, 190, '1V2-091');
INSERT INTO availability VALUES (191, '2020-04-03', '2020-04-06', '1V2-092', NULL);
INSERT INTO booking VALUES (1, 191, '2020-04-03', '2020-04-05', 1191, 191, '1V2-092');
INSERT INTO availability VALUES (192, '2020-04-04', '2020-04-07', '1V2-093', NULL);
INSERT INTO booking VALUES (1, 192, '2020-04-04', '2020-04-05', 1192, 192, '1V2-093');
INSERT INTO availability VALUES (193, '2020-04-05', '2020-04-08', '1V2-094', NULL);
INSERT INTO booking VALUES (1, 193, '2020-04-05', '2020-04-05', 1193, 193, '1V2-094');
INSERT INTO availability VALUES (194, '2020-04-06', '2020-04-09', '1V2-095', NULL);
INSERT INTO booking VALUES (1, 194, '2020-04-06', '2020-04-08', 1194, 194, '1V2-095');
INSERT INTO availability VALUES (195, '2020-04-07', '2020-04-10', '1V2-096', NULL);
INSERT INTO booking VALUES (1, 195, '2020-04-07', '2020-04-08', 1195, 195, '1V2-096');
INSERT INTO availability VALUES (196, '2020-04-08', '2020-04-11', '1V2-097', NULL);
INSERT INTO booking VALUES (1, 196, '2020-04-08', '2020-04-08', 1196, 196, '1V2-097');
INSERT INTO availability VALUES (197, '2020-04-09', '2020-04-12', '1V2-098', 'From error to error one discovers the entire truth.');
INSERT INTO booking VALUES (1, 197, '2020-04-09', '2020-04-11', 1197, 197, '1V2-098');
INSERT INTO availability VALUES (198, '2020-04-10', '2020-04-13', '1V2-099', NULL);
INSERT INTO booking VALUES (1, 198, '2020-04-10', '2020-04-12', 1198, 198, '1V2-099');
INSERT INTO availability VALUES (199, '2020-04-11', '2020-04-14', '1V2-100', 'Trust yourself. You know more than you think you do.');
INSERT INTO booking VALUES (1, 199, '2020-04-11', '2020-04-13', 1199, 199, '1V2-100');
INSERT INTO availability VALUES (200, '2020-04-12', '2020-04-15', '1V3-001', 'What you give is what you get.');
INSERT INTO booking VALUES (1, 200, '2020-04-12', '2020-04-13', 1200, 200, '1V3-001');
INSERT INTO availability VALUES (201, '2020-04-13', '2020-04-16', '1V3-002', NULL);
INSERT INTO booking VALUES (1, 201, '2020-04-13', '2020-04-13', 1201, 201, '1V3-002');
INSERT INTO availability VALUES (202, '2020-04-14', '2020-04-17', '1V3-003', NULL);
INSERT INTO booking VALUES (1, 202, '2020-04-14', '2020-04-16', 1202, 202, '1V3-003');
INSERT INTO availability VALUES (203, '2020-04-15', '2020-04-18', '1V3-004', NULL);
INSERT INTO booking VALUES (1, 203, '2020-04-15', '2020-04-16', 1203, 203, '1V3-004');
INSERT INTO availability VALUES (204, '2020-04-16', '2020-04-19', '1V3-005', NULL);
INSERT INTO booking VALUES (1, 204, '2020-04-16', '2020-04-16', 1204, 204, '1V3-005');
INSERT INTO availability VALUES (205, '2020-04-17', '2020-04-20', '1V3-006', NULL);
INSERT INTO booking VALUES (1, 205, '2020-04-17', '2020-04-17', 1205, 205, '1V3-006');
INSERT INTO availability VALUES (206, '2020-04-18', '2020-04-21', '1V3-007', NULL);
INSERT INTO booking VALUES (1, 206, '2020-04-18', '2020-04-18', 1206, 206, '1V3-007');
INSERT INTO availability VALUES (207, '2020-04-19', '2020-04-22', '1V3-008', NULL);
INSERT INTO booking VALUES (1, 207, '2020-04-19', '2020-04-19', 1207, 207, '1V3-008');
INSERT INTO availability VALUES (208, '2020-04-20', '2020-04-23', '1V3-009', 'Having nothing... nothing can he lose.');
INSERT INTO booking VALUES (1, 208, '2020-04-20', '2020-04-20', 1208, 208, '1V3-009');
INSERT INTO availability VALUES (209, '2020-04-21', '2020-04-24', '1V3-010', NULL);
INSERT INTO booking VALUES (1, 209, '2020-04-21', '2020-04-21', 1209, 209, '1V3-010');
INSERT INTO availability VALUES (210, '2020-04-22', '2020-04-25', '1V3-011', NULL);
INSERT INTO booking VALUES (1, 210, '2020-04-22', '2020-04-23', 1210, 210, '1V3-011');
INSERT INTO availability VALUES (211, '2020-04-23', '2020-04-26', '1V3-012', NULL);
INSERT INTO booking VALUES (1, 211, '2020-04-23', '2020-04-25', 1211, 211, '1V3-012');
INSERT INTO availability VALUES (212, '2020-04-24', '2020-04-27', '1V3-013', NULL);
INSERT INTO booking VALUES (1, 212, '2020-04-24', '2020-04-26', 1212, 212, '1V3-013');
INSERT INTO availability VALUES (213, '2020-04-25', '2020-04-28', '1V3-014', NULL);
INSERT INTO booking VALUES (1, 213, '2020-04-25', '2020-04-27', 1213, 213, '1V3-014');
INSERT INTO availability VALUES (214, '2020-04-26', '2020-04-29', '1V3-015', NULL);
INSERT INTO booking VALUES (1, 214, '2020-04-26', '2020-04-28', 1214, 214, '1V3-015');
INSERT INTO availability VALUES (215, '2020-04-27', '2020-04-30', '1V3-016', NULL);
INSERT INTO booking VALUES (1, 215, '2020-04-27', '2020-04-29', 1215, 215, '1V3-016');
INSERT INTO availability VALUES (216, '2020-04-28', '2020-05-01', '1V3-017', 'Self-complacency is fatal to progress.');
INSERT INTO booking VALUES (1, 216, '2020-04-28', '2020-04-30', 1216, 216, '1V3-017');
INSERT INTO availability VALUES (217, '2020-04-29', '2020-05-02', '1V3-018', 'Everything in life is luck.');
INSERT INTO booking VALUES (1, 217, '2020-04-29', '2020-04-29', 1217, 217, '1V3-018');
INSERT INTO availability VALUES (218, '2020-04-30', '2020-05-03', '1V3-019', NULL);
INSERT INTO booking VALUES (1, 218, '2020-04-30', '2020-05-01', 1218, 218, '1V3-019');
INSERT INTO availability VALUES (219, '2020-05-01', '2020-05-04', '1V3-020', 'Difficulties increase the nearer we get to the goal.');
INSERT INTO booking VALUES (1, 219, '2020-05-01', '2020-05-01', 1219, 219, '1V3-020');
INSERT INTO availability VALUES (220, '2020-05-02', '2020-05-05', '1V3-021', NULL);
INSERT INTO booking VALUES (1, 220, '2020-05-02', '2020-05-02', 1220, 220, '1V3-021');
INSERT INTO availability VALUES (221, '2020-05-03', '2020-05-06', '1V3-022', 'Be the chief but never the lord.');
INSERT INTO booking VALUES (1, 221, '2020-05-03', '2020-05-04', 1221, 221, '1V3-022');
INSERT INTO availability VALUES (222, '2020-05-04', '2020-05-07', '1V3-023', 'Life is change. Growth is optional. Choose wisely.');
INSERT INTO booking VALUES (1, 222, '2020-05-04', '2020-05-06', 1222, 222, '1V3-023');
INSERT INTO availability VALUES (223, '2020-05-05', '2020-05-08', '1V3-024', NULL);
INSERT INTO booking VALUES (1, 223, '2020-05-05', '2020-05-06', 1223, 223, '1V3-024');
INSERT INTO availability VALUES (224, '2020-05-06', '2020-05-09', '1V3-025', NULL);
INSERT INTO booking VALUES (1, 224, '2020-05-06', '2020-05-08', 1224, 224, '1V3-025');
INSERT INTO availability VALUES (225, '2020-05-07', '2020-05-10', '1V3-026', NULL);
INSERT INTO booking VALUES (1, 225, '2020-05-07', '2020-05-09', 1225, 225, '1V3-026');
INSERT INTO availability VALUES (226, '2020-05-08', '2020-05-11', '1V3-027', NULL);
INSERT INTO booking VALUES (1, 226, '2020-05-08', '2020-05-08', 1226, 226, '1V3-027');
INSERT INTO availability VALUES (227, '2020-05-09', '2020-05-12', '1V3-028', 'To lead people walk behind them.');
INSERT INTO booking VALUES (1, 227, '2020-05-09', '2020-05-11', 1227, 227, '1V3-028');
INSERT INTO availability VALUES (228, '2020-05-10', '2020-05-13', '1V3-029', 'What you give is what you get.');
INSERT INTO booking VALUES (1, 228, '2020-05-10', '2020-05-10', 1228, 228, '1V3-029');
INSERT INTO availability VALUES (229, '2020-05-11', '2020-05-14', '1V3-030', 'Peace comes from within. Do not seek it without.');
INSERT INTO booking VALUES (1, 229, '2020-05-11', '2020-05-11', 1229, 229, '1V3-030');
INSERT INTO availability VALUES (230, '2020-05-12', '2020-05-15', '1V3-031', NULL);
INSERT INTO booking VALUES (1, 230, '2020-05-12', '2020-05-13', 1230, 230, '1V3-031');
INSERT INTO availability VALUES (231, '2020-05-13', '2020-05-16', '1V3-032', 'The day is already blessed... find peace within it.');
INSERT INTO booking VALUES (1, 231, '2020-05-13', '2020-05-13', 1231, 231, '1V3-032');
INSERT INTO availability VALUES (232, '2020-05-14', '2020-05-17', '1V3-033', NULL);
INSERT INTO booking VALUES (1, 232, '2020-05-14', '2020-05-15', 1232, 232, '1V3-033');
INSERT INTO availability VALUES (233, '2020-05-15', '2020-05-18', '1V3-034', NULL);
INSERT INTO booking VALUES (1, 233, '2020-05-15', '2020-05-16', 1233, 233, '1V3-034');
INSERT INTO availability VALUES (234, '2020-05-16', '2020-05-19', '1V3-035', NULL);
INSERT INTO booking VALUES (1, 234, '2020-05-16', '2020-05-16', 1234, 234, '1V3-035');
INSERT INTO availability VALUES (235, '2020-05-17', '2020-05-20', '1V3-036', NULL);
INSERT INTO booking VALUES (1, 235, '2020-05-17', '2020-05-19', 1235, 235, '1V3-036');
INSERT INTO availability VALUES (236, '2020-05-18', '2020-05-21', '1V3-037', NULL);
INSERT INTO booking VALUES (1, 236, '2020-05-18', '2020-05-19', 1236, 236, '1V3-037');
INSERT INTO availability VALUES (237, '2020-05-19', '2020-05-22', '1V3-038', NULL);
INSERT INTO booking VALUES (1, 237, '2020-05-19', '2020-05-19', 1237, 237, '1V3-038');
INSERT INTO availability VALUES (238, '2020-05-20', '2020-05-23', '1V3-039', NULL);
INSERT INTO booking VALUES (1, 238, '2020-05-20', '2020-05-22', 1238, 238, '1V3-039');
INSERT INTO availability VALUES (239, '2020-05-21', '2020-05-24', '1V3-040', NULL);
INSERT INTO booking VALUES (1, 239, '2020-05-21', '2020-05-22', 1239, 239, '1V3-040');
INSERT INTO availability VALUES (240, '2020-03-23', '2020-03-26', '1V3-041', NULL);
INSERT INTO booking VALUES (1, 240, '2020-03-23', '2020-03-25', 1240, 240, '1V3-041');
INSERT INTO availability VALUES (241, '2020-03-24', '2020-03-27', '1V3-042', NULL);
INSERT INTO booking VALUES (1, 241, '2020-03-24', '2020-03-24', 1241, 241, '1V3-042');
INSERT INTO availability VALUES (242, '2020-03-25', '2020-03-28', '1V3-043', NULL);
INSERT INTO booking VALUES (1, 242, '2020-03-25', '2020-03-26', 1242, 242, '1V3-043');
INSERT INTO availability VALUES (243, '2020-03-26', '2020-03-29', '1V3-044', NULL);
INSERT INTO booking VALUES (1, 243, '2020-03-26', '2020-03-27', 1243, 243, '1V3-044');
INSERT INTO availability VALUES (244, '2020-03-27', '2020-03-30', '1V3-045', NULL);
INSERT INTO booking VALUES (1, 244, '2020-03-27', '2020-03-27', 1244, 244, '1V3-045');
INSERT INTO availability VALUES (245, '2020-03-28', '2020-03-31', '1V3-046', NULL);
INSERT INTO booking VALUES (1, 245, '2020-03-28', '2020-03-30', 1245, 245, '1V3-046');
INSERT INTO availability VALUES (246, '2020-03-29', '2020-04-01', '1V3-047', NULL);
INSERT INTO booking VALUES (1, 246, '2020-03-29', '2020-03-30', 1246, 246, '1V3-047');
INSERT INTO availability VALUES (247, '2020-03-30', '2020-04-02', '1V3-048', NULL);
INSERT INTO booking VALUES (1, 247, '2020-03-30', '2020-03-31', 1247, 247, '1V3-048');
INSERT INTO availability VALUES (248, '2020-03-31', '2020-04-03', '1V3-049', NULL);
INSERT INTO booking VALUES (1, 248, '2020-03-31', '2020-04-02', 1248, 248, '1V3-049');
INSERT INTO availability VALUES (249, '2020-04-01', '2020-04-04', '1V3-050', 'A rolling stone gathers no moss.');
INSERT INTO booking VALUES (1, 249, '2020-04-01', '2020-04-01', 1249, 249, '1V3-050');
INSERT INTO availability VALUES (250, '2020-04-02', '2020-04-05', '1V3-051', NULL);
INSERT INTO booking VALUES (1, 250, '2020-04-02', '2020-04-02', 1250, 250, '1V3-051');
INSERT INTO availability VALUES (251, '2020-04-03', '2020-04-06', '1V3-052', NULL);
INSERT INTO booking VALUES (1, 251, '2020-04-03', '2020-04-03', 1251, 251, '1V3-052');
INSERT INTO availability VALUES (252, '2020-04-04', '2020-04-07', '1V3-053', NULL);
INSERT INTO booking VALUES (1, 252, '2020-04-04', '2020-04-04', 1252, 252, '1V3-053');
INSERT INTO availability VALUES (253, '2020-04-05', '2020-04-08', '1V3-054', NULL);
INSERT INTO booking VALUES (1, 253, '2020-04-05', '2020-04-06', 1253, 253, '1V3-054');
INSERT INTO availability VALUES (254, '2020-04-06', '2020-04-09', '1V3-055', NULL);
INSERT INTO booking VALUES (1, 254, '2020-04-06', '2020-04-07', 1254, 254, '1V3-055');
INSERT INTO availability VALUES (255, '2020-04-07', '2020-04-10', '1V3-056', NULL);
INSERT INTO booking VALUES (1, 255, '2020-04-07', '2020-04-09', 1255, 255, '1V3-056');
INSERT INTO availability VALUES (256, '2020-04-08', '2020-04-11', '1V3-057', NULL);
INSERT INTO booking VALUES (1, 256, '2020-04-08', '2020-04-09', 1256, 256, '1V3-057');
INSERT INTO availability VALUES (257, '2020-04-09', '2020-04-12', '1V3-058', 'Self-complacency is fatal to progress.');
INSERT INTO booking VALUES (1, 257, '2020-04-09', '2020-04-11', 1257, 257, '1V3-058');
INSERT INTO availability VALUES (258, '2020-04-10', '2020-04-13', '1V3-059', 'Genius is one percent inspiration and ninety-nine percent perspiration.');
INSERT INTO booking VALUES (1, 258, '2020-04-10', '2020-04-12', 1258, 258, '1V3-059');
INSERT INTO availability VALUES (259, '2020-04-11', '2020-04-14', '1V3-060', 'To lead people walk behind them.');
INSERT INTO booking VALUES (1, 259, '2020-04-11', '2020-04-11', 1259, 259, '1V3-060');
INSERT INTO availability VALUES (260, '2020-04-12', '2020-04-15', '1V3-061', NULL);
INSERT INTO booking VALUES (1, 260, '2020-04-12', '2020-04-13', 1260, 260, '1V3-061');
INSERT INTO availability VALUES (261, '2020-04-13', '2020-04-16', '1V3-062', NULL);
INSERT INTO booking VALUES (1, 261, '2020-04-13', '2020-04-13', 1261, 261, '1V3-062');
INSERT INTO availability VALUES (262, '2020-04-14', '2020-04-17', '1V3-063', NULL);
INSERT INTO booking VALUES (1, 262, '2020-04-14', '2020-04-16', 1262, 262, '1V3-063');
INSERT INTO availability VALUES (263, '2020-04-15', '2020-04-18', '1V3-064', NULL);
INSERT INTO booking VALUES (1, 263, '2020-04-15', '2020-04-16', 1263, 263, '1V3-064');
INSERT INTO availability VALUES (264, '2020-04-16', '2020-04-19', '1V3-065', NULL);
INSERT INTO booking VALUES (1, 264, '2020-04-16', '2020-04-17', 1264, 264, '1V3-065');
INSERT INTO availability VALUES (265, '2020-04-17', '2020-04-20', '1V3-066', NULL);
INSERT INTO booking VALUES (1, 265, '2020-04-17', '2020-04-17', 1265, 265, '1V3-066');
INSERT INTO availability VALUES (266, '2020-04-18', '2020-04-21', '1V3-067', 'Its easier to see the mistakes on someone elses paper.');
INSERT INTO booking VALUES (1, 266, '2020-04-18', '2020-04-19', 1266, 266, '1V3-067');
INSERT INTO availability VALUES (267, '2020-04-19', '2020-04-22', '1V3-068', 'A house divided against itself cannot stand.');
INSERT INTO booking VALUES (1, 267, '2020-04-19', '2020-04-20', 1267, 267, '1V3-068');
INSERT INTO availability VALUES (268, '2020-04-20', '2020-04-23', '1V3-069', NULL);
INSERT INTO booking VALUES (1, 268, '2020-04-20', '2020-04-20', 1268, 268, '1V3-069');
INSERT INTO availability VALUES (269, '2020-04-21', '2020-04-24', '1V3-070', 'From error to error one discovers the entire truth.');
INSERT INTO booking VALUES (1, 269, '2020-04-21', '2020-04-22', 1269, 269, '1V3-070');
INSERT INTO availability VALUES (270, '2020-04-22', '2020-04-25', '1V3-071', 'Peace comes from within. Do not seek it without.');
INSERT INTO booking VALUES (1, 270, '2020-04-22', '2020-04-23', 1270, 270, '1V3-071');
INSERT INTO availability VALUES (271, '2020-04-23', '2020-04-26', '1V3-072', NULL);
INSERT INTO booking VALUES (1, 271, '2020-04-23', '2020-04-23', 1271, 271, '1V3-072');
INSERT INTO availability VALUES (272, '2020-04-24', '2020-04-27', '1V3-073', NULL);
INSERT INTO booking VALUES (1, 272, '2020-04-24', '2020-04-26', 1272, 272, '1V3-073');
INSERT INTO availability VALUES (273, '2020-04-25', '2020-04-28', '1V3-074', 'Trouble is only opportunity in work clothes.');
INSERT INTO booking VALUES (1, 273, '2020-04-25', '2020-04-26', 1273, 273, '1V3-074');
INSERT INTO availability VALUES (274, '2020-04-26', '2020-04-29', '1V3-075', NULL);
INSERT INTO booking VALUES (1, 274, '2020-04-26', '2020-04-28', 1274, 274, '1V3-075');
INSERT INTO availability VALUES (275, '2020-04-27', '2020-04-30', '1V3-076', NULL);
INSERT INTO booking VALUES (1, 275, '2020-04-27', '2020-04-29', 1275, 275, '1V3-076');
INSERT INTO availability VALUES (276, '2020-04-28', '2020-05-01', '1V3-077', NULL);
INSERT INTO booking VALUES (1, 276, '2020-04-28', '2020-04-28', 1276, 276, '1V3-077');
INSERT INTO availability VALUES (277, '2020-04-29', '2020-05-02', '1V3-078', NULL);
INSERT INTO booking VALUES (1, 277, '2020-04-29', '2020-05-01', 1277, 277, '1V3-078');
INSERT INTO availability VALUES (278, '2020-04-30', '2020-05-03', '1V3-079', NULL);
INSERT INTO booking VALUES (1, 278, '2020-04-30', '2020-05-02', 1278, 278, '1V3-079');
INSERT INTO availability VALUES (279, '2020-05-01', '2020-05-04', '1V3-080', NULL);
INSERT INTO booking VALUES (1, 279, '2020-05-01', '2020-05-01', 1279, 279, '1V3-080');
INSERT INTO availability VALUES (280, '2020-05-02', '2020-05-05', '1V3-081', 'Peace comes from within. Do not seek it without.');
INSERT INTO booking VALUES (1, 280, '2020-05-02', '2020-05-03', 1280, 280, '1V3-081');
INSERT INTO availability VALUES (281, '2020-05-03', '2020-05-06', '1V3-082', NULL);
INSERT INTO booking VALUES (1, 281, '2020-05-03', '2020-05-05', 1281, 281, '1V3-082');
INSERT INTO availability VALUES (282, '2020-05-04', '2020-05-07', '1V3-083', NULL);
INSERT INTO booking VALUES (1, 282, '2020-05-04', '2020-05-04', 1282, 282, '1V3-083');
INSERT INTO availability VALUES (283, '2020-05-05', '2020-05-08', '1V3-084', NULL);
INSERT INTO booking VALUES (1, 283, '2020-05-05', '2020-05-06', 1283, 283, '1V3-084');
INSERT INTO availability VALUES (284, '2020-05-06', '2020-05-09', '1V3-085', 'A rolling stone gathers no moss.');
INSERT INTO booking VALUES (1, 284, '2020-05-06', '2020-05-07', 1284, 284, '1V3-085');
INSERT INTO availability VALUES (285, '2020-05-07', '2020-05-10', '1V3-086', NULL);
INSERT INTO booking VALUES (1, 285, '2020-05-07', '2020-05-07', 1285, 285, '1V3-086');
INSERT INTO availability VALUES (286, '2020-05-08', '2020-05-11', '1V3-087', NULL);
INSERT INTO booking VALUES (1, 286, '2020-05-08', '2020-05-09', 1286, 286, '1V3-087');
INSERT INTO availability VALUES (287, '2020-05-09', '2020-05-12', '1V3-088', NULL);
INSERT INTO booking VALUES (1, 287, '2020-05-09', '2020-05-10', 1287, 287, '1V3-088');
INSERT INTO availability VALUES (288, '2020-05-10', '2020-05-13', '1V3-089', NULL);
INSERT INTO booking VALUES (1, 288, '2020-05-10', '2020-05-12', 1288, 288, '1V3-089');
INSERT INTO availability VALUES (289, '2020-05-11', '2020-05-14', '1V3-090', NULL);
INSERT INTO booking VALUES (1, 289, '2020-05-11', '2020-05-12', 1289, 289, '1V3-090');
INSERT INTO availability VALUES (290, '2020-05-12', '2020-05-15', '1V3-091', NULL);
INSERT INTO booking VALUES (1, 290, '2020-05-12', '2020-05-12', 1290, 290, '1V3-091');
INSERT INTO availability VALUES (291, '2020-05-13', '2020-05-16', '1V3-092', NULL);
INSERT INTO booking VALUES (1, 291, '2020-05-13', '2020-05-14', 1291, 291, '1V3-092');
INSERT INTO availability VALUES (292, '2020-05-14', '2020-05-17', '1V3-093', NULL);
INSERT INTO booking VALUES (1, 292, '2020-05-14', '2020-05-14', 1292, 292, '1V3-093');
INSERT INTO availability VALUES (293, '2020-05-15', '2020-05-18', '1V3-094', NULL);
INSERT INTO booking VALUES (1, 293, '2020-05-15', '2020-05-15', 1293, 293, '1V3-094');
INSERT INTO availability VALUES (294, '2020-05-16', '2020-05-19', '1V3-095', NULL);
INSERT INTO booking VALUES (1, 294, '2020-05-16', '2020-05-18', 1294, 294, '1V3-095');
INSERT INTO availability VALUES (295, '2020-05-17', '2020-05-20', '1V3-096', NULL);
INSERT INTO booking VALUES (1, 295, '2020-05-17', '2020-05-19', 1295, 295, '1V3-096');
INSERT INTO availability VALUES (296, '2020-05-18', '2020-05-21', '1V3-097', 'Doing nothing is better than being busy doing nothing.');
INSERT INTO booking VALUES (1, 296, '2020-05-18', '2020-05-20', 1296, 296, '1V3-097');
INSERT INTO availability VALUES (297, '2020-05-19', '2020-05-22', '1V3-098', 'Ideas are the beginning points of all fortunes.');
INSERT INTO booking VALUES (1, 297, '2020-05-19', '2020-05-21', 1297, 297, '1V3-098');
INSERT INTO availability VALUES (298, '2020-05-20', '2020-05-23', '1V3-099', 'Genius is one percent inspiration and ninety-nine percent perspiration.');
INSERT INTO booking VALUES (1, 298, '2020-05-20', '2020-05-20', 1298, 298, '1V3-099');
INSERT INTO availability VALUES (299, '2020-05-21', '2020-05-24', '1V3-100', NULL);
INSERT INTO booking VALUES (1, 299, '2020-05-21', '2020-05-22', 1299, 299, '1V3-100');
INSERT INTO availability VALUES (300, '2020-03-23', '2020-03-26', '1V4-001', NULL);
INSERT INTO booking VALUES (1, 300, '2020-03-23', '2020-03-25', 1300, 300, '1V4-001');
INSERT INTO availability VALUES (301, '2020-03-24', '2020-03-27', '1V4-002', 'Self-complacency is fatal to progress.');
INSERT INTO booking VALUES (1, 301, '2020-03-24', '2020-03-25', 1301, 301, '1V4-002');
INSERT INTO availability VALUES (302, '2020-03-25', '2020-03-28', '1V4-003', NULL);
INSERT INTO booking VALUES (1, 302, '2020-03-25', '2020-03-25', 1302, 302, '1V4-003');
INSERT INTO availability VALUES (303, '2020-03-26', '2020-03-29', '1V4-004', NULL);
INSERT INTO booking VALUES (1, 303, '2020-03-26', '2020-03-27', 1303, 303, '1V4-004');
INSERT INTO availability VALUES (304, '2020-03-27', '2020-03-30', '1V4-005', NULL);
INSERT INTO booking VALUES (1, 304, '2020-03-27', '2020-03-29', 1304, 304, '1V4-005');
INSERT INTO availability VALUES (305, '2020-03-28', '2020-03-31', '1V4-006', NULL);
INSERT INTO booking VALUES (1, 305, '2020-03-28', '2020-03-30', 1305, 305, '1V4-006');
INSERT INTO availability VALUES (306, '2020-03-29', '2020-04-01', '1V4-007', NULL);
INSERT INTO booking VALUES (1, 306, '2020-03-29', '2020-03-31', 1306, 306, '1V4-007');
INSERT INTO availability VALUES (307, '2020-03-30', '2020-04-02', '1V4-008', NULL);
INSERT INTO booking VALUES (1, 307, '2020-03-30', '2020-03-30', 1307, 307, '1V4-008');
INSERT INTO availability VALUES (308, '2020-03-31', '2020-04-03', '1V4-009', 'What you give is what you get.');
INSERT INTO booking VALUES (1, 308, '2020-03-31', '2020-04-02', 1308, 308, '1V4-009');
INSERT INTO availability VALUES (309, '2020-04-01', '2020-04-04', '1V4-010', NULL);
INSERT INTO booking VALUES (1, 309, '2020-04-01', '2020-04-01', 1309, 309, '1V4-010');
INSERT INTO availability VALUES (310, '2020-04-02', '2020-04-05', '1V4-011', NULL);
INSERT INTO booking VALUES (1, 310, '2020-04-02', '2020-04-03', 1310, 310, '1V4-011');
INSERT INTO availability VALUES (311, '2020-04-03', '2020-04-06', '1V4-012', NULL);
INSERT INTO booking VALUES (1, 311, '2020-04-03', '2020-04-03', 1311, 311, '1V4-012');
INSERT INTO availability VALUES (312, '2020-04-04', '2020-04-07', '1V4-013', NULL);
INSERT INTO booking VALUES (1, 312, '2020-04-04', '2020-04-06', 1312, 312, '1V4-013');
INSERT INTO availability VALUES (313, '2020-04-05', '2020-04-08', '1V4-014', NULL);
INSERT INTO booking VALUES (1, 313, '2020-04-05', '2020-04-07', 1313, 313, '1V4-014');
INSERT INTO availability VALUES (314, '2020-04-06', '2020-04-09', '1V4-015', NULL);
INSERT INTO booking VALUES (1, 314, '2020-04-06', '2020-04-07', 1314, 314, '1V4-015');
INSERT INTO availability VALUES (315, '2020-04-07', '2020-04-10', '1V4-016', 'Well done is better than well said.');
INSERT INTO booking VALUES (1, 315, '2020-04-07', '2020-04-09', 1315, 315, '1V4-016');
INSERT INTO availability VALUES (316, '2020-04-08', '2020-04-11', '1V4-017', 'A house divided against itself cannot stand.');
INSERT INTO booking VALUES (1, 316, '2020-04-08', '2020-04-10', 1316, 316, '1V4-017');
INSERT INTO availability VALUES (317, '2020-04-09', '2020-04-12', '1V4-018', 'Youll see it when you believe it.');
INSERT INTO booking VALUES (1, 317, '2020-04-09', '2020-04-11', 1317, 317, '1V4-018');
INSERT INTO availability VALUES (318, '2020-04-10', '2020-04-13', '1V4-019', NULL);
INSERT INTO booking VALUES (1, 318, '2020-04-10', '2020-04-11', 1318, 318, '1V4-019');
INSERT INTO availability VALUES (319, '2020-04-11', '2020-04-14', '1V4-020', NULL);
INSERT INTO booking VALUES (1, 319, '2020-04-11', '2020-04-13', 1319, 319, '1V4-020');
INSERT INTO availability VALUES (320, '2020-04-12', '2020-04-15', '1V4-021', NULL);
INSERT INTO booking VALUES (1, 320, '2020-04-12', '2020-04-12', 1320, 320, '1V4-021');
INSERT INTO availability VALUES (321, '2020-04-13', '2020-04-16', '1V4-022', NULL);
INSERT INTO booking VALUES (1, 321, '2020-04-13', '2020-04-14', 1321, 321, '1V4-022');
INSERT INTO availability VALUES (322, '2020-04-14', '2020-04-17', '1V4-023', NULL);
INSERT INTO booking VALUES (1, 322, '2020-04-14', '2020-04-15', 1322, 322, '1V4-023');
INSERT INTO availability VALUES (323, '2020-04-15', '2020-04-18', '1V4-024', NULL);
INSERT INTO booking VALUES (1, 323, '2020-04-15', '2020-04-17', 1323, 323, '1V4-024');
INSERT INTO availability VALUES (324, '2020-04-16', '2020-04-19', '1V4-025', NULL);
INSERT INTO booking VALUES (1, 324, '2020-04-16', '2020-04-16', 1324, 324, '1V4-025');
INSERT INTO availability VALUES (325, '2020-04-17', '2020-04-20', '1V4-026', NULL);
INSERT INTO booking VALUES (1, 325, '2020-04-17', '2020-04-19', 1325, 325, '1V4-026');
INSERT INTO availability VALUES (326, '2020-04-18', '2020-04-21', '1V4-027', NULL);
INSERT INTO booking VALUES (1, 326, '2020-04-18', '2020-04-19', 1326, 326, '1V4-027');
INSERT INTO availability VALUES (327, '2020-04-19', '2020-04-22', '1V4-028', NULL);
INSERT INTO booking VALUES (1, 327, '2020-04-19', '2020-04-21', 1327, 327, '1V4-028');
INSERT INTO availability VALUES (328, '2020-04-20', '2020-04-23', '1V4-029', NULL);
INSERT INTO booking VALUES (1, 328, '2020-04-20', '2020-04-21', 1328, 328, '1V4-029');
INSERT INTO availability VALUES (329, '2020-04-21', '2020-04-24', '1V4-030', NULL);
INSERT INTO booking VALUES (1, 329, '2020-04-21', '2020-04-21', 1329, 329, '1V4-030');
INSERT INTO availability VALUES (330, '2020-04-22', '2020-04-25', '1V4-031', NULL);
INSERT INTO booking VALUES (1, 330, '2020-04-22', '2020-04-24', 1330, 330, '1V4-031');
INSERT INTO availability VALUES (331, '2020-04-23', '2020-04-26', '1V4-032', NULL);
INSERT INTO booking VALUES (1, 331, '2020-04-23', '2020-04-24', 1331, 331, '1V4-032');
INSERT INTO availability VALUES (332, '2020-04-24', '2020-04-27', '1V4-033', 'Difficulties increase the nearer we get to the goal.');
INSERT INTO booking VALUES (1, 332, '2020-04-24', '2020-04-24', 1332, 332, '1V4-033');
INSERT INTO availability VALUES (333, '2020-04-25', '2020-04-28', '1V4-034', 'Be the chief but never the lord.');
INSERT INTO booking VALUES (1, 333, '2020-04-25', '2020-04-25', 1333, 333, '1V4-034');
INSERT INTO availability VALUES (334, '2020-04-26', '2020-04-29', '1V4-035', NULL);
INSERT INTO booking VALUES (1, 334, '2020-04-26', '2020-04-27', 1334, 334, '1V4-035');
INSERT INTO availability VALUES (335, '2020-04-27', '2020-04-30', '1V4-036', NULL);
INSERT INTO booking VALUES (1, 335, '2020-04-27', '2020-04-29', 1335, 335, '1V4-036');
INSERT INTO availability VALUES (336, '2020-04-28', '2020-05-01', '1V4-037', NULL);
INSERT INTO booking VALUES (1, 336, '2020-04-28', '2020-04-29', 1336, 336, '1V4-037');
INSERT INTO availability VALUES (337, '2020-04-29', '2020-05-02', '1V4-038', NULL);
INSERT INTO booking VALUES (1, 337, '2020-04-29', '2020-04-30', 1337, 337, '1V4-038');
INSERT INTO availability VALUES (338, '2020-04-30', '2020-05-03', '1V4-039', NULL);
INSERT INTO booking VALUES (1, 338, '2020-04-30', '2020-05-02', 1338, 338, '1V4-039');
INSERT INTO availability VALUES (339, '2020-05-01', '2020-05-04', '1V4-040', NULL);
INSERT INTO booking VALUES (1, 339, '2020-05-01', '2020-05-03', 1339, 339, '1V4-040');
INSERT INTO availability VALUES (340, '2020-05-02', '2020-05-05', '1V4-041', NULL);
INSERT INTO booking VALUES (1, 340, '2020-05-02', '2020-05-03', 1340, 340, '1V4-041');
INSERT INTO availability VALUES (341, '2020-05-03', '2020-05-06', '1V4-042', 'A house divided against itself cannot stand.');
INSERT INTO booking VALUES (1, 341, '2020-05-03', '2020-05-04', 1341, 341, '1V4-042');
INSERT INTO availability VALUES (342, '2020-05-04', '2020-05-07', '1V4-043', NULL);
INSERT INTO booking VALUES (1, 342, '2020-05-04', '2020-05-05', 1342, 342, '1V4-043');
INSERT INTO availability VALUES (343, '2020-05-05', '2020-05-08', '1V4-044', NULL);
INSERT INTO booking VALUES (1, 343, '2020-05-05', '2020-05-05', 1343, 343, '1V4-044');
INSERT INTO availability VALUES (344, '2020-05-06', '2020-05-09', '1V4-045', NULL);
INSERT INTO booking VALUES (1, 344, '2020-05-06', '2020-05-07', 1344, 344, '1V4-045');
INSERT INTO availability VALUES (345, '2020-05-07', '2020-05-10', '1V4-046', NULL);
INSERT INTO booking VALUES (1, 345, '2020-05-07', '2020-05-09', 1345, 345, '1V4-046');
INSERT INTO availability VALUES (346, '2020-05-08', '2020-05-11', '1V4-047', 'Trust yourself. You know more than you think you do.');
INSERT INTO booking VALUES (1, 346, '2020-05-08', '2020-05-08', 1346, 346, '1V4-047');
INSERT INTO availability VALUES (347, '2020-05-09', '2020-05-12', '1V4-048', 'Genius is one percent inspiration and ninety-nine percent perspiration.');
INSERT INTO booking VALUES (1, 347, '2020-05-09', '2020-05-10', 1347, 347, '1V4-048');
INSERT INTO availability VALUES (348, '2020-05-10', '2020-05-13', '1V4-049', NULL);
INSERT INTO booking VALUES (1, 348, '2020-05-10', '2020-05-12', 1348, 348, '1V4-049');
INSERT INTO availability VALUES (349, '2020-05-11', '2020-05-14', '1V4-050', NULL);
INSERT INTO booking VALUES (1, 349, '2020-05-11', '2020-05-13', 1349, 349, '1V4-050');
INSERT INTO availability VALUES (350, '2020-05-12', '2020-05-15', '1V4-051', NULL);
INSERT INTO booking VALUES (1, 350, '2020-05-12', '2020-05-14', 1350, 350, '1V4-051');
INSERT INTO availability VALUES (351, '2020-05-13', '2020-05-16', '1V4-052', NULL);
INSERT INTO booking VALUES (1, 351, '2020-05-13', '2020-05-15', 1351, 351, '1V4-052');
INSERT INTO availability VALUES (352, '2020-05-14', '2020-05-17', '1V4-053', NULL);
INSERT INTO booking VALUES (1, 352, '2020-05-14', '2020-05-14', 1352, 352, '1V4-053');
INSERT INTO availability VALUES (353, '2020-05-15', '2020-05-18', '1V4-054', NULL);
INSERT INTO booking VALUES (1, 353, '2020-05-15', '2020-05-15', 1353, 353, '1V4-054');
INSERT INTO availability VALUES (354, '2020-05-16', '2020-05-19', '1V4-055', NULL);
INSERT INTO booking VALUES (1, 354, '2020-05-16', '2020-05-16', 1354, 354, '1V4-055');
INSERT INTO availability VALUES (355, '2020-05-17', '2020-05-20', '1V4-056', NULL);
INSERT INTO booking VALUES (1, 355, '2020-05-17', '2020-05-17', 1355, 355, '1V4-056');
INSERT INTO availability VALUES (356, '2020-05-18', '2020-05-21', '1V4-057', NULL);
INSERT INTO booking VALUES (1, 356, '2020-05-18', '2020-05-18', 1356, 356, '1V4-057');
INSERT INTO availability VALUES (357, '2020-05-19', '2020-05-22', '1V4-058', NULL);
INSERT INTO booking VALUES (1, 357, '2020-05-19', '2020-05-20', 1357, 357, '1V4-058');
INSERT INTO availability VALUES (358, '2020-05-20', '2020-05-23', '1V4-059', NULL);
INSERT INTO booking VALUES (1, 358, '2020-05-20', '2020-05-21', 1358, 358, '1V4-059');
INSERT INTO availability VALUES (359, '2020-05-21', '2020-05-24', '1V4-060', NULL);
INSERT INTO booking VALUES (1, 359, '2020-05-21', '2020-05-22', 1359, 359, '1V4-060');
INSERT INTO availability VALUES (360, '2020-03-23', '2020-03-26', '1V4-061', NULL);
INSERT INTO booking VALUES (1, 360, '2020-03-23', '2020-03-24', 1360, 360, '1V4-061');
INSERT INTO availability VALUES (361, '2020-03-24', '2020-03-27', '1V4-062', NULL);
INSERT INTO booking VALUES (1, 361, '2020-03-24', '2020-03-26', 1361, 361, '1V4-062');
INSERT INTO availability VALUES (362, '2020-03-25', '2020-03-28', '1V4-063', NULL);
INSERT INTO booking VALUES (1, 362, '2020-03-25', '2020-03-25', 1362, 362, '1V4-063');
INSERT INTO availability VALUES (363, '2020-03-26', '2020-03-29', '1V4-064', NULL);
INSERT INTO booking VALUES (1, 363, '2020-03-26', '2020-03-26', 1363, 363, '1V4-064');
INSERT INTO availability VALUES (364, '2020-03-27', '2020-03-30', '1V4-065', NULL);
INSERT INTO booking VALUES (1, 364, '2020-03-27', '2020-03-27', 1364, 364, '1V4-065');
INSERT INTO availability VALUES (365, '2020-03-28', '2020-03-31', '1V4-066', NULL);
INSERT INTO booking VALUES (1, 365, '2020-03-28', '2020-03-29', 1365, 365, '1V4-066');
INSERT INTO availability VALUES (366, '2020-03-29', '2020-04-01', '1V4-067', NULL);
INSERT INTO booking VALUES (1, 366, '2020-03-29', '2020-03-29', 1366, 366, '1V4-067');
INSERT INTO availability VALUES (367, '2020-03-30', '2020-04-02', '1V4-068', NULL);
INSERT INTO booking VALUES (1, 367, '2020-03-30', '2020-03-30', 1367, 367, '1V4-068');
INSERT INTO availability VALUES (368, '2020-03-31', '2020-04-03', '1V4-069', NULL);
INSERT INTO booking VALUES (1, 368, '2020-03-31', '2020-04-02', 1368, 368, '1V4-069');
INSERT INTO availability VALUES (369, '2020-04-01', '2020-04-04', '1V4-070', NULL);
INSERT INTO booking VALUES (1, 369, '2020-04-01', '2020-04-03', 1369, 369, '1V4-070');
INSERT INTO availability VALUES (370, '2020-04-02', '2020-04-05', '1V4-071', NULL);
INSERT INTO booking VALUES (1, 370, '2020-04-02', '2020-04-02', 1370, 370, '1V4-071');
INSERT INTO availability VALUES (371, '2020-04-03', '2020-04-06', '1V4-072', NULL);
INSERT INTO booking VALUES (1, 371, '2020-04-03', '2020-04-03', 1371, 371, '1V4-072');
INSERT INTO availability VALUES (372, '2020-04-04', '2020-04-07', '1V4-073', NULL);
INSERT INTO booking VALUES (1, 372, '2020-04-04', '2020-04-04', 1372, 372, '1V4-073');
INSERT INTO availability VALUES (373, '2020-04-05', '2020-04-08', '1V4-074', NULL);
INSERT INTO booking VALUES (1, 373, '2020-04-05', '2020-04-06', 1373, 373, '1V4-074');
INSERT INTO availability VALUES (374, '2020-04-06', '2020-04-09', '1V4-075', 'Ideas are the beginning points of all fortunes.');
INSERT INTO booking VALUES (1, 374, '2020-04-06', '2020-04-08', 1374, 374, '1V4-075');
INSERT INTO availability VALUES (375, '2020-04-07', '2020-04-10', '1V4-076', NULL);
INSERT INTO booking VALUES (1, 375, '2020-04-07', '2020-04-07', 1375, 375, '1V4-076');
INSERT INTO availability VALUES (376, '2020-04-08', '2020-04-11', '1V4-077', NULL);
INSERT INTO booking VALUES (1, 376, '2020-04-08', '2020-04-08', 1376, 376, '1V4-077');
INSERT INTO availability VALUES (377, '2020-04-09', '2020-04-12', '1V4-078', NULL);
INSERT INTO booking VALUES (1, 377, '2020-04-09', '2020-04-09', 1377, 377, '1V4-078');
INSERT INTO availability VALUES (378, '2020-04-10', '2020-04-13', '1V4-079', NULL);
INSERT INTO booking VALUES (1, 378, '2020-04-10', '2020-04-12', 1378, 378, '1V4-079');
INSERT INTO availability VALUES (379, '2020-04-11', '2020-04-14', '1V4-080', NULL);
INSERT INTO booking VALUES (1, 379, '2020-04-11', '2020-04-13', 1379, 379, '1V4-080');
INSERT INTO availability VALUES (380, '2020-04-12', '2020-04-15', '1V4-081', NULL);
INSERT INTO booking VALUES (1, 380, '2020-04-12', '2020-04-14', 1380, 380, '1V4-081');
INSERT INTO availability VALUES (381, '2020-04-13', '2020-04-16', '1V4-082', 'We can only learn to love by loving.');
INSERT INTO booking VALUES (1, 381, '2020-04-13', '2020-04-13', 1381, 381, '1V4-082');
INSERT INTO availability VALUES (382, '2020-04-14', '2020-04-17', '1V4-083', NULL);
INSERT INTO booking VALUES (1, 382, '2020-04-14', '2020-04-16', 1382, 382, '1V4-083');
INSERT INTO availability VALUES (383, '2020-04-15', '2020-04-18', '1V4-084', NULL);
INSERT INTO booking VALUES (1, 383, '2020-04-15', '2020-04-15', 1383, 383, '1V4-084');
INSERT INTO availability VALUES (384, '2020-04-16', '2020-04-19', '1V4-085', NULL);
INSERT INTO booking VALUES (1, 384, '2020-04-16', '2020-04-16', 1384, 384, '1V4-085');
INSERT INTO availability VALUES (385, '2020-04-17', '2020-04-20', '1V4-086', NULL);
INSERT INTO booking VALUES (1, 385, '2020-04-17', '2020-04-19', 1385, 385, '1V4-086');
INSERT INTO availability VALUES (386, '2020-04-18', '2020-04-21', '1V4-087', NULL);
INSERT INTO booking VALUES (1, 386, '2020-04-18', '2020-04-18', 1386, 386, '1V4-087');
INSERT INTO availability VALUES (387, '2020-04-19', '2020-04-22', '1V4-088', NULL);
INSERT INTO booking VALUES (1, 387, '2020-04-19', '2020-04-19', 1387, 387, '1V4-088');
INSERT INTO availability VALUES (388, '2020-04-20', '2020-04-23', '1V4-089', NULL);
INSERT INTO booking VALUES (1, 388, '2020-04-20', '2020-04-21', 1388, 388, '1V4-089');
INSERT INTO availability VALUES (389, '2020-04-21', '2020-04-24', '1V4-090', 'Ideas are the beginning points of all fortunes.');
INSERT INTO booking VALUES (1, 389, '2020-04-21', '2020-04-23', 1389, 389, '1V4-090');
INSERT INTO availability VALUES (390, '2020-04-22', '2020-04-25', '1V4-091', 'You can observe a lot just by watching.');
INSERT INTO booking VALUES (1, 390, '2020-04-22', '2020-04-22', 1390, 390, '1V4-091');
INSERT INTO availability VALUES (391, '2020-04-23', '2020-04-26', '1V4-092', 'Fate is in your hands and no one elses');
INSERT INTO booking VALUES (1, 391, '2020-04-23', '2020-04-24', 1391, 391, '1V4-092');
INSERT INTO availability VALUES (392, '2020-04-24', '2020-04-27', '1V4-093', NULL);
INSERT INTO booking VALUES (1, 392, '2020-04-24', '2020-04-24', 1392, 392, '1V4-093');
INSERT INTO availability VALUES (393, '2020-04-25', '2020-04-28', '1V4-094', NULL);
INSERT INTO booking VALUES (1, 393, '2020-04-25', '2020-04-26', 1393, 393, '1V4-094');
INSERT INTO availability VALUES (394, '2020-04-26', '2020-04-29', '1V4-095', NULL);
INSERT INTO booking VALUES (1, 394, '2020-04-26', '2020-04-28', 1394, 394, '1V4-095');
INSERT INTO availability VALUES (395, '2020-04-27', '2020-04-30', '1V4-096', NULL);
INSERT INTO booking VALUES (1, 395, '2020-04-27', '2020-04-29', 1395, 395, '1V4-096');
INSERT INTO availability VALUES (396, '2020-04-28', '2020-05-01', '1V4-097', NULL);
INSERT INTO booking VALUES (1, 396, '2020-04-28', '2020-04-30', 1396, 396, '1V4-097');
INSERT INTO availability VALUES (397, '2020-04-29', '2020-05-02', '1V4-098', NULL);
INSERT INTO booking VALUES (1, 397, '2020-04-29', '2020-04-30', 1397, 397, '1V4-098');
INSERT INTO availability VALUES (398, '2020-04-30', '2020-05-03', '1V4-099', 'Youll see it when you believe it.');
INSERT INTO booking VALUES (1, 398, '2020-04-30', '2020-04-30', 1398, 398, '1V4-099');
INSERT INTO availability VALUES (399, '2020-05-01', '2020-05-04', '1V4-100', NULL);
INSERT INTO booking VALUES (1, 399, '2020-05-01', '2020-05-03', 1399, 399, '1V4-100');
INSERT INTO availability VALUES (400, '2020-05-02', '2020-05-05', '1V5-001', NULL);
INSERT INTO booking VALUES (1, 400, '2020-05-02', '2020-05-02', 1400, 400, '1V5-001');
INSERT INTO availability VALUES (401, '2020-05-03', '2020-05-06', '1V5-002', NULL);
INSERT INTO booking VALUES (1, 401, '2020-05-03', '2020-05-04', 1401, 401, '1V5-002');
INSERT INTO availability VALUES (402, '2020-05-04', '2020-05-07', '1V5-003', NULL);
INSERT INTO booking VALUES (1, 402, '2020-05-04', '2020-05-06', 1402, 402, '1V5-003');
INSERT INTO availability VALUES (403, '2020-05-05', '2020-05-08', '1V5-004', 'Study the past... if you would divine the future.');
INSERT INTO booking VALUES (1, 403, '2020-05-05', '2020-05-05', 1403, 403, '1V5-004');
INSERT INTO availability VALUES (404, '2020-05-06', '2020-05-09', '1V5-005', NULL);
INSERT INTO booking VALUES (1, 404, '2020-05-06', '2020-05-06', 1404, 404, '1V5-005');
INSERT INTO availability VALUES (405, '2020-05-07', '2020-05-10', '1V5-006', NULL);
INSERT INTO booking VALUES (1, 405, '2020-05-07', '2020-05-09', 1405, 405, '1V5-006');
INSERT INTO availability VALUES (406, '2020-05-08', '2020-05-11', '1V5-007', NULL);
INSERT INTO booking VALUES (1, 406, '2020-05-08', '2020-05-09', 1406, 406, '1V5-007');
INSERT INTO availability VALUES (407, '2020-05-09', '2020-05-12', '1V5-008', NULL);
INSERT INTO booking VALUES (1, 407, '2020-05-09', '2020-05-11', 1407, 407, '1V5-008');
INSERT INTO availability VALUES (408, '2020-05-10', '2020-05-13', '1V5-009', NULL);
INSERT INTO booking VALUES (1, 408, '2020-05-10', '2020-05-12', 1408, 408, '1V5-009');
INSERT INTO availability VALUES (409, '2020-05-11', '2020-05-14', '1V5-010', NULL);
INSERT INTO booking VALUES (1, 409, '2020-05-11', '2020-05-12', 1409, 409, '1V5-010');
INSERT INTO availability VALUES (410, '2020-05-12', '2020-05-15', '1V5-011', 'What you give is what you get.');
INSERT INTO booking VALUES (1, 410, '2020-05-12', '2020-05-12', 1410, 410, '1V5-011');
INSERT INTO availability VALUES (411, '2020-05-13', '2020-05-16', '1V5-012', 'Trouble is only opportunity in work clothes.');
INSERT INTO booking VALUES (1, 411, '2020-05-13', '2020-05-15', 1411, 411, '1V5-012');
INSERT INTO availability VALUES (412, '2020-05-14', '2020-05-17', '1V5-013', NULL);
INSERT INTO booking VALUES (1, 412, '2020-05-14', '2020-05-16', 1412, 412, '1V5-013');
INSERT INTO availability VALUES (413, '2020-05-15', '2020-05-18', '1V5-014', 'Well done is better than well said.');
INSERT INTO booking VALUES (1, 413, '2020-05-15', '2020-05-15', 1413, 413, '1V5-014');
INSERT INTO availability VALUES (414, '2020-05-16', '2020-05-19', '1V5-015', 'Fate is in your hands and no one elses');
INSERT INTO booking VALUES (1, 414, '2020-05-16', '2020-05-16', 1414, 414, '1V5-015');
INSERT INTO availability VALUES (415, '2020-05-17', '2020-05-20', '1V5-016', NULL);
INSERT INTO booking VALUES (1, 415, '2020-05-17', '2020-05-18', 1415, 415, '1V5-016');
INSERT INTO availability VALUES (416, '2020-05-18', '2020-05-21', '1V5-017', NULL);
INSERT INTO booking VALUES (1, 416, '2020-05-18', '2020-05-20', 1416, 416, '1V5-017');
INSERT INTO availability VALUES (417, '2020-05-19', '2020-05-22', '1V5-018', NULL);
INSERT INTO booking VALUES (1, 417, '2020-05-19', '2020-05-20', 1417, 417, '1V5-018');
INSERT INTO availability VALUES (418, '2020-05-20', '2020-05-23', '1V5-019', 'Doing nothing is better than being busy doing nothing.');
INSERT INTO booking VALUES (1, 418, '2020-05-20', '2020-05-21', 1418, 418, '1V5-019');
INSERT INTO availability VALUES (419, '2020-05-21', '2020-05-24', '1V5-020', NULL);
INSERT INTO booking VALUES (1, 419, '2020-05-21', '2020-05-22', 1419, 419, '1V5-020');
INSERT INTO availability VALUES (420, '2020-03-23', '2020-03-26', '1V5-021', NULL);
INSERT INTO booking VALUES (1, 420, '2020-03-23', '2020-03-23', 1420, 420, '1V5-021');
INSERT INTO availability VALUES (421, '2020-03-24', '2020-03-27', '1V5-022', NULL);
INSERT INTO booking VALUES (1, 421, '2020-03-24', '2020-03-26', 1421, 421, '1V5-022');
INSERT INTO availability VALUES (422, '2020-03-25', '2020-03-28', '1V5-023', NULL);
INSERT INTO booking VALUES (1, 422, '2020-03-25', '2020-03-26', 1422, 422, '1V5-023');
INSERT INTO availability VALUES (423, '2020-03-26', '2020-03-29', '1V5-024', NULL);
INSERT INTO booking VALUES (1, 423, '2020-03-26', '2020-03-27', 1423, 423, '1V5-024');
INSERT INTO availability VALUES (424, '2020-03-27', '2020-03-30', '1V5-025', NULL);
INSERT INTO booking VALUES (1, 424, '2020-03-27', '2020-03-28', 1424, 424, '1V5-025');
INSERT INTO availability VALUES (425, '2020-03-28', '2020-03-31', '1V5-026', NULL);
INSERT INTO booking VALUES (1, 425, '2020-03-28', '2020-03-29', 1425, 425, '1V5-026');
INSERT INTO availability VALUES (426, '2020-03-29', '2020-04-01', '1V5-027', NULL);
INSERT INTO booking VALUES (1, 426, '2020-03-29', '2020-03-30', 1426, 426, '1V5-027');
INSERT INTO availability VALUES (427, '2020-03-30', '2020-04-02', '1V5-028', NULL);
INSERT INTO booking VALUES (1, 427, '2020-03-30', '2020-03-30', 1427, 427, '1V5-028');
INSERT INTO availability VALUES (428, '2020-03-31', '2020-04-03', '1V5-029', NULL);
INSERT INTO booking VALUES (1, 428, '2020-03-31', '2020-04-02', 1428, 428, '1V5-029');
INSERT INTO availability VALUES (429, '2020-04-01', '2020-04-04', '1V5-030', NULL);
INSERT INTO booking VALUES (1, 429, '2020-04-01', '2020-04-03', 1429, 429, '1V5-030');
INSERT INTO availability VALUES (430, '2020-04-02', '2020-04-05', '1V5-031', 'Ideas are the beginning points of all fortunes.');
INSERT INTO booking VALUES (1, 430, '2020-04-02', '2020-04-02', 1430, 430, '1V5-031');
INSERT INTO availability VALUES (431, '2020-04-03', '2020-04-06', '1V5-032', NULL);
INSERT INTO booking VALUES (1, 431, '2020-04-03', '2020-04-05', 1431, 431, '1V5-032');
INSERT INTO availability VALUES (432, '2020-04-04', '2020-04-07', '1V5-033', NULL);
INSERT INTO booking VALUES (1, 432, '2020-04-04', '2020-04-06', 1432, 432, '1V5-033');
INSERT INTO availability VALUES (433, '2020-04-05', '2020-04-08', '1V5-034', NULL);
INSERT INTO booking VALUES (1, 433, '2020-04-05', '2020-04-05', 1433, 433, '1V5-034');
INSERT INTO availability VALUES (434, '2020-04-06', '2020-04-09', '1V5-035', NULL);
INSERT INTO booking VALUES (1, 434, '2020-04-06', '2020-04-06', 1434, 434, '1V5-035');
INSERT INTO availability VALUES (435, '2020-04-07', '2020-04-10', '1V5-036', 'Genius is one percent inspiration and ninety-nine percent perspiration.');
INSERT INTO booking VALUES (1, 435, '2020-04-07', '2020-04-08', 1435, 435, '1V5-036');
INSERT INTO availability VALUES (436, '2020-04-08', '2020-04-11', '1V5-037', NULL);
INSERT INTO booking VALUES (1, 436, '2020-04-08', '2020-04-09', 1436, 436, '1V5-037');
INSERT INTO availability VALUES (437, '2020-04-09', '2020-04-12', '1V5-038', NULL);
INSERT INTO booking VALUES (1, 437, '2020-04-09', '2020-04-09', 1437, 437, '1V5-038');
INSERT INTO availability VALUES (438, '2020-04-10', '2020-04-13', '1V5-039', NULL);
INSERT INTO booking VALUES (1, 438, '2020-04-10', '2020-04-10', 1438, 438, '1V5-039');
INSERT INTO availability VALUES (439, '2020-04-11', '2020-04-14', '1V5-040', NULL);
INSERT INTO booking VALUES (1, 439, '2020-04-11', '2020-04-11', 1439, 439, '1V5-040');
INSERT INTO availability VALUES (440, '2020-04-12', '2020-04-15', '1V5-041', NULL);
INSERT INTO booking VALUES (1, 440, '2020-04-12', '2020-04-14', 1440, 440, '1V5-041');
INSERT INTO availability VALUES (441, '2020-04-13', '2020-04-16', '1V5-042', NULL);
INSERT INTO booking VALUES (1, 441, '2020-04-13', '2020-04-13', 1441, 441, '1V5-042');
INSERT INTO availability VALUES (442, '2020-04-14', '2020-04-17', '1V5-043', NULL);
INSERT INTO booking VALUES (1, 442, '2020-04-14', '2020-04-14', 1442, 442, '1V5-043');
INSERT INTO availability VALUES (443, '2020-04-15', '2020-04-18', '1V5-044', NULL);
INSERT INTO booking VALUES (1, 443, '2020-04-15', '2020-04-17', 1443, 443, '1V5-044');
INSERT INTO availability VALUES (444, '2020-04-16', '2020-04-19', '1V5-045', 'Nothing happens unless first we dream.');
INSERT INTO booking VALUES (1, 444, '2020-04-16', '2020-04-16', 1444, 444, '1V5-045');
INSERT INTO availability VALUES (445, '2020-04-17', '2020-04-20', '1V5-046', NULL);
INSERT INTO booking VALUES (1, 445, '2020-04-17', '2020-04-17', 1445, 445, '1V5-046');
INSERT INTO availability VALUES (446, '2020-04-18', '2020-04-21', '1V5-047', NULL);
INSERT INTO booking VALUES (1, 446, '2020-04-18', '2020-04-19', 1446, 446, '1V5-047');
INSERT INTO availability VALUES (447, '2020-04-19', '2020-04-22', '1V5-048', NULL);
INSERT INTO booking VALUES (1, 447, '2020-04-19', '2020-04-20', 1447, 447, '1V5-048');
INSERT INTO availability VALUES (448, '2020-04-20', '2020-04-23', '1V5-049', 'Genius is one percent inspiration and ninety-nine percent perspiration.');
INSERT INTO booking VALUES (1, 448, '2020-04-20', '2020-04-20', 1448, 448, '1V5-049');
INSERT INTO availability VALUES (449, '2020-04-21', '2020-04-24', '1V5-050', 'We can only learn to love by loving.');
INSERT INTO booking VALUES (1, 449, '2020-04-21', '2020-04-22', 1449, 449, '1V5-050');
INSERT INTO availability VALUES (450, '2020-04-22', '2020-04-25', '1V5-051', 'Genius is one percent inspiration and ninety-nine percent perspiration.');
INSERT INTO booking VALUES (1, 450, '2020-04-22', '2020-04-23', 1450, 450, '1V5-051');
INSERT INTO availability VALUES (451, '2020-04-23', '2020-04-26', '1V5-052', 'A house divided against itself cannot stand.');
INSERT INTO booking VALUES (1, 451, '2020-04-23', '2020-04-24', 1451, 451, '1V5-052');
INSERT INTO availability VALUES (452, '2020-04-24', '2020-04-27', '1V5-053', 'Youll see it when you believe it.');
INSERT INTO booking VALUES (1, 452, '2020-04-24', '2020-04-25', 1452, 452, '1V5-053');
INSERT INTO availability VALUES (453, '2020-04-25', '2020-04-28', '1V5-054', NULL);
INSERT INTO booking VALUES (1, 453, '2020-04-25', '2020-04-27', 1453, 453, '1V5-054');
INSERT INTO availability VALUES (454, '2020-04-26', '2020-04-29', '1V5-055', NULL);
INSERT INTO booking VALUES (1, 454, '2020-04-26', '2020-04-26', 1454, 454, '1V5-055');
INSERT INTO availability VALUES (455, '2020-04-27', '2020-04-30', '1V5-056', NULL);
INSERT INTO booking VALUES (1, 455, '2020-04-27', '2020-04-29', 1455, 455, '1V5-056');
INSERT INTO availability VALUES (456, '2020-04-28', '2020-05-01', '1V5-057', NULL);
INSERT INTO booking VALUES (1, 456, '2020-04-28', '2020-04-28', 1456, 456, '1V5-057');
INSERT INTO availability VALUES (457, '2020-04-29', '2020-05-02', '1V5-058', NULL);
INSERT INTO booking VALUES (1, 457, '2020-04-29', '2020-04-30', 1457, 457, '1V5-058');
INSERT INTO availability VALUES (458, '2020-04-30', '2020-05-03', '1V5-059', NULL);
INSERT INTO booking VALUES (1, 458, '2020-04-30', '2020-04-30', 1458, 458, '1V5-059');
INSERT INTO availability VALUES (459, '2020-05-01', '2020-05-04', '1V5-060', NULL);
INSERT INTO booking VALUES (1, 459, '2020-05-01', '2020-05-01', 1459, 459, '1V5-060');
INSERT INTO availability VALUES (460, '2020-05-02', '2020-05-05', '1V5-061', NULL);
INSERT INTO booking VALUES (1, 460, '2020-05-02', '2020-05-04', 1460, 460, '1V5-061');
INSERT INTO availability VALUES (461, '2020-05-03', '2020-05-06', '1V5-062', 'Youll see it when you believe it.');
INSERT INTO booking VALUES (1, 461, '2020-05-03', '2020-05-03', 1461, 461, '1V5-062');
INSERT INTO availability VALUES (462, '2020-05-04', '2020-05-07', '1V5-063', 'Trust yourself. You know more than you think you do.');
INSERT INTO booking VALUES (1, 462, '2020-05-04', '2020-05-04', 1462, 462, '1V5-063');
INSERT INTO availability VALUES (463, '2020-05-05', '2020-05-08', '1V5-064', NULL);
INSERT INTO booking VALUES (1, 463, '2020-05-05', '2020-05-05', 1463, 463, '1V5-064');
INSERT INTO availability VALUES (464, '2020-05-06', '2020-05-09', '1V5-065', NULL);
INSERT INTO booking VALUES (1, 464, '2020-05-06', '2020-05-07', 1464, 464, '1V5-065');
INSERT INTO availability VALUES (465, '2020-05-07', '2020-05-10', '1V5-066', NULL);
INSERT INTO booking VALUES (1, 465, '2020-05-07', '2020-05-07', 1465, 465, '1V5-066');
INSERT INTO availability VALUES (466, '2020-05-08', '2020-05-11', '1V5-067', NULL);
INSERT INTO booking VALUES (1, 466, '2020-05-08', '2020-05-10', 1466, 466, '1V5-067');
INSERT INTO availability VALUES (467, '2020-05-09', '2020-05-12', '1V5-068', 'Everything in life is luck.');
INSERT INTO booking VALUES (1, 467, '2020-05-09', '2020-05-09', 1467, 467, '1V5-068');
INSERT INTO availability VALUES (468, '2020-05-10', '2020-05-13', '1V5-069', NULL);
INSERT INTO booking VALUES (1, 468, '2020-05-10', '2020-05-12', 1468, 468, '1V5-069');
INSERT INTO availability VALUES (469, '2020-05-11', '2020-05-14', '1V5-070', NULL);
INSERT INTO booking VALUES (1, 469, '2020-05-11', '2020-05-13', 1469, 469, '1V5-070');
INSERT INTO availability VALUES (470, '2020-05-12', '2020-05-15', '1V5-071', 'Difficulties increase the nearer we get to the goal.');
INSERT INTO booking VALUES (1, 470, '2020-05-12', '2020-05-13', 1470, 470, '1V5-071');
INSERT INTO availability VALUES (471, '2020-05-13', '2020-05-16', '1V5-072', NULL);
INSERT INTO booking VALUES (1, 471, '2020-05-13', '2020-05-13', 1471, 471, '1V5-072');
INSERT INTO availability VALUES (472, '2020-05-14', '2020-05-17', '1V5-073', NULL);
INSERT INTO booking VALUES (1, 472, '2020-05-14', '2020-05-15', 1472, 472, '1V5-073');
INSERT INTO availability VALUES (473, '2020-05-15', '2020-05-18', '1V5-074', NULL);
INSERT INTO booking VALUES (1, 473, '2020-05-15', '2020-05-17', 1473, 473, '1V5-074');
INSERT INTO availability VALUES (474, '2020-05-16', '2020-05-19', '1V5-075', 'We can only learn to love by loving.');
INSERT INTO booking VALUES (1, 474, '2020-05-16', '2020-05-16', 1474, 474, '1V5-075');
INSERT INTO availability VALUES (475, '2020-05-17', '2020-05-20', '1V5-076', NULL);
INSERT INTO booking VALUES (1, 475, '2020-05-17', '2020-05-17', 1475, 475, '1V5-076');
INSERT INTO availability VALUES (476, '2020-05-18', '2020-05-21', '1V5-077', 'Genius is one percent inspiration and ninety-nine percent perspiration.');
INSERT INTO booking VALUES (1, 476, '2020-05-18', '2020-05-19', 1476, 476, '1V5-077');
INSERT INTO availability VALUES (477, '2020-05-19', '2020-05-22', '1V5-078', 'Today is the tomorrow we worried about yesterday.');
INSERT INTO booking VALUES (1, 477, '2020-05-19', '2020-05-21', 1477, 477, '1V5-078');
INSERT INTO availability VALUES (478, '2020-05-20', '2020-05-23', '1V5-079', NULL);
INSERT INTO booking VALUES (1, 478, '2020-05-20', '2020-05-20', 1478, 478, '1V5-079');
INSERT INTO availability VALUES (479, '2020-05-21', '2020-05-24', '1V5-080', NULL);
INSERT INTO booking VALUES (1, 479, '2020-05-21', '2020-05-23', 1479, 479, '1V5-080');
INSERT INTO availability VALUES (480, '2020-03-23', '2020-03-26', '1V5-081', NULL);
INSERT INTO booking VALUES (1, 480, '2020-03-23', '2020-03-25', 1480, 480, '1V5-081');
INSERT INTO availability VALUES (481, '2020-03-24', '2020-03-27', '1V5-082', NULL);
INSERT INTO booking VALUES (1, 481, '2020-03-24', '2020-03-24', 1481, 481, '1V5-082');
INSERT INTO availability VALUES (482, '2020-03-25', '2020-03-28', '1V5-083', NULL);
INSERT INTO booking VALUES (1, 482, '2020-03-25', '2020-03-27', 1482, 482, '1V5-083');
INSERT INTO availability VALUES (483, '2020-03-26', '2020-03-29', '1V5-084', NULL);
INSERT INTO booking VALUES (1, 483, '2020-03-26', '2020-03-26', 1483, 483, '1V5-084');
INSERT INTO availability VALUES (484, '2020-03-27', '2020-03-30', '1V5-085', NULL);
INSERT INTO booking VALUES (1, 484, '2020-03-27', '2020-03-27', 1484, 484, '1V5-085');
INSERT INTO availability VALUES (485, '2020-03-28', '2020-03-31', '1V5-086', NULL);
INSERT INTO booking VALUES (1, 485, '2020-03-28', '2020-03-28', 1485, 485, '1V5-086');
INSERT INTO availability VALUES (486, '2020-03-29', '2020-04-01', '1V5-087', NULL);
INSERT INTO booking VALUES (1, 486, '2020-03-29', '2020-03-29', 1486, 486, '1V5-087');
INSERT INTO availability VALUES (487, '2020-03-30', '2020-04-02', '1V5-088', NULL);
INSERT INTO booking VALUES (1, 487, '2020-03-30', '2020-03-31', 1487, 487, '1V5-088');
INSERT INTO availability VALUES (488, '2020-03-31', '2020-04-03', '1V5-089', NULL);
INSERT INTO booking VALUES (1, 488, '2020-03-31', '2020-04-02', 1488, 488, '1V5-089');
INSERT INTO availability VALUES (489, '2020-04-01', '2020-04-04', '1V5-090', 'Ideas are the beginning points of all fortunes.');
INSERT INTO booking VALUES (1, 489, '2020-04-01', '2020-04-02', 1489, 489, '1V5-090');
INSERT INTO availability VALUES (490, '2020-04-02', '2020-04-05', '1V5-091', NULL);
INSERT INTO booking VALUES (1, 490, '2020-04-02', '2020-04-02', 1490, 490, '1V5-091');
INSERT INTO availability VALUES (491, '2020-04-03', '2020-04-06', '1V5-092', NULL);
INSERT INTO booking VALUES (1, 491, '2020-04-03', '2020-04-05', 1491, 491, '1V5-092');
INSERT INTO availability VALUES (492, '2020-04-04', '2020-04-07', '1V5-093', NULL);
INSERT INTO booking VALUES (1, 492, '2020-04-04', '2020-04-06', 1492, 492, '1V5-093');
INSERT INTO availability VALUES (493, '2020-04-05', '2020-04-08', '1V5-094', NULL);
INSERT INTO booking VALUES (1, 493, '2020-04-05', '2020-04-07', 1493, 493, '1V5-094');
INSERT INTO availability VALUES (494, '2020-04-06', '2020-04-09', '1V5-095', NULL);
INSERT INTO booking VALUES (1, 494, '2020-04-06', '2020-04-06', 1494, 494, '1V5-095');
INSERT INTO availability VALUES (495, '2020-04-07', '2020-04-10', '1V5-096', NULL);
INSERT INTO booking VALUES (1, 495, '2020-04-07', '2020-04-08', 1495, 495, '1V5-096');
INSERT INTO availability VALUES (496, '2020-04-08', '2020-04-11', '1V5-097', NULL);
INSERT INTO booking VALUES (1, 496, '2020-04-08', '2020-04-09', 1496, 496, '1V5-097');
INSERT INTO availability VALUES (497, '2020-04-09', '2020-04-12', '1V5-098', NULL);
INSERT INTO booking VALUES (1, 497, '2020-04-09', '2020-04-10', 1497, 497, '1V5-098');
INSERT INTO availability VALUES (498, '2020-04-10', '2020-04-13', '1V5-099', 'To lead people walk behind them.');
INSERT INTO booking VALUES (1, 498, '2020-04-10', '2020-04-12', 1498, 498, '1V5-099');
INSERT INTO availability VALUES (499, '2020-04-11', '2020-04-14', '1V5-100', NULL);
INSERT INTO booking VALUES (1, 499, '2020-04-11', '2020-04-11', 1499, 499, '1V5-100');
INSERT INTO availability VALUES (500, '2020-04-12', '2020-04-15', '2V1-001', NULL);
INSERT INTO booking VALUES (1, 500, '2020-04-12', '2020-04-13', 1500, 500, '2V1-001');
INSERT INTO availability VALUES (501, '2020-04-13', '2020-04-16', '2V1-002', NULL);
INSERT INTO booking VALUES (1, 501, '2020-04-13', '2020-04-13', 1501, 501, '2V1-002');
INSERT INTO availability VALUES (502, '2020-04-14', '2020-04-17', '2V1-003', NULL);
INSERT INTO booking VALUES (1, 502, '2020-04-14', '2020-04-16', 1502, 502, '2V1-003');
INSERT INTO availability VALUES (503, '2020-04-15', '2020-04-18', '2V1-004', NULL);
INSERT INTO booking VALUES (1, 503, '2020-04-15', '2020-04-17', 1503, 503, '2V1-004');
INSERT INTO availability VALUES (504, '2020-04-16', '2020-04-19', '2V1-005', NULL);
INSERT INTO booking VALUES (1, 504, '2020-04-16', '2020-04-17', 1504, 504, '2V1-005');
INSERT INTO availability VALUES (505, '2020-04-17', '2020-04-20', '2V1-006', NULL);
INSERT INTO booking VALUES (1, 505, '2020-04-17', '2020-04-17', 1505, 505, '2V1-006');
INSERT INTO availability VALUES (506, '2020-04-18', '2020-04-21', '2V1-007', NULL);
INSERT INTO booking VALUES (1, 506, '2020-04-18', '2020-04-19', 1506, 506, '2V1-007');
INSERT INTO availability VALUES (507, '2020-04-19', '2020-04-22', '2V1-008', NULL);
INSERT INTO booking VALUES (1, 507, '2020-04-19', '2020-04-21', 1507, 507, '2V1-008');
INSERT INTO availability VALUES (508, '2020-04-20', '2020-04-23', '2V1-009', NULL);
INSERT INTO booking VALUES (1, 508, '2020-04-20', '2020-04-22', 1508, 508, '2V1-009');
INSERT INTO availability VALUES (509, '2020-04-21', '2020-04-24', '2V1-010', NULL);
INSERT INTO booking VALUES (1, 509, '2020-04-21', '2020-04-23', 1509, 509, '2V1-010');
INSERT INTO availability VALUES (510, '2020-04-22', '2020-04-25', '2V1-011', NULL);
INSERT INTO booking VALUES (1, 510, '2020-04-22', '2020-04-24', 1510, 510, '2V1-011');
INSERT INTO availability VALUES (511, '2020-04-23', '2020-04-26', '2V1-012', NULL);
INSERT INTO booking VALUES (1, 511, '2020-04-23', '2020-04-24', 1511, 511, '2V1-012');
INSERT INTO availability VALUES (512, '2020-04-24', '2020-04-27', '2V1-013', NULL);
INSERT INTO booking VALUES (1, 512, '2020-04-24', '2020-04-24', 1512, 512, '2V1-013');
INSERT INTO availability VALUES (513, '2020-04-25', '2020-04-28', '2V1-014', NULL);
INSERT INTO booking VALUES (1, 513, '2020-04-25', '2020-04-25', 1513, 513, '2V1-014');
INSERT INTO availability VALUES (514, '2020-04-26', '2020-04-29', '2V1-015', NULL);
INSERT INTO booking VALUES (1, 514, '2020-04-26', '2020-04-27', 1514, 514, '2V1-015');
INSERT INTO availability VALUES (515, '2020-04-27', '2020-04-30', '2V1-016', 'Life is change. Growth is optional. Choose wisely.');
INSERT INTO booking VALUES (1, 515, '2020-04-27', '2020-04-29', 1515, 515, '2V1-016');
INSERT INTO availability VALUES (516, '2020-04-28', '2020-05-01', '2V1-017', 'Be the chief but never the lord.');
INSERT INTO booking VALUES (1, 516, '2020-04-28', '2020-04-30', 1516, 516, '2V1-017');
INSERT INTO availability VALUES (517, '2020-04-29', '2020-05-02', '2V1-018', 'To lead people walk behind them.');
INSERT INTO booking VALUES (1, 517, '2020-04-29', '2020-05-01', 1517, 517, '2V1-018');
INSERT INTO availability VALUES (518, '2020-04-30', '2020-05-03', '2V1-019', 'To lead people walk behind them.');
INSERT INTO booking VALUES (1, 518, '2020-04-30', '2020-04-30', 1518, 518, '2V1-019');
INSERT INTO availability VALUES (519, '2020-05-01', '2020-05-04', '2V1-020', NULL);
INSERT INTO booking VALUES (1, 519, '2020-05-01', '2020-05-01', 1519, 519, '2V1-020');
INSERT INTO availability VALUES (520, '2020-05-02', '2020-05-05', '2V1-021', NULL);
INSERT INTO booking VALUES (1, 520, '2020-05-02', '2020-05-02', 1520, 520, '2V1-021');
INSERT INTO availability VALUES (521, '2020-05-03', '2020-05-06', '2V1-022', NULL);
INSERT INTO booking VALUES (1, 521, '2020-05-03', '2020-05-04', 1521, 521, '2V1-022');
INSERT INTO availability VALUES (522, '2020-05-04', '2020-05-07', '2V1-023', NULL);
INSERT INTO booking VALUES (1, 522, '2020-05-04', '2020-05-06', 1522, 522, '2V1-023');
INSERT INTO availability VALUES (523, '2020-05-05', '2020-05-08', '2V1-024', NULL);
INSERT INTO booking VALUES (1, 523, '2020-05-05', '2020-05-05', 1523, 523, '2V1-024');
INSERT INTO availability VALUES (524, '2020-05-06', '2020-05-09', '2V1-025', NULL);
INSERT INTO booking VALUES (1, 524, '2020-05-06', '2020-05-08', 1524, 524, '2V1-025');
INSERT INTO availability VALUES (525, '2020-05-07', '2020-05-10', '2V1-026', NULL);
INSERT INTO booking VALUES (1, 525, '2020-05-07', '2020-05-08', 1525, 525, '2V1-026');
INSERT INTO availability VALUES (526, '2020-05-08', '2020-05-11', '2V1-027', NULL);
INSERT INTO booking VALUES (1, 526, '2020-05-08', '2020-05-09', 1526, 526, '2V1-027');
INSERT INTO availability VALUES (527, '2020-05-09', '2020-05-12', '2V1-028', NULL);
INSERT INTO booking VALUES (1, 527, '2020-05-09', '2020-05-11', 1527, 527, '2V1-028');
INSERT INTO availability VALUES (528, '2020-05-10', '2020-05-13', '2V1-029', NULL);
INSERT INTO booking VALUES (1, 528, '2020-05-10', '2020-05-11', 1528, 528, '2V1-029');
INSERT INTO availability VALUES (529, '2020-05-11', '2020-05-14', '2V1-030', NULL);
INSERT INTO booking VALUES (1, 529, '2020-05-11', '2020-05-13', 1529, 529, '2V1-030');
INSERT INTO availability VALUES (530, '2020-05-12', '2020-05-15', '2V1-031', NULL);
INSERT INTO booking VALUES (1, 530, '2020-05-12', '2020-05-14', 1530, 530, '2V1-031');
INSERT INTO availability VALUES (531, '2020-05-13', '2020-05-16', '2V1-032', NULL);
INSERT INTO booking VALUES (1, 531, '2020-05-13', '2020-05-13', 1531, 531, '2V1-032');
INSERT INTO availability VALUES (532, '2020-05-14', '2020-05-17', '2V1-033', 'Every man dies. Not every man really lives.');
INSERT INTO booking VALUES (1, 532, '2020-05-14', '2020-05-14', 1532, 532, '2V1-033');
INSERT INTO availability VALUES (533, '2020-05-15', '2020-05-18', '2V1-034', NULL);
INSERT INTO booking VALUES (1, 533, '2020-05-15', '2020-05-16', 1533, 533, '2V1-034');
INSERT INTO availability VALUES (534, '2020-05-16', '2020-05-19', '2V1-035', 'Fate is in your hands and no one elses');
INSERT INTO booking VALUES (1, 534, '2020-05-16', '2020-05-18', 1534, 534, '2V1-035');
INSERT INTO availability VALUES (535, '2020-05-17', '2020-05-20', '2V1-036', NULL);
INSERT INTO booking VALUES (1, 535, '2020-05-17', '2020-05-18', 1535, 535, '2V1-036');
INSERT INTO availability VALUES (536, '2020-05-18', '2020-05-21', '2V1-037', NULL);
INSERT INTO booking VALUES (1, 536, '2020-05-18', '2020-05-18', 1536, 536, '2V1-037');
INSERT INTO availability VALUES (537, '2020-05-19', '2020-05-22', '2V1-038', NULL);
INSERT INTO booking VALUES (1, 537, '2020-05-19', '2020-05-20', 1537, 537, '2V1-038');
INSERT INTO availability VALUES (538, '2020-05-20', '2020-05-23', '2V1-039', NULL);
INSERT INTO booking VALUES (1, 538, '2020-05-20', '2020-05-20', 1538, 538, '2V1-039');
INSERT INTO availability VALUES (539, '2020-05-21', '2020-05-24', '2V1-040', NULL);
INSERT INTO booking VALUES (1, 539, '2020-05-21', '2020-05-22', 1539, 539, '2V1-040');
INSERT INTO availability VALUES (540, '2020-03-23', '2020-03-26', '2V1-041', NULL);
INSERT INTO booking VALUES (1, 540, '2020-03-23', '2020-03-23', 1540, 540, '2V1-041');
INSERT INTO availability VALUES (541, '2020-03-24', '2020-03-27', '2V1-042', NULL);
INSERT INTO booking VALUES (1, 541, '2020-03-24', '2020-03-24', 1541, 541, '2V1-042');
INSERT INTO availability VALUES (542, '2020-03-25', '2020-03-28', '2V1-043', NULL);
INSERT INTO booking VALUES (1, 542, '2020-03-25', '2020-03-25', 1542, 542, '2V1-043');
INSERT INTO availability VALUES (543, '2020-03-26', '2020-03-29', '2V1-044', NULL);
INSERT INTO booking VALUES (1, 543, '2020-03-26', '2020-03-27', 1543, 543, '2V1-044');
INSERT INTO availability VALUES (544, '2020-03-27', '2020-03-30', '2V1-045', 'What you give is what you get.');
INSERT INTO booking VALUES (1, 544, '2020-03-27', '2020-03-29', 1544, 544, '2V1-045');
INSERT INTO availability VALUES (545, '2020-03-28', '2020-03-31', '2V1-046', NULL);
INSERT INTO booking VALUES (1, 545, '2020-03-28', '2020-03-30', 1545, 545, '2V1-046');
INSERT INTO availability VALUES (546, '2020-03-29', '2020-04-01', '2V1-047', 'Life is change. Growth is optional. Choose wisely.');
INSERT INTO booking VALUES (1, 546, '2020-03-29', '2020-03-30', 1546, 546, '2V1-047');
INSERT INTO availability VALUES (547, '2020-03-30', '2020-04-02', '2V1-048', NULL);
INSERT INTO booking VALUES (1, 547, '2020-03-30', '2020-04-01', 1547, 547, '2V1-048');
INSERT INTO availability VALUES (548, '2020-03-31', '2020-04-03', '2V1-049', 'We can only learn to love by loving.');
INSERT INTO booking VALUES (1, 548, '2020-03-31', '2020-04-02', 1548, 548, '2V1-049');
INSERT INTO availability VALUES (549, '2020-04-01', '2020-04-04', '2V1-050', NULL);
INSERT INTO booking VALUES (1, 549, '2020-04-01', '2020-04-01', 1549, 549, '2V1-050');
INSERT INTO availability VALUES (550, '2020-04-02', '2020-04-05', '2V1-051', 'Fate is in your hands and no one elses');
INSERT INTO booking VALUES (1, 550, '2020-04-02', '2020-04-02', 1550, 550, '2V1-051');
INSERT INTO availability VALUES (551, '2020-04-03', '2020-04-06', '2V1-052', NULL);
INSERT INTO booking VALUES (1, 551, '2020-04-03', '2020-04-03', 1551, 551, '2V1-052');
INSERT INTO availability VALUES (552, '2020-04-04', '2020-04-07', '2V1-053', NULL);
INSERT INTO booking VALUES (1, 552, '2020-04-04', '2020-04-06', 1552, 552, '2V1-053');
INSERT INTO availability VALUES (553, '2020-04-05', '2020-04-08', '2V1-054', NULL);
INSERT INTO booking VALUES (1, 553, '2020-04-05', '2020-04-05', 1553, 553, '2V1-054');
INSERT INTO availability VALUES (554, '2020-04-06', '2020-04-09', '2V1-055', NULL);
INSERT INTO booking VALUES (1, 554, '2020-04-06', '2020-04-06', 1554, 554, '2V1-055');
INSERT INTO availability VALUES (555, '2020-04-07', '2020-04-10', '2V1-056', NULL);
INSERT INTO booking VALUES (1, 555, '2020-04-07', '2020-04-08', 1555, 555, '2V1-056');
INSERT INTO availability VALUES (556, '2020-04-08', '2020-04-11', '2V1-057', NULL);
INSERT INTO booking VALUES (1, 556, '2020-04-08', '2020-04-08', 1556, 556, '2V1-057');
INSERT INTO availability VALUES (557, '2020-04-09', '2020-04-12', '2V1-058', NULL);
INSERT INTO booking VALUES (1, 557, '2020-04-09', '2020-04-10', 1557, 557, '2V1-058');
INSERT INTO availability VALUES (558, '2020-04-10', '2020-04-13', '2V1-059', NULL);
INSERT INTO booking VALUES (1, 558, '2020-04-10', '2020-04-10', 1558, 558, '2V1-059');
INSERT INTO availability VALUES (559, '2020-04-11', '2020-04-14', '2V1-060', NULL);
INSERT INTO booking VALUES (1, 559, '2020-04-11', '2020-04-11', 1559, 559, '2V1-060');
INSERT INTO availability VALUES (560, '2020-04-12', '2020-04-15', '2V1-061', NULL);
INSERT INTO booking VALUES (1, 560, '2020-04-12', '2020-04-12', 1560, 560, '2V1-061');
INSERT INTO availability VALUES (561, '2020-04-13', '2020-04-16', '2V1-062', NULL);
INSERT INTO booking VALUES (1, 561, '2020-04-13', '2020-04-13', 1561, 561, '2V1-062');
INSERT INTO availability VALUES (562, '2020-04-14', '2020-04-17', '2V1-063', 'Its easier to see the mistakes on someone elses paper.');
INSERT INTO booking VALUES (1, 562, '2020-04-14', '2020-04-16', 1562, 562, '2V1-063');
INSERT INTO availability VALUES (563, '2020-04-15', '2020-04-18', '2V1-064', NULL);
INSERT INTO booking VALUES (1, 563, '2020-04-15', '2020-04-17', 1563, 563, '2V1-064');
INSERT INTO availability VALUES (564, '2020-04-16', '2020-04-19', '2V1-065', 'Difficulties increase the nearer we get to the goal.');
INSERT INTO booking VALUES (1, 564, '2020-04-16', '2020-04-18', 1564, 564, '2V1-065');
INSERT INTO availability VALUES (565, '2020-04-17', '2020-04-20', '2V1-066', NULL);
INSERT INTO booking VALUES (1, 565, '2020-04-17', '2020-04-19', 1565, 565, '2V1-066');
INSERT INTO availability VALUES (566, '2020-04-18', '2020-04-21', '2V1-067', NULL);
INSERT INTO booking VALUES (1, 566, '2020-04-18', '2020-04-19', 1566, 566, '2V1-067');
INSERT INTO availability VALUES (567, '2020-04-19', '2020-04-22', '2V1-068', NULL);
INSERT INTO booking VALUES (1, 567, '2020-04-19', '2020-04-20', 1567, 567, '2V1-068');
INSERT INTO availability VALUES (568, '2020-04-20', '2020-04-23', '2V1-069', NULL);
INSERT INTO booking VALUES (1, 568, '2020-04-20', '2020-04-21', 1568, 568, '2V1-069');
INSERT INTO availability VALUES (569, '2020-04-21', '2020-04-24', '2V1-070', 'Life is a learning experience... only if you learn.');
INSERT INTO booking VALUES (1, 569, '2020-04-21', '2020-04-22', 1569, 569, '2V1-070');
INSERT INTO availability VALUES (570, '2020-04-22', '2020-04-25', '2V1-071', 'You can observe a lot just by watching.');
INSERT INTO booking VALUES (1, 570, '2020-04-22', '2020-04-22', 1570, 570, '2V1-071');
INSERT INTO availability VALUES (571, '2020-04-23', '2020-04-26', '2V1-072', 'Ideas are the beginning points of all fortunes.');
INSERT INTO booking VALUES (1, 571, '2020-04-23', '2020-04-25', 1571, 571, '2V1-072');
INSERT INTO availability VALUES (572, '2020-04-24', '2020-04-27', '2V1-073', NULL);
INSERT INTO booking VALUES (1, 572, '2020-04-24', '2020-04-24', 1572, 572, '2V1-073');
INSERT INTO availability VALUES (573, '2020-04-25', '2020-04-28', '2V1-074', NULL);
INSERT INTO booking VALUES (1, 573, '2020-04-25', '2020-04-27', 1573, 573, '2V1-074');
INSERT INTO availability VALUES (574, '2020-04-26', '2020-04-29', '2V1-075', NULL);
INSERT INTO booking VALUES (1, 574, '2020-04-26', '2020-04-26', 1574, 574, '2V1-075');
INSERT INTO availability VALUES (575, '2020-04-27', '2020-04-30', '2V1-076', NULL);
INSERT INTO booking VALUES (1, 575, '2020-04-27', '2020-04-27', 1575, 575, '2V1-076');
INSERT INTO availability VALUES (576, '2020-04-28', '2020-05-01', '2V1-077', NULL);
INSERT INTO booking VALUES (1, 576, '2020-04-28', '2020-04-30', 1576, 576, '2V1-077');
INSERT INTO availability VALUES (577, '2020-04-29', '2020-05-02', '2V1-078', 'Today is the tomorrow we worried about yesterday.');
INSERT INTO booking VALUES (1, 577, '2020-04-29', '2020-04-29', 1577, 577, '2V1-078');
INSERT INTO availability VALUES (578, '2020-04-30', '2020-05-03', '2V1-079', 'Well done is better than well said.');
INSERT INTO booking VALUES (1, 578, '2020-04-30', '2020-04-30', 1578, 578, '2V1-079');
INSERT INTO availability VALUES (579, '2020-05-01', '2020-05-04', '2V1-080', NULL);
INSERT INTO booking VALUES (1, 579, '2020-05-01', '2020-05-02', 1579, 579, '2V1-080');
INSERT INTO availability VALUES (580, '2020-05-02', '2020-05-05', '2V1-081', NULL);
INSERT INTO booking VALUES (1, 580, '2020-05-02', '2020-05-03', 1580, 580, '2V1-081');
INSERT INTO availability VALUES (581, '2020-05-03', '2020-05-06', '2V1-082', NULL);
INSERT INTO booking VALUES (1, 581, '2020-05-03', '2020-05-05', 1581, 581, '2V1-082');
INSERT INTO availability VALUES (582, '2020-05-04', '2020-05-07', '2V1-083', NULL);
INSERT INTO booking VALUES (1, 582, '2020-05-04', '2020-05-06', 1582, 582, '2V1-083');
INSERT INTO availability VALUES (583, '2020-05-05', '2020-05-08', '2V1-084', 'Everything in life is luck.');
INSERT INTO booking VALUES (1, 583, '2020-05-05', '2020-05-05', 1583, 583, '2V1-084');
INSERT INTO availability VALUES (584, '2020-05-06', '2020-05-09', '2V1-085', NULL);
INSERT INTO booking VALUES (1, 584, '2020-05-06', '2020-05-07', 1584, 584, '2V1-085');
INSERT INTO availability VALUES (585, '2020-05-07', '2020-05-10', '2V1-086', 'The day is already blessed... find peace within it.');
INSERT INTO booking VALUES (1, 585, '2020-05-07', '2020-05-09', 1585, 585, '2V1-086');
INSERT INTO availability VALUES (586, '2020-05-08', '2020-05-11', '2V1-087', NULL);
INSERT INTO booking VALUES (1, 586, '2020-05-08', '2020-05-10', 1586, 586, '2V1-087');
INSERT INTO availability VALUES (587, '2020-05-09', '2020-05-12', '2V1-088', NULL);
INSERT INTO booking VALUES (1, 587, '2020-05-09', '2020-05-10', 1587, 587, '2V1-088');
INSERT INTO availability VALUES (588, '2020-05-10', '2020-05-13', '2V1-089', NULL);
INSERT INTO booking VALUES (1, 588, '2020-05-10', '2020-05-10', 1588, 588, '2V1-089');
INSERT INTO availability VALUES (589, '2020-05-11', '2020-05-14', '2V1-090', NULL);
INSERT INTO booking VALUES (1, 589, '2020-05-11', '2020-05-11', 1589, 589, '2V1-090');
INSERT INTO availability VALUES (590, '2020-05-12', '2020-05-15', '2V1-091', NULL);
INSERT INTO booking VALUES (1, 590, '2020-05-12', '2020-05-12', 1590, 590, '2V1-091');
INSERT INTO availability VALUES (591, '2020-05-13', '2020-05-16', '2V1-092', NULL);
INSERT INTO booking VALUES (1, 591, '2020-05-13', '2020-05-13', 1591, 591, '2V1-092');
INSERT INTO availability VALUES (592, '2020-05-14', '2020-05-17', '2V1-093', NULL);
INSERT INTO booking VALUES (1, 592, '2020-05-14', '2020-05-14', 1592, 592, '2V1-093');
INSERT INTO availability VALUES (593, '2020-05-15', '2020-05-18', '2V1-094', NULL);
INSERT INTO booking VALUES (1, 593, '2020-05-15', '2020-05-16', 1593, 593, '2V1-094');
INSERT INTO availability VALUES (594, '2020-05-16', '2020-05-19', '2V1-095', NULL);
INSERT INTO booking VALUES (1, 594, '2020-05-16', '2020-05-18', 1594, 594, '2V1-095');
INSERT INTO availability VALUES (595, '2020-05-17', '2020-05-20', '2V1-096', NULL);
INSERT INTO booking VALUES (1, 595, '2020-05-17', '2020-05-18', 1595, 595, '2V1-096');
INSERT INTO availability VALUES (596, '2020-05-18', '2020-05-21', '2V1-097', NULL);
INSERT INTO booking VALUES (1, 596, '2020-05-18', '2020-05-19', 1596, 596, '2V1-097');
INSERT INTO availability VALUES (597, '2020-05-19', '2020-05-22', '2V1-098', NULL);
INSERT INTO booking VALUES (1, 597, '2020-05-19', '2020-05-19', 1597, 597, '2V1-098');
INSERT INTO availability VALUES (598, '2020-05-20', '2020-05-23', '2V1-099', NULL);
INSERT INTO booking VALUES (1, 598, '2020-05-20', '2020-05-21', 1598, 598, '2V1-099');
INSERT INTO availability VALUES (599, '2020-05-21', '2020-05-24', '2V1-100', NULL);
INSERT INTO booking VALUES (1, 599, '2020-05-21', '2020-05-23', 1599, 599, '2V1-100');
INSERT INTO availability VALUES (600, '2020-03-23', '2020-03-26', '2V2-001', NULL);
INSERT INTO booking VALUES (1, 600, '2020-03-23', '2020-03-23', 1600, 600, '2V2-001');
INSERT INTO availability VALUES (601, '2020-03-24', '2020-03-27', '2V2-002', NULL);
INSERT INTO booking VALUES (1, 601, '2020-03-24', '2020-03-24', 1601, 601, '2V2-002');
INSERT INTO availability VALUES (602, '2020-03-25', '2020-03-28', '2V2-003', 'Fate is in your hands and no one elses');
INSERT INTO booking VALUES (1, 602, '2020-03-25', '2020-03-26', 1602, 602, '2V2-003');
INSERT INTO availability VALUES (603, '2020-03-26', '2020-03-29', '2V2-004', NULL);
INSERT INTO booking VALUES (1, 603, '2020-03-26', '2020-03-26', 1603, 603, '2V2-004');
INSERT INTO availability VALUES (604, '2020-03-27', '2020-03-30', '2V2-005', 'Trouble is only opportunity in work clothes.');
INSERT INTO booking VALUES (1, 604, '2020-03-27', '2020-03-29', 1604, 604, '2V2-005');
INSERT INTO availability VALUES (605, '2020-03-28', '2020-03-31', '2V2-006', NULL);
INSERT INTO booking VALUES (1, 605, '2020-03-28', '2020-03-30', 1605, 605, '2V2-006');
INSERT INTO availability VALUES (606, '2020-03-29', '2020-04-01', '2V2-007', NULL);
INSERT INTO booking VALUES (1, 606, '2020-03-29', '2020-03-30', 1606, 606, '2V2-007');
INSERT INTO availability VALUES (607, '2020-03-30', '2020-04-02', '2V2-008', NULL);
INSERT INTO booking VALUES (1, 607, '2020-03-30', '2020-03-31', 1607, 607, '2V2-008');
INSERT INTO availability VALUES (608, '2020-03-31', '2020-04-03', '2V2-009', NULL);
INSERT INTO booking VALUES (1, 608, '2020-03-31', '2020-04-01', 1608, 608, '2V2-009');
INSERT INTO availability VALUES (609, '2020-04-01', '2020-04-04', '2V2-010', NULL);
INSERT INTO booking VALUES (1, 609, '2020-04-01', '2020-04-02', 1609, 609, '2V2-010');
INSERT INTO availability VALUES (610, '2020-04-02', '2020-04-05', '2V2-011', NULL);
INSERT INTO booking VALUES (1, 610, '2020-04-02', '2020-04-03', 1610, 610, '2V2-011');
INSERT INTO availability VALUES (611, '2020-04-03', '2020-04-06', '2V2-012', 'A rolling stone gathers no moss.');
INSERT INTO booking VALUES (1, 611, '2020-04-03', '2020-04-04', 1611, 611, '2V2-012');
INSERT INTO availability VALUES (612, '2020-04-04', '2020-04-07', '2V2-013', NULL);
INSERT INTO booking VALUES (1, 612, '2020-04-04', '2020-04-05', 1612, 612, '2V2-013');
INSERT INTO availability VALUES (613, '2020-04-05', '2020-04-08', '2V2-014', NULL);
INSERT INTO booking VALUES (1, 613, '2020-04-05', '2020-04-06', 1613, 613, '2V2-014');
INSERT INTO availability VALUES (614, '2020-04-06', '2020-04-09', '2V2-015', NULL);
INSERT INTO booking VALUES (1, 614, '2020-04-06', '2020-04-07', 1614, 614, '2V2-015');
INSERT INTO availability VALUES (615, '2020-04-07', '2020-04-10', '2V2-016', NULL);
INSERT INTO booking VALUES (1, 615, '2020-04-07', '2020-04-07', 1615, 615, '2V2-016');
INSERT INTO availability VALUES (616, '2020-04-08', '2020-04-11', '2V2-017', 'Life is a learning experience... only if you learn.');
INSERT INTO booking VALUES (1, 616, '2020-04-08', '2020-04-08', 1616, 616, '2V2-017');
INSERT INTO availability VALUES (617, '2020-04-09', '2020-04-12', '2V2-018', 'Ideas are the beginning points of all fortunes.');
INSERT INTO booking VALUES (1, 617, '2020-04-09', '2020-04-10', 1617, 617, '2V2-018');
INSERT INTO availability VALUES (618, '2020-04-10', '2020-04-13', '2V2-019', NULL);
INSERT INTO booking VALUES (1, 618, '2020-04-10', '2020-04-10', 1618, 618, '2V2-019');
INSERT INTO availability VALUES (619, '2020-04-11', '2020-04-14', '2V2-020', 'Fate is in your hands and no one elses');
INSERT INTO booking VALUES (1, 619, '2020-04-11', '2020-04-12', 1619, 619, '2V2-020');
INSERT INTO availability VALUES (620, '2020-04-12', '2020-04-15', '2V2-021', NULL);
INSERT INTO booking VALUES (1, 620, '2020-04-12', '2020-04-12', 1620, 620, '2V2-021');
INSERT INTO availability VALUES (621, '2020-04-13', '2020-04-16', '2V2-022', NULL);
INSERT INTO booking VALUES (1, 621, '2020-04-13', '2020-04-14', 1621, 621, '2V2-022');
INSERT INTO availability VALUES (622, '2020-04-14', '2020-04-17', '2V2-023', 'From error to error one discovers the entire truth.');
INSERT INTO booking VALUES (1, 622, '2020-04-14', '2020-04-14', 1622, 622, '2V2-023');
INSERT INTO availability VALUES (623, '2020-04-15', '2020-04-18', '2V2-024', NULL);
INSERT INTO booking VALUES (1, 623, '2020-04-15', '2020-04-17', 1623, 623, '2V2-024');
INSERT INTO availability VALUES (624, '2020-04-16', '2020-04-19', '2V2-025', NULL);
INSERT INTO booking VALUES (1, 624, '2020-04-16', '2020-04-18', 1624, 624, '2V2-025');
INSERT INTO availability VALUES (625, '2020-04-17', '2020-04-20', '2V2-026', NULL);
INSERT INTO booking VALUES (1, 625, '2020-04-17', '2020-04-18', 1625, 625, '2V2-026');
INSERT INTO availability VALUES (626, '2020-04-18', '2020-04-21', '2V2-027', NULL);
INSERT INTO booking VALUES (1, 626, '2020-04-18', '2020-04-20', 1626, 626, '2V2-027');
INSERT INTO availability VALUES (627, '2020-04-19', '2020-04-22', '2V2-028', NULL);
INSERT INTO booking VALUES (1, 627, '2020-04-19', '2020-04-19', 1627, 627, '2V2-028');
INSERT INTO availability VALUES (628, '2020-04-20', '2020-04-23', '2V2-029', NULL);
INSERT INTO booking VALUES (1, 628, '2020-04-20', '2020-04-21', 1628, 628, '2V2-029');
INSERT INTO availability VALUES (629, '2020-04-21', '2020-04-24', '2V2-030', 'From error to error one discovers the entire truth.');
INSERT INTO booking VALUES (1, 629, '2020-04-21', '2020-04-23', 1629, 629, '2V2-030');
INSERT INTO availability VALUES (630, '2020-04-22', '2020-04-25', '2V2-031', NULL);
INSERT INTO booking VALUES (1, 630, '2020-04-22', '2020-04-22', 1630, 630, '2V2-031');
INSERT INTO availability VALUES (631, '2020-04-23', '2020-04-26', '2V2-032', NULL);
INSERT INTO booking VALUES (1, 631, '2020-04-23', '2020-04-23', 1631, 631, '2V2-032');
INSERT INTO availability VALUES (632, '2020-04-24', '2020-04-27', '2V2-033', NULL);
INSERT INTO booking VALUES (1, 632, '2020-04-24', '2020-04-24', 1632, 632, '2V2-033');
INSERT INTO availability VALUES (633, '2020-04-25', '2020-04-28', '2V2-034', NULL);
INSERT INTO booking VALUES (1, 633, '2020-04-25', '2020-04-26', 1633, 633, '2V2-034');
INSERT INTO availability VALUES (634, '2020-04-26', '2020-04-29', '2V2-035', 'Life is a learning experience... only if you learn.');
INSERT INTO booking VALUES (1, 634, '2020-04-26', '2020-04-28', 1634, 634, '2V2-035');
INSERT INTO availability VALUES (635, '2020-04-27', '2020-04-30', '2V2-036', NULL);
INSERT INTO booking VALUES (1, 635, '2020-04-27', '2020-04-28', 1635, 635, '2V2-036');
INSERT INTO availability VALUES (636, '2020-04-28', '2020-05-01', '2V2-037', NULL);
INSERT INTO booking VALUES (1, 636, '2020-04-28', '2020-04-30', 1636, 636, '2V2-037');
INSERT INTO availability VALUES (637, '2020-04-29', '2020-05-02', '2V2-038', NULL);
INSERT INTO booking VALUES (1, 637, '2020-04-29', '2020-05-01', 1637, 637, '2V2-038');
INSERT INTO availability VALUES (638, '2020-04-30', '2020-05-03', '2V2-039', NULL);
INSERT INTO booking VALUES (1, 638, '2020-04-30', '2020-05-02', 1638, 638, '2V2-039');
INSERT INTO availability VALUES (639, '2020-05-01', '2020-05-04', '2V2-040', 'A rolling stone gathers no moss.');
INSERT INTO booking VALUES (1, 639, '2020-05-01', '2020-05-02', 1639, 639, '2V2-040');
INSERT INTO availability VALUES (640, '2020-05-02', '2020-05-05', '2V2-041', 'Difficulties increase the nearer we get to the goal.');
INSERT INTO booking VALUES (1, 640, '2020-05-02', '2020-05-04', 1640, 640, '2V2-041');
INSERT INTO availability VALUES (641, '2020-05-03', '2020-05-06', '2V2-042', NULL);
INSERT INTO booking VALUES (1, 641, '2020-05-03', '2020-05-04', 1641, 641, '2V2-042');
INSERT INTO availability VALUES (642, '2020-05-04', '2020-05-07', '2V2-043', NULL);
INSERT INTO booking VALUES (1, 642, '2020-05-04', '2020-05-05', 1642, 642, '2V2-043');
INSERT INTO availability VALUES (643, '2020-05-05', '2020-05-08', '2V2-044', NULL);
INSERT INTO booking VALUES (1, 643, '2020-05-05', '2020-05-07', 1643, 643, '2V2-044');
INSERT INTO availability VALUES (644, '2020-05-06', '2020-05-09', '2V2-045', NULL);
INSERT INTO booking VALUES (1, 644, '2020-05-06', '2020-05-06', 1644, 644, '2V2-045');
INSERT INTO availability VALUES (645, '2020-05-07', '2020-05-10', '2V2-046', NULL);
INSERT INTO booking VALUES (1, 645, '2020-05-07', '2020-05-07', 1645, 645, '2V2-046');
INSERT INTO availability VALUES (646, '2020-05-08', '2020-05-11', '2V2-047', NULL);
INSERT INTO booking VALUES (1, 646, '2020-05-08', '2020-05-09', 1646, 646, '2V2-047');
INSERT INTO availability VALUES (647, '2020-05-09', '2020-05-12', '2V2-048', 'Self-complacency is fatal to progress.');
INSERT INTO booking VALUES (1, 647, '2020-05-09', '2020-05-10', 1647, 647, '2V2-048');
INSERT INTO availability VALUES (648, '2020-05-10', '2020-05-13', '2V2-049', 'Every man dies. Not every man really lives.');
INSERT INTO booking VALUES (1, 648, '2020-05-10', '2020-05-10', 1648, 648, '2V2-049');
INSERT INTO availability VALUES (649, '2020-05-11', '2020-05-14', '2V2-050', NULL);
INSERT INTO booking VALUES (1, 649, '2020-05-11', '2020-05-13', 1649, 649, '2V2-050');
INSERT INTO availability VALUES (650, '2020-05-12', '2020-05-15', '2V2-051', NULL);
INSERT INTO booking VALUES (1, 650, '2020-05-12', '2020-05-12', 1650, 650, '2V2-051');
INSERT INTO availability VALUES (651, '2020-05-13', '2020-05-16', '2V2-052', NULL);
INSERT INTO booking VALUES (1, 651, '2020-05-13', '2020-05-13', 1651, 651, '2V2-052');
INSERT INTO availability VALUES (652, '2020-05-14', '2020-05-17', '2V2-053', NULL);
INSERT INTO booking VALUES (1, 652, '2020-05-14', '2020-05-16', 1652, 652, '2V2-053');
INSERT INTO availability VALUES (653, '2020-05-15', '2020-05-18', '2V2-054', NULL);
INSERT INTO booking VALUES (1, 653, '2020-05-15', '2020-05-17', 1653, 653, '2V2-054');
INSERT INTO availability VALUES (654, '2020-05-16', '2020-05-19', '2V2-055', NULL);
INSERT INTO booking VALUES (1, 654, '2020-05-16', '2020-05-16', 1654, 654, '2V2-055');
INSERT INTO availability VALUES (655, '2020-05-17', '2020-05-20', '2V2-056', 'The day is already blessed... find peace within it.');
INSERT INTO booking VALUES (1, 655, '2020-05-17', '2020-05-18', 1655, 655, '2V2-056');
INSERT INTO availability VALUES (656, '2020-05-18', '2020-05-21', '2V2-057', NULL);
INSERT INTO booking VALUES (1, 656, '2020-05-18', '2020-05-18', 1656, 656, '2V2-057');
INSERT INTO availability VALUES (657, '2020-05-19', '2020-05-22', '2V2-058', NULL);
INSERT INTO booking VALUES (1, 657, '2020-05-19', '2020-05-20', 1657, 657, '2V2-058');
INSERT INTO availability VALUES (658, '2020-05-20', '2020-05-23', '2V2-059', NULL);
INSERT INTO booking VALUES (1, 658, '2020-05-20', '2020-05-21', 1658, 658, '2V2-059');
INSERT INTO availability VALUES (659, '2020-05-21', '2020-05-24', '2V2-060', NULL);
INSERT INTO booking VALUES (1, 659, '2020-05-21', '2020-05-22', 1659, 659, '2V2-060');
INSERT INTO availability VALUES (660, '2020-03-23', '2020-03-26', '2V2-061', 'Today is the tomorrow we worried about yesterday.');
INSERT INTO booking VALUES (1, 660, '2020-03-23', '2020-03-23', 1660, 660, '2V2-061');
INSERT INTO availability VALUES (661, '2020-03-24', '2020-03-27', '2V2-062', NULL);
INSERT INTO booking VALUES (1, 661, '2020-03-24', '2020-03-24', 1661, 661, '2V2-062');
INSERT INTO availability VALUES (662, '2020-03-25', '2020-03-28', '2V2-063', NULL);
INSERT INTO booking VALUES (1, 662, '2020-03-25', '2020-03-25', 1662, 662, '2V2-063');
INSERT INTO availability VALUES (663, '2020-03-26', '2020-03-29', '2V2-064', 'Youll see it when you believe it.');
INSERT INTO booking VALUES (1, 663, '2020-03-26', '2020-03-26', 1663, 663, '2V2-064');
INSERT INTO availability VALUES (664, '2020-03-27', '2020-03-30', '2V2-065', NULL);
INSERT INTO booking VALUES (1, 664, '2020-03-27', '2020-03-27', 1664, 664, '2V2-065');
INSERT INTO availability VALUES (665, '2020-03-28', '2020-03-31', '2V2-066', NULL);
INSERT INTO booking VALUES (1, 665, '2020-03-28', '2020-03-30', 1665, 665, '2V2-066');
INSERT INTO availability VALUES (666, '2020-03-29', '2020-04-01', '2V2-067', 'Life is a learning experience... only if you learn.');
INSERT INTO booking VALUES (1, 666, '2020-03-29', '2020-03-29', 1666, 666, '2V2-067');
INSERT INTO availability VALUES (667, '2020-03-30', '2020-04-02', '2V2-068', 'Life is a learning experience... only if you learn.');
INSERT INTO booking VALUES (1, 667, '2020-03-30', '2020-03-30', 1667, 667, '2V2-068');
INSERT INTO availability VALUES (668, '2020-03-31', '2020-04-03', '2V2-069', NULL);
INSERT INTO booking VALUES (1, 668, '2020-03-31', '2020-03-31', 1668, 668, '2V2-069');
INSERT INTO availability VALUES (669, '2020-04-01', '2020-04-04', '2V2-070', NULL);
INSERT INTO booking VALUES (1, 669, '2020-04-01', '2020-04-03', 1669, 669, '2V2-070');
INSERT INTO availability VALUES (670, '2020-04-02', '2020-04-05', '2V2-071', 'Its easier to see the mistakes on someone elses paper.');
INSERT INTO booking VALUES (1, 670, '2020-04-02', '2020-04-02', 1670, 670, '2V2-071');
INSERT INTO availability VALUES (671, '2020-04-03', '2020-04-06', '2V2-072', NULL);
INSERT INTO booking VALUES (1, 671, '2020-04-03', '2020-04-05', 1671, 671, '2V2-072');
INSERT INTO availability VALUES (672, '2020-04-04', '2020-04-07', '2V2-073', 'Youll see it when you believe it.');
INSERT INTO booking VALUES (1, 672, '2020-04-04', '2020-04-06', 1672, 672, '2V2-073');
INSERT INTO availability VALUES (673, '2020-04-05', '2020-04-08', '2V2-074', 'Doing nothing is better than being busy doing nothing.');
INSERT INTO booking VALUES (1, 673, '2020-04-05', '2020-04-06', 1673, 673, '2V2-074');
INSERT INTO availability VALUES (674, '2020-04-06', '2020-04-09', '2V2-075', NULL);
INSERT INTO booking VALUES (1, 674, '2020-04-06', '2020-04-06', 1674, 674, '2V2-075');
INSERT INTO availability VALUES (675, '2020-04-07', '2020-04-10', '2V2-076', NULL);
INSERT INTO booking VALUES (1, 675, '2020-04-07', '2020-04-08', 1675, 675, '2V2-076');
INSERT INTO availability VALUES (676, '2020-04-08', '2020-04-11', '2V2-077', NULL);
INSERT INTO booking VALUES (1, 676, '2020-04-08', '2020-04-09', 1676, 676, '2V2-077');
INSERT INTO availability VALUES (677, '2020-04-09', '2020-04-12', '2V2-078', NULL);
INSERT INTO booking VALUES (1, 677, '2020-04-09', '2020-04-11', 1677, 677, '2V2-078');
INSERT INTO availability VALUES (678, '2020-04-10', '2020-04-13', '2V2-079', NULL);
INSERT INTO booking VALUES (1, 678, '2020-04-10', '2020-04-11', 1678, 678, '2V2-079');
INSERT INTO availability VALUES (679, '2020-04-11', '2020-04-14', '2V2-080', NULL);
INSERT INTO booking VALUES (1, 679, '2020-04-11', '2020-04-13', 1679, 679, '2V2-080');
INSERT INTO availability VALUES (680, '2020-04-12', '2020-04-15', '2V2-081', NULL);
INSERT INTO booking VALUES (1, 680, '2020-04-12', '2020-04-13', 1680, 680, '2V2-081');
INSERT INTO availability VALUES (681, '2020-04-13', '2020-04-16', '2V2-082', NULL);
INSERT INTO booking VALUES (1, 681, '2020-04-13', '2020-04-15', 1681, 681, '2V2-082');
INSERT INTO availability VALUES (682, '2020-04-14', '2020-04-17', '2V2-083', NULL);
INSERT INTO booking VALUES (1, 682, '2020-04-14', '2020-04-14', 1682, 682, '2V2-083');
INSERT INTO availability VALUES (683, '2020-04-15', '2020-04-18', '2V2-084', NULL);
INSERT INTO booking VALUES (1, 683, '2020-04-15', '2020-04-17', 1683, 683, '2V2-084');
INSERT INTO availability VALUES (684, '2020-04-16', '2020-04-19', '2V2-085', 'To lead people walk behind them.');
INSERT INTO booking VALUES (1, 684, '2020-04-16', '2020-04-17', 1684, 684, '2V2-085');
INSERT INTO availability VALUES (685, '2020-04-17', '2020-04-20', '2V2-086', NULL);
INSERT INTO booking VALUES (1, 685, '2020-04-17', '2020-04-19', 1685, 685, '2V2-086');
INSERT INTO availability VALUES (686, '2020-04-18', '2020-04-21', '2V2-087', NULL);
INSERT INTO booking VALUES (1, 686, '2020-04-18', '2020-04-18', 1686, 686, '2V2-087');
INSERT INTO availability VALUES (687, '2020-04-19', '2020-04-22', '2V2-088', NULL);
INSERT INTO booking VALUES (1, 687, '2020-04-19', '2020-04-20', 1687, 687, '2V2-088');
INSERT INTO availability VALUES (688, '2020-04-20', '2020-04-23', '2V2-089', NULL);
INSERT INTO booking VALUES (1, 688, '2020-04-20', '2020-04-21', 1688, 688, '2V2-089');
INSERT INTO availability VALUES (689, '2020-04-21', '2020-04-24', '2V2-090', NULL);
INSERT INTO booking VALUES (1, 689, '2020-04-21', '2020-04-22', 1689, 689, '2V2-090');
INSERT INTO availability VALUES (690, '2020-04-22', '2020-04-25', '2V2-091', 'Doing nothing is better than being busy doing nothing.');
INSERT INTO booking VALUES (1, 690, '2020-04-22', '2020-04-22', 1690, 690, '2V2-091');
INSERT INTO availability VALUES (691, '2020-04-23', '2020-04-26', '2V2-092', NULL);
INSERT INTO booking VALUES (1, 691, '2020-04-23', '2020-04-23', 1691, 691, '2V2-092');
INSERT INTO availability VALUES (692, '2020-04-24', '2020-04-27', '2V2-093', 'Difficulties increase the nearer we get to the goal.');
INSERT INTO booking VALUES (1, 692, '2020-04-24', '2020-04-26', 1692, 692, '2V2-093');
INSERT INTO availability VALUES (693, '2020-04-25', '2020-04-28', '2V2-094', NULL);
INSERT INTO booking VALUES (1, 693, '2020-04-25', '2020-04-27', 1693, 693, '2V2-094');
INSERT INTO availability VALUES (694, '2020-04-26', '2020-04-29', '2V2-095', NULL);
INSERT INTO booking VALUES (1, 694, '2020-04-26', '2020-04-27', 1694, 694, '2V2-095');
INSERT INTO availability VALUES (695, '2020-04-27', '2020-04-30', '2V2-096', NULL);
INSERT INTO booking VALUES (1, 695, '2020-04-27', '2020-04-28', 1695, 695, '2V2-096');
INSERT INTO availability VALUES (696, '2020-04-28', '2020-05-01', '2V2-097', NULL);
INSERT INTO booking VALUES (1, 696, '2020-04-28', '2020-04-28', 1696, 696, '2V2-097');
INSERT INTO availability VALUES (697, '2020-04-29', '2020-05-02', '2V2-098', 'What you give is what you get.');
INSERT INTO booking VALUES (1, 697, '2020-04-29', '2020-04-29', 1697, 697, '2V2-098');
INSERT INTO availability VALUES (698, '2020-04-30', '2020-05-03', '2V2-099', NULL);
INSERT INTO booking VALUES (1, 698, '2020-04-30', '2020-04-30', 1698, 698, '2V2-099');
INSERT INTO availability VALUES (699, '2020-05-01', '2020-05-04', '2V2-100', 'Well done is better than well said.');
INSERT INTO booking VALUES (1, 699, '2020-05-01', '2020-05-01', 1699, 699, '2V2-100');
INSERT INTO availability VALUES (700, '2020-05-02', '2020-05-05', '2V3-001', NULL);
INSERT INTO booking VALUES (1, 700, '2020-05-02', '2020-05-02', 1700, 700, '2V3-001');
INSERT INTO availability VALUES (701, '2020-05-03', '2020-05-06', '2V3-002', NULL);
INSERT INTO booking VALUES (1, 701, '2020-05-03', '2020-05-04', 1701, 701, '2V3-002');
INSERT INTO availability VALUES (702, '2020-05-04', '2020-05-07', '2V3-003', 'Study the past... if you would divine the future.');
INSERT INTO booking VALUES (1, 702, '2020-05-04', '2020-05-05', 1702, 702, '2V3-003');
INSERT INTO availability VALUES (703, '2020-05-05', '2020-05-08', '2V3-004', NULL);
INSERT INTO booking VALUES (1, 703, '2020-05-05', '2020-05-07', 1703, 703, '2V3-004');
INSERT INTO availability VALUES (704, '2020-05-06', '2020-05-09', '2V3-005', NULL);
INSERT INTO booking VALUES (1, 704, '2020-05-06', '2020-05-07', 1704, 704, '2V3-005');
INSERT INTO availability VALUES (705, '2020-05-07', '2020-05-10', '2V3-006', NULL);
INSERT INTO booking VALUES (1, 705, '2020-05-07', '2020-05-08', 1705, 705, '2V3-006');
INSERT INTO availability VALUES (706, '2020-05-08', '2020-05-11', '2V3-007', NULL);
INSERT INTO booking VALUES (1, 706, '2020-05-08', '2020-05-10', 1706, 706, '2V3-007');
INSERT INTO availability VALUES (707, '2020-05-09', '2020-05-12', '2V3-008', 'Trust yourself. You know more than you think you do.');
INSERT INTO booking VALUES (1, 707, '2020-05-09', '2020-05-09', 1707, 707, '2V3-008');
INSERT INTO availability VALUES (708, '2020-05-10', '2020-05-13', '2V3-009', NULL);
INSERT INTO booking VALUES (1, 708, '2020-05-10', '2020-05-11', 1708, 708, '2V3-009');
INSERT INTO availability VALUES (709, '2020-05-11', '2020-05-14', '2V3-010', NULL);
INSERT INTO booking VALUES (1, 709, '2020-05-11', '2020-05-12', 1709, 709, '2V3-010');
INSERT INTO availability VALUES (710, '2020-05-12', '2020-05-15', '2V3-011', NULL);
INSERT INTO booking VALUES (1, 710, '2020-05-12', '2020-05-14', 1710, 710, '2V3-011');
INSERT INTO availability VALUES (711, '2020-05-13', '2020-05-16', '2V3-012', NULL);
INSERT INTO booking VALUES (1, 711, '2020-05-13', '2020-05-15', 1711, 711, '2V3-012');
INSERT INTO availability VALUES (712, '2020-05-14', '2020-05-17', '2V3-013', NULL);
INSERT INTO booking VALUES (1, 712, '2020-05-14', '2020-05-16', 1712, 712, '2V3-013');
INSERT INTO availability VALUES (713, '2020-05-15', '2020-05-18', '2V3-014', NULL);
INSERT INTO booking VALUES (1, 713, '2020-05-15', '2020-05-16', 1713, 713, '2V3-014');
INSERT INTO availability VALUES (714, '2020-05-16', '2020-05-19', '2V3-015', NULL);
INSERT INTO booking VALUES (1, 714, '2020-05-16', '2020-05-17', 1714, 714, '2V3-015');
INSERT INTO availability VALUES (715, '2020-05-17', '2020-05-20', '2V3-016', 'Be the chief but never the lord.');
INSERT INTO booking VALUES (1, 715, '2020-05-17', '2020-05-18', 1715, 715, '2V3-016');
INSERT INTO availability VALUES (716, '2020-05-18', '2020-05-21', '2V3-017', NULL);
INSERT INTO booking VALUES (1, 716, '2020-05-18', '2020-05-20', 1716, 716, '2V3-017');
INSERT INTO availability VALUES (717, '2020-05-19', '2020-05-22', '2V3-018', NULL);
INSERT INTO booking VALUES (1, 717, '2020-05-19', '2020-05-21', 1717, 717, '2V3-018');
INSERT INTO availability VALUES (718, '2020-05-20', '2020-05-23', '2V3-019', NULL);
INSERT INTO booking VALUES (1, 718, '2020-05-20', '2020-05-21', 1718, 718, '2V3-019');
INSERT INTO availability VALUES (719, '2020-05-21', '2020-05-24', '2V3-020', NULL);
INSERT INTO booking VALUES (1, 719, '2020-05-21', '2020-05-23', 1719, 719, '2V3-020');
INSERT INTO availability VALUES (720, '2020-03-23', '2020-03-26', '2V3-021', NULL);
INSERT INTO booking VALUES (1, 720, '2020-03-23', '2020-03-24', 1720, 720, '2V3-021');
INSERT INTO availability VALUES (721, '2020-03-24', '2020-03-27', '2V3-022', NULL);
INSERT INTO booking VALUES (1, 721, '2020-03-24', '2020-03-26', 1721, 721, '2V3-022');
INSERT INTO availability VALUES (722, '2020-03-25', '2020-03-28', '2V3-023', NULL);
INSERT INTO booking VALUES (1, 722, '2020-03-25', '2020-03-27', 1722, 722, '2V3-023');
INSERT INTO availability VALUES (723, '2020-03-26', '2020-03-29', '2V3-024', NULL);
INSERT INTO booking VALUES (1, 723, '2020-03-26', '2020-03-26', 1723, 723, '2V3-024');
INSERT INTO availability VALUES (724, '2020-03-27', '2020-03-30', '2V3-025', NULL);
INSERT INTO booking VALUES (1, 724, '2020-03-27', '2020-03-27', 1724, 724, '2V3-025');
INSERT INTO availability VALUES (725, '2020-03-28', '2020-03-31', '2V3-026', 'Genius is one percent inspiration and ninety-nine percent perspiration.');
INSERT INTO booking VALUES (1, 725, '2020-03-28', '2020-03-28', 1725, 725, '2V3-026');
INSERT INTO availability VALUES (726, '2020-03-29', '2020-04-01', '2V3-027', 'The day is already blessed... find peace within it.');
INSERT INTO booking VALUES (1, 726, '2020-03-29', '2020-03-31', 1726, 726, '2V3-027');
INSERT INTO availability VALUES (727, '2020-03-30', '2020-04-02', '2V3-028', NULL);
INSERT INTO booking VALUES (1, 727, '2020-03-30', '2020-03-30', 1727, 727, '2V3-028');
INSERT INTO availability VALUES (728, '2020-03-31', '2020-04-03', '2V3-029', NULL);
INSERT INTO booking VALUES (1, 728, '2020-03-31', '2020-04-02', 1728, 728, '2V3-029');
INSERT INTO availability VALUES (729, '2020-04-01', '2020-04-04', '2V3-030', 'Today is the tomorrow we worried about yesterday.');
INSERT INTO booking VALUES (1, 729, '2020-04-01', '2020-04-01', 1729, 729, '2V3-030');
INSERT INTO availability VALUES (730, '2020-04-02', '2020-04-05', '2V3-031', NULL);
INSERT INTO booking VALUES (1, 730, '2020-04-02', '2020-04-04', 1730, 730, '2V3-031');
INSERT INTO availability VALUES (731, '2020-04-03', '2020-04-06', '2V3-032', NULL);
INSERT INTO booking VALUES (1, 731, '2020-04-03', '2020-04-03', 1731, 731, '2V3-032');
INSERT INTO availability VALUES (732, '2020-04-04', '2020-04-07', '2V3-033', NULL);
INSERT INTO booking VALUES (1, 732, '2020-04-04', '2020-04-04', 1732, 732, '2V3-033');
INSERT INTO availability VALUES (733, '2020-04-05', '2020-04-08', '2V3-034', NULL);
INSERT INTO booking VALUES (1, 733, '2020-04-05', '2020-04-06', 1733, 733, '2V3-034');
INSERT INTO availability VALUES (734, '2020-04-06', '2020-04-09', '2V3-035', NULL);
INSERT INTO booking VALUES (1, 734, '2020-04-06', '2020-04-06', 1734, 734, '2V3-035');
INSERT INTO availability VALUES (735, '2020-04-07', '2020-04-10', '2V3-036', NULL);
INSERT INTO booking VALUES (1, 735, '2020-04-07', '2020-04-07', 1735, 735, '2V3-036');
INSERT INTO availability VALUES (736, '2020-04-08', '2020-04-11', '2V3-037', NULL);
INSERT INTO booking VALUES (1, 736, '2020-04-08', '2020-04-09', 1736, 736, '2V3-037');
INSERT INTO availability VALUES (737, '2020-04-09', '2020-04-12', '2V3-038', NULL);
INSERT INTO booking VALUES (1, 737, '2020-04-09', '2020-04-11', 1737, 737, '2V3-038');
INSERT INTO availability VALUES (738, '2020-04-10', '2020-04-13', '2V3-039', NULL);
INSERT INTO booking VALUES (1, 738, '2020-04-10', '2020-04-10', 1738, 738, '2V3-039');
INSERT INTO availability VALUES (739, '2020-04-11', '2020-04-14', '2V3-040', NULL);
INSERT INTO booking VALUES (1, 739, '2020-04-11', '2020-04-12', 1739, 739, '2V3-040');
INSERT INTO availability VALUES (740, '2020-04-12', '2020-04-15', '2V3-041', NULL);
INSERT INTO booking VALUES (1, 740, '2020-04-12', '2020-04-13', 1740, 740, '2V3-041');
INSERT INTO availability VALUES (741, '2020-04-13', '2020-04-16', '2V3-042', NULL);
INSERT INTO booking VALUES (1, 741, '2020-04-13', '2020-04-15', 1741, 741, '2V3-042');
INSERT INTO availability VALUES (742, '2020-04-14', '2020-04-17', '2V3-043', NULL);
INSERT INTO booking VALUES (1, 742, '2020-04-14', '2020-04-16', 1742, 742, '2V3-043');
INSERT INTO availability VALUES (743, '2020-04-15', '2020-04-18', '2V3-044', NULL);
INSERT INTO booking VALUES (1, 743, '2020-04-15', '2020-04-17', 1743, 743, '2V3-044');
INSERT INTO availability VALUES (744, '2020-04-16', '2020-04-19', '2V3-045', NULL);
INSERT INTO booking VALUES (1, 744, '2020-04-16', '2020-04-16', 1744, 744, '2V3-045');
INSERT INTO availability VALUES (745, '2020-04-17', '2020-04-20', '2V3-046', NULL);
INSERT INTO booking VALUES (1, 745, '2020-04-17', '2020-04-18', 1745, 745, '2V3-046');
INSERT INTO availability VALUES (746, '2020-04-18', '2020-04-21', '2V3-047', 'Fate is in your hands and no one elses');
INSERT INTO booking VALUES (1, 746, '2020-04-18', '2020-04-19', 1746, 746, '2V3-047');
INSERT INTO availability VALUES (747, '2020-04-19', '2020-04-22', '2V3-048', 'Doing nothing is better than being busy doing nothing.');
INSERT INTO booking VALUES (1, 747, '2020-04-19', '2020-04-20', 1747, 747, '2V3-048');
INSERT INTO availability VALUES (748, '2020-04-20', '2020-04-23', '2V3-049', 'Life is a learning experience... only if you learn.');
INSERT INTO booking VALUES (1, 748, '2020-04-20', '2020-04-20', 1748, 748, '2V3-049');
INSERT INTO availability VALUES (749, '2020-04-21', '2020-04-24', '2V3-050', NULL);
INSERT INTO booking VALUES (1, 749, '2020-04-21', '2020-04-21', 1749, 749, '2V3-050');
INSERT INTO availability VALUES (750, '2020-04-22', '2020-04-25', '2V3-051', NULL);
INSERT INTO booking VALUES (1, 750, '2020-04-22', '2020-04-24', 1750, 750, '2V3-051');
INSERT INTO availability VALUES (751, '2020-04-23', '2020-04-26', '2V3-052', NULL);
INSERT INTO booking VALUES (1, 751, '2020-04-23', '2020-04-23', 1751, 751, '2V3-052');
INSERT INTO availability VALUES (752, '2020-04-24', '2020-04-27', '2V3-053', NULL);
INSERT INTO booking VALUES (1, 752, '2020-04-24', '2020-04-24', 1752, 752, '2V3-053');
INSERT INTO availability VALUES (753, '2020-04-25', '2020-04-28', '2V3-054', NULL);
INSERT INTO booking VALUES (1, 753, '2020-04-25', '2020-04-26', 1753, 753, '2V3-054');
INSERT INTO availability VALUES (754, '2020-04-26', '2020-04-29', '2V3-055', NULL);
INSERT INTO booking VALUES (1, 754, '2020-04-26', '2020-04-28', 1754, 754, '2V3-055');
INSERT INTO availability VALUES (755, '2020-04-27', '2020-04-30', '2V3-056', NULL);
INSERT INTO booking VALUES (1, 755, '2020-04-27', '2020-04-28', 1755, 755, '2V3-056');
INSERT INTO availability VALUES (756, '2020-04-28', '2020-05-01', '2V3-057', 'Today is the tomorrow we worried about yesterday.');
INSERT INTO booking VALUES (1, 756, '2020-04-28', '2020-04-29', 1756, 756, '2V3-057');
INSERT INTO availability VALUES (757, '2020-04-29', '2020-05-02', '2V3-058', NULL);
INSERT INTO booking VALUES (1, 757, '2020-04-29', '2020-04-30', 1757, 757, '2V3-058');
INSERT INTO availability VALUES (758, '2020-04-30', '2020-05-03', '2V3-059', NULL);
INSERT INTO booking VALUES (1, 758, '2020-04-30', '2020-04-30', 1758, 758, '2V3-059');
INSERT INTO availability VALUES (759, '2020-05-01', '2020-05-04', '2V3-060', 'Every man dies. Not every man really lives.');
INSERT INTO booking VALUES (1, 759, '2020-05-01', '2020-05-01', 1759, 759, '2V3-060');
INSERT INTO availability VALUES (760, '2020-05-02', '2020-05-05', '2V3-061', NULL);
INSERT INTO booking VALUES (1, 760, '2020-05-02', '2020-05-03', 1760, 760, '2V3-061');
INSERT INTO availability VALUES (761, '2020-05-03', '2020-05-06', '2V3-062', NULL);
INSERT INTO booking VALUES (1, 761, '2020-05-03', '2020-05-03', 1761, 761, '2V3-062');
INSERT INTO availability VALUES (762, '2020-05-04', '2020-05-07', '2V3-063', NULL);
INSERT INTO booking VALUES (1, 762, '2020-05-04', '2020-05-04', 1762, 762, '2V3-063');
INSERT INTO availability VALUES (763, '2020-05-05', '2020-05-08', '2V3-064', NULL);
INSERT INTO booking VALUES (1, 763, '2020-05-05', '2020-05-07', 1763, 763, '2V3-064');
INSERT INTO availability VALUES (764, '2020-05-06', '2020-05-09', '2V3-065', NULL);
INSERT INTO booking VALUES (1, 764, '2020-05-06', '2020-05-06', 1764, 764, '2V3-065');
INSERT INTO availability VALUES (765, '2020-05-07', '2020-05-10', '2V3-066', NULL);
INSERT INTO booking VALUES (1, 765, '2020-05-07', '2020-05-08', 1765, 765, '2V3-066');
INSERT INTO availability VALUES (766, '2020-05-08', '2020-05-11', '2V3-067', NULL);
INSERT INTO booking VALUES (1, 766, '2020-05-08', '2020-05-10', 1766, 766, '2V3-067');
INSERT INTO availability VALUES (767, '2020-05-09', '2020-05-12', '2V3-068', NULL);
INSERT INTO booking VALUES (1, 767, '2020-05-09', '2020-05-10', 1767, 767, '2V3-068');
INSERT INTO availability VALUES (768, '2020-05-10', '2020-05-13', '2V3-069', NULL);
INSERT INTO booking VALUES (1, 768, '2020-05-10', '2020-05-10', 1768, 768, '2V3-069');
INSERT INTO availability VALUES (769, '2020-05-11', '2020-05-14', '2V3-070', NULL);
INSERT INTO booking VALUES (1, 769, '2020-05-11', '2020-05-11', 1769, 769, '2V3-070');
INSERT INTO availability VALUES (770, '2020-05-12', '2020-05-15', '2V3-071', NULL);
INSERT INTO booking VALUES (1, 770, '2020-05-12', '2020-05-14', 1770, 770, '2V3-071');
INSERT INTO availability VALUES (771, '2020-05-13', '2020-05-16', '2V3-072', NULL);
INSERT INTO booking VALUES (1, 771, '2020-05-13', '2020-05-14', 1771, 771, '2V3-072');
INSERT INTO availability VALUES (772, '2020-05-14', '2020-05-17', '2V3-073', NULL);
INSERT INTO booking VALUES (1, 772, '2020-05-14', '2020-05-14', 1772, 772, '2V3-073');
INSERT INTO availability VALUES (773, '2020-05-15', '2020-05-18', '2V3-074', NULL);
INSERT INTO booking VALUES (1, 773, '2020-05-15', '2020-05-16', 1773, 773, '2V3-074');
INSERT INTO availability VALUES (774, '2020-05-16', '2020-05-19', '2V3-075', NULL);
INSERT INTO booking VALUES (1, 774, '2020-05-16', '2020-05-16', 1774, 774, '2V3-075');
INSERT INTO availability VALUES (775, '2020-05-17', '2020-05-20', '2V3-076', NULL);
INSERT INTO booking VALUES (1, 775, '2020-05-17', '2020-05-19', 1775, 775, '2V3-076');
INSERT INTO availability VALUES (776, '2020-05-18', '2020-05-21', '2V3-077', NULL);
INSERT INTO booking VALUES (1, 776, '2020-05-18', '2020-05-20', 1776, 776, '2V3-077');
INSERT INTO availability VALUES (777, '2020-05-19', '2020-05-22', '2V3-078', 'Youll see it when you believe it.');
INSERT INTO booking VALUES (1, 777, '2020-05-19', '2020-05-19', 1777, 777, '2V3-078');
INSERT INTO availability VALUES (778, '2020-05-20', '2020-05-23', '2V3-079', 'From error to error one discovers the entire truth.');
INSERT INTO booking VALUES (1, 778, '2020-05-20', '2020-05-22', 1778, 778, '2V3-079');
INSERT INTO availability VALUES (779, '2020-05-21', '2020-05-24', '2V3-080', NULL);
INSERT INTO booking VALUES (1, 779, '2020-05-21', '2020-05-22', 1779, 779, '2V3-080');
INSERT INTO availability VALUES (780, '2020-03-23', '2020-03-26', '2V3-081', NULL);
INSERT INTO booking VALUES (1, 780, '2020-03-23', '2020-03-23', 1780, 780, '2V3-081');
INSERT INTO availability VALUES (781, '2020-03-24', '2020-03-27', '2V3-082', NULL);
INSERT INTO booking VALUES (1, 781, '2020-03-24', '2020-03-26', 1781, 781, '2V3-082');
INSERT INTO availability VALUES (782, '2020-03-25', '2020-03-28', '2V3-083', 'A house divided against itself cannot stand.');
INSERT INTO booking VALUES (1, 782, '2020-03-25', '2020-03-25', 1782, 782, '2V3-083');
INSERT INTO availability VALUES (783, '2020-03-26', '2020-03-29', '2V3-084', NULL);
INSERT INTO booking VALUES (1, 783, '2020-03-26', '2020-03-26', 1783, 783, '2V3-084');
INSERT INTO availability VALUES (784, '2020-03-27', '2020-03-30', '2V3-085', 'Youll see it when you believe it.');
INSERT INTO booking VALUES (1, 784, '2020-03-27', '2020-03-27', 1784, 784, '2V3-085');
INSERT INTO availability VALUES (785, '2020-03-28', '2020-03-31', '2V3-086', NULL);
INSERT INTO booking VALUES (1, 785, '2020-03-28', '2020-03-28', 1785, 785, '2V3-086');
INSERT INTO availability VALUES (786, '2020-03-29', '2020-04-01', '2V3-087', NULL);
INSERT INTO booking VALUES (1, 786, '2020-03-29', '2020-03-31', 1786, 786, '2V3-087');
INSERT INTO availability VALUES (787, '2020-03-30', '2020-04-02', '2V3-088', NULL);
INSERT INTO booking VALUES (1, 787, '2020-03-30', '2020-04-01', 1787, 787, '2V3-088');
INSERT INTO availability VALUES (788, '2020-03-31', '2020-04-03', '2V3-089', NULL);
INSERT INTO booking VALUES (1, 788, '2020-03-31', '2020-03-31', 1788, 788, '2V3-089');
INSERT INTO availability VALUES (789, '2020-04-01', '2020-04-04', '2V3-090', NULL);
INSERT INTO booking VALUES (1, 789, '2020-04-01', '2020-04-03', 1789, 789, '2V3-090');
INSERT INTO availability VALUES (790, '2020-04-02', '2020-04-05', '2V3-091', NULL);
INSERT INTO booking VALUES (1, 790, '2020-04-02', '2020-04-04', 1790, 790, '2V3-091');
INSERT INTO availability VALUES (791, '2020-04-03', '2020-04-06', '2V3-092', 'From error to error one discovers the entire truth.');
INSERT INTO booking VALUES (1, 791, '2020-04-03', '2020-04-05', 1791, 791, '2V3-092');
INSERT INTO availability VALUES (792, '2020-04-04', '2020-04-07', '2V3-093', NULL);
INSERT INTO booking VALUES (1, 792, '2020-04-04', '2020-04-04', 1792, 792, '2V3-093');
INSERT INTO availability VALUES (793, '2020-04-05', '2020-04-08', '2V3-094', NULL);
INSERT INTO booking VALUES (1, 793, '2020-04-05', '2020-04-06', 1793, 793, '2V3-094');
INSERT INTO availability VALUES (794, '2020-04-06', '2020-04-09', '2V3-095', NULL);
INSERT INTO booking VALUES (1, 794, '2020-04-06', '2020-04-08', 1794, 794, '2V3-095');
INSERT INTO availability VALUES (795, '2020-04-07', '2020-04-10', '2V3-096', NULL);
INSERT INTO booking VALUES (1, 795, '2020-04-07', '2020-04-07', 1795, 795, '2V3-096');
INSERT INTO availability VALUES (796, '2020-04-08', '2020-04-11', '2V3-097', NULL);
INSERT INTO booking VALUES (1, 796, '2020-04-08', '2020-04-09', 1796, 796, '2V3-097');
INSERT INTO availability VALUES (797, '2020-04-09', '2020-04-12', '2V3-098', NULL);
INSERT INTO booking VALUES (1, 797, '2020-04-09', '2020-04-09', 1797, 797, '2V3-098');
INSERT INTO availability VALUES (798, '2020-04-10', '2020-04-13', '2V3-099', NULL);
INSERT INTO booking VALUES (1, 798, '2020-04-10', '2020-04-11', 1798, 798, '2V3-099');
INSERT INTO availability VALUES (799, '2020-04-11', '2020-04-14', '2V3-100', NULL);
INSERT INTO booking VALUES (1, 799, '2020-04-11', '2020-04-11', 1799, 799, '2V3-100');
INSERT INTO availability VALUES (800, '2020-04-12', '2020-04-15', '2V4-001', NULL);
INSERT INTO booking VALUES (1, 800, '2020-04-12', '2020-04-12', 1800, 800, '2V4-001');
INSERT INTO availability VALUES (801, '2020-04-13', '2020-04-16', '2V4-002', NULL);
INSERT INTO booking VALUES (1, 801, '2020-04-13', '2020-04-15', 1801, 801, '2V4-002');
INSERT INTO availability VALUES (802, '2020-04-14', '2020-04-17', '2V4-003', NULL);
INSERT INTO booking VALUES (1, 802, '2020-04-14', '2020-04-15', 1802, 802, '2V4-003');
INSERT INTO availability VALUES (803, '2020-04-15', '2020-04-18', '2V4-004', NULL);
INSERT INTO booking VALUES (1, 803, '2020-04-15', '2020-04-17', 1803, 803, '2V4-004');
INSERT INTO availability VALUES (804, '2020-04-16', '2020-04-19', '2V4-005', NULL);
INSERT INTO booking VALUES (1, 804, '2020-04-16', '2020-04-16', 1804, 804, '2V4-005');
INSERT INTO availability VALUES (805, '2020-04-17', '2020-04-20', '2V4-006', NULL);
INSERT INTO booking VALUES (1, 805, '2020-04-17', '2020-04-19', 1805, 805, '2V4-006');
INSERT INTO availability VALUES (806, '2020-04-18', '2020-04-21', '2V4-007', 'Genius is one percent inspiration and ninety-nine percent perspiration.');
INSERT INTO booking VALUES (1, 806, '2020-04-18', '2020-04-18', 1806, 806, '2V4-007');
INSERT INTO availability VALUES (807, '2020-04-19', '2020-04-22', '2V4-008', NULL);
INSERT INTO booking VALUES (1, 807, '2020-04-19', '2020-04-20', 1807, 807, '2V4-008');
INSERT INTO availability VALUES (808, '2020-04-20', '2020-04-23', '2V4-009', NULL);
INSERT INTO booking VALUES (1, 808, '2020-04-20', '2020-04-20', 1808, 808, '2V4-009');
INSERT INTO availability VALUES (809, '2020-04-21', '2020-04-24', '2V4-010', NULL);
INSERT INTO booking VALUES (1, 809, '2020-04-21', '2020-04-23', 1809, 809, '2V4-010');
INSERT INTO availability VALUES (810, '2020-04-22', '2020-04-25', '2V4-011', NULL);
INSERT INTO booking VALUES (1, 810, '2020-04-22', '2020-04-24', 1810, 810, '2V4-011');
INSERT INTO availability VALUES (811, '2020-04-23', '2020-04-26', '2V4-012', NULL);
INSERT INTO booking VALUES (1, 811, '2020-04-23', '2020-04-23', 1811, 811, '2V4-012');
INSERT INTO availability VALUES (812, '2020-04-24', '2020-04-27', '2V4-013', NULL);
INSERT INTO booking VALUES (1, 812, '2020-04-24', '2020-04-24', 1812, 812, '2V4-013');
INSERT INTO availability VALUES (813, '2020-04-25', '2020-04-28', '2V4-014', NULL);
INSERT INTO booking VALUES (1, 813, '2020-04-25', '2020-04-27', 1813, 813, '2V4-014');
INSERT INTO availability VALUES (814, '2020-04-26', '2020-04-29', '2V4-015', NULL);
INSERT INTO booking VALUES (1, 814, '2020-04-26', '2020-04-27', 1814, 814, '2V4-015');
INSERT INTO availability VALUES (815, '2020-04-27', '2020-04-30', '2V4-016', NULL);
INSERT INTO booking VALUES (1, 815, '2020-04-27', '2020-04-28', 1815, 815, '2V4-016');
INSERT INTO availability VALUES (816, '2020-04-28', '2020-05-01', '2V4-017', 'A house divided against itself cannot stand.');
INSERT INTO booking VALUES (1, 816, '2020-04-28', '2020-04-28', 1816, 816, '2V4-017');
INSERT INTO availability VALUES (817, '2020-04-29', '2020-05-02', '2V4-018', 'Everything in life is luck.');
INSERT INTO booking VALUES (1, 817, '2020-04-29', '2020-04-30', 1817, 817, '2V4-018');
INSERT INTO availability VALUES (818, '2020-04-30', '2020-05-03', '2V4-019', 'Youll see it when you believe it.');
INSERT INTO booking VALUES (1, 818, '2020-04-30', '2020-05-02', 1818, 818, '2V4-019');
INSERT INTO availability VALUES (819, '2020-05-01', '2020-05-04', '2V4-020', NULL);
INSERT INTO booking VALUES (1, 819, '2020-05-01', '2020-05-01', 1819, 819, '2V4-020');
INSERT INTO availability VALUES (820, '2020-05-02', '2020-05-05', '2V4-021', NULL);
INSERT INTO booking VALUES (1, 820, '2020-05-02', '2020-05-03', 1820, 820, '2V4-021');
INSERT INTO availability VALUES (821, '2020-05-03', '2020-05-06', '2V4-022', NULL);
INSERT INTO booking VALUES (1, 821, '2020-05-03', '2020-05-04', 1821, 821, '2V4-022');
INSERT INTO availability VALUES (822, '2020-05-04', '2020-05-07', '2V4-023', NULL);
INSERT INTO booking VALUES (1, 822, '2020-05-04', '2020-05-06', 1822, 822, '2V4-023');
INSERT INTO availability VALUES (823, '2020-05-05', '2020-05-08', '2V4-024', 'Well begun is half done.');
INSERT INTO booking VALUES (1, 823, '2020-05-05', '2020-05-05', 1823, 823, '2V4-024');
INSERT INTO availability VALUES (824, '2020-05-06', '2020-05-09', '2V4-025', NULL);
INSERT INTO booking VALUES (1, 824, '2020-05-06', '2020-05-08', 1824, 824, '2V4-025');
INSERT INTO availability VALUES (825, '2020-05-07', '2020-05-10', '2V4-026', NULL);
INSERT INTO booking VALUES (1, 825, '2020-05-07', '2020-05-09', 1825, 825, '2V4-026');
INSERT INTO availability VALUES (826, '2020-05-08', '2020-05-11', '2V4-027', NULL);
INSERT INTO booking VALUES (1, 826, '2020-05-08', '2020-05-09', 1826, 826, '2V4-027');
INSERT INTO availability VALUES (827, '2020-05-09', '2020-05-12', '2V4-028', NULL);
INSERT INTO booking VALUES (1, 827, '2020-05-09', '2020-05-10', 1827, 827, '2V4-028');
INSERT INTO availability VALUES (828, '2020-05-10', '2020-05-13', '2V4-029', NULL);
INSERT INTO booking VALUES (1, 828, '2020-05-10', '2020-05-10', 1828, 828, '2V4-029');
INSERT INTO availability VALUES (829, '2020-05-11', '2020-05-14', '2V4-030', NULL);
INSERT INTO booking VALUES (1, 829, '2020-05-11', '2020-05-11', 1829, 829, '2V4-030');
INSERT INTO availability VALUES (830, '2020-05-12', '2020-05-15', '2V4-031', NULL);
INSERT INTO booking VALUES (1, 830, '2020-05-12', '2020-05-12', 1830, 830, '2V4-031');
INSERT INTO availability VALUES (831, '2020-05-13', '2020-05-16', '2V4-032', NULL);
INSERT INTO booking VALUES (1, 831, '2020-05-13', '2020-05-14', 1831, 831, '2V4-032');
INSERT INTO availability VALUES (832, '2020-05-14', '2020-05-17', '2V4-033', NULL);
INSERT INTO booking VALUES (1, 832, '2020-05-14', '2020-05-14', 1832, 832, '2V4-033');
INSERT INTO availability VALUES (833, '2020-05-15', '2020-05-18', '2V4-034', 'Doing nothing is better than being busy doing nothing.');
INSERT INTO booking VALUES (1, 833, '2020-05-15', '2020-05-15', 1833, 833, '2V4-034');
INSERT INTO availability VALUES (834, '2020-05-16', '2020-05-19', '2V4-035', 'Its easier to see the mistakes on someone elses paper.');
INSERT INTO booking VALUES (1, 834, '2020-05-16', '2020-05-17', 1834, 834, '2V4-035');
INSERT INTO availability VALUES (835, '2020-05-17', '2020-05-20', '2V4-036', NULL);
INSERT INTO booking VALUES (1, 835, '2020-05-17', '2020-05-17', 1835, 835, '2V4-036');
INSERT INTO availability VALUES (836, '2020-05-18', '2020-05-21', '2V4-037', NULL);
INSERT INTO booking VALUES (1, 836, '2020-05-18', '2020-05-20', 1836, 836, '2V4-037');
INSERT INTO availability VALUES (837, '2020-05-19', '2020-05-22', '2V4-038', NULL);
INSERT INTO booking VALUES (1, 837, '2020-05-19', '2020-05-20', 1837, 837, '2V4-038');
INSERT INTO availability VALUES (838, '2020-05-20', '2020-05-23', '2V4-039', NULL);
INSERT INTO booking VALUES (1, 838, '2020-05-20', '2020-05-20', 1838, 838, '2V4-039');
INSERT INTO availability VALUES (839, '2020-05-21', '2020-05-24', '2V4-040', NULL);
INSERT INTO booking VALUES (1, 839, '2020-05-21', '2020-05-21', 1839, 839, '2V4-040');
INSERT INTO availability VALUES (840, '2020-03-23', '2020-03-26', '2V4-041', NULL);
INSERT INTO booking VALUES (1, 840, '2020-03-23', '2020-03-23', 1840, 840, '2V4-041');
INSERT INTO availability VALUES (841, '2020-03-24', '2020-03-27', '2V4-042', NULL);
INSERT INTO booking VALUES (1, 841, '2020-03-24', '2020-03-25', 1841, 841, '2V4-042');
INSERT INTO availability VALUES (842, '2020-03-25', '2020-03-28', '2V4-043', NULL);
INSERT INTO booking VALUES (1, 842, '2020-03-25', '2020-03-25', 1842, 842, '2V4-043');
INSERT INTO availability VALUES (843, '2020-03-26', '2020-03-29', '2V4-044', NULL);
INSERT INTO booking VALUES (1, 843, '2020-03-26', '2020-03-27', 1843, 843, '2V4-044');
INSERT INTO availability VALUES (844, '2020-03-27', '2020-03-30', '2V4-045', 'Study the past... if you would divine the future.');
INSERT INTO booking VALUES (1, 844, '2020-03-27', '2020-03-28', 1844, 844, '2V4-045');
INSERT INTO availability VALUES (845, '2020-03-28', '2020-03-31', '2V4-046', NULL);
INSERT INTO booking VALUES (1, 845, '2020-03-28', '2020-03-30', 1845, 845, '2V4-046');
INSERT INTO availability VALUES (846, '2020-03-29', '2020-04-01', '2V4-047', 'Trust yourself. You know more than you think you do.');
INSERT INTO booking VALUES (1, 846, '2020-03-29', '2020-03-30', 1846, 846, '2V4-047');
INSERT INTO availability VALUES (847, '2020-03-30', '2020-04-02', '2V4-048', NULL);
INSERT INTO booking VALUES (1, 847, '2020-03-30', '2020-03-31', 1847, 847, '2V4-048');
INSERT INTO availability VALUES (848, '2020-03-31', '2020-04-03', '2V4-049', NULL);
INSERT INTO booking VALUES (1, 848, '2020-03-31', '2020-04-02', 1848, 848, '2V4-049');
INSERT INTO availability VALUES (849, '2020-04-01', '2020-04-04', '2V4-050', NULL);
INSERT INTO booking VALUES (1, 849, '2020-04-01', '2020-04-01', 1849, 849, '2V4-050');
INSERT INTO availability VALUES (850, '2020-04-02', '2020-04-05', '2V4-051', NULL);
INSERT INTO booking VALUES (1, 850, '2020-04-02', '2020-04-04', 1850, 850, '2V4-051');
INSERT INTO availability VALUES (851, '2020-04-03', '2020-04-06', '2V4-052', NULL);
INSERT INTO booking VALUES (1, 851, '2020-04-03', '2020-04-05', 1851, 851, '2V4-052');
INSERT INTO availability VALUES (852, '2020-04-04', '2020-04-07', '2V4-053', NULL);
INSERT INTO booking VALUES (1, 852, '2020-04-04', '2020-04-05', 1852, 852, '2V4-053');
INSERT INTO availability VALUES (853, '2020-04-05', '2020-04-08', '2V4-054', NULL);
INSERT INTO booking VALUES (1, 853, '2020-04-05', '2020-04-06', 1853, 853, '2V4-054');
INSERT INTO availability VALUES (854, '2020-04-06', '2020-04-09', '2V4-055', NULL);
INSERT INTO booking VALUES (1, 854, '2020-04-06', '2020-04-07', 1854, 854, '2V4-055');
INSERT INTO availability VALUES (855, '2020-04-07', '2020-04-10', '2V4-056', NULL);
INSERT INTO booking VALUES (1, 855, '2020-04-07', '2020-04-08', 1855, 855, '2V4-056');
INSERT INTO availability VALUES (856, '2020-04-08', '2020-04-11', '2V4-057', NULL);
INSERT INTO booking VALUES (1, 856, '2020-04-08', '2020-04-08', 1856, 856, '2V4-057');
INSERT INTO availability VALUES (857, '2020-04-09', '2020-04-12', '2V4-058', NULL);
INSERT INTO booking VALUES (1, 857, '2020-04-09', '2020-04-09', 1857, 857, '2V4-058');
INSERT INTO availability VALUES (858, '2020-04-10', '2020-04-13', '2V4-059', NULL);
INSERT INTO booking VALUES (1, 858, '2020-04-10', '2020-04-12', 1858, 858, '2V4-059');
INSERT INTO availability VALUES (859, '2020-04-11', '2020-04-14', '2V4-060', 'Difficulties increase the nearer we get to the goal.');
INSERT INTO booking VALUES (1, 859, '2020-04-11', '2020-04-11', 1859, 859, '2V4-060');
INSERT INTO availability VALUES (860, '2020-04-12', '2020-04-15', '2V4-061', 'Be the chief but never the lord.');
INSERT INTO booking VALUES (1, 860, '2020-04-12', '2020-04-13', 1860, 860, '2V4-061');
INSERT INTO availability VALUES (861, '2020-04-13', '2020-04-16', '2V4-062', NULL);
INSERT INTO booking VALUES (1, 861, '2020-04-13', '2020-04-15', 1861, 861, '2V4-062');
INSERT INTO availability VALUES (862, '2020-04-14', '2020-04-17', '2V4-063', NULL);
INSERT INTO booking VALUES (1, 862, '2020-04-14', '2020-04-14', 1862, 862, '2V4-063');
INSERT INTO availability VALUES (863, '2020-04-15', '2020-04-18', '2V4-064', 'Difficulties increase the nearer we get to the goal.');
INSERT INTO booking VALUES (1, 863, '2020-04-15', '2020-04-15', 1863, 863, '2V4-064');
INSERT INTO availability VALUES (864, '2020-04-16', '2020-04-19', '2V4-065', NULL);
INSERT INTO booking VALUES (1, 864, '2020-04-16', '2020-04-18', 1864, 864, '2V4-065');
INSERT INTO availability VALUES (865, '2020-04-17', '2020-04-20', '2V4-066', NULL);
INSERT INTO booking VALUES (1, 865, '2020-04-17', '2020-04-18', 1865, 865, '2V4-066');
INSERT INTO availability VALUES (866, '2020-04-18', '2020-04-21', '2V4-067', NULL);
INSERT INTO booking VALUES (1, 866, '2020-04-18', '2020-04-18', 1866, 866, '2V4-067');
INSERT INTO availability VALUES (867, '2020-04-19', '2020-04-22', '2V4-068', 'Everything in life is luck.');
INSERT INTO booking VALUES (1, 867, '2020-04-19', '2020-04-19', 1867, 867, '2V4-068');
INSERT INTO availability VALUES (868, '2020-04-20', '2020-04-23', '2V4-069', NULL);
INSERT INTO booking VALUES (1, 868, '2020-04-20', '2020-04-20', 1868, 868, '2V4-069');
INSERT INTO availability VALUES (869, '2020-04-21', '2020-04-24', '2V4-070', NULL);
INSERT INTO booking VALUES (1, 869, '2020-04-21', '2020-04-21', 1869, 869, '2V4-070');
INSERT INTO availability VALUES (870, '2020-04-22', '2020-04-25', '2V4-071', NULL);
INSERT INTO booking VALUES (1, 870, '2020-04-22', '2020-04-24', 1870, 870, '2V4-071');
INSERT INTO availability VALUES (871, '2020-04-23', '2020-04-26', '2V4-072', 'Difficulties increase the nearer we get to the goal.');
INSERT INTO booking VALUES (1, 871, '2020-04-23', '2020-04-25', 1871, 871, '2V4-072');
INSERT INTO availability VALUES (872, '2020-04-24', '2020-04-27', '2V4-073', NULL);
INSERT INTO booking VALUES (1, 872, '2020-04-24', '2020-04-25', 1872, 872, '2V4-073');
INSERT INTO availability VALUES (873, '2020-04-25', '2020-04-28', '2V4-074', NULL);
INSERT INTO booking VALUES (1, 873, '2020-04-25', '2020-04-25', 1873, 873, '2V4-074');
INSERT INTO availability VALUES (874, '2020-04-26', '2020-04-29', '2V4-075', NULL);
INSERT INTO booking VALUES (1, 874, '2020-04-26', '2020-04-28', 1874, 874, '2V4-075');
INSERT INTO availability VALUES (875, '2020-04-27', '2020-04-30', '2V4-076', NULL);
INSERT INTO booking VALUES (1, 875, '2020-04-27', '2020-04-27', 1875, 875, '2V4-076');
INSERT INTO availability VALUES (876, '2020-04-28', '2020-05-01', '2V4-077', NULL);
INSERT INTO booking VALUES (1, 876, '2020-04-28', '2020-04-29', 1876, 876, '2V4-077');
INSERT INTO availability VALUES (877, '2020-04-29', '2020-05-02', '2V4-078', NULL);
INSERT INTO booking VALUES (1, 877, '2020-04-29', '2020-05-01', 1877, 877, '2V4-078');
INSERT INTO availability VALUES (878, '2020-04-30', '2020-05-03', '2V4-079', NULL);
INSERT INTO booking VALUES (1, 878, '2020-04-30', '2020-04-30', 1878, 878, '2V4-079');
INSERT INTO availability VALUES (879, '2020-05-01', '2020-05-04', '2V4-080', NULL);
INSERT INTO booking VALUES (1, 879, '2020-05-01', '2020-05-01', 1879, 879, '2V4-080');
INSERT INTO availability VALUES (880, '2020-05-02', '2020-05-05', '2V4-081', NULL);
INSERT INTO booking VALUES (1, 880, '2020-05-02', '2020-05-04', 1880, 880, '2V4-081');
INSERT INTO availability VALUES (881, '2020-05-03', '2020-05-06', '2V4-082', NULL);
INSERT INTO booking VALUES (1, 881, '2020-05-03', '2020-05-03', 1881, 881, '2V4-082');
INSERT INTO availability VALUES (882, '2020-05-04', '2020-05-07', '2V4-083', 'Well begun is half done.');
INSERT INTO booking VALUES (1, 882, '2020-05-04', '2020-05-05', 1882, 882, '2V4-083');
INSERT INTO availability VALUES (883, '2020-05-05', '2020-05-08', '2V4-084', NULL);
INSERT INTO booking VALUES (1, 883, '2020-05-05', '2020-05-06', 1883, 883, '2V4-084');
INSERT INTO availability VALUES (884, '2020-05-06', '2020-05-09', '2V4-085', NULL);
INSERT INTO booking VALUES (1, 884, '2020-05-06', '2020-05-06', 1884, 884, '2V4-085');
INSERT INTO availability VALUES (885, '2020-05-07', '2020-05-10', '2V4-086', NULL);
INSERT INTO booking VALUES (1, 885, '2020-05-07', '2020-05-08', 1885, 885, '2V4-086');
INSERT INTO availability VALUES (886, '2020-05-08', '2020-05-11', '2V4-087', NULL);
INSERT INTO booking VALUES (1, 886, '2020-05-08', '2020-05-08', 1886, 886, '2V4-087');
INSERT INTO availability VALUES (887, '2020-05-09', '2020-05-12', '2V4-088', NULL);
INSERT INTO booking VALUES (1, 887, '2020-05-09', '2020-05-10', 1887, 887, '2V4-088');
INSERT INTO availability VALUES (888, '2020-05-10', '2020-05-13', '2V4-089', NULL);
INSERT INTO booking VALUES (1, 888, '2020-05-10', '2020-05-12', 1888, 888, '2V4-089');
INSERT INTO availability VALUES (889, '2020-05-11', '2020-05-14', '2V4-090', NULL);
INSERT INTO booking VALUES (1, 889, '2020-05-11', '2020-05-12', 1889, 889, '2V4-090');
INSERT INTO availability VALUES (890, '2020-05-12', '2020-05-15', '2V4-091', NULL);
INSERT INTO booking VALUES (1, 890, '2020-05-12', '2020-05-12', 1890, 890, '2V4-091');
INSERT INTO availability VALUES (891, '2020-05-13', '2020-05-16', '2V4-092', NULL);
INSERT INTO booking VALUES (1, 891, '2020-05-13', '2020-05-15', 1891, 891, '2V4-092');
INSERT INTO availability VALUES (892, '2020-05-14', '2020-05-17', '2V4-093', NULL);
INSERT INTO booking VALUES (1, 892, '2020-05-14', '2020-05-16', 1892, 892, '2V4-093');
INSERT INTO availability VALUES (893, '2020-05-15', '2020-05-18', '2V4-094', NULL);
INSERT INTO booking VALUES (1, 893, '2020-05-15', '2020-05-16', 1893, 893, '2V4-094');
INSERT INTO availability VALUES (894, '2020-05-16', '2020-05-19', '2V4-095', NULL);
INSERT INTO booking VALUES (1, 894, '2020-05-16', '2020-05-17', 1894, 894, '2V4-095');
INSERT INTO availability VALUES (895, '2020-05-17', '2020-05-20', '2V4-096', NULL);
INSERT INTO booking VALUES (1, 895, '2020-05-17', '2020-05-18', 1895, 895, '2V4-096');
INSERT INTO availability VALUES (896, '2020-05-18', '2020-05-21', '2V4-097', 'Self-complacency is fatal to progress.');
INSERT INTO booking VALUES (1, 896, '2020-05-18', '2020-05-20', 1896, 896, '2V4-097');
INSERT INTO availability VALUES (897, '2020-05-19', '2020-05-22', '2V4-098', NULL);
INSERT INTO booking VALUES (1, 897, '2020-05-19', '2020-05-20', 1897, 897, '2V4-098');
INSERT INTO availability VALUES (898, '2020-05-20', '2020-05-23', '2V4-099', NULL);
INSERT INTO booking VALUES (1, 898, '2020-05-20', '2020-05-22', 1898, 898, '2V4-099');
INSERT INTO availability VALUES (899, '2020-05-21', '2020-05-24', '2V4-100', 'A house divided against itself cannot stand.');
INSERT INTO booking VALUES (1, 899, '2020-05-21', '2020-05-23', 1899, 899, '2V4-100');
INSERT INTO availability VALUES (900, '2020-03-23', '2020-03-26', '2V5-001', NULL);
INSERT INTO booking VALUES (1, 900, '2020-03-23', '2020-03-25', 1900, 900, '2V5-001');
INSERT INTO availability VALUES (901, '2020-03-24', '2020-03-27', '2V5-002', NULL);
INSERT INTO booking VALUES (1, 901, '2020-03-24', '2020-03-26', 1901, 901, '2V5-002');
INSERT INTO availability VALUES (902, '2020-03-25', '2020-03-28', '2V5-003', NULL);
INSERT INTO booking VALUES (1, 902, '2020-03-25', '2020-03-25', 1902, 902, '2V5-003');
INSERT INTO availability VALUES (903, '2020-03-26', '2020-03-29', '2V5-004', NULL);
INSERT INTO booking VALUES (1, 903, '2020-03-26', '2020-03-27', 1903, 903, '2V5-004');
INSERT INTO availability VALUES (904, '2020-03-27', '2020-03-30', '2V5-005', NULL);
INSERT INTO booking VALUES (1, 904, '2020-03-27', '2020-03-28', 1904, 904, '2V5-005');
INSERT INTO availability VALUES (905, '2020-03-28', '2020-03-31', '2V5-006', NULL);
INSERT INTO booking VALUES (1, 905, '2020-03-28', '2020-03-28', 1905, 905, '2V5-006');
INSERT INTO availability VALUES (906, '2020-03-29', '2020-04-01', '2V5-007', NULL);
INSERT INTO booking VALUES (1, 906, '2020-03-29', '2020-03-30', 1906, 906, '2V5-007');
INSERT INTO availability VALUES (907, '2020-03-30', '2020-04-02', '2V5-008', NULL);
INSERT INTO booking VALUES (1, 907, '2020-03-30', '2020-03-30', 1907, 907, '2V5-008');
INSERT INTO availability VALUES (908, '2020-03-31', '2020-04-03', '2V5-009', NULL);
INSERT INTO booking VALUES (1, 908, '2020-03-31', '2020-03-31', 1908, 908, '2V5-009');
INSERT INTO availability VALUES (909, '2020-04-01', '2020-04-04', '2V5-010', NULL);
INSERT INTO booking VALUES (1, 909, '2020-04-01', '2020-04-03', 1909, 909, '2V5-010');
INSERT INTO availability VALUES (910, '2020-04-02', '2020-04-05', '2V5-011', NULL);
INSERT INTO booking VALUES (1, 910, '2020-04-02', '2020-04-02', 1910, 910, '2V5-011');
INSERT INTO availability VALUES (911, '2020-04-03', '2020-04-06', '2V5-012', NULL);
INSERT INTO booking VALUES (1, 911, '2020-04-03', '2020-04-03', 1911, 911, '2V5-012');
INSERT INTO availability VALUES (912, '2020-04-04', '2020-04-07', '2V5-013', NULL);
INSERT INTO booking VALUES (1, 912, '2020-04-04', '2020-04-04', 1912, 912, '2V5-013');
INSERT INTO availability VALUES (913, '2020-04-05', '2020-04-08', '2V5-014', NULL);
INSERT INTO booking VALUES (1, 913, '2020-04-05', '2020-04-06', 1913, 913, '2V5-014');
INSERT INTO availability VALUES (914, '2020-04-06', '2020-04-09', '2V5-015', NULL);
INSERT INTO booking VALUES (1, 914, '2020-04-06', '2020-04-07', 1914, 914, '2V5-015');
INSERT INTO availability VALUES (915, '2020-04-07', '2020-04-10', '2V5-016', NULL);
INSERT INTO booking VALUES (1, 915, '2020-04-07', '2020-04-09', 1915, 915, '2V5-016');
INSERT INTO availability VALUES (916, '2020-04-08', '2020-04-11', '2V5-017', NULL);
INSERT INTO booking VALUES (1, 916, '2020-04-08', '2020-04-08', 1916, 916, '2V5-017');
INSERT INTO availability VALUES (917, '2020-04-09', '2020-04-12', '2V5-018', NULL);
INSERT INTO booking VALUES (1, 917, '2020-04-09', '2020-04-10', 1917, 917, '2V5-018');
INSERT INTO availability VALUES (918, '2020-04-10', '2020-04-13', '2V5-019', NULL);
INSERT INTO booking VALUES (1, 918, '2020-04-10', '2020-04-11', 1918, 918, '2V5-019');
INSERT INTO availability VALUES (919, '2020-04-11', '2020-04-14', '2V5-020', NULL);
INSERT INTO booking VALUES (1, 919, '2020-04-11', '2020-04-12', 1919, 919, '2V5-020');
INSERT INTO availability VALUES (920, '2020-04-12', '2020-04-15', '2V5-021', NULL);
INSERT INTO booking VALUES (1, 920, '2020-04-12', '2020-04-13', 1920, 920, '2V5-021');
INSERT INTO availability VALUES (921, '2020-04-13', '2020-04-16', '2V5-022', NULL);
INSERT INTO booking VALUES (1, 921, '2020-04-13', '2020-04-14', 1921, 921, '2V5-022');
INSERT INTO availability VALUES (922, '2020-04-14', '2020-04-17', '2V5-023', NULL);
INSERT INTO booking VALUES (1, 922, '2020-04-14', '2020-04-15', 1922, 922, '2V5-023');
INSERT INTO availability VALUES (923, '2020-04-15', '2020-04-18', '2V5-024', NULL);
INSERT INTO booking VALUES (1, 923, '2020-04-15', '2020-04-16', 1923, 923, '2V5-024');
INSERT INTO availability VALUES (924, '2020-04-16', '2020-04-19', '2V5-025', NULL);
INSERT INTO booking VALUES (1, 924, '2020-04-16', '2020-04-16', 1924, 924, '2V5-025');
INSERT INTO availability VALUES (925, '2020-04-17', '2020-04-20', '2V5-026', NULL);
INSERT INTO booking VALUES (1, 925, '2020-04-17', '2020-04-19', 1925, 925, '2V5-026');
INSERT INTO availability VALUES (926, '2020-04-18', '2020-04-21', '2V5-027', 'Study the past... if you would divine the future.');
INSERT INTO booking VALUES (1, 926, '2020-04-18', '2020-04-20', 1926, 926, '2V5-027');
INSERT INTO availability VALUES (927, '2020-04-19', '2020-04-22', '2V5-028', NULL);
INSERT INTO booking VALUES (1, 927, '2020-04-19', '2020-04-20', 1927, 927, '2V5-028');
INSERT INTO availability VALUES (928, '2020-04-20', '2020-04-23', '2V5-029', NULL);
INSERT INTO booking VALUES (1, 928, '2020-04-20', '2020-04-20', 1928, 928, '2V5-029');
INSERT INTO availability VALUES (929, '2020-04-21', '2020-04-24', '2V5-030', NULL);
INSERT INTO booking VALUES (1, 929, '2020-04-21', '2020-04-21', 1929, 929, '2V5-030');
INSERT INTO availability VALUES (930, '2020-04-22', '2020-04-25', '2V5-031', NULL);
INSERT INTO booking VALUES (1, 930, '2020-04-22', '2020-04-22', 1930, 930, '2V5-031');
INSERT INTO availability VALUES (931, '2020-04-23', '2020-04-26', '2V5-032', NULL);
INSERT INTO booking VALUES (1, 931, '2020-04-23', '2020-04-23', 1931, 931, '2V5-032');
INSERT INTO availability VALUES (932, '2020-04-24', '2020-04-27', '2V5-033', NULL);
INSERT INTO booking VALUES (1, 932, '2020-04-24', '2020-04-25', 1932, 932, '2V5-033');
INSERT INTO availability VALUES (933, '2020-04-25', '2020-04-28', '2V5-034', NULL);
INSERT INTO booking VALUES (1, 933, '2020-04-25', '2020-04-25', 1933, 933, '2V5-034');
INSERT INTO availability VALUES (934, '2020-04-26', '2020-04-29', '2V5-035', NULL);
INSERT INTO booking VALUES (1, 934, '2020-04-26', '2020-04-26', 1934, 934, '2V5-035');
INSERT INTO availability VALUES (935, '2020-04-27', '2020-04-30', '2V5-036', NULL);
INSERT INTO booking VALUES (1, 935, '2020-04-27', '2020-04-28', 1935, 935, '2V5-036');
INSERT INTO availability VALUES (936, '2020-04-28', '2020-05-01', '2V5-037', NULL);
INSERT INTO booking VALUES (1, 936, '2020-04-28', '2020-04-29', 1936, 936, '2V5-037');
INSERT INTO availability VALUES (937, '2020-04-29', '2020-05-02', '2V5-038', NULL);
INSERT INTO booking VALUES (1, 937, '2020-04-29', '2020-05-01', 1937, 937, '2V5-038');
INSERT INTO availability VALUES (938, '2020-04-30', '2020-05-03', '2V5-039', NULL);
INSERT INTO booking VALUES (1, 938, '2020-04-30', '2020-05-01', 1938, 938, '2V5-039');
INSERT INTO availability VALUES (939, '2020-05-01', '2020-05-04', '2V5-040', NULL);
INSERT INTO booking VALUES (1, 939, '2020-05-01', '2020-05-03', 1939, 939, '2V5-040');
INSERT INTO availability VALUES (940, '2020-05-02', '2020-05-05', '2V5-041', NULL);
INSERT INTO booking VALUES (1, 940, '2020-05-02', '2020-05-04', 1940, 940, '2V5-041');
INSERT INTO availability VALUES (941, '2020-05-03', '2020-05-06', '2V5-042', NULL);
INSERT INTO booking VALUES (1, 941, '2020-05-03', '2020-05-04', 1941, 941, '2V5-042');
INSERT INTO availability VALUES (942, '2020-05-04', '2020-05-07', '2V5-043', NULL);
INSERT INTO booking VALUES (1, 942, '2020-05-04', '2020-05-06', 1942, 942, '2V5-043');
INSERT INTO availability VALUES (943, '2020-05-05', '2020-05-08', '2V5-044', NULL);
INSERT INTO booking VALUES (1, 943, '2020-05-05', '2020-05-06', 1943, 943, '2V5-044');
INSERT INTO availability VALUES (944, '2020-05-06', '2020-05-09', '2V5-045', NULL);
INSERT INTO booking VALUES (1, 944, '2020-05-06', '2020-05-08', 1944, 944, '2V5-045');
INSERT INTO availability VALUES (945, '2020-05-07', '2020-05-10', '2V5-046', NULL);
INSERT INTO booking VALUES (1, 945, '2020-05-07', '2020-05-08', 1945, 945, '2V5-046');
INSERT INTO availability VALUES (946, '2020-05-08', '2020-05-11', '2V5-047', 'Ideas are the beginning points of all fortunes.');
INSERT INTO booking VALUES (1, 946, '2020-05-08', '2020-05-09', 1946, 946, '2V5-047');
INSERT INTO availability VALUES (947, '2020-05-09', '2020-05-12', '2V5-048', NULL);
INSERT INTO booking VALUES (1, 947, '2020-05-09', '2020-05-10', 1947, 947, '2V5-048');
INSERT INTO availability VALUES (948, '2020-05-10', '2020-05-13', '2V5-049', NULL);
INSERT INTO booking VALUES (1, 948, '2020-05-10', '2020-05-10', 1948, 948, '2V5-049');
INSERT INTO availability VALUES (949, '2020-05-11', '2020-05-14', '2V5-050', NULL);
INSERT INTO booking VALUES (1, 949, '2020-05-11', '2020-05-11', 1949, 949, '2V5-050');
INSERT INTO availability VALUES (950, '2020-05-12', '2020-05-15', '2V5-051', NULL);
INSERT INTO booking VALUES (1, 950, '2020-05-12', '2020-05-12', 1950, 950, '2V5-051');
INSERT INTO availability VALUES (951, '2020-05-13', '2020-05-16', '2V5-052', NULL);
INSERT INTO booking VALUES (1, 951, '2020-05-13', '2020-05-13', 1951, 951, '2V5-052');
INSERT INTO availability VALUES (952, '2020-05-14', '2020-05-17', '2V5-053', NULL);
INSERT INTO booking VALUES (1, 952, '2020-05-14', '2020-05-14', 1952, 952, '2V5-053');
INSERT INTO availability VALUES (953, '2020-05-15', '2020-05-18', '2V5-054', NULL);
INSERT INTO booking VALUES (1, 953, '2020-05-15', '2020-05-16', 1953, 953, '2V5-054');
INSERT INTO availability VALUES (954, '2020-05-16', '2020-05-19', '2V5-055', NULL);
INSERT INTO booking VALUES (1, 954, '2020-05-16', '2020-05-16', 1954, 954, '2V5-055');
INSERT INTO availability VALUES (955, '2020-05-17', '2020-05-20', '2V5-056', NULL);
INSERT INTO booking VALUES (1, 955, '2020-05-17', '2020-05-19', 1955, 955, '2V5-056');
INSERT INTO availability VALUES (956, '2020-05-18', '2020-05-21', '2V5-057', NULL);
INSERT INTO booking VALUES (1, 956, '2020-05-18', '2020-05-20', 1956, 956, '2V5-057');
INSERT INTO availability VALUES (957, '2020-05-19', '2020-05-22', '2V5-058', 'Nothing happens unless first we dream.');
INSERT INTO booking VALUES (1, 957, '2020-05-19', '2020-05-19', 1957, 957, '2V5-058');
INSERT INTO availability VALUES (958, '2020-05-20', '2020-05-23', '2V5-059', NULL);
INSERT INTO booking VALUES (1, 958, '2020-05-20', '2020-05-22', 1958, 958, '2V5-059');
INSERT INTO availability VALUES (959, '2020-05-21', '2020-05-24', '2V5-060', NULL);
INSERT INTO booking VALUES (1, 959, '2020-05-21', '2020-05-21', 1959, 959, '2V5-060');
INSERT INTO availability VALUES (960, '2020-03-23', '2020-03-26', '2V5-061', NULL);
INSERT INTO booking VALUES (1, 960, '2020-03-23', '2020-03-24', 1960, 960, '2V5-061');
INSERT INTO availability VALUES (961, '2020-03-24', '2020-03-27', '2V5-062', NULL);
INSERT INTO booking VALUES (1, 961, '2020-03-24', '2020-03-26', 1961, 961, '2V5-062');
INSERT INTO availability VALUES (962, '2020-03-25', '2020-03-28', '2V5-063', NULL);
INSERT INTO booking VALUES (1, 962, '2020-03-25', '2020-03-25', 1962, 962, '2V5-063');
INSERT INTO availability VALUES (963, '2020-03-26', '2020-03-29', '2V5-064', NULL);
INSERT INTO booking VALUES (1, 963, '2020-03-26', '2020-03-27', 1963, 963, '2V5-064');
INSERT INTO availability VALUES (964, '2020-03-27', '2020-03-30', '2V5-065', 'From error to error one discovers the entire truth.');
INSERT INTO booking VALUES (1, 964, '2020-03-27', '2020-03-27', 1964, 964, '2V5-065');
INSERT INTO availability VALUES (965, '2020-03-28', '2020-03-31', '2V5-066', NULL);
INSERT INTO booking VALUES (1, 965, '2020-03-28', '2020-03-30', 1965, 965, '2V5-066');
INSERT INTO availability VALUES (966, '2020-03-29', '2020-04-01', '2V5-067', NULL);
INSERT INTO booking VALUES (1, 966, '2020-03-29', '2020-03-31', 1966, 966, '2V5-067');
INSERT INTO availability VALUES (967, '2020-03-30', '2020-04-02', '2V5-068', NULL);
INSERT INTO booking VALUES (1, 967, '2020-03-30', '2020-03-30', 1967, 967, '2V5-068');
INSERT INTO availability VALUES (968, '2020-03-31', '2020-04-03', '2V5-069', NULL);
INSERT INTO booking VALUES (1, 968, '2020-03-31', '2020-04-02', 1968, 968, '2V5-069');
INSERT INTO availability VALUES (969, '2020-04-01', '2020-04-04', '2V5-070', 'Youll see it when you believe it.');
INSERT INTO booking VALUES (1, 969, '2020-04-01', '2020-04-03', 1969, 969, '2V5-070');
INSERT INTO availability VALUES (970, '2020-04-02', '2020-04-05', '2V5-071', NULL);
INSERT INTO booking VALUES (1, 970, '2020-04-02', '2020-04-02', 1970, 970, '2V5-071');
INSERT INTO availability VALUES (971, '2020-04-03', '2020-04-06', '2V5-072', NULL);
INSERT INTO booking VALUES (1, 971, '2020-04-03', '2020-04-03', 1971, 971, '2V5-072');
INSERT INTO availability VALUES (972, '2020-04-04', '2020-04-07', '2V5-073', NULL);
INSERT INTO booking VALUES (1, 972, '2020-04-04', '2020-04-06', 1972, 972, '2V5-073');
INSERT INTO availability VALUES (973, '2020-04-05', '2020-04-08', '2V5-074', NULL);
INSERT INTO booking VALUES (1, 973, '2020-04-05', '2020-04-05', 1973, 973, '2V5-074');
INSERT INTO availability VALUES (974, '2020-04-06', '2020-04-09', '2V5-075', NULL);
INSERT INTO booking VALUES (1, 974, '2020-04-06', '2020-04-08', 1974, 974, '2V5-075');
INSERT INTO availability VALUES (975, '2020-04-07', '2020-04-10', '2V5-076', NULL);
INSERT INTO booking VALUES (1, 975, '2020-04-07', '2020-04-07', 1975, 975, '2V5-076');
INSERT INTO availability VALUES (976, '2020-04-08', '2020-04-11', '2V5-077', NULL);
INSERT INTO booking VALUES (1, 976, '2020-04-08', '2020-04-10', 1976, 976, '2V5-077');
INSERT INTO availability VALUES (977, '2020-04-09', '2020-04-12', '2V5-078', NULL);
INSERT INTO booking VALUES (1, 977, '2020-04-09', '2020-04-10', 1977, 977, '2V5-078');
INSERT INTO availability VALUES (978, '2020-04-10', '2020-04-13', '2V5-079', NULL);
INSERT INTO booking VALUES (1, 978, '2020-04-10', '2020-04-10', 1978, 978, '2V5-079');
INSERT INTO availability VALUES (979, '2020-04-11', '2020-04-14', '2V5-080', 'Having nothing... nothing can he lose.');
INSERT INTO booking VALUES (1, 979, '2020-04-11', '2020-04-12', 1979, 979, '2V5-080');
INSERT INTO availability VALUES (980, '2020-04-12', '2020-04-15', '2V5-081', 'Fate is in your hands and no one elses');
INSERT INTO booking VALUES (1, 980, '2020-04-12', '2020-04-12', 1980, 980, '2V5-081');
INSERT INTO availability VALUES (981, '2020-04-13', '2020-04-16', '2V5-082', 'Genius is one percent inspiration and ninety-nine percent perspiration.');
INSERT INTO booking VALUES (1, 981, '2020-04-13', '2020-04-14', 1981, 981, '2V5-082');
INSERT INTO availability VALUES (982, '2020-04-14', '2020-04-17', '2V5-083', NULL);
INSERT INTO booking VALUES (1, 982, '2020-04-14', '2020-04-14', 1982, 982, '2V5-083');
INSERT INTO availability VALUES (983, '2020-04-15', '2020-04-18', '2V5-084', NULL);
INSERT INTO booking VALUES (1, 983, '2020-04-15', '2020-04-16', 1983, 983, '2V5-084');
INSERT INTO availability VALUES (984, '2020-04-16', '2020-04-19', '2V5-085', 'Study the past... if you would divine the future.');
INSERT INTO booking VALUES (1, 984, '2020-04-16', '2020-04-18', 1984, 984, '2V5-085');
INSERT INTO availability VALUES (985, '2020-04-17', '2020-04-20', '2V5-086', NULL);
INSERT INTO booking VALUES (1, 985, '2020-04-17', '2020-04-19', 1985, 985, '2V5-086');
INSERT INTO availability VALUES (986, '2020-04-18', '2020-04-21', '2V5-087', NULL);
INSERT INTO booking VALUES (1, 986, '2020-04-18', '2020-04-20', 1986, 986, '2V5-087');
INSERT INTO availability VALUES (987, '2020-04-19', '2020-04-22', '2V5-088', NULL);
INSERT INTO booking VALUES (1, 987, '2020-04-19', '2020-04-20', 1987, 987, '2V5-088');
INSERT INTO availability VALUES (988, '2020-04-20', '2020-04-23', '2V5-089', 'Every man dies. Not every man really lives.');
INSERT INTO booking VALUES (1, 988, '2020-04-20', '2020-04-22', 1988, 988, '2V5-089');
INSERT INTO availability VALUES (989, '2020-04-21', '2020-04-24', '2V5-090', 'The day is already blessed... find peace within it.');
INSERT INTO booking VALUES (1, 989, '2020-04-21', '2020-04-22', 1989, 989, '2V5-090');
INSERT INTO availability VALUES (990, '2020-04-22', '2020-04-25', '2V5-091', NULL);
INSERT INTO booking VALUES (1, 990, '2020-04-22', '2020-04-22', 1990, 990, '2V5-091');
INSERT INTO availability VALUES (991, '2020-04-23', '2020-04-26', '2V5-092', NULL);
INSERT INTO booking VALUES (1, 991, '2020-04-23', '2020-04-24', 1991, 991, '2V5-092');
INSERT INTO availability VALUES (992, '2020-04-24', '2020-04-27', '2V5-093', NULL);
INSERT INTO booking VALUES (1, 992, '2020-04-24', '2020-04-26', 1992, 992, '2V5-093');
INSERT INTO availability VALUES (993, '2020-04-25', '2020-04-28', '2V5-094', NULL);
INSERT INTO booking VALUES (1, 993, '2020-04-25', '2020-04-26', 1993, 993, '2V5-094');
INSERT INTO availability VALUES (994, '2020-04-26', '2020-04-29', '2V5-095', NULL);
INSERT INTO booking VALUES (1, 994, '2020-04-26', '2020-04-28', 1994, 994, '2V5-095');
INSERT INTO availability VALUES (995, '2020-04-27', '2020-04-30', '2V5-096', NULL);
INSERT INTO booking VALUES (1, 995, '2020-04-27', '2020-04-27', 1995, 995, '2V5-096');
INSERT INTO availability VALUES (996, '2020-04-28', '2020-05-01', '2V5-097', NULL);
INSERT INTO booking VALUES (1, 996, '2020-04-28', '2020-04-28', 1996, 996, '2V5-097');
INSERT INTO availability VALUES (997, '2020-04-29', '2020-05-02', '2V5-098', NULL);
INSERT INTO booking VALUES (1, 997, '2020-04-29', '2020-04-30', 1997, 997, '2V5-098');
INSERT INTO availability VALUES (998, '2020-04-30', '2020-05-03', '2V5-099', NULL);
INSERT INTO booking VALUES (1, 998, '2020-04-30', '2020-05-01', 1998, 998, '2V5-099');
INSERT INTO availability VALUES (999, '2020-05-01', '2020-05-04', '2V5-100', NULL);
INSERT INTO booking VALUES (1, 999, '2020-05-01', '2020-05-03', 1999, 999, '2V5-100');
INSERT INTO availability VALUES (1000, '2020-05-02', '2020-05-05', '1NV1-001', NULL);
INSERT INTO booking VALUES (1, 1000, '2020-05-02', '2020-05-04', 2000, 1000, '1NV1-001');


